id,name,age,city,employment_type,monthly_income
68cc7220-8b76-4166-a3f0-56cf996c0d71,Karan Dixit,22,Hyderabad,self_employed,69404.01
1993b817-8170-4ab7-b4d4-526464718380,Upasna Pillay,29,Delhi,salaried,33889.75
e62b9250-9449-4ee0-ba1a-a7a153bd8b2b,Kashish Raman,55,Delhi,self_employed,77140.37
e4525d3e-f9bd-4ec3-87cf-6dedf8b280fa,Advay Dhillon,23,Mumbai,self_employed,142360.93
b5ff392d-114a-410d-b62e-7cd445cee6ac,Manbir Gill,35,Jaipur,salaried,32303.26
e51f9bf6-4e48-4d00-9269-ed69306af730,Atharv Kothari,56,Chennai,self_employed,41610.35
83e16c55-ec0d-4878-be77-8f2cb4ae52f9,Hamsini Bajwa,55,Pune,self_employed,148071.27
1b889cca-1846-45e8-a504-d0a9c4345979,Samar Vohra,58,Hyderabad,salaried,53301.37
f8b6636c-1335-4724-a21d-ae4802899a67,Nitara Merchant,21,Bengaluru,self_employed,35290.46
45df213d-2be9-4169-bbf0-71dead0efdba,Triveni Merchant,42,Hyderabad,self_employed,71667.46
90d588ee-394c-441c-a91f-dbae62333227,Wazir Bawa,42,Delhi,salaried,28804.62
8fe60dcf-065e-463c-8417-c6c934336eb3,Chaitanya Mangal,27,Kolkata,salaried,28771.34
dbc91ce0-2973-4f5d-8af1-82b37dba82cc,Samuel Mahajan,59,Hyderabad,self_employed,58068.21
9c9491b5-efb6-45de-b28b-a6916ba9581f,Ati Ravi,50,Jaipur,self_employed,12844.92
bc7273ca-ea70-4434-8d9d-59a794788db3,Aishani Chahal,45,Delhi,salaried,15329.6
be65bb93-4bbd-4c4d-93b1-e8ed87057e0b,Vihaan Randhawa,61,Lucknow,self_employed,33070.56
84239039-3ab2-4c8b-9242-4860b012033b,Dalaja Magar,44,Lucknow,business,29391.24
cbd59e41-328c-4341-a109-31348403690f,Panini Ghose,25,Mumbai,salaried,42494.23
ef5a5fac-ef79-4419-8994-1d97e47b7fc9,Balendra Bora,39,Delhi,self_employed,25961.84
2cf8937a-044f-40a1-8897-94d8551e4198,Akshay Chauhan,27,Pune,business,20515.31
da5aebd8-9825-4b9f-9f4b-0a28fe8e9b7f,Hritik Tailor,61,Kolkata,salaried,75570.74
ec96474b-b595-469c-975b-318f836d54e2,Jagdish Issac,43,Chennai,salaried,32438.84
dd7e1f80-e1a3-4313-b7cf-c2b9858def6a,Ucchal Shenoy,62,Delhi,self_employed,51393.64
9f71483c-d53b-4696-b23e-f611b062b23c,Warhi Thakkar,31,Jaipur,self_employed,18082.07
33ccd40a-c671-461d-90c8-ec44a119522d,Kala Chawla,31,Ahmedabad,self_employed,33487.65
336ec6e9-33b8-4571-b756-ebaeec2b59c9,Pahal Ranganathan,61,Jaipur,salaried,38386.51
313a8fe1-6e24-4065-81ee-3fd86f728d09,Michael Krishnan,41,Mumbai,salaried,20424.76
79037c07-f875-4f6c-9ffe-f27da86ef1cc,Omaja Lal,23,Kolkata,salaried,43820.15
66ee6a1d-9ee9-40ba-920e-7a4bf4069b6e,Wakeeta Tak,25,Chennai,salaried,26894.6
4a3ef400-0661-410b-9014-d43510c4b8c4,Elijah Joshi,57,Kolkata,business,56245.18
887c9bb2-a0a6-41f3-a039-c55fb2d3be83,Yamini Shenoy,52,Pune,salaried,26880.24
eba7e710-58bf-43b8-bfbd-af50ce10113f,Aarini Suri,62,Ahmedabad,business,387336.99
6b128996-d1bf-41a8-bd83-ceb087878acb,Gaurang Issac,29,Chennai,salaried,36071.25
844971ec-131c-46ee-958a-414a195dbbfc,Vasana Sethi,55,Hyderabad,self_employed,23379.21
764a4647-b7c6-44a6-ad55-2353596daa4a,Divya Khanna,48,Lucknow,self_employed,87184.46
9a1dccd1-18bf-4003-9e77-76d4be4e8931,Darsh Mander,35,Bengaluru,salaried,19723.74
4bf53518-f705-4202-a4b3-0eff1c219c0e,Chatresh Lalla,26,Mumbai,salaried,40313.1
f53a0fc3-ae9d-48e8-84e9-f62cb416e510,Mohammed Rege,30,Bengaluru,business,12535.21
2f0d768b-cab6-4b46-8ae5-68489f80d3f3,Jatin Bava,48,Lucknow,self_employed,19346.56
4160661a-5216-4267-8e33-957cb2baffe7,Ekansh Raja,45,Lucknow,salaried,40071.9
4a6cf787-cb39-408d-8d90-6dfb65d4a7ba,Gauri Kaur,54,Hyderabad,business,142147.41
9164369e-7209-4822-b276-9cdad0219b48,Samar Anne,21,Delhi,business,85325.74
a71a8683-f3ea-41e8-a612-f8185cb5a72d,Ranbir Devi,55,Hyderabad,self_employed,45208.76
15e411d4-3d89-4e5d-8059-ab8b70454658,Ekantika Chad,42,Delhi,self_employed,39704.8
9c84e9a9-5142-4767-9964-26b482e15b27,Gautam Dora,31,Ahmedabad,salaried,17339.44
7680e805-7c07-49ce-beee-1690400e0cd7,Oeshi Dara,37,Jaipur,salaried,25338.44
5092bf00-975e-47a8-86b1-974e6d781661,Gaurav Pandya,53,Delhi,self_employed,35509.4
c29edc32-28e1-46c3-9872-0324828d15a3,Meghana Verma,40,Jaipur,business,189360.9
8a916265-c30c-4b92-a6ab-791138522159,Jack Solanki,30,Kolkata,self_employed,62350.86
6a7c165e-3823-4675-98b7-b4cc5e103bd3,Hardik Grewal,55,Jaipur,self_employed,14269.39
08ec9303-c6f1-4d27-be50-5aceb2af2ba2,Zaid Mukhopadhyay,59,Kolkata,business,97897.43
9ee1aa93-fc13-4bff-a083-c16b16bf9bcf,Dayita Keer,28,Kolkata,salaried,29955.22
f2032fb7-f405-427a-8ca6-c8e58b249438,Janaki Kumer,40,Chennai,business,39766.11
2e78f685-eea5-4456-a403-99813796fc47,Faras Batta,57,Delhi,salaried,49307.83
6e4381cd-0b8a-4ce4-a7f3-c65b09da292b,Aditya Kari,52,Delhi,salaried,60809.41
306f4fe1-21f3-4fec-8a18-84d13b81066c,Jairaj Buch,55,Bengaluru,business,169084.2
d147fb6f-a62a-40ef-9a9a-a178c1b7d439,Jagvi Sekhon,51,Jaipur,salaried,23870.32
037855df-6190-4b76-b030-708f54cfa05b,Ekantika Shenoy,54,Lucknow,salaried,31113.4
1f0fe24e-6cc2-4423-a404-74abbc0477dc,Amruta Bera,34,Jaipur,salaried,42857.32
28df5adf-ba72-4089-aa41-90451061a6fc,Charita Pingle,33,Hyderabad,self_employed,97040.3
c93e7299-c82e-412e-8552-c078af70ea95,Xavier Wali,62,Kolkata,salaried,28578.58
080661df-8c81-4d0f-8ce3-40ffb55bec12,Veda Gala,54,Ahmedabad,salaried,33096.09
8c985200-4ff8-4531-b797-5a13bc90bcdf,Rehaan Contractor,35,Delhi,salaried,20885.96
dca4c9a4-e023-4af2-b255-a7a011f99ecb,Rishi Chana,58,Jaipur,salaried,19968.21
e10e96fa-16e2-475d-aa2f-77c82c64d4a8,Janani Muni,35,Mumbai,salaried,54516.73
ee7a9580-bd41-456d-bdb6-a00a4fddb7d0,Suhani Chada,61,Mumbai,salaried,71547.73
f8ea40a0-086a-45c1-9314-26728625badb,Ranveer Oza,23,Kolkata,salaried,35031.22
c26aa05f-7d54-4150-8c9d-d2fc8c78d4c4,Mitali Mital,36,Hyderabad,salaried,59980.0
010a7e22-b914-4ea6-8361-ef86dbf3a196,Urmi Banik,34,Jaipur,self_employed,63142.24
6e24b727-4036-4dc6-8b66-ff9f6401e586,Irya Bobal,57,Lucknow,salaried,26303.05
d2d4fa52-3f4d-497c-b54d-4803949843e3,Ayushman Ratti,51,Pune,salaried,43507.9
aa5f3b73-f910-4666-a8c5-199b58ad58cb,Daniel Morar,27,Pune,salaried,78356.04
20002811-c4b5-416c-a145-a6ba8bb2f9b3,Forum Thakur,47,Ahmedabad,salaried,35670.77
97ccb8f8-60d5-40b0-9c0d-5168bb38e139,Elijah Krish,24,Delhi,business,298994.15
bd321288-bee8-458f-b537-fbd8d44fdbed,Yashoda Madan,42,Delhi,salaried,12000.0
ae6d53cd-fd43-47e7-90ce-b3bcbbeecfb1,Rachit Sarna,33,Jaipur,salaried,54772.92
2d69cc45-410c-4eb6-abe9-e36929b29eda,Anirudh Dani,48,Bengaluru,salaried,37930.98
254401c6-a48f-4cab-a3e1-dfc6d56ee143,Niharika Sachar,36,Delhi,salaried,31272.56
33d3c66f-fc8d-4418-b427-efee56779629,Naksh Mistry,56,Delhi,salaried,38020.49
98a6734f-e801-4e94-a95d-c72659d009a8,Ekavir Chatterjee,55,Mumbai,salaried,13443.02
23b74c3f-a3d0-4b59-99d9-7989fe90058f,Turvi Loke,36,Bengaluru,business,60011.73
01f00f00-44ff-4016-8b4f-137e1defaf30,Chaaya Saran,51,Chennai,salaried,43414.83
31da44fa-8350-4248-8db2-4208635065a8,Imaran Ahuja,24,Bengaluru,business,276538.31
1bebc944-fc0c-4f40-9901-952bac4e5f0e,Ronith Nair,45,Hyderabad,salaried,28025.35
51a3324e-8070-4f40-8213-0cc9ff83879f,Chanakya Ray,50,Hyderabad,business,35325.34
843cdc82-1a7b-4bb4-bccf-29724c8e5d85,Xavier Rai,56,Ahmedabad,salaried,28257.71
9e22558c-01c9-4dfd-8cb0-bbc2d977c0f2,Aarush Mane,39,Chennai,salaried,57394.35
1438782b-5578-4eb8-b4a9-64bd05044f14,Jeevika Pandit,58,Jaipur,business,98309.51
d682e8bf-01ec-44cd-b63d-1cb0cfb428b3,Amol Dada,41,Mumbai,salaried,27864.81
6694a4c9-b333-4848-accf-26b7aaa39b0b,Zansi Handa,51,Jaipur,salaried,46940.39
04e94de2-905e-45c8-8fbe-f6071f4c4fb7,Aryan De,54,Bengaluru,business,79807.26
9156158a-c731-4a60-b7ff-adf6a44f7699,Indira Deep,53,Delhi,salaried,58942.78
d4fed92c-b3bf-480c-912e-f389b3b96d96,Udarsh Sharaf,25,Lucknow,business,38876.77
35497447-8324-4045-803d-fdfedaa3d5bb,Agastya Chad,36,Pune,salaried,30827.7
81678e97-40a8-498a-b02c-1356c76e3614,Avi Swamy,57,Chennai,salaried,29850.17
22661daa-ff11-4093-b758-558e41085ad4,Saumya Shukla,23,Lucknow,self_employed,17597.98
7f4cd139-a9bf-4b43-9dd6-5b8529d2944b,Ishita Biswas,58,Lucknow,salaried,42110.83
f4803c13-d295-461b-ac77-6cdccc5d7ee8,Yashodhara Bhargava,37,Chennai,salaried,41378.95
9dd4d122-2247-499a-bac9-a1fa913d2e45,Guneet Ramakrishnan,41,Chennai,self_employed,49196.58
20987605-4453-4a67-a8ed-c1ce67b192e6,Ijaya Subramaniam,29,Hyderabad,salaried,32296.25
26b65158-e459-4b09-87d6-22fd952c87be,Harita Bali,25,Mumbai,salaried,17895.68
7d88d8c6-684d-4100-941b-7b5143a72edb,Frado Saha,57,Delhi,salaried,29427.28
1b20d965-e87d-4b7c-90de-31546b3c01ae,Amrita Raval,34,Jaipur,salaried,30596.56
a0a20b09-0e28-4a31-95b0-a80c3ccdabfc,Ekavir Chakrabarti,43,Delhi,salaried,24315.31
c1eaf1ec-b420-4fa7-befc-959d806d08ce,Reva Sengupta,44,Hyderabad,business,63249.52
be66d126-be05-40c3-b6e9-b8c77d8d26e2,Vivaan Pingle,55,Hyderabad,salaried,44445.79
3b62f78d-ad11-40f4-a6fd-3ac2dbca0c5d,Ishita Palla,62,Jaipur,self_employed,183566.11
6587c7a4-4bb6-4c43-acc4-392e9caae487,Ucchal Kurian,56,Hyderabad,salaried,39627.91
f32f27fa-c36a-4d3b-ae3e-bb7f1bb157af,Darpan Saran,27,Bengaluru,business,92207.37
e5625a3d-3391-4572-9055-37874e4fea3c,Vrishti Boase,27,Jaipur,salaried,34988.58
0461666b-2398-42e7-b1e0-47935a2d5ad0,Rushil Manne,39,Lucknow,salaried,13913.49
8b6b6588-4174-4eb0-b1e4-a6781e755e8e,Ria Dada,42,Chennai,salaried,35837.25
79060cca-e302-4e74-8732-5a0daa365154,Qasim Amble,37,Jaipur,self_employed,51131.76
e63dc221-d6e4-41ad-9241-9c38615a8e71,Atharv Kaul,24,Delhi,salaried,124445.24
cc35c4fe-5646-48ac-a984-b87860b93665,Chatura Goyal,38,Mumbai,self_employed,42845.13
e445c178-1fcb-4368-bf88-37a58108a01e,Omisha Chand,29,Hyderabad,salaried,42225.25
87bd5341-3a19-4680-9850-368a049237db,Atharv Salvi,49,Jaipur,salaried,35690.65
0c90ff37-a0cf-40f2-8e5a-1289b529d554,Ojas Gade,56,Mumbai,self_employed,21631.92
3d364109-701e-4502-9bc4-0764fb44f562,Damyanti Bir,30,Jaipur,salaried,64306.21
0c04c077-2686-43f9-9461-f3370a155075,Ranveer Gade,44,Lucknow,salaried,52889.84
157ed650-d5b0-415f-ae64-ec3cab00f7ef,Andrew Bir,48,Bengaluru,self_employed,85282.31
ccf16c4a-b85b-4f8e-be14-00dc6a8eb8ee,Bhavna Ramakrishnan,44,Mumbai,salaried,23047.35
06b46871-8f49-4ede-99f3-471d9c9ba3b9,Zashil Kaul,34,Chennai,business,258464.82
d29f38e2-5dae-477f-89e4-75bc899d1ffc,Saanvi Nagarajan,43,Jaipur,self_employed,18374.23
51925ac9-1732-4712-bcca-58c4fba4b743,Ladli Brahmbhatt,47,Lucknow,business,124016.68
1df651f1-2db3-4b22-b952-2dbe2aae4056,Vrinda Krish,36,Bengaluru,self_employed,227139.34
7ca633a1-1e17-49c3-825f-adf57140ac8f,Jagdish Dubey,32,Pune,business,29986.94
6db1f993-0eaa-4018-881e-49e98ddb0632,Ishanvi Sheth,42,Pune,salaried,27360.38
3752ba59-e373-415f-9058-f46e25605812,Bachittar Dass,36,Hyderabad,self_employed,52562.38
d2f80ce0-45a5-410f-b997-1b75072b3356,Patrick Salvi,27,Pune,salaried,28233.43
7459ba93-70a1-4f08-9936-f4863fb3fd0d,Ayush Sood,51,Chennai,business,18113.32
8235f406-1a7d-417e-a1dc-d153bd28a539,Zaitra Pandit,50,Kolkata,salaried,37582.04
955680a2-fbc1-4606-a844-50a9bbe002b7,Hemani Korpal,35,Chennai,salaried,21350.88
2b90762b-03d5-4612-9305-eb88060e2cf5,Bhavini Kothari,33,Pune,salaried,46018.38
92eac359-8a99-4490-ab56-734527bbe45f,Wridesh Dora,25,Hyderabad,salaried,22931.98
248bf3f6-00bc-428f-85eb-78c15d1e2042,Maya Muni,53,Pune,salaried,78823.56
9af31261-2035-48a5-84a9-b5ce0f680c8c,Harita Keer,55,Kolkata,self_employed,28331.31
01d9a851-bd9f-4a3a-b746-6ac9a2623545,Hemang Bakshi,28,Hyderabad,business,54728.76
e5e5be19-f885-4875-ac51-7383d8629b3a,Brijesh Chaudhry,37,Mumbai,salaried,54543.76
de3d1e19-5db4-43a3-99aa-182a7e7b55ea,Darsh Hayre,48,Kolkata,salaried,19625.16
039ac23c-2d00-4e3a-b009-9d49afddb35f,Laksh Chandra,41,Pune,self_employed,57481.7
cdb20509-fc8b-47ce-b355-0161bd400fdd,Viraj Ramakrishnan,53,Delhi,self_employed,122393.91
20dd2e0d-1568-43f8-b691-4cefd2ce5265,Abhimanyu Arya,57,Chennai,salaried,16256.67
8cf4848c-b322-4eba-8b49-1325929af64b,Yashawini Gupta,48,Mumbai,salaried,39827.66
a0f27ac3-b4d8-41ff-b948-7875dfb4cded,Thomas Batta,55,Chennai,salaried,41354.7
3e090a7f-d316-482d-9d3d-72c75e47cbbf,Harita Sura,25,Kolkata,salaried,53686.21
ccd39396-45b1-4abd-b12e-719a2f845c72,Lipika Jaggi,28,Hyderabad,self_employed,20622.43
67e01bd2-ba77-4b0b-aa2f-78c25d032dc3,Aishani Pandya,47,Kolkata,salaried,18765.43
742a7ec2-d409-4f28-9809-50915a2c1d83,Ekavir Balay,39,Jaipur,salaried,47144.41
bac0ef78-53ce-4ef5-88b8-554dc8cc656d,Lucky Peri,47,Pune,salaried,42129.03
a4eeeec7-b573-4c13-aca4-3e2ea49376c5,Shivani Ramaswamy,32,Lucknow,self_employed,58415.99
3d64d239-e6cf-47b3-8020-67df3af1e56b,Raksha Dyal,46,Jaipur,self_employed,62474.5
c93b4f03-5d71-496c-ba73-a5940301fba9,Yamini Ray,40,Hyderabad,self_employed,30454.31
a9a7eaec-d70f-4f30-a356-9e833802cacb,Anusha Bora,58,Lucknow,salaried,40787.33
de524f26-1697-48e5-b90d-21340e955bd6,Nimrat Borah,50,Ahmedabad,self_employed,60183.33
3d24495c-69e1-4c4b-b546-45fc9eeeb91d,Gautami Halder,34,Jaipur,salaried,25408.13
0bec4950-af19-42f7-b6f1-dfd8fa3c071f,Varsha Rajagopal,31,Delhi,salaried,92308.11
2900683a-4a9d-4c0a-8bd3-e09912169026,Shravya Bumb,61,Lucknow,salaried,46023.92
be73dfc0-69d3-4082-8c69-599fc3305eef,Eiravati Bahl,36,Hyderabad,salaried,20017.22
6715ea66-4136-409d-b336-af33ca2969bc,Gunbir Bahl,33,Bengaluru,salaried,50426.74
8d111d3c-9282-422a-ade0-0d0b65d42b06,Anamika Mittal,36,Ahmedabad,salaried,22307.07
34359aba-95ef-4720-a7ef-4271dd86d879,Karan Jani,25,Ahmedabad,self_employed,85046.99
451b4a20-249d-493a-a1a8-b45607d6d32c,Madhavi Kunda,61,Lucknow,salaried,64815.35
4ab5798f-60a4-42c6-a41e-a6d32924ef31,Dayamai Dhawan,45,Ahmedabad,salaried,24092.57
d004235c-667c-40ec-abde-46c70cb0f5d1,Qarin Khatri,30,Mumbai,salaried,58787.71
10d3cac4-304c-4092-ac29-bde05d77bb94,Dakshesh Bhavsar,27,Pune,business,106032.7
4a1e6fb8-96ad-4688-9ca8-8998c7ca882e,Gunbir Chadha,54,Ahmedabad,salaried,54777.24
853b81c6-b184-4c09-884a-34f13177f212,Nitara Bhasin,36,Delhi,salaried,93750.9
fd9db41c-d662-4596-b98f-f0e3e661afdf,Hredhaan Singhal,50,Jaipur,salaried,32122.31
ff93fcdf-03b5-4070-b511-9c0a4b4a8504,Charan Singh,59,Kolkata,business,37109.84
028f6beb-6e2a-4889-b2a5-551b68ddc5c8,Yahvi Balasubramanian,49,Lucknow,business,32841.13
31b19787-179f-4442-85b4-106eb98638b3,Balvan Garg,53,Pune,self_employed,27692.94
220dc994-9890-4561-9620-2661702c4fd5,Leela Nayak,56,Ahmedabad,self_employed,46445.22
17b0174d-01ba-4d4f-8041-0dddc0be31c3,Saksham Buch,51,Ahmedabad,business,99412.86
7e72bd01-77fc-4dde-a69c-6ace1c08c6e6,Liam Chakrabarti,36,Hyderabad,salaried,41703.71
b5e0a87f-5c39-461e-94d3-df3e859270e5,Unni Manda,54,Ahmedabad,self_employed,87468.0
2bda534c-a283-4b6b-b190-8e45272679ca,Omisha Batta,38,Ahmedabad,self_employed,49468.99
6b1815b4-b07a-42c9-ae7a-ac1782ef8900,Harini Lad,39,Chennai,salaried,75114.36
564f73ea-e93e-4a3f-8d23-f3d71456848d,Abha Bhakta,41,Jaipur,salaried,31814.31
74afd412-c33a-4072-b588-5104d341ed58,Aayush Kala,30,Chennai,salaried,141504.19
59244bdb-57a1-453d-9790-ea8f90cab386,Hiral Basu,30,Chennai,salaried,49653.97
308028b9-959d-4392-b7a1-e59d1522b026,Arjun Rajan,47,Kolkata,salaried,23657.16
7155d9dc-abcc-445b-8a41-3826b1a8ae85,Faqid Varughese,47,Mumbai,salaried,21259.39
5abe73b8-56bf-498a-b27b-6445bbdb5fe0,Jason Handa,47,Pune,salaried,46223.16
3e4ef196-2f5e-4956-a203-a5187ac96edb,Osha Sani,58,Mumbai,business,59807.33
690b0a6f-b54a-46f0-8ba0-59af3bae95bb,Ishwar Shah,57,Pune,business,139051.61
e633b57b-f735-4c2f-b42f-81565ba39d62,Balhaar Baria,43,Hyderabad,salaried,46010.22
47e1bf87-965e-4a49-b2d7-4b9f6e0894bf,Nathaniel Dalal,47,Jaipur,self_employed,46584.34
d5231425-791b-427a-96e0-f736045b55e6,Ranbir Khatri,55,Lucknow,self_employed,27098.79
3cceb684-24d2-4911-9901-79107565099e,Luke Krishna,52,Chennai,business,18706.71
9849c1a7-f648-4e0d-8adf-1700557ac8ec,Dev Dhar,52,Mumbai,salaried,29049.09
ff577434-9e6d-425e-9549-9719b319e96c,Sai Bhalla,46,Bengaluru,salaried,55725.85
f034e975-07ba-4b22-851b-73a763e1db93,Aditya Loke,29,Lucknow,self_employed,56946.39
321a31e9-dcf6-41fc-bc8b-f8f7937c2291,Samar Bhatti,46,Lucknow,salaried,19479.75
fe071972-a876-43e1-93e2-ec02450e79e1,Barkha Sastry,22,Delhi,self_employed,55338.64
818418f1-3809-4156-b844-5db23a9f9597,Azaan Shetty,29,Ahmedabad,self_employed,64197.67
d59729ce-5ecd-44f3-ae93-d50772fca49e,George Chand,37,Pune,salaried,23343.44
46f6b2e7-c201-4746-8083-3d7453b7de04,Sanaya Shah,50,Kolkata,salaried,39216.88
0dea599a-5d06-48b9-8396-dbd08690f5b4,Aryan Iyengar,45,Hyderabad,salaried,37387.97
def2e1bc-0356-4e8e-b14e-64fc6d5dfbbb,Hritik Shenoy,47,Hyderabad,self_employed,22024.72
950e00b9-0d51-44a5-9e27-3a64f2350f5c,Bhavani Chahal,51,Mumbai,self_employed,62972.36
7c065d40-5a7c-4d97-b17e-6cb9ee888449,Isaac Dugar,24,Kolkata,self_employed,72587.58
7bd5c50c-a34b-484f-957b-ba2851f6426d,Dominic Das,25,Mumbai,salaried,62412.8
f45a6ef5-81e7-499d-80e6-939e81f8caba,Jatin Basak,36,Chennai,self_employed,102504.44
a309283a-51d5-485b-ae8c-291d6218a641,Radhika Aggarwal,60,Bengaluru,self_employed,18687.9
6f90a16c-a42b-4c50-938e-94a4d052de9a,Reva Mittal,51,Delhi,salaried,22721.97
54eeffc0-9400-47ae-9bb1-f9dd594882cf,Elijah Devan,34,Ahmedabad,self_employed,70299.83
f02f54a1-1c01-41f3-aff7-6cdcd74a6009,Pooja Gandhi,44,Bengaluru,self_employed,70238.38
5cb02d36-dc92-44f8-b3ec-01a51efdeb7e,Wishi Mitra,28,Bengaluru,self_employed,70300.44
8a8ef274-f193-462c-b446-46bbafe7e1b9,Anmol Kumar,27,Lucknow,business,600000.0
74706d0b-ab8d-4ff7-98ca-cc3965cd1163,Rohan Rama,40,Lucknow,salaried,48312.48
97f9e6ff-3831-4503-893f-0f27b3477c04,Janani Sachdev,45,Pune,self_employed,108542.38
cf7f5e0e-445a-4ecf-a1ef-afcfec9e3412,Kabir Sarma,33,Delhi,business,172577.48
16f48b11-157c-4a8b-a9d5-6b59844027d6,Arunima Dubey,61,Chennai,self_employed,77340.57
fe0d482a-a043-4a4a-9a4a-2db9e929c283,Harshil Yogi,40,Lucknow,salaried,31019.32
2b03154f-111d-4b1d-80da-202213198f1c,Rajeshri Dhar,57,Mumbai,self_employed,83389.56
a191f71b-ca00-477e-a6dd-6c4da9fe09e0,Chakradhar Rana,48,Kolkata,salaried,24676.02
41c6474b-df67-4050-8815-7140cdde30dd,Amara Solanki,62,Kolkata,salaried,32260.24
2d428907-dc45-4c1c-a765-749feec7be13,Anay Basak,47,Ahmedabad,salaried,28490.28
e292a7ed-7e3a-4127-9d9d-3242c012ed93,Aadi Mane,44,Ahmedabad,salaried,37833.0
4f614abc-0661-4774-bd59-7e0984eeb94c,Yashasvi Sidhu,48,Bengaluru,self_employed,247771.19
e19de351-f296-47f4-bb9c-7fc341de74c4,Anvi Gour,62,Hyderabad,self_employed,13265.4
a0a5c966-e6fe-4ec6-8b0d-3d0d5f6e8540,Rachit Narang,55,Ahmedabad,self_employed,79251.54
c37ebd5e-5c63-476f-a816-33f4ce66c2d1,Dakshesh Bhattacharyya,58,Hyderabad,salaried,16214.19
6008b6cd-41c0-4c58-8745-5bb26c4cd0d4,Vrinda Nazareth,36,Delhi,salaried,28682.26
b1ee0301-962b-4a62-8dc5-4654dbb40c77,Adya Mann,49,Chennai,salaried,62597.17
740355a5-2820-4193-9e2a-4730b5ff00b0,Aishani Dayal,57,Lucknow,self_employed,51276.92
ef01938b-6838-4943-9b20-5080677af02a,Harita Sama,42,Mumbai,self_employed,23053.63
0621abb0-cc13-484c-aa34-4d7038753b7f,Amara Kunda,41,Bengaluru,salaried,25396.03
4ce99670-65e0-4f4c-a840-8e0f54388dd2,Veda Merchant,43,Hyderabad,salaried,51011.12
05c290ef-9510-4622-aa28-24d8f22db346,Abdul Parekh,59,Hyderabad,salaried,25205.48
cf8dae81-eeda-4df7-b528-1f6bb883e80e,Damini Walla,54,Chennai,self_employed,57040.74
e8ffc68a-476c-4d64-a3be-ac97fe5a07f7,Lipika Devi,47,Ahmedabad,salaried,37152.48
024105c5-c5ac-40e0-a815-9aaaa96b3f79,Maya Goel,36,Ahmedabad,self_employed,31066.33
e23f22df-357a-4e0b-8efb-a8367956f740,Tanay Joshi,52,Ahmedabad,self_employed,219863.21
9f1c01f4-fb6f-41f6-a030-d8e80bdb09e9,Oviya Mani,26,Hyderabad,self_employed,76400.41
fb0a454a-44c5-493d-9814-138ff52f13ee,Michael Prabhu,36,Hyderabad,salaried,13192.83
1b913ee4-c7d9-4fb0-af6e-dc0fbf6c3236,Turvi Raja,44,Ahmedabad,self_employed,55855.21
e33a3c5f-213d-47cb-ba47-13118c73be73,Radha Wable,43,Pune,self_employed,30845.6
74c33cbd-4a1c-4e32-967a-6ec580df466c,Keya Chowdhury,56,Kolkata,business,157501.46
2270ae48-2592-43ff-a22f-51b6b7c58236,Xiti Kar,50,Hyderabad,salaried,24434.21
ee81512b-a562-4557-8b02-be92d4718f29,Priya Mitter,35,Delhi,salaried,34290.78
96a25acb-d66b-4384-9dcb-e866cb5c35ae,Bina Dar,41,Delhi,self_employed,69807.11
eded64c0-cce4-4212-998c-e6dbcb18bac1,Yashasvi Lad,32,Chennai,self_employed,89861.84
88cc7a36-986c-453e-b07a-6df498676eca,Eiravati Savant,51,Hyderabad,salaried,19927.42
468d5a87-2c42-4390-9596-7d4e183e2a5c,Vedika Mukherjee,54,Lucknow,self_employed,38787.34
ce2bc61b-f67e-4b3a-aff8-8dcda31c96b7,Nilima Morar,27,Chennai,salaried,28639.08
672c6c4c-ff62-4bcf-926d-86ad9d0b1c23,Ikbal Bumb,44,Bengaluru,salaried,26195.3
cc6cd664-02cf-4f1b-aed3-c65e15418d6b,Pallavi Kaur,55,Bengaluru,salaried,87792.13
abeda23e-ef27-4c42-9b8e-c2e01342b6dc,Yadavi Shukla,24,Jaipur,salaried,44466.48
4f605ba3-b842-4da1-bce3-ba6e7096fed7,Urvashi Babu,29,Ahmedabad,salaried,19332.79
a6551247-29b8-4482-b881-063e727c8b72,Ekalinga Gokhale,21,Lucknow,salaried,57464.98
61ea4e7f-7e03-4156-88d2-6d5a175e21e6,Finn Ramaswamy,51,Ahmedabad,salaried,104933.08
7df37656-fae2-4a4d-acb9-81370b96850c,Baljiwan Sheth,24,Hyderabad,salaried,60853.99
3a425041-48d0-4f7d-9990-02da604be9b7,Gabriel Rama,51,Delhi,business,18630.72
48aa518a-a5da-4a16-9f17-a124913ff676,Charan Lal,46,Ahmedabad,self_employed,34927.72
6020bc41-0357-4807-b24b-90fd9bd5cf25,Saksham Chana,61,Mumbai,salaried,68422.4
8c0fa331-733a-4c7e-92f2-881d5dae20bc,Dev Barman,57,Hyderabad,salaried,25493.16
a4a8a51b-661a-4e98-aedf-a5647418bfef,Keya Aggarwal,36,Delhi,salaried,45338.4
b658639a-21a2-4cc5-bb45-e023c55ed2a5,Veer Balay,47,Lucknow,self_employed,84308.99
59bc5fad-4693-49f0-b2ff-e1bc016bf2e4,Janani Badami,60,Chennai,self_employed,25620.51
a3cd043e-4987-44d9-be3a-2df21270b612,Sneha Brahmbhatt,45,Ahmedabad,self_employed,47020.18
72bc9630-132e-432c-92e6-77b1ab6f0347,Varsha Raghavan,40,Lucknow,business,12000.0
46b2520b-faf3-4738-a7bf-c0613b6600ca,Damini Bhatia,40,Lucknow,business,29087.13
f4987e80-e392-413a-b07a-96fefb513b39,Aarnav Shetty,60,Delhi,self_employed,41076.94
ce3f6e88-75c0-42ab-a4ff-bfdc94be9c40,Divya Kala,34,Chennai,business,23789.39
c25de7d8-6d4e-434d-a397-f885e4519bfd,Chanchal Kara,26,Bengaluru,salaried,82142.08
8e1b8940-15d2-4f83-bde3-1cbb66b8604c,Vasudha Sachar,56,Delhi,salaried,17764.0
7b8d1e94-6681-4e6b-bb0d-4017e10b1699,Amol Bhagat,47,Ahmedabad,salaried,29143.23
6b5927cc-ba1e-45ca-8328-cc42d9e75a35,Ekta Mahajan,51,Hyderabad,self_employed,53718.8
669b2f2f-9472-457c-a3e8-ee6340502a87,Krisha Bhatia,39,Hyderabad,salaried,74655.29
5bc0741e-a2e2-4746-a279-e11903ac38d0,Aachal Jaggi,50,Delhi,self_employed,17941.94
dc2f4e2f-5a3d-4b3f-8250-04286fdd0f2c,Yachana Talwar,37,Lucknow,self_employed,110659.66
86c853e2-96f0-49dd-9f24-c05edf6d4015,Yamini Chauhan,33,Pune,self_employed,49373.2
2662f210-2c0a-4c5e-a746-2fdd78d7a6e4,Bhanumati Yadav,35,Bengaluru,salaried,22231.06
a627a4ad-fae5-4e81-a214-cb1655a4b646,Isaac Salvi,30,Delhi,business,110845.56
f84855c7-d74e-4a42-976c-c8a5796cd3b1,Panini Bahl,40,Lucknow,salaried,40115.97
5477fa97-e628-480b-b1b3-a92bf9dd15fb,Brijesh Gara,57,Hyderabad,self_employed,32204.07
874dd1db-ed68-46d7-89a5-d0d03bbf6752,Tristan Anand,50,Hyderabad,salaried,37605.33
2e5651f8-9632-4c0d-bd60-71159d11dfbe,Finn Sood,38,Jaipur,self_employed,37431.97
7095b5ab-8b5f-436c-ab06-64a5566a9a29,Aradhana Vyas,49,Delhi,salaried,38436.34
73cf40aa-a68b-4726-848b-9e1a815fb6e7,Mitesh Bhavsar,48,Kolkata,self_employed,77924.17
cb4f80c4-db0a-4027-a22a-ce9ff3d23795,Dipta Sathe,22,Delhi,self_employed,148778.18
bd208aa6-daa7-496b-a48f-a929bd247bc8,Falan Gola,57,Lucknow,salaried,19557.07
2db5bb4c-a22d-4d48-83e8-f6b2f434ad8f,Frado Pingle,38,Lucknow,business,498685.06
51b3f499-eb94-4393-b132-9a19e7dc7dad,Gauri Rai,32,Ahmedabad,salaried,13683.64
dc7d9cdd-0037-4f4d-ac18-0b23486f2434,Deepa Shanker,49,Hyderabad,salaried,33661.41
5f1df4eb-b990-4d58-a1bc-99b26694ba19,Omisha Chatterjee,58,Pune,salaried,48735.29
4278b918-feec-40c6-b463-146b880e4a4f,Kashvi Mannan,52,Delhi,self_employed,59676.54
89ca45c8-7cbd-4d24-a4c7-f4b74cf657f3,Upadhriti Vala,47,Kolkata,salaried,26599.57
efeacfe3-c47c-4ff3-911d-59de6d512446,Daksh Mandal,27,Bengaluru,salaried,32726.45
7673cea6-d401-454e-b380-9d672e937093,Saanvi Pandey,52,Hyderabad,salaried,28381.69
51d275de-f788-40b8-8013-18af597de6aa,Omya Dave,46,Jaipur,self_employed,32449.64
66ee352b-6a20-4e38-9f92-9d861f0e913a,Qushi Parikh,26,Kolkata,salaried,55536.79
0b4c18cc-08f4-4dbf-8fc0-78164a38ab2f,Ranbir Gokhale,28,Pune,salaried,43412.72
2e0ec67d-42ae-45ed-8175-1baf13b3c94e,Jairaj Modi,21,Jaipur,business,39198.01
ec5d16a9-2ea7-4646-9cbf-85e4759f1f13,Hema Doctor,24,Chennai,salaried,56942.65
76d4b426-78ba-41a9-b217-ff461510b19c,Ekbal Sunder,60,Ahmedabad,salaried,42346.87
6659593b-fe20-4a7c-a40e-f1f83c72e0ec,Libni Saha,24,Chennai,self_employed,86595.53
626aee59-c148-470e-b1c7-9da1caed0a3c,Urvi Vora,29,Hyderabad,salaried,49752.42
4e2b63b9-f6d9-4627-b9e0-e64cd90768d2,Forum Shere,52,Delhi,salaried,23992.64
1ac6e406-d192-4cac-be9b-5dc6fda948bb,Faris Krishna,61,Lucknow,salaried,27444.18
fb398e30-4ba5-449e-8f3d-d76fa970d6fd,Naveen Chanda,31,Hyderabad,self_employed,82710.8
b91799ad-932d-4949-a0c4-1e622d5bc4c1,Orinder Samra,56,Pune,self_employed,75151.34
ed8ba9a8-08d7-4ad6-9328-5a0df98604d2,Unni Mall,28,Ahmedabad,salaried,35937.95
695f1b81-a5de-488b-b444-88de046be7fd,Wishi Nadig,62,Bengaluru,business,81275.07
503f6cea-f39a-43eb-9f92-9943352adcfc,Girik Sanghvi,39,Jaipur,salaried,68791.29
c25ddeb5-543a-4af8-873b-ecb92febf31f,Tripti Jain,47,Ahmedabad,self_employed,32399.56
d910250a-c62f-47f1-bc3c-2de296515e84,Ojas Mahajan,36,Ahmedabad,business,119657.36
2bec2de5-70c7-46d2-8271-abd45acb971f,Brijesh Manne,45,Chennai,self_employed,42551.28
3a2f302a-a0a1-43ff-a6b8-c3832484b70b,Chameli Pandey,53,Bengaluru,business,60119.34
1b4f752b-2971-493e-87e5-23606f58db1c,Jhalak Sridhar,38,Pune,business,196594.63
535a5842-82b5-4903-8692-b58634ca3108,Priya Verma,53,Hyderabad,salaried,54869.24
89c76391-7f8c-42da-8deb-e20f9e9fb55a,Darsh Ravi,39,Hyderabad,self_employed,86634.79
a9e2488b-155b-4fcf-9ce5-338de1efdebb,Jatin Kuruvilla,58,Ahmedabad,self_employed,122251.44
a56f8648-4303-4726-a078-6fdaff75d7c2,Laksh Lal,49,Jaipur,business,74526.01
72505df1-f45b-40ae-9a59-fce0bed2f855,Raghav Behl,42,Jaipur,salaried,51071.22
33888a90-df5f-4bdd-8bdd-d7e249cdbc5f,Tara Kara,45,Ahmedabad,self_employed,39450.94
7565ba42-aa99-4824-8866-79dab63046a2,Baljiwan Dey,33,Chennai,business,97904.69
f249ee78-a569-49d6-a8ce-991596c513f8,Orinder Pandit,35,Pune,self_employed,44752.38
f7f9f55b-4611-4fd8-a699-75cf08fabdc6,Pallavi Swaminathan,51,Pune,salaried,38120.14
d8e3af6c-d947-414c-80bc-88d96ad627f8,Harita Chatterjee,62,Bengaluru,salaried,48902.24
daf474cf-1992-4971-b85c-5a101f21ae8a,Dakshesh Chopra,23,Bengaluru,salaried,24122.24
859c79d6-5565-4685-b5d2-bbf4efae60fb,Daksh Sarkar,58,Kolkata,salaried,103382.77
ff814ef0-8ca9-45e3-94cf-91abe95b850b,Zaitra Lala,49,Delhi,business,29572.03
eae49a66-aa9a-4f77-b6f6-7392c8cef6fe,Yauvani Mand,50,Mumbai,salaried,19789.48
46a86cc5-be91-420a-9681-6d5c1315913e,Tejas Ray,47,Bengaluru,self_employed,110268.94
223843dd-1105-406a-b360-fe1ff64b1755,Brinda Chowdhury,37,Kolkata,salaried,53950.99
de3f25ff-2911-4b3f-a128-a86471d856d4,Veer Choudhary,46,Delhi,self_employed,75878.14
5616cc9e-d23f-4a33-9e01-e5541bda1ebc,Champak Chand,55,Pune,business,128734.96
08346092-4f98-4357-8f50-abd9c5ea540b,Christopher Bose,61,Ahmedabad,business,72328.82
ed32a0a4-5c86-4ff0-9420-1129a7a29700,Ayaan Sant,23,Lucknow,business,32613.16
fa1a6b52-cc21-443c-a745-e88ab246e762,Chatura Nadig,61,Hyderabad,salaried,37718.36
b397528f-3117-425a-a7d6-9284e30595a7,Gaurangi Varughese,26,Pune,business,39757.53
62f51d9e-ec47-419a-8d56-fe1f4ceb91e8,Chakrika Mahajan,61,Delhi,business,175888.89
72eb4261-a777-4fde-8010-7d90e31f5075,Ekaraj Nanda,40,Mumbai,salaried,33741.08
f2d910b5-30a6-4c78-97ab-6cb9a2492368,Gaurav Lalla,24,Hyderabad,salaried,24034.64
9c18018d-6bcc-4fe6-8f7e-f196a6c9e335,Hemang Mannan,48,Bengaluru,salaried,30924.59
3852b483-bb70-4ac8-ae71-59757c62a3e1,Nidhi Lalla,47,Lucknow,salaried,44643.58
3e30a7c8-8750-4c88-a413-78f01ad268e3,Jeet Date,32,Bengaluru,self_employed,33037.31
7abd01ec-6273-455a-bbb6-58abe8939783,Kiaan Pillay,60,Pune,salaried,24074.05
32637cd7-93fd-42f2-af86-25c9d658a512,Jason Dass,36,Ahmedabad,self_employed,58138.36
8702b0f4-a583-4109-a487-a3ddc6c092a4,Vrinda Garg,30,Chennai,business,91168.97
6ddbe1f9-252a-4d86-bc50-1b67f793d47a,Matthew Soman,37,Ahmedabad,salaried,28184.53
1ae09859-58c4-4c83-a254-0fffd917cb37,Max Ratti,21,Ahmedabad,salaried,28695.08
99309032-178c-47da-aaa3-2d52031eceda,Theodore Dhillon,55,Bengaluru,business,90115.27
e015e314-29a5-4496-8713-08853cb5b994,Isaac Koshy,43,Lucknow,salaried,17605.35
ff596bec-101a-47e2-b22e-a4c647a4a30c,Radha Bansal,48,Hyderabad,salaried,17966.57
249e1762-1943-4a35-8d08-1af65696e17c,Ria Balasubramanian,40,Chennai,salaried,25356.18
496c5971-489a-478f-a1fb-7c8b56fd2109,David Dubey,51,Delhi,business,60348.87
69d2bcac-6dff-4a1a-9918-68862cb66ff8,Aachal Sani,57,Kolkata,salaried,42423.33
9a9ec3be-d290-4b2e-9bbc-51a5b2559e94,Rayaan Dugar,39,Mumbai,self_employed,137688.53
1092db96-d9fb-424a-ae05-b03ede023ca4,Naksh Murty,46,Hyderabad,business,158244.04
dcf59e20-c145-4cb3-8db3-66b3e620eee8,Vaishnavi Natarajan,24,Lucknow,salaried,33524.46
e3d495fa-33d2-4b0d-88e3-4af88cf00830,Advay Varkey,39,Chennai,self_employed,48372.59
aeae1c92-442f-47d3-885e-ea4007a49037,Isaiah Parikh,43,Chennai,self_employed,24299.95
5c8a8820-c2cd-44ee-8da9-10592628714f,Bakhshi Ganguly,60,Hyderabad,self_employed,48389.63
dac10ef6-c412-43de-9d44-33e32db47c24,Simon Arya,29,Delhi,self_employed,40052.2
d14f6e53-53d0-4045-a70a-728281894340,Faras Dhillon,62,Mumbai,business,97777.2
28b2c247-6e4c-42a8-8bd3-4aec2de6ac71,Rayaan Rastogi,49,Mumbai,salaried,24013.81
7b127e23-7998-4673-888f-c386604a4be9,Rishi Patel,29,Delhi,self_employed,70512.31
2cf1d0c0-c14d-4f12-a181-c96e6d7e5b49,Gabriel Ray,41,Pune,business,290530.84
25a96dad-7e92-4997-92bd-eaaeb077be90,Vansha Bhasin,29,Jaipur,salaried,34393.4
30514e40-f2fa-42d5-bb1d-458c3ddef3af,Patrick Sami,44,Jaipur,business,104981.62
2a724481-a9eb-4c5e-9266-6022b7ea6dd6,Arin Murthy,38,Bengaluru,salaried,51280.82
ff06e766-2b26-4a52-821a-026ea595450d,Jalsa Deshmukh,51,Hyderabad,salaried,29714.48
e4d471a0-f9de-43db-8308-c3524d9fb62d,Yoshita Kapur,42,Delhi,self_employed,57346.36
0cbf0c60-680a-4985-acb4-8ef39c5c218d,Fitan Bala,25,Bengaluru,salaried,36544.87
dfe057b2-be29-4013-a017-769b3080dfc5,Janani Subramanian,35,Pune,self_employed,52489.75
132b3f52-0ba9-4e4e-8893-e95f3968375f,Vivaan Kalla,56,Kolkata,business,36471.67
11567b00-1a24-4f91-b99b-9f29f6fbd761,Baljiwan Handa,46,Mumbai,salaried,36763.29
d20439eb-dbc2-4351-b6a9-65bbe8283d51,Tarak Devi,28,Ahmedabad,salaried,46583.38
741fb7ef-3cbf-46bb-80c3-af053ca4ca1e,Damini Acharya,37,Lucknow,salaried,75024.63
419c54e6-f5f5-4361-8a0e-bdf2a5c9250f,Leena Sem,61,Kolkata,salaried,58667.16
2e18a667-7452-43cb-a976-cd93fb056aeb,Triveni Dani,35,Ahmedabad,salaried,106573.61
edc2232e-94d5-478d-bd45-5bbf004fcedc,Ganga Johal,56,Kolkata,salaried,24743.7
ae0e7330-8175-442a-b834-02b7f094c456,Unnati Kohli,35,Delhi,business,160345.89
7fcc2080-d9c2-4174-985d-3daee10f40b1,Madhavi Kapur,50,Hyderabad,self_employed,55733.65
d6ceca91-702e-44d9-9845-ed4124c7228f,Madhavi Bajaj,28,Bengaluru,self_employed,227035.59
85d20788-9d3e-4207-b7af-077b255f957f,Xavier Kari,23,Hyderabad,salaried,24242.22
b8a0761c-4244-4a09-8233-53061491c859,Ekbal Sama,28,Delhi,business,34346.33
8c06572e-3ad7-4b6b-a71f-4341329a4ba0,Chanchal Minhas,55,Bengaluru,salaried,26911.36
68f50ca5-bf22-453c-8019-016be937face,Gavin Khurana,44,Jaipur,salaried,12557.23
a03fdd4a-0913-4b3e-b006-c7132646c019,Zehaan Baria,30,Pune,salaried,27920.67
f401fc92-ea79-4a88-8ffb-77443db403e5,Aditya Soni,52,Lucknow,self_employed,28813.73
6a7e4132-0279-413b-a253-cb20137e0300,Naksh Roy,38,Mumbai,salaried,39151.61
45329f2e-90ef-415d-be57-0f01e999a96b,Qushi Garg,34,Ahmedabad,self_employed,62269.63
5273087a-820c-42c8-8d41-4f40ff87e314,Isaiah Butala,36,Kolkata,salaried,92789.19
bd65bf78-6837-4e38-9c52-f6efdd2ef9f1,Amaira Subramaniam,44,Jaipur,salaried,58408.22
5a2db7d3-6bb8-405b-8e53-b7706bf9de17,Karan Mani,62,Kolkata,business,43511.77
a2a091ad-974d-4b34-a56c-ee5e75c24333,Thomas Karnik,38,Chennai,salaried,23174.15
620629cd-5305-4241-a444-e0a89e672cc5,Chameli Ganguly,50,Delhi,business,113860.27
4f7f532f-3a31-445f-8308-e3afcac03196,Frederick Ahuja,62,Lucknow,self_employed,19454.56
74d32646-5626-4c4a-93fe-f83c3cb4faa3,Hemani Parikh,24,Kolkata,business,380146.84
008c4c69-d13a-4859-8e4f-ed34a2a94048,Azaan Bains,29,Lucknow,salaried,65494.41
0630d35b-2d67-47a3-991a-393f2bc22f2d,Aarini Tandon,56,Chennai,salaried,28721.81
bcee6353-962e-4140-b96b-ca239b4774d0,Qarin Bhatia,35,Kolkata,self_employed,14776.68
7e33e05c-c419-4d07-b64e-c0363f8aad9a,Chakradhar Bail,59,Mumbai,self_employed,126463.71
3f0b3499-f25b-4171-a4c0-39296c58a781,Hritik Lalla,30,Bengaluru,salaried,34294.15
0737094a-2c82-4820-9d7c-f64a7f790499,Gautam Bahl,32,Delhi,salaried,67434.24
6af30644-3852-43ab-bc22-eb75b027f9ac,Devika Keer,22,Bengaluru,self_employed,16057.01
8e39ca91-6b15-4278-9bb1-ec32e547db45,Abeer Virk,36,Lucknow,salaried,26911.59
96e38bd3-40a6-4627-8e1d-a5abb3491538,Laban Sahni,32,Hyderabad,salaried,36410.84
ff469e87-6ad6-4eae-a5dc-99bbca7abb9e,Aadi Chand,47,Jaipur,salaried,37178.66
0e52dfe6-f311-4f13-8ec9-020f50de55a3,Vyanjana More,25,Ahmedabad,salaried,28997.57
54e00bae-e34e-469a-9a59-7d3d922111d3,Yamini Sood,44,Jaipur,salaried,49584.07
fb4b470f-fbf2-4faa-ac14-82fbdc5004fd,Madhavi Pau,49,Jaipur,self_employed,23217.6
01e213ee-03bb-4f79-857a-1a0a56cabffc,Vidhi Dugal,60,Mumbai,salaried,33820.09
f39b9b6e-570b-4ef2-8d5f-5c3f5192ddb1,Megha Hayer,54,Hyderabad,self_employed,53327.47
ad884e1e-b840-4f90-b8e8-38faae7ea6dc,Andrew Varkey,22,Mumbai,salaried,46967.89
1be3c8ac-25e4-4986-bfd4-f271451cf834,Radhika Peri,46,Pune,business,138753.38
89ad5ce4-3152-4742-b955-7fcbada52e4d,Hredhaan Venkataraman,52,Ahmedabad,self_employed,22309.11
63377659-855e-4192-adad-74339bac4da0,Eesha Bhasin,26,Kolkata,salaried,16864.11
96378b55-9ad9-4575-8ea1-be33b2abb9ee,Bhavika Mody,25,Bengaluru,self_employed,119895.26
8d620c99-8088-4b59-9f88-77bd6b3119ca,Arin Vasa,61,Lucknow,salaried,42879.84
19502b47-f212-4719-93ff-f3328311bae0,Zashil Tripathi,41,Pune,salaried,24978.15
884a7812-cf7a-46d2-97eb-c52b14eeda59,Kalpit Keer,54,Hyderabad,business,295385.56
05bdf74b-1413-4802-af51-3ca3a664760e,Damini Baria,59,Pune,salaried,38477.82
98fb1cb1-5149-48f5-90c5-740a828386fc,Hamsini Shere,28,Jaipur,salaried,65489.73
95a38af4-3fc4-43b0-bd72-eb4d609dd08a,Laban Borde,34,Pune,self_employed,51393.29
514b8e92-d0ce-4e4a-8eba-b6f6bf2f8b92,Shaurya Uppal,35,Pune,salaried,101760.16
11673639-942e-4e0b-8442-b5544fb78d73,Orinder Kashyap,50,Pune,salaried,87349.31
98c13ff5-2e35-4993-8a09-38fd38c30ddf,Yadavi Dhillon,27,Kolkata,salaried,32064.92
a2f8e3fd-67c7-4c44-8c60-3c45f4a5068d,Praneel Pathak,37,Kolkata,salaried,59029.08
8f870a9a-c49f-4e67-bb0b-1f1aee88fda8,Widisha Gill,51,Delhi,business,130723.33
1d69dd41-9d6a-41d0-b9bd-6a0f66d6b327,Forum Oza,26,Delhi,salaried,71992.4
c50ae96e-8b72-470f-932d-02bf62883cad,Divya Gandhi,44,Bengaluru,salaried,22416.18
eb3701eb-4520-4342-be5b-903cb882a63a,Jairaj Varughese,58,Jaipur,self_employed,79239.96
ada1e1bd-c3b7-4526-94f5-cfa8fac954c0,Zarna Vala,28,Pune,self_employed,102836.66
eb23029f-b446-4582-b61e-01bb226f8619,Maanav Nazareth,48,Mumbai,salaried,15072.55
6dfdd8f2-b196-4abe-9ab6-613893e2f80c,Krisha Lalla,59,Hyderabad,business,25211.8
75330d92-d716-42c9-b0c5-0f88bb49c791,Vincent Buch,57,Jaipur,salaried,13100.21
18b79849-d9a5-4f6f-9992-5654c43e6cda,Mahika Kapoor,51,Chennai,salaried,31738.84
d2279a49-3aff-4f48-9957-47ba568a7b87,Samuel Mani,43,Jaipur,self_employed,81006.09
c19565b6-0964-49b4-8cb6-f0333763da21,Omya Krish,38,Lucknow,salaried,76970.58
cc1923fd-8c36-42c8-ad15-10948afafcc1,Vasana Batra,48,Jaipur,salaried,37686.13
5e585dd6-acfc-4435-be0a-af62c3cf905f,Samar Mahajan,60,Lucknow,business,316713.86
e6a49e1f-25e6-47c4-a682-ed9917136db2,Neha Narayanan,56,Mumbai,self_employed,18656.11
f3598b6e-d141-4110-a304-cb85acfb0388,Abeer Doshi,38,Mumbai,self_employed,14877.9
74f237fe-7684-4aef-ac78-228f0df4020b,Inaya Biswas,40,Kolkata,salaried,35320.76
0a3bfeec-0851-435f-9a95-019829fe9ef7,Vrinda Varughese,32,Bengaluru,salaried,44003.86
1395c049-b627-48fb-86ae-cfdc6cfb5fb6,Upadhriti Sodhi,46,Delhi,self_employed,47911.64
14fae2cd-ed87-4692-ab4a-bac70c861ec0,Madhav Doshi,61,Mumbai,salaried,12916.73
e589c937-6033-44e9-8c3e-339c37eff5f4,Hardik Handa,54,Chennai,salaried,34732.81
44c7ab00-4982-4aed-8f94-b52f21b3586d,Varenya Balan,50,Kolkata,salaried,18916.03
d0a95d9f-f679-4b30-b9e2-471764a700ff,Bimala Warrior,40,Kolkata,salaried,50758.6
77f836ee-a82e-471e-ab55-6ebb09db639e,Raksha Parmer,57,Lucknow,self_employed,63361.95
daae13dc-2792-47b6-95df-f0be7cfc17c1,Ryan Bhavsar,24,Bengaluru,salaried,22698.64
6c0d7179-3c2a-4763-a587-ce16f8b4a1a6,Yutika Ravi,60,Mumbai,salaried,28087.12
75ea6e72-e2ff-416a-b6cf-56be17bb3aab,Bhavna Ramachandran,38,Ahmedabad,self_employed,23354.63
aafe11aa-02fe-43fd-851b-666b5b6ad2b3,Dhriti Sridhar,52,Lucknow,self_employed,46916.5
8437a365-d778-40ef-9e2d-a7d8173c5aea,Victor Krishna,38,Chennai,salaried,58546.18
9992920c-48c8-4bcb-b0b7-41228562c05b,Ekani Pingle,28,Kolkata,self_employed,24587.46
b5fa14ad-27b8-4693-8b47-c9f2c471c700,Yachana Pant,39,Lucknow,salaried,46724.47
21fe1236-79bf-473d-b905-58d0b802fa6b,Unni Mohan,40,Mumbai,salaried,27857.88
a1122ba8-c09e-4c53-b1aa-bde52d98c070,Keya Bhardwaj,59,Mumbai,salaried,24429.91
19455c35-d3ea-4865-b408-bbe18974ce9e,Jeet Char,40,Chennai,salaried,34423.16
986577d6-c478-4a01-87f2-6e33dcabb45e,Anirudh Mani,37,Hyderabad,self_employed,23749.82
d8bebe14-22c5-4bfa-a1f7-d51f1fb219e4,Ikshita Bora,21,Ahmedabad,salaried,27533.96
105d3ad2-1e31-4930-bd2c-1ca7609786c7,Hredhaan Kalla,32,Bengaluru,self_employed,21194.26
dae902ca-bcb8-4c59-96b1-7b9c5a8c3d3b,Upadhriti Mody,35,Jaipur,salaried,96989.94
f6d96931-1141-4764-84c0-64e12ee26ace,David Rau,43,Delhi,self_employed,50245.91
35000c9c-a5e0-44b5-b173-e786d589d598,Brijesh Nazareth,23,Pune,salaried,25594.61
ced03509-c3ea-4e02-b8ab-040c96c718be,Frado Bala,25,Kolkata,salaried,40416.36
aaff483b-681b-413d-8be3-eb4c1e989c69,Geetika Soni,57,Pune,self_employed,45313.96
4d992612-cf63-4224-a8b6-ef970682de25,Ati Keer,47,Hyderabad,self_employed,41995.65
305999db-cdf8-488f-9804-f05bfb8b0f20,Anamika Suresh,22,Kolkata,salaried,49369.27
e1c55330-fa44-4cb2-9017-33fe2aa12867,Amrita Saxena,60,Ahmedabad,salaried,53037.47
3f3c81bf-e43b-4422-9ebb-d9a73e8731fc,Unnati Koshy,44,Delhi,self_employed,33814.64
f2db68b5-11a3-44ce-a2a2-233c13e14f6a,Falak Batta,27,Chennai,salaried,27230.44
2e75d881-264a-44bd-ad36-0a603cd8f569,Oviya Nagi,46,Jaipur,salaried,31649.39
ba0af8dd-8910-4e69-b812-76cbe132f14e,Eta Kapoor,40,Kolkata,salaried,12000.0
441699b5-d147-44b3-b55d-7644d4c65e36,Hritik Saraf,31,Delhi,salaried,17024.43
5f68b5d6-6cc9-4449-87b5-cd85bb262bdd,Pahal Narayanan,28,Jaipur,salaried,71929.17
8615dc4a-b207-48e0-877e-50f806855ea1,Falak Sibal,43,Kolkata,salaried,82659.4
626adcc6-8fa8-4d9b-836f-73880390500b,Warda Arya,62,Bengaluru,self_employed,41178.63
3d3335f3-3753-4a6e-b93d-f48b883da9c6,Yashica Gola,30,Hyderabad,salaried,48449.56
a67e152e-3539-43d6-aed0-e26937057bd9,Isaiah Thakkar,59,Bengaluru,salaried,42430.6
bd5b6ed9-25d4-45f8-843a-83850f0ff8a9,Veda Dani,62,Delhi,self_employed,423037.69
76305cc1-097a-4003-8ad4-6118189409c3,Pushti Wali,61,Ahmedabad,salaried,63563.04
0059b41e-3b0e-4367-bfa9-57c950cd6468,Mitesh Kala,57,Lucknow,salaried,34065.53
e1f61cf3-0089-4f93-8991-9a202dc3272f,Oscar Rao,57,Lucknow,salaried,22521.59
3bf68d1e-08fb-42e8-832c-64fdcd6185d2,Gavin Dara,61,Kolkata,salaried,16265.1
9808e6af-b4ca-41ce-ad22-b56af45d3665,Praneel Bhardwaj,25,Ahmedabad,salaried,40204.4
d66bf359-7de2-4f7a-8678-1dd490206971,Jack Murty,40,Hyderabad,salaried,24880.13
f16ad6d3-b7f8-476e-9442-6cf17a419a0f,Pranit Gade,43,Jaipur,self_employed,18113.67
f65d2bef-8f3c-4a15-aa68-7a08f1104f16,Chaaya Saini,50,Ahmedabad,salaried,26283.94
0b85475e-7ca4-4b12-baf0-2d86d3d08e5b,Wazir Narain,44,Hyderabad,salaried,21146.42
b20126bd-c4ae-441a-9cc2-0d67b4cddbca,Sanya Bhalla,26,Lucknow,salaried,84420.95
3930198e-0422-4a22-a424-22fc6f222882,Ekta Wadhwa,45,Ahmedabad,self_employed,90866.6
856d073d-7d25-4f96-a368-c2da9297366a,Upkaar Modi,23,Ahmedabad,self_employed,48747.99
42820328-3bcb-4ee3-924b-7bbdd3a2d7c8,Kai Shroff,57,Chennai,business,277049.02
7975955e-edf4-49e8-8683-a59af39472bf,Rajata Narula,51,Jaipur,salaried,37747.86
59711afd-9737-49bb-973e-972e98146170,Falan Joshi,24,Ahmedabad,salaried,23608.4
057239dc-aab5-44e8-aaea-270cd0cdb1ac,Darsh Devan,42,Delhi,salaried,77773.97
58f38fe2-df3c-4a31-8d58-c0de77923a7f,Thomas Baria,32,Mumbai,salaried,47546.1
5b675237-9485-4b85-ad64-63f2b81ca288,Dhruv Hari,49,Ahmedabad,salaried,21620.06
663f5b6a-e8ec-4807-a6ee-dcc9db577175,Tanvi Prasad,60,Bengaluru,salaried,33018.74
620babf1-0077-4adf-b6ba-1c62fd3dc50b,Chaitaly Khatri,39,Pune,salaried,23439.8
3b1e2414-b4cd-4379-a4ba-b051235d280c,Jeremiah Puri,42,Lucknow,salaried,18189.51
7945870e-ee41-4dc3-b4b1-e45064404c82,Damyanti Sarma,61,Kolkata,salaried,57704.4
e781e47e-3e0e-4981-ad0a-180b93b03d6e,Chaitanya Venkataraman,27,Jaipur,salaried,94344.51
e2b71188-e6a7-459d-a3aa-119fcae88687,Yatan Mand,39,Hyderabad,self_employed,18416.51
b6691ffa-816c-4bb1-bfd4-292563e15d44,Victor Koshy,59,Bengaluru,self_employed,72698.68
063245fe-9cca-461e-bf3c-da363da562a8,Barkha Batra,58,Bengaluru,salaried,26230.52
7e8ff0e2-1929-4681-b6a7-937daaa653a2,Champak Mandal,40,Pune,business,47173.48
d66cc0e3-5219-4599-90dc-214d9219ae43,Guneet Choudhry,26,Hyderabad,salaried,27005.69
acccab40-2581-462b-93df-2a6bc4d0219c,Wazir Handa,62,Kolkata,self_employed,26774.53
a7fca6c0-20fb-4e9f-bb79-d5de01fa8153,Siya Bhatia,54,Delhi,self_employed,50714.4
176807b5-5446-49c1-b4a0-5c238a3a47e9,Manya Lad,48,Jaipur,self_employed,27401.0
c98a39c2-a4bc-4f3c-b2c3-5245c5611787,Agastya Din,44,Hyderabad,salaried,41573.92
4750516a-7cd1-4576-8c5c-3e29fd405518,Tanvi Basu,34,Kolkata,salaried,35414.65
161e2163-0060-4d11-bc3c-76f15d36ab4e,Aarav Sanghvi,52,Chennai,business,58979.59
c03da731-269c-4f00-b812-af757a284d5a,Qushi Taneja,29,Bengaluru,salaried,23068.38
7f08554e-d46f-4ee2-9c6a-b19459ccbbd3,Jai Yogi,27,Jaipur,salaried,27217.47
4113fd4f-cf94-4073-a533-6d02a771a0e8,Dalaja Hari,54,Mumbai,self_employed,83180.97
7c32e6f7-6bdc-424b-a4da-f52c8b70e31e,Yashoda Barman,60,Bengaluru,self_employed,69608.5
e3a23879-79c6-4176-8d34-87049a24b820,Advaith Rattan,30,Bengaluru,self_employed,24728.49
25335ebd-4885-4f05-ac24-e5b6dcec940f,Kritika Sidhu,60,Bengaluru,salaried,38164.7
708ccf8a-9909-468e-82e6-b599ceca03ed,Varsha Swamy,23,Pune,self_employed,82948.15
bd9741e0-2ce2-4182-8ec8-81e0a9f68fcb,Ekapad Hegde,36,Ahmedabad,salaried,15761.06
7638c665-6e3f-4eb2-8ed4-06baaeb3a92f,Yadavi Lad,49,Chennai,self_employed,71707.61
cfbcb135-eaaf-4b06-bc86-f5d3b2aa7859,Fiyaz Lal,40,Ahmedabad,salaried,26073.85
6eb86020-2637-452a-a3aa-4529eb7d0f1f,Chatresh Contractor,33,Kolkata,business,122215.21
c8722cc7-ffdb-4d87-a44b-d3e09ef615be,Zinal Sood,57,Ahmedabad,self_employed,28730.62
c8f7c324-ec01-4631-927b-effa5df6ddae,Jacob Mitra,39,Pune,salaried,14728.78
1e88a536-6c68-4b54-8f8c-662e12479dfd,Libni Bhandari,47,Bengaluru,salaried,16094.43
f486f50d-abc3-448e-9a0c-13d1e4418597,Lavanya Biswas,59,Bengaluru,self_employed,50698.9
1990c489-98b5-4580-b96c-7ae1a415276b,Jatin Chadha,24,Ahmedabad,business,92387.8
568235e8-1d38-42b4-b33c-0b1c1cd51cbb,Vincent Kari,56,Delhi,business,32406.52
f088f811-bb53-4810-8241-05b6e96a424e,Jagdish Sant,54,Delhi,self_employed,76650.75
74575b91-9e73-4733-add3-c813a8cab622,Urvi Borde,31,Hyderabad,salaried,15823.32
0af8bcd7-1776-42bc-b2c9-d474e4010a8e,Barkha Sant,53,Bengaluru,salaried,35135.25
b6575c43-2360-428e-8566-9bfb28b743f3,Christopher Soman,26,Chennai,self_employed,21000.23
7005d2b6-e3bd-4079-b217-81e205519a94,Jonathan Lad,43,Mumbai,self_employed,31061.2
3e11d592-1eb4-4947-9574-7709ea94cae3,Chatresh Krish,46,Jaipur,salaried,37186.44
266091a5-91ea-443f-9602-d2b5298b0dd8,Kashvi Sani,45,Delhi,salaried,23618.68
23593691-745b-4756-bf52-fd0311d39112,Kavya Shetty,22,Kolkata,salaried,29963.11
315b7226-6f8d-43ed-86df-faa899a56847,Balhaar Mani,62,Kolkata,business,180893.46
83dd8a48-edf1-485b-b842-0b49c9abe5c1,Jagat Chahal,29,Mumbai,self_employed,32734.2
7c226c77-b04b-461f-ba5d-e31c66aacb33,Kevin Patla,51,Bengaluru,salaried,55151.88
0f23792a-4f5d-44c9-aef8-e0711a1f5770,Bina Ranganathan,51,Ahmedabad,self_employed,22230.16
6071516a-6b05-4a4d-a641-8b1f41ea549a,Yashasvi Rai,26,Mumbai,self_employed,71030.38
ff804b07-e7d0-46ef-b52d-ed88a997bcdc,Raghav Oza,30,Jaipur,salaried,74666.31
64d6e0c8-498d-4df6-9587-03edc22e7b61,Nidra Swaminathan,59,Jaipur,business,12000.0
ceb7bcd8-4b21-4052-afce-e82a8e3d8406,Anamika Misra,39,Chennai,salaried,24380.83
6f51ab8f-fff5-4b34-addc-e67c1e388520,Udant Chander,24,Chennai,salaried,48462.04
4caf2a65-0bca-4b69-80b4-ecbdfb742e60,Ati Divan,60,Ahmedabad,salaried,32809.63
76baebc5-f7a5-4149-8916-018ba048bc9c,Upkaar Ramakrishnan,52,Lucknow,salaried,43720.52
19ffc4a2-1168-4be3-943b-6a5d140c32e8,Finn Chana,61,Jaipur,salaried,26849.63
c1286f43-3c32-49fb-8404-3239c59c9c6f,Rajeshri Kumer,30,Hyderabad,self_employed,52083.99
18b636c8-4feb-4b76-bd66-26e33cb53947,Ekavir Kalla,60,Kolkata,salaried,33595.97
29381948-3719-45f5-bcdc-27e85457060c,Samesh Bhalla,47,Bengaluru,salaried,65113.75
9da5362f-b64c-470e-af7b-f92de68d385b,Edhitha Chawla,26,Jaipur,self_employed,58576.84
797a5888-13b0-41ac-96cd-b01b41b3aab7,Jasmit Salvi,25,Jaipur,business,99095.81
ed501275-d30d-40fa-9d00-06b5134eb837,Bhavini Sahota,53,Jaipur,salaried,29556.58
2b0e1b77-547d-4704-bfb6-ed02c6c96356,Rachana Lad,51,Mumbai,salaried,28458.35
210d9ba3-8dba-420f-99aa-dcf8bb51c107,Chanakya Raman,44,Hyderabad,self_employed,36214.3
9328f029-d614-4aff-a9a9-370124bbbba4,Yashawini Shah,43,Delhi,self_employed,64609.48
611cf88f-4335-4f5e-8b80-76745b8c3361,Pooja Chaudhuri,61,Delhi,salaried,29422.29
70f0c14e-e2c2-4661-b24f-852232a4b41e,Netra Bawa,42,Bengaluru,self_employed,60044.57
6c6807d4-06bf-450e-9916-05f8b9878725,Yutika Mody,55,Kolkata,salaried,102508.44
c06eb4f0-4a4d-4143-9f0a-07de892bceda,Chakradev Dutta,32,Ahmedabad,self_employed,90200.23
5931ba35-6f4d-4a6e-9082-0a3245857991,Aadi Dar,51,Bengaluru,business,54533.96
915ee1df-e257-4ffe-ba75-0589f1c50167,Ojas Sachdeva,25,Ahmedabad,self_employed,113646.69
0646ed99-b4d9-4263-b00c-0372ce2697dc,Chandran Chandran,33,Mumbai,salaried,29612.81
e046b15f-1e74-443d-b4d3-41ff834d48bd,Manthan Deshmukh,23,Kolkata,self_employed,12000.0
97e4f462-8380-4d87-bd68-ef2817718722,Gabriel Chawla,53,Pune,business,29517.02
52d610f1-97c5-48c5-8d1b-3ad591f52f3d,Hitesh Andra,55,Ahmedabad,business,13579.1
1ef64a2f-7acf-42e5-b789-e7050449bf3b,Yachana Chaudhary,62,Chennai,salaried,30462.24
1ccfedfa-d404-455e-90fe-df19112abc04,Owen Radhakrishnan,24,Kolkata,salaried,36651.48
2e206a6d-8a22-4c1e-bfd0-1a952a690d38,Zayyan Parmar,44,Pune,salaried,83970.32
737375a0-e3c1-4e4b-a40f-5ba6cf047ac0,Vidhi Rege,49,Pune,business,98148.28
cf2973c7-4256-47ca-aced-f96c095e8f3a,Qasim Wason,32,Ahmedabad,salaried,32547.3
2c73bf43-3c33-4a3f-aa9e-2a27d287eab6,Irya Mahajan,44,Jaipur,self_employed,87604.17
a5fb7a1d-840c-4d44-a32e-19aee93f523e,Wriddhish Sehgal,26,Pune,salaried,12021.26
0fb89b84-cde5-4139-8e51-8c64f025fe2a,Anita Gola,59,Bengaluru,salaried,40855.93
d1c90d3e-ec7b-4494-ab19-3533b4c0d7a3,Matthew Gara,41,Delhi,salaried,53392.88
1c0beb12-018d-41ca-ae54-7e8f70041a7c,Faras Rama,39,Hyderabad,salaried,17338.88
e86b8c7a-358f-48fe-8700-a9f23f361ffb,Jeevika Shroff,48,Bengaluru,salaried,64336.15
99468ea0-60b6-48cb-8e58-a5f6b1bb1cd4,Elijah Patel,43,Ahmedabad,self_employed,62127.72
bec95d04-0223-4284-85fb-47bcf0989a17,Darika Koshy,43,Lucknow,salaried,29506.21
cbdb11d6-80dc-4c57-b9a6-30097027f8b4,Joshua Sawhney,38,Mumbai,business,129249.99
b94c5712-c38e-457f-a692-ddd203105763,Mohammed Kata,61,Pune,salaried,113022.98
69a73833-ba6a-4c27-a837-3b9c2ec70434,Nandini Dixit,31,Mumbai,salaried,39772.58
740d31e2-e883-4695-b575-9f9dd06e31ba,Ryan Sarma,59,Ahmedabad,salaried,41114.26
02cf7e19-23f8-4bba-9ebc-8b3e140cbebc,Aarav Nadig,25,Chennai,salaried,28863.11
425bf2f5-e476-438d-848b-897f48ac86ab,Qarin Ghose,44,Kolkata,self_employed,27040.98
94266306-4ed6-4183-8434-e766c8ec04f3,Bimala Setty,57,Mumbai,salaried,55004.37
7c72fca2-b277-4c81-8491-005255ba263f,Harshil Samra,49,Kolkata,self_employed,26923.14
1ec4b1c8-cdf7-4bae-b18c-4cd720ca856e,Shaurya Grewal,25,Lucknow,salaried,37638.51
ffcb4b84-c1dd-4bc8-862c-a32588c94dce,Chakrika Kulkarni,44,Pune,salaried,28600.27
96088f6b-11a5-4ff9-a25f-0e100ad895db,Fitan Dhaliwal,38,Chennai,salaried,46142.51
eb7f6d3d-a47e-4bd7-8be8-90bcc16777b1,Nidra Kalla,22,Bengaluru,business,98744.98
4c775a1a-57f7-4669-bdd9-6dda55c6d2d2,Manbir Pal,45,Jaipur,salaried,61008.59
8d270ad2-cd24-45c9-bdb8-5cc42fb169f4,Bishakha Venkatesh,37,Ahmedabad,salaried,28141.25
7bb29123-7717-4572-b1c4-303149b7d3f8,William Wali,60,Hyderabad,salaried,31731.42
4f5e5add-9333-49df-9764-521273ec2064,Yatin Ranganathan,52,Chennai,self_employed,24707.58
5efb42ae-4ce1-49c9-ab1e-3cc6893ffa2e,Pushti Dara,25,Ahmedabad,salaried,29081.38
5ee86609-0a99-4032-a8b5-6ae0820b721c,Amol Naidu,49,Delhi,salaried,43855.27
2877daeb-731e-4490-92c6-d82bbd0476df,Garima Saraf,41,Kolkata,self_employed,83274.03
dc87d742-0ab5-4a98-816a-e0098dd68522,Harish Nayar,56,Jaipur,self_employed,25706.12
cb7ebb33-d031-4aa9-9430-ea22b970bc5d,Veda Chaudhry,40,Bengaluru,salaried,56095.06
77a41462-f6c2-4cd1-82df-f3ca7967fdeb,Yashoda Gopal,61,Bengaluru,self_employed,126620.09
e04cf9a0-c08f-4a9e-9741-36dc1ae158ed,Vritti Soman,53,Chennai,self_employed,65473.74
5e290d6d-7aab-4720-8ea9-af5635d48aea,Urvi Kadakia,33,Bengaluru,salaried,92818.19
2e2734d0-0e9e-4d4a-9fea-771cd8207efe,Robert Sani,52,Mumbai,salaried,24664.13
275fa8dd-3892-4327-8102-d0722feef152,Sachi Sharma,57,Kolkata,salaried,19490.31
8618beb9-d801-498f-b2bf-4151a20372af,Gabriel Dhingra,56,Bengaluru,salaried,14922.72
7721f011-598e-43a5-bb42-ec74b7a0324b,Charvi Mani,26,Delhi,self_employed,139696.99
0b04d66e-731b-4868-a302-538db8f6dac0,Neha Kala,51,Jaipur,salaried,50371.6
633e858a-f945-4762-8b88-7e5c028b74fe,Yashasvi Hegde,47,Lucknow,salaried,35320.11
00c9e3e7-cfa3-4ae1-b274-a52af6ac2724,Agastya Som,41,Delhi,salaried,41772.12
d264e82d-94ea-4e04-944c-4b1e1c760ccf,Samaksh Prasad,54,Kolkata,salaried,20686.89
fbcd7d3f-865f-4fc7-a992-380ed1ca2877,Gunbir Sundaram,56,Lucknow,salaried,123361.7
3b899c4d-b7c6-4584-803b-4924b296deca,Christopher Devan,29,Pune,salaried,38739.33
03c881fc-1a8c-4fa2-93b5-4b3c04f06de3,Champak Johal,24,Delhi,salaried,38357.19
0277db98-8140-49e6-8097-9edeba18ebaa,Gunbir Chokshi,40,Bengaluru,salaried,52202.38
618e3874-f6d4-4c44-b2b5-7c9d48508c64,Jyoti Palan,35,Kolkata,salaried,46189.35
ac6ecdca-f3fa-4dc7-b5bc-260b83c2f13f,Kiaan Sharma,54,Hyderabad,business,89455.41
65d244ef-4371-42dc-9f6b-06657ab4b908,Sanaya Bandi,37,Chennai,self_employed,28188.46
121724b9-efb4-4f74-abe9-95107e114cd6,Oviya Bandi,56,Hyderabad,self_employed,68188.27
2b28fa88-6a67-4efb-b9b9-60074169f769,Chanchal Oza,40,Lucknow,salaried,93061.17
3f65ddc2-cc6a-4556-9099-855febd4e2f1,Vanya Borah,53,Bengaluru,salaried,71161.7
b1050a51-3b4f-4079-83f2-f90549251817,Chaman Brar,58,Bengaluru,self_employed,149526.76
70c02959-60eb-40ab-97a4-1be619a828ad,Warjas Goswami,60,Lucknow,salaried,28124.38
bc35a325-d320-4846-a41d-4bd71f3f3c0c,Kashish Shukla,57,Mumbai,salaried,22141.25
8d06b99e-db47-4f2c-a8e3-8913af15da73,Joshua Radhakrishnan,22,Delhi,self_employed,44889.05
8b241d04-8cee-4da1-adfe-24b59885d266,Ekta Loyal,62,Lucknow,salaried,37341.57
fa915779-2bb1-479a-9445-931519fcc4a1,Yamini Sankaran,34,Lucknow,salaried,62761.42
7bc459a7-1150-409d-b5cf-5ae6b6a65f89,Warda Dyal,61,Mumbai,salaried,15580.38
20699dc6-ea2d-401d-8cd1-478e25dbdd40,Forum Divan,61,Jaipur,salaried,78024.27
477fb0d7-a437-428f-ac9d-9b551d514e3e,Pallavi Patil,40,Ahmedabad,salaried,33556.84
f6ae0dc6-8594-426d-b266-dde8bc8fbaf8,Arunima Jaggi,46,Hyderabad,salaried,29335.67
2a84ad89-77c4-4ad0-9a40-614d49090193,Veer Rout,24,Bengaluru,salaried,21893.56
3cb5a394-fdcf-40ba-875a-45d0adaf5dff,Gaurang Keer,51,Ahmedabad,salaried,15876.12
c435cd84-d819-49b4-a053-b3c7032fc7c0,Dakshesh Singh,59,Bengaluru,salaried,54807.66
18f264db-8056-4ea1-8bf4-5235092bb4b0,Avi Grover,41,Kolkata,salaried,37671.49
b0ff2f4e-d8fb-489b-8105-743529a66c37,Gauri Choudhury,29,Kolkata,business,22903.27
a16349b0-a797-42bc-a3d4-3b64ee1e5838,Advik Palla,27,Kolkata,salaried,19005.06
7a7efeae-1fd4-4fb6-bb7a-7ab7e848ec7f,Om Sidhu,28,Hyderabad,salaried,30702.75
4461a900-d1ca-41a6-9413-1e4599fbfc49,Wriddhish Dada,30,Delhi,salaried,83659.54
613dfcdd-5a09-4b6f-a6f2-d64c5f190ad4,Dev Manda,45,Lucknow,salaried,31894.99
d0d5483c-6c8d-4fe9-990c-8810c839d404,Wahab Chana,31,Kolkata,salaried,17127.29
3dbe2dc1-1f00-4b1f-b28d-f79ce2a2d05e,Qadim Raval,41,Chennai,business,58620.0
72b1101d-d772-43c6-b14c-d4a6f8fa54b3,Elijah Wali,52,Jaipur,self_employed,40501.47
f39bdd76-7611-419d-aad2-069a0b1c09d3,Arunima Dhar,40,Ahmedabad,salaried,12000.0
7eac2b1c-9b6f-4552-b2fb-35365b0d5e54,Harinakshi Tak,46,Jaipur,salaried,35342.89
ece4953d-3e8a-4b6f-88ff-a53618779236,Libni Radhakrishnan,36,Chennai,salaried,32355.29
3a12c280-abf9-4d87-9c08-3e84ef120e58,Hardik Naidu,24,Mumbai,self_employed,79805.24
f68543b6-a0d5-4c13-8e9b-eb6969f51e9c,Pahal Nori,59,Ahmedabad,salaried,91535.12
5e612a1d-1001-4a5e-8165-52eb75268693,Ekta Nath,21,Delhi,salaried,63785.59
01cb2193-218e-434f-97a2-e9c60f9b396b,Alka Dass,37,Kolkata,salaried,31747.07
af1c759b-f359-4b2c-b330-d688be827bc6,Chaaya Devan,44,Mumbai,self_employed,22593.82
d63486fc-890e-46a1-9d98-77980322cc64,Rajeshri Sidhu,57,Jaipur,salaried,131489.19
288fa305-9fb0-44b1-b761-9ad5962e08fb,Jack Kar,56,Hyderabad,salaried,37406.85
57c0d1c3-5264-4f44-9018-7629e4533af0,Leela Dara,53,Ahmedabad,salaried,36569.31
114d1a27-b1a1-42ed-b53a-37897a3b2aae,Abdul Soni,38,Lucknow,self_employed,48199.91
ecaa6374-f569-47e6-8657-70cdc20684db,Anya Deshpande,28,Bengaluru,self_employed,56311.8
0e9c75bc-3772-4f2d-830c-f823965a18ba,Charita Jani,46,Kolkata,business,64220.36
a43b43ba-fa04-4c41-80a2-d82e7f193204,Yadavi Sharaf,42,Jaipur,self_employed,32808.29
0088cd7f-0d74-425f-b8ef-fed87b70c22c,Christopher Sandal,30,Chennai,business,44704.39
4d4ed401-af6f-47ad-a1dd-7d21306c2896,Chameli Pall,46,Jaipur,self_employed,47909.67
3fc64e7d-88a9-4202-86c7-422de0c86299,Jack Pau,23,Bengaluru,salaried,27675.08
797ca4e9-c576-47f2-bd50-d5f4fb826575,Harshil Sharaf,51,Jaipur,self_employed,29762.6
0173be33-3afe-4189-b1eb-4bb5affca7f5,Gabriel Suresh,59,Jaipur,salaried,38300.38
ccfa6c5d-7e00-4a24-856c-d18175a2f210,Neelima Gaba,60,Kolkata,salaried,31968.66
e70c9573-31e4-42b0-9d4b-483dcf0bedb0,Thomas Chopra,60,Hyderabad,salaried,77033.56
91801f6e-777a-48e6-96b9-f08176670c74,Unnati Dutt,53,Jaipur,self_employed,12000.0
4d10125e-8d72-4601-a346-90e82b53783d,Ojas Sura,57,Hyderabad,salaried,62677.23
19a9fb7d-5130-490b-b7f3-81171c82ac78,Devika Krishnamurthy,22,Kolkata,salaried,67713.62
ff45f864-7300-4509-9a56-7992fbf382e3,Sudiksha Modi,28,Pune,salaried,12878.38
81368c83-f596-43e7-8ded-d2debe13a697,Harrison Mane,61,Mumbai,self_employed,38565.7
ab9cc1d1-4b5c-491b-b196-f35d231b1581,Manan Ghosh,37,Lucknow,self_employed,37797.24
560269f9-5843-4b7b-a8bc-a0b0ef58c89d,Maya Ghose,24,Lucknow,self_employed,18301.56
d3797525-6604-41e3-ba90-b36cbe4866fb,Avi Vig,54,Lucknow,salaried,24614.52
a745769b-99f0-4bf7-878f-9403a361f33f,Saksham Gaba,45,Bengaluru,self_employed,22529.86
013f35b4-87bc-423a-8d39-19b06a29e284,Qadim Padmanabhan,36,Mumbai,self_employed,167140.38
7d9cc8dc-0c2f-404a-97bb-9bf9079d1bf7,Tanish Som,28,Chennai,self_employed,94369.66
347f1ec3-eb06-4c5f-ae7e-fecc00304866,Jack Rau,41,Pune,salaried,68581.46
5855e17d-caf8-440c-90df-f990a3f57738,Onkar Nath,34,Pune,salaried,52095.61
c551208e-6b93-4e0a-9da6-fba5da0a7b1e,Kai Thaman,60,Ahmedabad,salaried,20650.07
2b63aea3-4618-40d9-b0b7-a7cff738af90,Hamsini Rana,24,Bengaluru,business,45612.26
eb34f770-c311-4e62-8b4d-75c4057b6acb,Ekavir Nadig,56,Kolkata,salaried,46382.95
96f0196e-f6ae-4287-bcc6-61a5d2260dd5,Balendra Chacko,51,Jaipur,business,24345.08
6e6d08ae-3ad9-4b90-8320-f2ad1c252d23,Radha Manne,32,Ahmedabad,salaried,51870.17
fd3e26d5-f5d1-4896-a03b-fbb6bd08e2b5,Arjun Mall,42,Jaipur,business,58906.52
70de2313-e94f-43b8-9a5c-00f7b03f952a,Vasudha Ravel,62,Hyderabad,salaried,30109.31
c04c6d4e-c497-4397-91a9-4de2b3b6df9a,Om Dayal,33,Chennai,self_employed,80633.7
984b9e60-2710-4503-83cc-51211b445405,Wyatt Raghavan,40,Chennai,salaried,45348.47
ab456f4d-0deb-40a7-ab60-765f1b37bcd4,Mohammed Jhaveri,40,Hyderabad,business,52845.64
1d559e20-dcc2-4a9f-aadd-98300e861d8f,Yuvraj Sankar,52,Kolkata,self_employed,110363.07
85247dce-43f5-425f-94b4-09ac18c31c8f,Jagat Varkey,56,Hyderabad,salaried,21151.55
34b9d3a4-7ed1-4996-82f6-6d859380acef,Frederick Dhar,57,Jaipur,salaried,49412.95
c1237b13-6b8a-474d-ae23-be51724a4beb,Yauvani Sood,46,Kolkata,salaried,48852.0
829a593a-24b5-4bbe-9ca4-e85675936c51,Aashi Bakshi,30,Hyderabad,business,55348.69
522ef248-b301-4775-a577-3f782b2d1136,Vedhika Sankar,26,Kolkata,salaried,42747.52
5a72a3ae-47a9-4af0-a605-99500221d777,Edhitha Banerjee,62,Hyderabad,business,23718.2
70d752f9-0f7a-4cc9-988c-d63cbf703077,Charvi Keer,34,Chennai,self_employed,93603.11
c6b367e4-0d94-4998-8d8f-4882cb368264,Faraj Jain,38,Jaipur,self_employed,43069.42
1d6b95ca-e803-462c-93a0-b8e6a4bf47ec,Eiravati Puri,29,Delhi,self_employed,33999.25
108c8fa8-190e-475d-82f0-a924d3ed1d69,Jagrati Khatri,58,Chennai,self_employed,102161.12
7c53b5a3-82e7-4e7c-bec6-163045ea9a5f,Waida Bhavsar,54,Chennai,salaried,25535.58
bfe87a79-fb27-43fa-8a43-456ec0581fb2,Tanveer Nayak,24,Delhi,self_employed,18289.4
7e3583e9-1bab-48f3-bff4-835f8bd0cee0,Zehaan Patil,51,Delhi,salaried,16675.33
d4d1521e-27bf-492b-8167-5f5067c1726c,Qarin Gaba,29,Mumbai,self_employed,74922.31
2c39e353-e403-40b7-81b6-4672f7061c4c,Kiaan Thakkar,31,Pune,business,23100.59
4e8be5d2-9fc9-428b-b1ce-2f889229a5d8,Bhavna Dar,51,Ahmedabad,self_employed,167435.91
80cdfe48-4689-447c-9ed0-03863e1a1b70,Jagat Nair,39,Kolkata,self_employed,12000.0
907e8bb1-f77c-4205-84db-a372e176ccc3,Forum Venkatesh,24,Delhi,salaried,84815.04
3f9aa806-373e-4c41-b744-0301408530b1,Kevin Halder,35,Jaipur,self_employed,56823.9
9e3719b3-bf38-4e57-b0ac-6442b3ca8700,Yachana Modi,23,Bengaluru,self_employed,45811.98
f6d7f5ac-38ae-4ce9-b27c-8b246d704bf5,Damyanti Goda,32,Mumbai,salaried,27654.41
2132971a-5078-46e9-8edc-de4867b96bc3,Ikshita Behl,46,Ahmedabad,business,104738.55
966f3a47-52e3-4b98-9815-e4281569f192,Kabir Kala,39,Mumbai,salaried,35638.53
6d6970a1-7a21-44b9-a1de-e7deeceb2896,Azad Mammen,57,Lucknow,salaried,63047.96
ed4c3b7c-31a5-4ea6-b128-365cded89445,Chakrika Kade,42,Hyderabad,salaried,38449.99
17f03480-9cb1-4e6e-ae6c-a42e96ca3324,Gautam Oommen,62,Jaipur,salaried,39149.81
0b9ac8a4-4e4c-49e1-8852-64fded11c627,Anusha Kapur,29,Jaipur,salaried,30278.52
e080d11d-0daa-47bc-bda6-34d0e99b52dc,Ira Munshi,33,Delhi,salaried,35296.08
04605b27-6ae8-4fc4-9759-c1c48f1c9d6e,Zehaan Saha,50,Hyderabad,salaried,42357.5
d7a53069-ee1e-4bf0-92be-01c5553eeeda,Arya Ganesan,21,Kolkata,self_employed,14807.4
2952229d-3caa-42c6-81b1-c817f6ed5389,Aarna Murthy,57,Chennai,self_employed,19077.6
e2ade370-27e8-431e-b4d4-d9fd78fd78dd,Timothy Nath,61,Pune,salaried,52661.09
0936dc95-5cae-474c-b8e4-bae1935e5f2c,Viraj Sachdeva,53,Kolkata,self_employed,55249.02
2cf3d48a-a05b-4be3-8a05-67fcd08eb96c,Vihaan Bains,27,Bengaluru,salaried,33123.83
8980be9e-0efc-43d0-befe-277961f49f8b,Jacob Bandi,51,Kolkata,business,74353.84
61220f14-e21b-4f1b-ae83-111ba11c524a,Madhav Yadav,21,Hyderabad,business,99989.81
d1cdf71f-a084-4594-99c7-f760e8b8d774,Warjas Wable,49,Hyderabad,salaried,27725.84
7a4097ee-eef4-417b-b142-f566d5976642,Hemal Joshi,40,Lucknow,business,36298.28
2d701ed4-02fc-4684-9a00-55c02582397a,Onveer Bakshi,21,Hyderabad,self_employed,56223.59
621e6ad5-53ad-46cf-8d03-4ec90bfa2d1c,Charvi Tandon,36,Mumbai,self_employed,24714.34
e01d8ed6-fe2f-45a6-855b-70396aa50b25,Odika Dalal,50,Hyderabad,self_employed,65236.66
5584bba8-5b7d-4625-90e1-68a845f6bef5,Champak Lala,53,Hyderabad,salaried,15501.75
3525bb43-629f-43ef-b4bc-ca61dbb3df70,Sathvik Chatterjee,61,Hyderabad,self_employed,100751.16
34703a00-c269-4242-b0e9-c6a45156321b,Aditya Lall,35,Chennai,salaried,45995.5
b78e4d0c-1701-4379-bf03-13efe6d28422,Amruta Acharya,51,Bengaluru,business,92081.26
23076d0a-965b-43e3-abc2-9a8cbfa47af2,Ansh Divan,59,Kolkata,salaried,59358.2
618f955f-7cf8-45f3-b86f-f36c70777ee0,Nihal Rajagopal,56,Ahmedabad,salaried,83511.3
d645119a-4385-4670-bc06-315dcb8d4d24,Lajita Sant,34,Chennai,self_employed,99713.77
84381c4e-0c61-4059-b405-f16ecbbb2737,Neelima Kaul,59,Delhi,self_employed,13512.74
c90d81e4-61fb-41c9-a3f4-9c51e65b1b61,Pooja Thakkar,54,Kolkata,salaried,19152.94
9743b9ae-361d-4a28-a778-8b1647baea04,Gaurav Trivedi,57,Delhi,salaried,26571.4
8d1f86e2-2ed4-488f-b3fe-f9fc4a6fa476,Lajita Balan,56,Jaipur,salaried,36792.36
f89044fe-8772-4d97-8c5c-f7ba0555d438,Girindra Andra,55,Bengaluru,salaried,47043.57
ac2cdc63-38b6-48e9-acec-00fd545aeed1,Riya Toor,54,Ahmedabad,salaried,25263.81
2a6d9912-57c2-4b55-8997-5b62355a4fc3,Isaac Sandhu,34,Lucknow,salaried,39870.16
764958ed-3682-42ba-a84f-0832623a56dc,Charita Wason,53,Ahmedabad,salaried,24892.17
d32ce99e-ed53-4d11-82e2-04c4d3ac421c,Urvashi Dhar,50,Bengaluru,self_employed,31950.32
a3a4d700-9069-4931-bede-776614401f53,Joshua Varty,50,Lucknow,salaried,17973.78
d3b79bec-15d1-4c46-94fd-c802c899bfd3,Lakshmi Nadig,50,Hyderabad,salaried,22888.35
7cbc7d6d-07a0-4fe9-8caf-e996de5ea55e,Mekhala Deshmukh,46,Hyderabad,self_employed,19030.93
69d12b80-df36-400f-94c1-c005cbff515b,Abha Dubey,34,Lucknow,self_employed,24757.62
49162773-843c-4c81-a752-f322e7c05fa7,Leena Menon,48,Kolkata,salaried,61501.75
0aeb9bf9-96d6-42e6-8cf9-930e9466202e,Nandini Rao,55,Mumbai,self_employed,25220.71
b5ec15a0-1d18-455d-8492-83d0d567d3c3,Gunbir Mittal,25,Ahmedabad,business,600000.0
029d25c8-8c64-43c1-8339-0e5f34131b67,Rajata Sharaf,47,Bengaluru,salaried,46474.5
d87fd59c-36a4-4dbb-b9f5-39cb91cdcf48,Aahana Dalal,62,Pune,self_employed,55791.97
a71e2fcb-2f70-4d75-bf56-c2e6b9007dba,Devika Chawla,45,Ahmedabad,salaried,23642.97
8c9fd7d6-8694-49f1-bb4a-36b0fe461c1a,Xalak Ranganathan,45,Pune,business,137348.79
cfd825ef-c204-4d90-8237-9100e29a3638,Bhavya Agate,55,Bengaluru,salaried,27232.9
aa8a06db-f7d1-437d-be84-85de24e6f81a,Kalpit Chanda,43,Delhi,self_employed,53391.5
260cc076-2cbe-4c05-85f6-a5322244cad1,Chaitaly Behl,55,Pune,salaried,130619.3
38bba28c-f266-48d2-9c3f-67e19239abba,Manan Yohannan,35,Mumbai,salaried,34612.5
e1dbcd8f-ade1-43c4-84ef-ce9236a419a9,Lipika Dara,40,Ahmedabad,self_employed,109588.9
73fde098-e8ca-4661-be44-5121539763d6,Lakshmi Memon,55,Pune,self_employed,29964.74
f9dd2f16-98d7-4f3b-a457-afffd3965164,Jhalak Thakkar,35,Chennai,salaried,35685.72
6ee6bfc9-9bf6-4fcd-bbc1-614662210767,Anirudh Dhar,30,Hyderabad,salaried,88027.13
b3dc91f9-9cf7-4cd8-8cfd-ff982e8ea9ab,Wakeeta Maharaj,28,Mumbai,salaried,26542.87
b9edbefb-53d7-4986-a0e7-2c9bcf9d99e3,Brinda Yadav,47,Lucknow,self_employed,174331.51
08302f24-f79c-4596-ba5a-3d0b6d902ffd,Vrinda Divan,22,Chennai,self_employed,80452.83
18d0ff49-41cd-423d-bffa-ab66cd11d95e,Hemangini Narasimhan,27,Lucknow,salaried,27412.83
190f98d1-935b-473a-b9db-87c0291c8eec,Zehaan Khosla,59,Mumbai,salaried,49821.6
4272b527-c113-405b-8f6f-c6b6e572a3cd,Nathan Hora,23,Pune,salaried,59058.11
749ae998-d799-43e5-b51a-cdc9867d22ec,Balvan Wali,55,Chennai,salaried,49558.3
ec85824b-1f36-4917-9997-6deb147b10a9,Pratyush Soman,24,Bengaluru,self_employed,16331.36
03b72e03-7a19-4a80-82ea-c227ac787b6f,Ekalinga Nayar,39,Chennai,salaried,25246.21
160fda73-2e18-4002-9ee8-0afe6b0b0846,Farhan Mane,57,Kolkata,self_employed,41222.39
17cdee61-d857-4d50-876f-22dae62d495f,Luke Khalsa,41,Chennai,self_employed,46532.05
c1348089-28d2-47b7-b168-eee37fdbde1d,Kiaan Krishnamurthy,30,Jaipur,salaried,49530.11
59aa513c-c990-45da-a9b8-fbaedac0fa05,Udyati Master,40,Hyderabad,salaried,39689.84
35c06b0a-5513-4803-95f5-b69c035a4549,Qadim Gade,58,Bengaluru,salaried,18626.26
a3a5b50f-fcc4-499d-b24b-83a660053130,Farhan Salvi,48,Jaipur,self_employed,63968.02
44a7f8e2-f65c-425e-93ae-18323426b5c8,Varsha Basak,43,Pune,salaried,49280.95
f0715f3f-3750-4261-bb4d-db6f087ed143,Udant Chakrabarti,41,Pune,self_employed,72537.09
31986a82-8321-49c7-b1d6-ac0e6e39d4a0,Girik Iyengar,40,Pune,salaried,62341.98
2e7718e4-8f28-4360-ba13-e8ac0b63352e,Daksha Bhat,55,Ahmedabad,salaried,55103.09
f428e243-02cf-4a12-8516-974d7e2141af,Ishani Viswanathan,35,Hyderabad,salaried,45687.96
452fccad-28cb-4422-8237-12cfa32664df,Edhitha Toor,30,Ahmedabad,business,68655.11
e676c983-d02d-4763-b42a-f020c586d90c,Qasim Kothari,56,Pune,business,16401.62
7407ec11-02aa-442c-94e8-29c3392af498,Widisha Dugar,56,Jaipur,business,107651.71
68003c50-d0cd-4f80-973a-3af1aabe0505,Gaurav Dyal,36,Hyderabad,salaried,40289.41
d0abfd78-4bfb-4f82-bd9d-072c37c9a1f7,Nathan Sachar,62,Delhi,salaried,41597.25
36260154-94f1-42f2-85e7-0faf38e5cf20,Chandani Sama,44,Delhi,business,23177.25
b27b6669-bbea-4070-9528-7cf5cb0d6f03,Janya Mahal,33,Mumbai,salaried,21151.62
4194f519-a980-44a8-a2e0-a29d669ffa6c,Christopher Dhar,59,Lucknow,salaried,61486.72
bca09acc-22f7-487f-977d-b7224a83ae8f,Daniel Bhatnagar,25,Chennai,salaried,35604.33
9300a350-2ab6-4a83-9a69-abca743f943d,Hardik Wason,58,Jaipur,self_employed,78987.94
22287d21-a5c3-47c7-8268-c6054104fafd,Udyati Chaudhry,34,Kolkata,salaried,36833.36
5f578ee3-51af-420f-8bef-0820ab43d97c,Alexander Bassi,21,Chennai,salaried,36859.85
d2a9e974-aab3-4a25-aed0-b72565f68677,Baljiwan Natarajan,28,Ahmedabad,business,170153.36
7d921aa4-687c-4361-83cc-4a13c90405f3,Harshil Palan,59,Chennai,business,45961.52
e40378d7-a988-4996-9330-a2d9d9520dbf,Ishwar Goda,36,Jaipur,salaried,38103.46
03bc2da4-2dd1-4fd3-af1e-b43789dbd869,Vrishti Goswami,39,Pune,salaried,28821.08
0cc31e35-3a54-4858-b183-01cff13584b5,Kiaan Choudhury,62,Kolkata,salaried,29224.18
5e574efa-1769-41c5-8699-59c1c0dfdeb9,Madhav Bajaj,44,Jaipur,salaried,31114.02
fa287482-d76a-48a0-93c5-abdc72ef6f61,Oeshi Chad,50,Delhi,business,89314.61
9e44f55f-6ca2-4fd2-8ba2-22b2c7f73e7b,Nirja Parmar,51,Kolkata,self_employed,35062.1
60aa6c7d-e889-4010-9fa3-ecc10e140330,Amaira Raju,44,Kolkata,business,226427.6
cb4cb728-2612-4552-856f-f3e166a18bd5,Ekbal Bal,57,Chennai,salaried,23218.31
c93a70bb-a735-4ddd-8717-a2619da5b6c3,Vyanjana Vohra,22,Hyderabad,self_employed,43010.08
ccb2328d-b24e-491a-8f1f-8d489e54e6c7,Ekansh Rajagopal,58,Lucknow,self_employed,36032.92
cf86d5c0-0d1e-45ae-be8d-e1ce58ecfe92,Hemani Wadhwa,39,Bengaluru,self_employed,134980.35
4fc991e5-14a8-4ae4-a3f1-04b7a59e6703,Jalsa Gupta,35,Pune,salaried,40065.76
de16954c-429d-4cc7-a9d3-b7502cc7a7e1,Ekanta Dash,36,Ahmedabad,self_employed,100940.97
444eafca-0163-46ce-9823-e07144fe5254,Reva Sandal,42,Hyderabad,self_employed,17328.5
906b3b41-5aa6-49eb-ad3a-62e0e19f98f8,Harsh Nadkarni,52,Ahmedabad,self_employed,59096.98
8d368b99-dec1-46dc-a8a7-5592ea70f648,Daksh Rastogi,43,Bengaluru,salaried,56659.53
59fef1bf-1562-4e1c-bf0e-49af5e86fe89,Reyansh Natarajan,55,Ahmedabad,salaried,37840.76
544cf299-5795-4475-9c7b-e74e3fadea40,Harrison Gera,55,Mumbai,salaried,61866.88
4c05d924-5d36-4f71-abf0-56761b461075,Dhriti Badami,25,Mumbai,salaried,28039.11
e260af55-6d1f-41d7-9b9d-3426ae9ada00,Ishwar Ganesh,47,Bengaluru,self_employed,131471.21
c2fc7b25-2e3f-4cfe-b0f2-867df69ce639,Tamanna Kalla,35,Delhi,self_employed,245052.73
e7e63e3c-2234-46bd-b0db-b3ead14286d0,Praneel Gupta,21,Chennai,self_employed,38025.53
237dd344-1bbf-4a9f-a348-cbf05546baf0,Lajita Sawhney,44,Mumbai,salaried,29063.8
c4e4ee92-37a0-4cc2-8f4a-132cb33f17b4,George Deshmukh,60,Ahmedabad,self_employed,135587.05
2958ded0-f719-42c7-b629-26c1fcf8d4f0,Pavani Chandra,22,Mumbai,self_employed,148108.52
431b8eea-222a-43e4-99ce-41cb416b5fa5,Agastya Bala,47,Mumbai,salaried,27961.11
5961bbc9-125c-44c8-baa1-62b1581addeb,Nathan Doctor,38,Jaipur,salaried,29434.02
279446ba-051c-45d1-bdc4-bf3719685f99,Ethan Master,22,Jaipur,business,56749.03
2f91caa6-d13a-4a89-9fab-14d49e21d800,Vaishnavi Varughese,48,Bengaluru,self_employed,19127.54
402ffd49-3f59-437d-962b-b259882ed530,Triya Saxena,27,Jaipur,salaried,22940.84
a98fd683-adad-4506-ba53-14641067a3b8,Oliver Mani,33,Lucknow,salaried,21980.91
fa679a4c-0957-4e1a-a492-a30e9c8de19b,Hredhaan Ratta,43,Hyderabad,salaried,24738.13
3f52fccb-bdcc-43e8-aada-e7ae6cabf713,Advay Chauhan,26,Kolkata,self_employed,47844.94
50baa271-5337-4438-8149-1b32a6e0981d,Inaya Yogi,50,Lucknow,business,90291.02
a71d4f5e-d17d-49c0-a682-1aff4f680142,Samarth Natarajan,35,Hyderabad,salaried,78845.87
705f3ff6-bb86-4c4e-b17d-9e4ba67015b2,Harsh Varghese,26,Mumbai,self_employed,24371.07
04e065a9-0fee-4ec5-95ed-8ecbbcc39012,Jagdish Ghose,45,Pune,salaried,59406.63
28bf8428-dd2e-4851-828f-1a17c48691c5,Januja Sawhney,24,Mumbai,self_employed,42201.36
c2d8a593-baf7-4975-825b-9fa0eca2d666,Rachana Pandya,26,Ahmedabad,self_employed,47352.52
512ef0a2-9f97-4356-b08f-6cb8492368e1,Ucchal Krishna,62,Kolkata,self_employed,78619.39
35c4d8f5-29c4-46e0-b4d0-fb3189cb7bf2,Azad Pathak,27,Jaipur,self_employed,22339.12
4d416264-18b1-421f-9fe6-d4391a3b18f8,Aayush Pingle,35,Chennai,business,103173.65
8f0b3837-836c-4ee7-a193-946589a7c5aa,Jeet Pai,57,Ahmedabad,business,84949.05
fe4c513d-afd9-4ee2-8b38-63c14b7c72cc,Dakshesh Mohan,25,Hyderabad,salaried,46454.36
c9c6a865-140a-4282-acae-f7c2b2884513,Nitesh Wali,57,Mumbai,business,94868.95
0a6b821c-56cb-4bc8-b4eb-4cce286de60d,Geetika Baral,41,Mumbai,salaried,123952.05
a0f8c365-918b-4ca6-8f17-70d4e608302b,Zayyan Jha,58,Bengaluru,business,41193.43
91a8dd46-cdf2-4aa9-bfa0-1afc3a4ed376,Warjas Rama,46,Delhi,self_employed,33802.91
4c12e356-972f-4d74-9e58-ed83a35464f2,Hema Sachar,57,Chennai,salaried,26593.7
3a2848e6-3432-4c73-a9f1-cc7a421cb339,Jagdish Saran,45,Jaipur,self_employed,33228.59
b97a0d17-22c6-4ccc-9216-2788cb93309b,Rajeshri Reddy,29,Delhi,salaried,26404.94
e8a3e6f7-5a26-4f6a-bd77-d2a6fb58a02a,Brinda Kota,43,Mumbai,salaried,65808.76
9689007c-ed60-4133-ba3f-cff5a2252d27,Radhika Palla,35,Delhi,salaried,73884.04
f16ebc58-9fc1-4889-956c-33a6a2e71e45,Ikbal Nazareth,60,Lucknow,salaried,27299.59
33439c75-d26e-4556-9bdd-f7d46c1c889f,Geetika Goda,41,Mumbai,salaried,23952.36
285b557a-2363-4627-804f-6fb81e2d9805,Girish Doctor,49,Ahmedabad,self_employed,68185.75
c8910d9d-5624-4fc2-a493-6d32c32fbc67,Jai Deep,56,Pune,salaried,27553.6
208c9cdc-e7d5-4170-8655-d6b07040ad6f,Aadi Comar,58,Pune,salaried,49834.66
63709a08-9073-4b36-a0be-0a94bcf974ab,Samesh Dhillon,60,Hyderabad,salaried,40193.54
9d351a6e-b13a-41c8-be58-05dc17270e08,Watika Chada,25,Delhi,self_employed,16966.21
7cb02dd2-f1b1-4381-a56f-211e2574ec0a,Aashi Sha,45,Bengaluru,salaried,78727.88
bd5669a6-a673-4151-9770-cdd5b842a776,Chavvi Handa,41,Kolkata,self_employed,172321.01
30e0284f-576e-49f6-a4fe-8ef3501a89db,Xalak Dhawan,21,Hyderabad,salaried,26731.71
8aed00b2-4e04-46ec-9f9d-c2d4498e407a,Veer Bhatti,38,Delhi,salaried,29916.01
55087ced-ab00-463e-8d03-a25215ffecf6,Christopher Sani,32,Pune,salaried,41895.46
177973f7-e874-4313-b679-e85ed1bc355c,Advika Nath,56,Jaipur,salaried,42925.8
e1d570a3-c4ce-4ec9-a0b1-9d65389757b7,Bimala Loyal,22,Delhi,salaried,50476.95
063a0d21-e64d-49c1-9e49-31ba4c81cdce,Ganga Radhakrishnan,26,Lucknow,salaried,99220.73
fa1877ec-8419-44fc-9046-64e48e24727f,Advaith Singhal,41,Pune,self_employed,43309.92
b45ab0bf-f54f-4c1b-9732-f6dc170c1aea,Ladli Dyal,47,Pune,salaried,24363.74
e2353c8c-3d97-4886-9441-3c3dee3c050f,Parth Chand,56,Chennai,self_employed,18666.33
9c514a5f-9d2c-4070-9f5c-fa06cdee5298,Kavya Agarwal,31,Pune,self_employed,29388.21
2413e95d-2b95-49c4-b77a-01b0fd529a88,Wridesh Kunda,38,Hyderabad,salaried,35718.95
7686a2eb-a07d-4d70-8c2f-be3975bbb7e5,Diya Bora,30,Delhi,salaried,89079.0
a2f82715-ed7c-42b6-ad56-65072ed44602,Radhika Grover,38,Pune,salaried,28034.59
fb7d0362-c289-40e1-9cdd-7dc8d852da3b,Kabir Kala,25,Kolkata,salaried,40615.05
e5f318b5-28c6-4976-b30f-7fd3ae67c5eb,Jacob Sanghvi,36,Ahmedabad,salaried,36018.52
ea6506b4-09c5-47dd-81af-a776969eb347,Lopa Hora,33,Ahmedabad,self_employed,112631.34
b7b8a890-5640-4d39-9363-8c392d41c483,Wriddhish Ghosh,40,Mumbai,salaried,128471.99
4d7d5ea0-3277-4e77-a905-cfce4c78cb08,Megha Sharma,42,Lucknow,business,45352.39
52441d6a-b79d-4293-b092-98da7c5c9665,Nirja Sha,42,Ahmedabad,salaried,28432.28
6f72b10d-8b9e-4768-b72e-3a27a1416b13,Yash Bhatnagar,62,Lucknow,salaried,61210.89
70dea442-da8c-44a6-bd75-11539282f193,Jhalak Prakash,41,Lucknow,salaried,51069.65
3cea176f-7731-4c54-be7a-665da7a25872,Chanchal Yadav,33,Ahmedabad,business,385399.83
607cfd9d-0da5-4fd5-be7e-8ad973d44de2,Frederick Parikh,46,Kolkata,salaried,48628.45
09a00ce8-a692-46c9-ade2-410f8861d9f2,Watika Subramanian,61,Ahmedabad,salaried,30344.0
c0c65fbb-81dd-478f-b30a-d60a173c9403,Samar Mistry,36,Kolkata,business,124441.29
7e8a11d1-adc4-4e10-9170-44591414ff38,Aditya Sodhi,46,Kolkata,salaried,63218.47
dcd47f20-dace-4694-a3f4-9fcdeb4ad054,Matthew Yogi,57,Chennai,salaried,54734.04
feca88b3-bf92-41e8-ad2d-95ab641a7d6f,Krish Mann,55,Bengaluru,self_employed,69918.94
6528226e-13f4-4c20-bed6-74d5ef3a287c,Udyati Balay,56,Mumbai,self_employed,103432.27
53a6500d-542c-4f55-85cd-2238b7536d1e,Vasana Chhabra,50,Chennai,business,209476.33
8c413bb0-8fe9-4b4d-9896-782d86303ed8,Qabil Dora,39,Delhi,salaried,72480.98
06286f84-78a3-44c5-97b3-6d949bde47a9,Mahika Pradhan,47,Ahmedabad,self_employed,77195.54
963ad801-106d-42c8-81b5-802dbc8af22f,Vanya Rattan,40,Chennai,salaried,33404.33
e9c9ebed-17af-4bc3-9f6e-8985bf471b3b,Chandran Bera,30,Pune,salaried,39079.64
e5f19775-4b92-4cbd-88b9-3df5c345e7bc,Triveni Nagar,25,Ahmedabad,self_employed,114068.71
0b706774-95ba-4f2c-b39b-3f053b4f6175,Wishi Kakar,51,Lucknow,business,35057.96
581f9072-29c5-4815-9b98-f57d45150eae,Harish Hora,53,Pune,salaried,43666.51
3cced7c3-2507-4e26-889c-340850bf9fd4,Hemani Ranganathan,44,Jaipur,salaried,29831.81
c1e55f49-6233-4bac-aae3-a25c85656831,Dayamai Solanki,26,Delhi,self_employed,50017.16
70c07e9b-9345-404c-bf74-d165fba1d5e7,Benjamin Radhakrishnan,43,Bengaluru,self_employed,119960.32
c0886d96-d033-4d6b-b566-d9d5b793ab0f,Luke Gulati,23,Lucknow,self_employed,56037.11
768435ae-d410-4a9f-ae54-f300ceaeecbd,Harsh Om,62,Pune,business,76251.54
a781bd6a-e3aa-496b-8fe8-e87ed65d9490,Ishanvi Din,42,Pune,business,21506.91
41cd2b73-93fc-438c-86d3-1b09cff289d5,Zarna Issac,27,Hyderabad,salaried,52739.86
902ee531-065e-40e5-8e1b-67c987996338,Chaitanya Raja,54,Jaipur,salaried,50148.41
4e2fe49d-6605-4f08-ade6-55997f3be820,Nachiket Mukherjee,57,Chennai,self_employed,222855.38
f0705497-9de4-4939-87f4-46d6411ad1a5,Luke Korpal,46,Ahmedabad,salaried,31135.72
2f66c7b3-2889-4e48-a24f-5b457cd432bc,Ranveer Chad,58,Jaipur,self_employed,57148.32
7b1c9c2f-9e1b-40c5-83a5-92fef85354cd,Kala Wason,22,Ahmedabad,salaried,41138.18
41163228-2e87-4fbb-8100-0baaa41b864d,Samuel Prashad,47,Delhi,salaried,79915.62
37be5ab5-9104-4a28-8ec7-7bf5dc7a393f,Hemangini Mane,30,Kolkata,salaried,34625.73
b3b37b09-e5aa-42a0-a0e7-065b8d312e4c,Daksh Mangal,50,Chennai,salaried,41752.34
73c1a9fb-5464-4793-80d2-fed902cdac6f,Tanmayi Sabharwal,43,Ahmedabad,salaried,49214.73
6a2ae3ca-1408-436e-9c2f-b02b05309829,Janya Dey,49,Kolkata,salaried,39867.01
e6b86604-d9fb-46a3-994e-6b16abd53b58,Kabir Modi,23,Delhi,salaried,29050.27
37ab94ce-a119-490b-8df1-c3aea232951a,Chavvi Bir,42,Delhi,salaried,40016.41
1a3f121c-0b21-41cc-bc02-b4d859a98a55,Anamika Chokshi,31,Chennai,self_employed,103937.21
6e0e097f-0054-4b72-a8be-00864bacb809,Yashasvi Sule,56,Bengaluru,salaried,21736.37
6b02bb7e-f9cc-400a-9588-ff01d6da4ec9,Hamsini Palla,48,Ahmedabad,salaried,38812.0
0954fe02-2392-47f0-b419-8fa6e8c0fe34,Alexander Sahni,46,Bengaluru,salaried,25589.56
545b5298-78bd-431f-bbad-ed25459ee913,Ati Chowdhury,48,Pune,salaried,66007.48
7bb733cb-da04-4ef8-a1f3-26afc0f9b58b,Ekalinga Patla,60,Chennai,salaried,16956.5
4183db30-8e13-4923-aaa6-8fa41481eb16,Jason Sama,48,Pune,salaried,27461.47
b9e81a2c-0601-4f46-9837-3a0c1d2104f5,Chandresh Bains,34,Chennai,salaried,43853.33
b1726e6f-ca6b-446a-bb73-05818bec83e0,Mason Swaminathan,25,Lucknow,salaried,79440.37
430f7638-4e05-447b-8552-92a81b9c9b9c,Lakshmi Dugal,55,Bengaluru,salaried,35141.04
5626b7a2-de9a-4d80-9452-c09f91441f25,Logan Saran,33,Ahmedabad,salaried,27512.62
c2890b62-071b-4886-8173-ddcbdfceb35f,Jack Sahota,52,Jaipur,salaried,93020.81
7300f712-2ce4-4735-a30d-226083f7b4b2,Varsha Varkey,41,Lucknow,business,19866.45
1b765b41-8f5f-4585-b6e1-983df6fbf3e4,Zarna Dalal,46,Lucknow,salaried,12095.6
44f54234-b125-44ab-a62a-981535bb13e8,Gaurika Tripathi,43,Ahmedabad,salaried,45252.23
d7da0061-6512-48b6-8eac-0f38f924511b,Lohit Mahal,40,Lucknow,self_employed,34494.74
0b122ce2-f688-495f-90f5-b0dc35f6d124,Urvi Ravi,29,Kolkata,self_employed,23983.88
02cfac2a-b929-4ee3-a75c-433572fd007d,Nathan Peri,40,Delhi,salaried,51749.92
2519b75f-d563-4957-90a5-905657682ca7,Madhavi Purohit,30,Jaipur,salaried,41023.5
31c6626d-e365-4765-b022-406bd9462b94,Naveen Sem,59,Bengaluru,salaried,27390.75
939e58ee-6640-4422-801a-42e4dd98e37b,Fariq Narula,48,Bengaluru,self_employed,20005.99
a0de54db-7daf-4052-8dab-6450b40acf48,Christopher Chana,55,Bengaluru,salaried,56175.09
6898ed6a-06d3-459d-86c1-958612bef498,Ati Purohit,52,Hyderabad,self_employed,77276.16
37f92068-96a3-4c9b-9e8a-c85a4a7c4965,Anvi Naik,41,Ahmedabad,salaried,34558.61
514bff83-bc13-42df-a274-87011047d840,Anmol Jhaveri,43,Mumbai,self_employed,178553.92
dc0cbefc-e6e3-4912-9888-0cbac67a8104,Yash Lad,33,Pune,salaried,21267.97
b50a74f1-05af-40d1-ba92-868822070b5a,Gavin Lanka,53,Ahmedabad,business,18527.8
08e2ee29-dba7-4131-9036-52d7ccbe9a69,Ayush Date,52,Pune,salaried,25694.85
ffd2eae7-befd-4402-b133-f63387bf0842,Oni Taneja,49,Ahmedabad,self_employed,47481.23
a6fc5111-38bb-49cb-ab10-3e9c52f82c82,Adweta Khare,57,Mumbai,salaried,41014.04
7fd99c92-3824-40d7-a3ac-9687b14ce137,Zinal Mahajan,35,Hyderabad,self_employed,41404.08
5dc98c99-6b03-4fe2-8089-a2e57bf9038d,Raksha Sarraf,35,Jaipur,salaried,43305.19
8dcb9dd6-ec21-47a3-87a0-a75d98dfea7d,Saksham Sangha,50,Lucknow,salaried,19423.33
b81e8019-c050-49ba-9809-98c079eb931d,Inaya Datta,52,Jaipur,self_employed,134677.08
ced640e2-223a-4bf8-aff0-07085bce644a,Kai Palla,57,Delhi,salaried,34854.04
b1e9ddef-48bd-4f0f-9f5a-73736f5cc3e7,Banjeet Kant,55,Kolkata,salaried,63490.65
09c43d29-3f6a-42ab-92d6-123d758591bb,Damini Sem,23,Ahmedabad,salaried,43103.64
a1d088f5-6090-4fe0-8ad7-5c9938ab50fb,Tanvi Mahajan,48,Delhi,salaried,45632.55
aa858ff1-080c-479d-9629-d30635ed3b78,Viraj Trivedi,62,Chennai,self_employed,73045.45
a0efd462-ac65-4a2a-8ae5-cee743e3b2ec,Watika Sheth,23,Ahmedabad,salaried,45426.65
10b7015b-a79d-4879-98c9-86dd1668cf26,Advik Sarraf,26,Ahmedabad,salaried,50079.22
06b2462f-b987-495f-8f3f-04a5772d90d8,Dakshesh Ratta,28,Chennai,business,241889.74
d82fc993-453d-46d3-9443-bd1b1d85f078,Anmol Babu,58,Kolkata,salaried,40065.09
3e8b5835-b165-4875-b088-7e76886cf0ff,Balendra Pandit,60,Pune,business,138427.69
635ffe22-24dd-43b4-9ff1-cc74ee05f140,Damyanti Dhaliwal,29,Chennai,salaried,34722.12
959f09e9-142b-4886-9fd7-4b2427c43ec6,Varenya Majumdar,24,Lucknow,self_employed,134333.67
1aae8652-4ef2-4ba7-9bf9-1aabfa7b40b2,Rehaan Hayer,38,Lucknow,salaried,25894.97
fac60e86-ef1c-4877-9ec1-9a01d35227f9,Hardik Tailor,41,Hyderabad,salaried,89363.73
719950ac-671d-406f-b16a-c917e2ae43e1,Amol Konda,38,Jaipur,salaried,35593.6
65b053f7-045d-4227-8046-5a7a44113300,Vedhika Gopal,27,Bengaluru,business,20177.08
3bdb3681-f3b0-4330-8abc-23cb2d7db7b8,Manan Din,47,Mumbai,business,82067.22
58bf292f-14d0-47a3-bc8a-9056d16ed333,Abdul Vora,62,Bengaluru,business,39618.58
c0b0d37b-19d5-4538-b2ba-4c2f85e29bd9,Christopher Dar,29,Chennai,self_employed,88296.04
a34e550f-ac5a-4291-8b33-8ae1ee46cb42,Vaishnavi Gole,41,Chennai,salaried,26204.54
7dd130e3-526f-4480-82ff-4dc3e9c43924,Harrison Banik,46,Ahmedabad,self_employed,35870.54
a0cadd97-2a21-4fb7-a971-8d25dcf053f4,Gauri Pai,61,Hyderabad,salaried,14118.34
5c4200b9-c550-423b-8f32-9938978e6b1e,Owen Bhardwaj,45,Ahmedabad,self_employed,35717.13
2b33799e-3e2f-4b03-ab3a-abd98bda0295,Yutika Oak,26,Pune,salaried,12000.0
8ee04ceb-af2c-4a63-afa8-d248ca5f9ca5,Udant Gole,38,Kolkata,salaried,16449.47
e03bd7c7-0694-4543-a7ee-3e07a945df80,Alexander Varghese,52,Kolkata,salaried,53114.61
646da347-48b5-4520-8aa0-39ca0e7102e6,Wriddhish Merchant,26,Ahmedabad,self_employed,84970.56
a7503c43-776a-43cf-84af-876dff31f1e1,Dayita Bahri,43,Delhi,self_employed,66027.08
5d0479da-7ea9-4a0f-9479-a83752d913b7,Fariq Yogi,46,Chennai,self_employed,24912.29
2984257e-5e5c-4afc-b5ce-810691fafd40,Shivani Thakkar,34,Ahmedabad,business,70056.67
584fbbe5-8c1d-4983-9828-1ca32a1f296f,Pranav Goyal,39,Kolkata,salaried,36250.15
1b35355e-8d2e-4ebd-8f80-2b0ecaea9c53,Fariq Sunder,29,Lucknow,salaried,20349.62
4b19dc59-b21d-4495-ad9e-070c9634b4ae,Daksh Butala,42,Mumbai,business,282959.33
061e024d-63ad-4b1a-a938-684e62c95703,Geetika Karnik,61,Ahmedabad,salaried,56313.03
c4a3c030-0e77-43c3-9889-2934a8cd71ea,Aditya Tella,31,Ahmedabad,salaried,32516.99
9daf6ba0-b0e5-43e0-836a-285bdaba425c,Unni Manda,48,Chennai,salaried,36806.99
97bea26c-41a2-4e2f-a609-ab806a7cd5f7,Naksh Chada,29,Hyderabad,business,88216.08
3a587b68-4460-4c72-b726-d098d18aaf50,Warhi Goswami,38,Delhi,salaried,13083.83
cf07e88c-418f-49a6-98c2-5f4becbbb35d,Ishani Krishnamurthy,37,Delhi,self_employed,41232.24
f39b22ee-084a-40b4-8b13-fbdaffc28396,Hema Chaudhry,62,Bengaluru,salaried,25822.67
43d9c9b7-0d42-4f90-bc58-b4b08116d65e,Nidhi Narayanan,61,Hyderabad,salaried,22008.63
19dd097d-c768-4bf9-92f7-ec667a82df88,Alka Kunda,35,Pune,self_employed,40264.67
3f581b63-ff89-4244-b86d-aaa7c868e5c6,Gunbir Merchant,27,Mumbai,self_employed,172539.34
0330a7b2-c824-4351-91f2-eab6160b59e7,Ekiya Tiwari,25,Bengaluru,salaried,50032.17
6c14b240-58dd-4dfb-81c0-7cfd3c0f5042,Adya Sehgal,54,Ahmedabad,self_employed,32865.37
10a4ae89-05bc-496e-a5b5-d2d10da3d6f5,Warjas Chakrabarti,42,Delhi,salaried,48353.38
112a13ba-4187-4836-b9aa-701587d0e7d9,Peter Mani,48,Bengaluru,business,257666.11
d3c51168-2b75-4d3d-86f9-deaabf72fef6,Ria Manne,35,Pune,salaried,57659.88
10647c0d-8872-48ea-bff1-1b90f53a79b9,Pratyush Reddy,27,Delhi,salaried,37414.56
ed9931fb-7623-467a-baa7-614ceaaed045,Xavier Munshi,40,Bengaluru,salaried,26279.16
c3b2f41e-cc1a-4f83-9410-3f68a8080384,Tamanna Bhattacharyya,29,Bengaluru,salaried,51488.39
a70a9087-0a54-4ef7-8903-7736bf48289c,Dayita Suresh,57,Mumbai,salaried,44211.61
160c77da-7343-4fb9-8446-fff78b1433f3,Chasmum Arya,31,Ahmedabad,self_employed,91732.8
2e29f95e-c83a-4213-b548-d801ddadb25f,Imaran Deep,34,Bengaluru,salaried,49890.5
bf865937-29eb-408e-b285-4a29c28b30b5,Aarnav Mittal,60,Ahmedabad,business,188075.25
1add9450-e076-41c9-b080-a15037e3ed81,Irya Chad,26,Delhi,business,45174.51
2e49fd96-a763-42fa-a42a-38be1fcbf812,Kala Grover,28,Lucknow,salaried,70171.47
11f7b866-556f-4445-8c44-8ae26bb6a7cc,Jeremiah Maharaj,43,Pune,self_employed,56292.68
af667e0c-233f-4fe5-b47c-b6ba66efe5cc,Simon Chada,29,Chennai,salaried,102501.27
4e55c569-e05e-4c59-810e-11091cdeb363,Varenya Saxena,26,Chennai,salaried,25729.82
c7929d42-e360-4a35-a505-2ca643bdc210,Shivani Kurian,59,Lucknow,self_employed,165243.37
011e907f-7480-4461-a7a9-c2adeedfa8ed,Atharv Deol,22,Hyderabad,salaried,40092.93
537d7e65-57f6-4052-b84a-9ea34569bc73,Yasti Master,59,Jaipur,salaried,26220.35
a17906ae-dc13-4365-806b-d36225c6a711,Shaurya Kalita,46,Hyderabad,salaried,28511.34
b69d99fe-5f0e-4df8-a625-2b2ee75bebab,Jeet Chana,36,Ahmedabad,self_employed,39173.54
d5ad0d71-5ed1-4434-9c6a-c51d858ed103,Inaya Natarajan,36,Ahmedabad,salaried,44895.06
69c0ee9c-40fa-4428-9bfd-e77f9e2404d3,Yadavi Bhatia,25,Jaipur,self_employed,70684.73
ddd999e3-0d48-4b42-9e06-c93b4a994841,Yachana Kara,21,Kolkata,business,43637.41
bc8d5508-b017-457c-9fca-58350856a25d,Kashish Lanka,29,Pune,business,71544.93
63eac951-02fa-495a-ade8-2fc9a7c5f4ec,Chakrika Rege,57,Pune,business,502848.05
7abea331-08fd-411e-9b18-113382be5c08,Aarush Mann,32,Ahmedabad,salaried,86143.65
a732adf3-b1ee-4410-ab36-84ac7d655a22,Qushi Thaker,25,Mumbai,business,108303.34
aacf7239-26bf-41d2-be5d-1ed5e9647776,Bahadurjit Aurora,21,Hyderabad,self_employed,50342.37
b870046b-78df-4f13-b669-de570c4c9e2a,Ekiya Thaker,24,Pune,salaried,38561.73
44a932e4-a3ef-46af-be01-00206e6f3a3c,Ronith Nori,61,Jaipur,salaried,49353.25
b80e731c-0e14-4cde-8ecc-0389d3ca2baf,Tanish Parsa,48,Pune,self_employed,23957.7
1be416d1-bf72-4f2f-ac16-6eecb519ab22,Kamya Brahmbhatt,55,Jaipur,salaried,31930.33
49f6af6d-eb8d-400e-9c0d-6af4f0134875,Avi Rama,38,Delhi,self_employed,15244.76
170380ed-3aee-460c-8d03-e0e1a0e3f7a4,Isaac Madan,53,Chennai,salaried,44338.63
2dde5ce6-0a0e-4409-ad51-ebb3b9d9283f,Harsh Pai,30,Jaipur,business,130937.63
40b23d38-7b7d-49d4-b66d-1ccf9f8af534,Chaman Sidhu,58,Delhi,salaried,28521.31
207a0b2b-a616-490e-829b-950253714009,Chameli Mander,48,Chennai,salaried,79777.23
8d718915-07ed-48f3-94a5-7d186001cb8e,Ekavir Chacko,26,Pune,salaried,19675.26
cc5e06cc-cfb0-4dca-b4ee-9fd2edb3a14d,Meera Sahni,60,Lucknow,salaried,17462.53
e1fef0ad-abd3-486c-b700-322e48abbde2,Bhavna Desai,32,Delhi,salaried,40628.53
469ef916-ff98-475e-8a73-b5c1697d182c,Banjeet Kapur,29,Mumbai,salaried,61300.86
332ed628-379d-446d-b9cf-ba3234ed14fa,Yashica Comar,43,Jaipur,salaried,84285.39
86ed6b46-e5a2-4d1d-88fe-77abd58c62c7,Om Sastry,37,Bengaluru,salaried,28869.99
a46e12f2-3e58-4dc3-b8e4-2c7be5369961,Yuvraj Ratta,38,Delhi,salaried,62276.56
ce40eaa6-8ff1-49c3-93bb-6e6fb1b03f76,Nathan Patel,22,Kolkata,self_employed,47717.05
4f08ab21-446f-49f7-92c6-ec1f1c15e4f6,Hredhaan Shere,38,Jaipur,self_employed,43441.08
a885733d-cfb0-4df5-b658-e241041dd73f,Chavvi Andra,57,Delhi,salaried,56490.62
01ea6ec1-4b89-414f-bb41-71653919c06c,Amara Badami,53,Kolkata,salaried,50320.18
2bd5f0d9-ad21-488d-b5e8-d7661ab83dd6,Madhav Comar,57,Bengaluru,salaried,16511.36
217f7c79-cfdf-4e70-b0cd-1495dacce41b,Aarush Kanda,37,Delhi,salaried,75983.4
627f029c-74fe-46cd-adeb-5946c3ec286e,Chasmum Narula,28,Chennai,business,253237.29
73d69068-5445-415d-b509-7980ad15270c,Jalsa Rastogi,21,Mumbai,self_employed,31637.74
aa497247-3fae-4d76-b50b-71ceeb65ffc2,Zinal Kota,21,Chennai,business,104424.87
336880e5-532c-4c11-aa60-aa79853035c2,Zayan Pandya,44,Pune,salaried,46491.05
edaca0ae-358e-4acd-b73a-6249b1cfd5b0,Warinder Aggarwal,32,Mumbai,business,92466.93
1398d3b5-7a01-4e23-90f4-75f19b4a2c8c,Advaith Loke,62,Pune,self_employed,33349.11
ca26d843-9847-4441-b359-ce56dc739ebe,Krishna Kota,36,Pune,salaried,25956.78
7e1581d5-0c84-445a-9a0c-5e32e632408c,Harita Wali,41,Hyderabad,business,71467.73
ac792220-c54c-4de9-b6a7-b198c6c26e24,Nitesh Kapoor,57,Kolkata,self_employed,111403.09
f96a2df1-c795-4081-9952-303afb64c1c5,Dhruv Sarkar,24,Bengaluru,salaried,47657.73
c7cf604c-95b6-4f50-b675-57264cc10045,Vedant Bumb,54,Mumbai,salaried,30172.7
711163ab-64cc-4bda-a7c3-88bdbc5c3210,Simon Chauhan,25,Ahmedabad,business,146463.11
023533d2-435e-4d3c-9485-9c0a3dbecb3f,Hemangini Raman,40,Kolkata,business,12000.0
6da9d02a-cd80-4cf1-bcf6-93cce3c14db1,Unni Bumb,50,Mumbai,salaried,64497.57
2ca52585-63d5-496a-ac7a-99245471a28c,Avni Peri,39,Lucknow,salaried,15216.61
b14184b9-4f6e-4a99-a291-cc4f4de8ba22,Shivani Bava,60,Chennai,self_employed,38036.11
e3bbfa55-b0c4-481d-b1f1-c138bae10ee0,Tanmayi Patil,58,Ahmedabad,salaried,20747.17
2bc4d878-69df-40f7-a18e-dd91f43b51fb,Laban Kapadia,33,Jaipur,business,22806.18
4cca0a30-d1de-4a0e-8fee-0538e756de21,Vihaan Mangal,36,Bengaluru,self_employed,110478.78
e0019261-2321-4111-b434-442412f03c80,Vritti Doctor,47,Mumbai,salaried,28743.0
c2e25ee8-434f-4591-8d8d-db2533968fa3,Jhalak Varughese,43,Mumbai,salaried,43185.15
9a55a483-0afa-4662-9953-05c6675197bf,Indrajit Karpe,21,Pune,business,70106.55
ca5575e8-6937-4418-8ac0-7208ff2a5728,Jagdish Bandi,40,Delhi,self_employed,68454.77
5dfdfd96-e4be-4613-8640-38fb8f6449c1,Kamala Prabhu,36,Pune,salaried,37737.55
74e2f83f-b454-4755-a421-30058743ea4f,Vedika Bedi,24,Bengaluru,salaried,19120.26
578d1425-d5e0-4d03-ae17-f96b64a460b4,Karan Narain,26,Mumbai,self_employed,98458.14
adf41707-a427-4b56-bca7-d36d1421665c,Mugdha Pant,54,Pune,business,46892.78
b77d7f3a-8629-40bb-aa0c-6c069e71f6eb,Andrew Bandi,44,Ahmedabad,self_employed,16488.07
5b758e93-8449-4bc3-bc41-8a63d459880c,Karan Dhillon,26,Lucknow,business,49746.55
f37ac061-3023-48ec-8f16-63c5b04fab34,Jatin Dutta,29,Pune,salaried,76909.13
077cf89a-d5dc-4603-b7f2-2e5083ac56f4,Mahika Raman,57,Mumbai,salaried,55554.0
d02189de-f70b-4cc1-92e1-94793c98cc3e,Gaurika Soni,29,Chennai,salaried,30505.86
047653f4-747a-46fa-ad89-152639b376b0,Odika Bora,41,Pune,salaried,30496.62
0b6686f1-0215-4ae8-8366-db7c177f5ba7,Nihal Yohannan,41,Kolkata,self_employed,39138.25
c02fc225-09f6-4d04-b468-0d13e6d45273,Jasmit Chadha,35,Delhi,salaried,102577.51
3a6a85f3-65e4-4da6-a93e-07c9961ec418,Yamini De,29,Lucknow,business,103129.62
dabd8cb3-b22e-45ee-b990-50c5b1dcb597,Lakshmi Kapadia,27,Bengaluru,salaried,45027.15
3321da2b-1ceb-45e5-9a58-5cca914817ba,Sanya Jha,41,Pune,salaried,60787.64
a2e28724-4dc2-4c40-8971-e5751bf30c76,Wazir Toor,43,Chennai,salaried,40920.83
4a78a9c4-65ee-4047-844c-1f9f9ca0dc8f,Mason Chaudhary,50,Hyderabad,salaried,31903.75
ff6e991d-99af-48e0-b7f7-8eb054fc3868,Netra Buch,26,Bengaluru,business,61284.68
b973fcb6-5bbb-485d-b3fb-b6fc47374caf,Hemangini Ganguly,40,Lucknow,self_employed,46624.39
0930192d-bc53-4e78-a065-61010f621dd6,Girik Sur,41,Bengaluru,salaried,35645.88
abf1d014-9fef-44d8-8ce2-c081e95c3f3c,Bachittar Misra,36,Kolkata,salaried,52251.02
4a5e7013-6304-477b-b929-a55cffc00a85,Ranveer Nori,24,Hyderabad,salaried,37271.08
c473c868-4076-493f-999a-8a5d9408286a,Akshay Yadav,32,Mumbai,salaried,52382.09
45026efd-e50a-48f4-a0be-fdcab2b82633,Widisha Zacharia,49,Jaipur,business,68006.26
9f6b5a69-01c7-4c02-9f20-9b4542085d74,Aayush Som,36,Delhi,self_employed,51794.78
a8c11dd5-97d9-4ad2-92ff-01c88e46c5b3,Tamanna Naidu,29,Delhi,salaried,13371.75
87033f11-6b0f-4c90-b433-c6c9eac5c7b4,Vihaan Ravi,35,Bengaluru,salaried,57420.91
62088b03-e4f0-4555-88e5-0996e216a2ad,Krishna Kumer,46,Kolkata,salaried,43184.82
183cae19-7c14-4611-99f4-d0a28ab0481f,Manthan Goda,62,Delhi,self_employed,98578.36
33b21b9d-1da1-4009-a5b1-3486cb4fc82e,Lucky Deep,37,Delhi,self_employed,12000.0
81825541-c0d1-4f88-a73b-c01a9c93f95a,Thomas More,25,Chennai,salaried,103175.57
fd7f5536-3955-45a3-be20-23fdbeddf46f,Naksh Pingle,49,Bengaluru,business,64496.7
5277dd30-afe6-4395-859e-66922781b7fd,Vedika Bhat,42,Delhi,salaried,63202.01
66098eba-ca8d-4329-9f4f-26f077a4465d,Lohit Bir,50,Mumbai,salaried,21591.33
8c43c178-4101-4895-9252-dfe5f69b80cc,Tanveer Kibe,57,Pune,salaried,49334.9
448bbdc0-0792-4346-b34e-a43cac8ee54f,Amara Gill,46,Ahmedabad,self_employed,23449.61
4bc82a2d-0fb8-4657-baf4-bbcc909edfdd,Gaurika Soman,48,Bengaluru,salaried,26585.35
673cd321-20cd-4bf6-98ea-7d37a64128db,Baljiwan Jain,32,Hyderabad,salaried,94562.44
96cedfdb-d512-4038-9e8a-006fb3aade5b,Vasatika Cherian,30,Mumbai,salaried,33013.07
746919ce-7005-4ff2-9521-011c0ca35aca,Yauvani Hayer,60,Chennai,self_employed,57079.65
002f320a-c492-412a-8a02-82e5f9fc376e,Amaira Kumar,52,Pune,self_employed,90133.52
5a7b4f90-22cf-4510-b7c8-cdea915207b8,Damini Kata,51,Mumbai,business,114246.5
2a617769-faa2-4e37-8c79-c62f0a5491e7,Oni Parekh,45,Bengaluru,salaried,39152.1
53cea719-a643-4a42-98fd-c13cfbf8558b,Gaurang Dube,62,Jaipur,salaried,43585.53
d6eb30ff-806b-40f1-b493-90190bf232a2,Hiral Natt,55,Mumbai,salaried,120777.8
0d2f1cf7-37b7-45c0-91a0-47f2825324dc,Theodore Sama,43,Ahmedabad,business,69434.77
286b0d16-0f67-4397-bc00-5b298209fb62,Robert Saraf,52,Kolkata,salaried,40156.9
faf2add1-055b-409b-b7b3-e6c147e5cc9d,Nihal Chanda,53,Kolkata,business,188261.82
454d5d5d-5e33-4772-9fcd-208dfae10127,Hardik Baral,32,Mumbai,salaried,63118.11
62cfd0a6-2625-4fdd-b501-5ccedfa83332,Upkaar Madan,35,Mumbai,salaried,65743.44
ed8e0fc8-1276-4465-8ac2-db33fd1beaa8,Ati Wadhwa,38,Mumbai,business,129943.78
8401989b-8c14-46f2-b553-a051676287a6,Krish Sarna,51,Jaipur,self_employed,22024.19
b3d1bc38-dd67-4a9d-b713-2abe9dd417c2,Chatresh Chahal,58,Chennai,salaried,82183.99
1ce72868-2ee4-43f3-8488-3361b6c085d6,Aarini Nazareth,27,Chennai,business,26063.45
b72fc31e-db74-44f6-844b-4cb77798646b,Hredhaan Choudhary,38,Jaipur,self_employed,60587.56
c9c55ca0-9c0e-4c37-aa27-1473f333742e,Ranbir Chauhan,24,Chennai,self_employed,28911.85
5e9e3a8e-6f3c-4fc9-a964-ecb51854b751,Omaja Chaudhary,45,Kolkata,self_employed,46868.6
f7bdef70-e64f-494c-a3d0-bef162fa7349,Udant Kamdar,32,Bengaluru,business,98310.51
df37c04d-7937-4730-ba18-e17447c29cef,Jackson Bakshi,41,Kolkata,salaried,42645.57
7ae5c64a-5b3a-4639-8d84-76eba4f461e4,Varenya Kanda,22,Kolkata,business,106908.51
78ac3b87-ad17-4f98-bb39-df5021b82ca9,Abeer Issac,57,Bengaluru,business,312493.87
097813bb-4178-4963-8611-3e333063b1d4,Harita Hans,33,Ahmedabad,self_employed,67337.6
534947fb-fb65-4757-8bcc-70d8561149aa,Ikbal Raj,32,Ahmedabad,salaried,32142.09
6ae57363-a748-4dba-8039-0cb2229d4d5f,Unni Sathe,24,Chennai,salaried,58808.61
af3d129c-6119-4229-902c-7b8869495e20,Anamika Toor,22,Jaipur,self_employed,112716.3
5cf2ff50-4ecd-40b2-83e9-ed0c3a63ce0b,Avi Dugar,42,Lucknow,salaried,19657.14
dbad3972-b595-4ecd-b4ec-1787ede0700c,Benjamin Sharaf,29,Kolkata,salaried,48957.12
c0101ae8-0d9f-4868-93e5-c3d364cc373c,Zaid Pillai,41,Mumbai,self_employed,80083.16
8e541fa2-3b03-4beb-bf20-e298b143b317,Chandresh Ray,58,Bengaluru,salaried,31295.14
a2f88e2b-dc8d-41dd-a00c-7042b73570af,Ikbal Ganesh,54,Kolkata,self_employed,128411.44
1a5811f6-f340-4154-9b12-fec3d7d2da7b,Abdul Loyal,44,Pune,business,63892.03
03fb8098-04d1-4f30-8b02-2d08ea268e27,Charles Bawa,42,Hyderabad,self_employed,53524.97
bc225897-8883-4eed-9d30-d91c226e44b7,Januja Nanda,31,Pune,salaried,33305.04
1c61ed89-7a16-49fc-af26-89af2f77bd2e,Hiral Sandal,52,Kolkata,self_employed,49558.31
d5e02c5d-c0f6-46de-bc52-2b5e9659d1c1,Raghav Kothari,56,Lucknow,salaried,20991.28
5a0dbebf-2435-4f10-aee0-afd3d6ba2c87,Xiti Krish,35,Lucknow,self_employed,17889.41
9b1ed1c6-6893-4714-9e0a-ab0245bd92a9,Nilima Rattan,45,Hyderabad,self_employed,149664.82
ecd98321-91e3-4470-bd33-40ef6d992487,Devansh Bera,39,Bengaluru,self_employed,27095.61
1b26bd59-a9a7-4d2f-8c66-c401197367f1,Neelima Balay,21,Lucknow,salaried,22121.47
61921b10-b1f1-4d56-a112-5e29177f052c,Samar Rajagopalan,57,Mumbai,salaried,12373.41
b61c5436-b2d3-478c-b521-ef7ec7bee378,Urvashi Dash,41,Lucknow,salaried,26384.16
64024baa-6c70-4d3c-8b1f-d1f6e81372d3,Samaksh Dua,57,Delhi,salaried,18740.74
a7d73c8c-cf74-4411-b252-de99dcff174c,Anthony Chaudry,30,Kolkata,business,320556.44
e0debdb3-afd3-4446-85f3-7711814062b9,Hemani Srinivas,36,Kolkata,self_employed,99396.48
c2eff3f2-f4b1-499c-bc54-3f4efd25d3c0,Inaya Jani,31,Delhi,business,39366.27
9852bd55-515b-4361-b70f-c226e65e142d,Vansha Ganesan,61,Kolkata,self_employed,237210.94
5b67e860-7fce-496f-8411-2ce3556740b5,Faras Aggarwal,37,Chennai,salaried,59330.73
e8e87332-4abd-44bc-93f4-8ef9bf2fb490,Fiyaz Dube,25,Kolkata,salaried,30871.36
d6abf3eb-bb9f-4c64-80bb-e680c1eb9dd4,Riya Deo,27,Mumbai,salaried,12000.0
81bb989d-3554-4b81-a9c1-326fd0322285,Ekanta Mittal,49,Pune,salaried,114173.13
09573f1b-827a-4515-876a-c17713fe8282,Vasatika Goel,47,Ahmedabad,business,20939.34
4a4205bd-3add-4cb6-bdd4-cf89d1c6d5a8,Bhavna Khosla,43,Jaipur,business,16632.95
b08c9ec4-3f4c-40dd-8ee2-a40664034c42,Advay Gulati,51,Lucknow,salaried,60553.66
d0413d90-872d-4825-86bc-8e7aeb671252,Sneha Gara,35,Bengaluru,self_employed,270445.72
7c66e1f5-93a0-4d07-8198-5b50f50be2b2,Atharv Vora,23,Hyderabad,salaried,72557.63
fc08c36c-ff76-4095-81d6-17e1b0b89ab6,Siya Garg,37,Delhi,salaried,48144.13
13a63f07-32b3-416e-a551-6a3aa90c62e5,Advaith Palan,31,Pune,salaried,48892.4
7e7d6b3a-0990-4799-8457-9430f68907ab,Yashodhara Narayanan,25,Jaipur,salaried,55642.79
7acef41f-4309-436c-832a-0436c09426f1,Amaira Dass,26,Kolkata,business,144789.43
7aafb7c9-4823-4245-a65b-95c6b2a0890a,Harrison Chakraborty,60,Ahmedabad,self_employed,59684.88
90fe54e2-6131-456a-a27e-ff2b528ac993,Darika Andra,48,Bengaluru,self_employed,52730.05
6571df76-ea47-4a8c-ae6c-028a7def6a40,Yamini Desai,48,Bengaluru,self_employed,46919.32
333500d1-1734-459c-a685-b4ac3cb44a6d,Isha Tak,42,Chennai,salaried,24909.83
b72770e4-dbee-450a-b7d5-3dded0cfb883,Vedant Panchal,47,Jaipur,business,56805.73
b57c40d4-d01e-4dff-b39e-909fdcc01a5a,Laksh Konda,55,Hyderabad,self_employed,14986.88
38246691-76f0-4f03-a68e-c8ab0372102c,Chandran Krishnan,40,Chennai,self_employed,45759.85
03f0deed-483e-431f-84f0-b4b746659cb4,Yatin Majumdar,46,Lucknow,salaried,22152.47
cfa94455-29e3-4e8a-b2c6-ade2fc50f980,Jagdish Char,52,Bengaluru,salaried,20914.65
3aa61232-c81c-45e9-bd6b-05647aadc3eb,Samaksh Singhal,21,Pune,salaried,39733.39
34cda2e0-1dc8-4e52-a8a7-df8bd7636c19,Ekiya Wable,61,Lucknow,salaried,72838.59
02eefdcd-b077-41d5-b15a-f176e1686cb5,Vamakshi Mander,27,Mumbai,salaried,57478.04
76bf8ca1-fdd5-4d26-9e1e-2ee427a3835a,Netra Borde,61,Hyderabad,salaried,16560.07
e43f0392-1c7c-40dd-9552-1637c6a8aa42,Kritika Guha,51,Delhi,business,30011.46
fefbf664-dc0a-487b-8916-c04e296392f5,Shravya Butala,46,Ahmedabad,salaried,58127.0
1be219e2-5726-406b-8b8f-42caca1dac45,Hemani Dey,37,Delhi,salaried,22220.18
641b0066-da05-4c5e-880e-94ef7b6e8257,Jasmit Raghavan,45,Bengaluru,self_employed,41888.09
ba21f921-6f09-4844-b09d-83ac088e6918,Neelima Dube,45,Kolkata,salaried,47811.72
cd687aab-046a-4f7b-b714-62a16cd6c5f9,Yatan Shetty,23,Hyderabad,salaried,22377.87
d18c4ad3-2084-49e9-adaf-5b4bc1c0cda8,Frado Oak,37,Chennai,salaried,38280.19
6a48d6ad-532d-4195-8d59-351f53b4226d,Aachal Gala,57,Mumbai,self_employed,19267.64
5e7c1d82-8107-46d5-b4e3-b5626cd1a2f4,Nidra Chaudry,27,Delhi,salaried,26884.8
a1f78b02-32bd-4599-a440-bcc3ec79f80d,Laban Badami,55,Pune,self_employed,61319.14
b723cee3-c9e1-47e3-9b52-d5c161430a6b,Wridesh Mann,58,Chennai,business,17436.23
5d3984fe-eb48-403d-b215-6944ce56c70a,Yatin Johal,45,Jaipur,self_employed,66724.82
287e1c16-6221-40bf-8e30-2d850e87cb64,Vyanjana Pal,55,Ahmedabad,salaried,35960.67
188ca63d-e330-423c-9789-1dfb333b41d5,Irya Pai,36,Ahmedabad,self_employed,72167.35
e4583224-1ac8-40ed-8cfe-58b0516cff4e,Garima Pai,46,Mumbai,salaried,40617.61
32c4af7a-cea0-46ea-979c-69ef7016532e,Amol Sidhu,54,Lucknow,salaried,71830.91
e0ae0401-49c8-47f9-8b14-ddd2bf946bb0,Dalaja Pillai,60,Bengaluru,self_employed,53511.78
ba981daa-9145-4fc6-8a73-61574d1ba79a,Darsh Nadig,49,Bengaluru,salaried,29298.66
c9843ef0-661c-4bfa-8946-9ea50e4ae15f,Victor Mannan,31,Chennai,business,81639.44
f43f5fa8-18c0-4ef8-b07a-b2471361c23e,Sathvik Sandal,29,Mumbai,self_employed,71704.49
e2179ce1-8411-4acd-ba25-9daecf4a1c36,Kavya Bahri,48,Chennai,salaried,37213.62
3b88d009-8188-42f1-bb76-209689e7be19,Dalbir Sanghvi,61,Bengaluru,business,75851.48
de727ece-25b4-471a-a746-5e644c935c5c,Akshay Shenoy,37,Kolkata,self_employed,29989.6
3e6c5a6f-1c4e-4ecd-84d4-ce797b8e45ff,Yashasvi Gandhi,25,Delhi,business,40271.09
fee48cb4-d019-4cfa-b4f8-cb27606dc38f,Agastya Comar,46,Jaipur,salaried,18010.27
f055108e-c438-4017-8b46-e2c323182705,Wriddhish Sodhi,38,Jaipur,salaried,87097.93
872ee6ed-b38f-4f7f-a713-0cc8a9fbdd73,Theodore Padmanabhan,21,Lucknow,salaried,19498.02
c0cd3223-70e3-4e75-935e-aecc27d3a2cb,Widisha Peri,47,Delhi,self_employed,30180.95
950b536b-4fa7-4874-9f2b-ef203516cff7,Sai Mandal,30,Lucknow,salaried,25356.65
1d400f40-56bc-4ef7-b002-5f073aa98be0,Falguni Anne,27,Delhi,self_employed,91715.54
a659f4f3-f38b-4eb1-9e04-f94bbd5d2ce3,Gaurangi Goswami,27,Hyderabad,self_employed,39876.21
e1f1b0ca-f773-457d-9a73-92f01eec806f,Kamala Bhakta,43,Pune,business,224800.33
f329570d-fa23-4eac-bd57-5c8121c327be,Gayathri Doshi,62,Ahmedabad,salaried,25932.56
e23ebf7d-badc-43da-8149-5dfa01106db7,Inaya Randhawa,51,Mumbai,self_employed,59593.15
7ed9acfa-486f-424f-88bd-ac9156e02489,Falak Ravel,46,Bengaluru,salaried,23916.56
35a81399-1c2d-427a-8660-29942a72123a,Bhavya Prabhakar,46,Mumbai,self_employed,220048.75
ea1cf551-aecc-4e58-81f1-4ecd4e880852,Arin Chopra,42,Chennai,salaried,20054.34
8746c8b7-668b-47b9-8f61-91b794e598dc,Balhaar Sabharwal,51,Hyderabad,salaried,42400.28
75d296e3-3ce4-4459-a1a3-324536092638,Falguni Koshy,22,Kolkata,business,129365.78
5c99b297-f3a1-4778-a2b9-fd6d8880e956,Siddharth Kala,40,Hyderabad,self_employed,65490.43
b00bc687-e101-4c88-ac34-9ec27c7783ed,Rajata Setty,52,Delhi,salaried,33102.24
f5b21bb3-b9fe-4e44-ace1-5acb4080ce5e,Laksh Om,35,Bengaluru,business,65066.26
4f3e3308-3ab8-4a1d-bdd3-5de736eef861,Faraj Sood,49,Kolkata,salaried,37119.8
4d831a64-fc71-44b9-a22f-419ac429724f,Maanas Morar,47,Lucknow,salaried,33742.01
b120ed18-531c-407f-afa8-709e03eb18a4,Warinder Sharaf,33,Ahmedabad,self_employed,96251.07
0eab9e97-1b58-45d0-9f70-11bebdc8d64f,Aarnav Pall,47,Ahmedabad,salaried,109673.33
8bba6ef0-17db-40ce-bb55-02efacb577d4,Vedant Palla,44,Mumbai,self_employed,33181.76
31380366-743e-4624-82e3-51817114004e,Janani Dhaliwal,31,Delhi,salaried,18308.09
35299831-7011-4fd3-8384-5c7208daef26,Kevin Rastogi,53,Pune,salaried,34747.36
0755ea2e-16b4-4480-b961-459d5f486f66,Ekaraj Dara,54,Lucknow,salaried,131907.3
e0c2ad9c-33e2-4518-ad80-043a202dc921,Chandani Kulkarni,33,Chennai,salaried,24298.33
b5f15fdb-3ab2-4024-9e2f-d3637e4aadbe,Lakshmi Mangal,36,Mumbai,self_employed,154412.33
0b1ba5d5-3bb8-4a47-9d88-51e8d44cd51e,Gunbir Rau,44,Chennai,salaried,84023.38
cc150b59-3385-4ff2-9d83-028ccd40d1f9,Rayaan Memon,50,Jaipur,salaried,27534.8
c18eabbc-3072-4118-b8ac-39b7339637f8,Turvi Deo,28,Mumbai,salaried,48266.43
fa7d7a78-cd44-4887-a1c9-99c2b770fc71,Gautami Kashyap,52,Lucknow,salaried,81977.35
6bd09c9c-a3a5-4f5a-96ef-df9566b76592,Avi Gupta,51,Lucknow,salaried,30044.54
394b9e30-c55c-4d2a-8b7f-1835838ea8b4,Yashasvi Wagle,43,Bengaluru,self_employed,42509.96
71fc69f4-73c8-4bee-996a-d04cf732d4de,Ridhi Narang,37,Delhi,self_employed,32624.65
a0f4b554-eabc-4ff9-b2f3-dfbd3382e73e,Matthew Bora,45,Mumbai,salaried,21864.54
4c927155-34f9-4971-b282-835d8950ebae,Nikita Soman,57,Chennai,salaried,26248.42
eb4c1f06-fa74-4f09-bfa9-984b6fb5d96d,Faraj Yogi,62,Chennai,business,24305.4
b773ca55-de74-4fd2-8e2f-7ab2d16b5210,Adweta Suresh,38,Pune,self_employed,50204.42
69554b8e-901a-4afe-b6fa-51695c5a0961,Indrajit Goel,21,Ahmedabad,salaried,24711.24
ee2007ce-84cb-4f30-bc09-510d6d92ec18,Ryan Pant,62,Bengaluru,business,90256.18
93cd87e9-4ade-46fa-8f40-6b21074b9169,Abhiram Pandey,21,Chennai,self_employed,16496.0
e76e6d25-13f5-43e5-9f06-c2b556854d6b,Vasudha Tailor,40,Hyderabad,salaried,42849.11
cecd8487-8b23-44f6-b913-6c3874d09c30,Daniel Sankaran,45,Kolkata,salaried,55092.26
a71d65af-261b-4c3f-9c88-9c0aca26163d,Daniel Radhakrishnan,34,Ahmedabad,salaried,13401.64
834688fb-1d98-4ff0-ad06-cba55998f27e,Hredhaan Sarma,54,Lucknow,salaried,43784.2
a76337ee-e353-4a1e-a6fe-d9e9c3244b17,Christopher Panchal,27,Mumbai,salaried,67092.97
6176c907-db7a-45fe-9bac-c94496a66fb1,Darika Chokshi,44,Jaipur,salaried,19834.53
0edebce5-6e2e-4d92-aab2-f0b8e47af11b,Bhavini Shankar,59,Hyderabad,self_employed,158071.17
1dc1f69e-3e4a-4fd2-9e26-92040940d80a,Triya Din,27,Ahmedabad,salaried,44779.67
41f31739-3d47-410d-ad5d-c8ecf0f8b182,Adweta Sethi,38,Kolkata,salaried,25527.05
210bc5e6-75f5-4cf9-bca3-cb276b39b194,Advaith Bajaj,37,Hyderabad,business,69550.46
aabc00dd-a352-4b48-9593-235fa6b2dcbf,Veer Sangha,54,Chennai,salaried,48009.95
5b624cbf-d970-49d0-83a4-f157655aceee,Balendra Baria,59,Pune,business,78307.98
edc9f7ac-777c-4b72-9991-41e408f0d5f2,Megha Gulati,29,Mumbai,self_employed,71476.87
a6821857-6ecc-4275-a1be-135f6ba43f38,Timothy Swamy,39,Hyderabad,self_employed,25732.97
225835fb-b24e-486c-a886-760bfa40bd92,Nihal Dhaliwal,46,Pune,business,85171.72
12305a12-e81f-4917-9135-5909dbb39913,Wahab Bobal,58,Lucknow,self_employed,18222.27
f03c1ff5-96b4-49bc-92d0-5089e35e5dc9,Aashi Dutt,42,Chennai,self_employed,45348.93
12e67402-8b34-49ee-a45c-ae95d2b8092e,Bina Bir,61,Ahmedabad,self_employed,26036.76
bd3a0f6f-ba19-4dde-b07d-9628febc4b96,Balveer Minhas,43,Jaipur,business,37722.92
27ab7884-e472-4494-ba48-6cdc048a00b3,Hardik Doctor,31,Jaipur,salaried,67376.16
765a975a-fc67-493f-a87e-a11033ef85d0,Ishanvi Nagi,27,Ahmedabad,salaried,62671.06
f60cb8cd-5147-4949-9732-166a213a0a64,Bina Setty,37,Jaipur,salaried,49245.29
3542387f-8c33-47e4-8f2c-63b79f98d026,Sai Rajagopal,32,Kolkata,self_employed,22819.74
276f7831-e3d9-40ac-afa3-fbfce5e47dd2,Fitan Sachdeva,35,Kolkata,self_employed,39281.7
0ffec0d2-56df-4e42-bf82-e420b1e257cf,Quincy Pau,40,Pune,salaried,66605.93
6142fa82-ffb7-445e-b51a-e836669ee7ba,Yatan Yadav,42,Kolkata,self_employed,54133.14
476096e0-d5bd-4a4e-844f-ea63de1db58d,Oliver Dixit,39,Ahmedabad,salaried,115805.2
9cda20ae-a2b7-4cad-a368-d294cc96612b,Tamanna Kar,51,Mumbai,business,104191.52
c9326ed6-7e1c-4400-ac01-4dcacbd6c2a0,Jyoti Konda,58,Lucknow,business,86928.76
03294689-dc4d-4a30-a6e7-2c37b9a68ef2,Falak Kala,25,Ahmedabad,business,55370.11
61d3e7d8-73cc-402d-b58d-9428ae274ed6,Varenya Thaker,53,Delhi,business,82469.75
63f71715-9e12-41d7-a8f0-73d4f36e6729,Amol Uppal,45,Jaipur,business,63753.36
0511340e-68dc-4798-b7f4-58b3069a678d,Amara Wali,24,Bengaluru,salaried,51743.51
55f273fe-6c2f-4169-851e-c5a55d8baf01,Ekapad Luthra,33,Kolkata,salaried,58591.87
e21b086e-cf27-4f88-9c7c-53d7e6fdb524,Dayamai Bava,57,Ahmedabad,salaried,24514.14
221e182b-aaea-4a88-8027-5255e46d2fdd,Aishani Tella,32,Delhi,salaried,18664.59
b772e156-2db6-4424-97d1-f0f3a08b88bc,Yamini Jhaveri,61,Bengaluru,salaried,14499.9
e4cf22c2-49fb-4862-b84e-1e56b36e7552,Avi Balan,24,Mumbai,salaried,46816.72
2ef8c2d4-3899-444c-a15c-573d101fe3a8,Harrison Kashyap,34,Bengaluru,salaried,20916.98
e1438999-b4f9-43d0-b48c-edcfd172b058,Janaki Saxena,31,Ahmedabad,self_employed,12000.0
f4f316a7-7ee9-4d8a-8942-53faea8bb59c,Dhriti Kalla,26,Bengaluru,self_employed,64344.39
f4d7cd30-c87b-493a-93a4-87eb0f81713e,Yatan Babu,61,Pune,self_employed,280716.25
de37ff3e-7638-4f63-af66-8439d3886deb,Triveni Manne,51,Pune,salaried,36205.44
1c33dc6b-4e05-47b3-8796-ffded0dcaf02,Mekhala Rama,55,Chennai,salaried,55229.11
4c96a168-64a2-42e9-a76d-b9fd77b895aa,Rehaan Chandra,21,Kolkata,self_employed,51910.72
007d6064-ec67-49c0-b41b-b7f2295cb125,Abhiram Mital,54,Chennai,self_employed,45742.23
4cfe0181-5164-4096-8e1b-035266da4f87,Ganga Chauhan,21,Chennai,salaried,57499.89
edd9a00c-e425-40ee-87d8-63dc015fc0ea,Isha Varughese,43,Hyderabad,salaried,31409.41
4025e856-d05a-4cf9-bb62-66c2c0978abf,Madhavi Sani,45,Jaipur,salaried,41510.27
3a686c09-e434-4d30-a998-9e87f14ad3f2,Anjali Rajagopal,31,Delhi,self_employed,61401.43
27218173-171d-4c63-be8e-4d6563cb696e,Ekavir Khosla,40,Hyderabad,self_employed,30709.79
07f736d1-1b57-4a2c-a60e-a64acab54e1a,Oliver Setty,54,Lucknow,salaried,59636.39
07701183-8742-4f8b-86bb-fcd076b18a9b,Vrishti Amble,48,Bengaluru,salaried,33273.62
a4cb2425-7e58-4c9a-9859-a1e8735da3be,Yashica Nair,52,Kolkata,salaried,24887.66
df204869-d1a0-487d-84f4-bbce78fa52fe,Ekapad Doctor,31,Pune,self_employed,71364.58
14e08d4c-2664-42da-8e46-d1302fe70813,Rachita Gole,35,Bengaluru,salaried,23173.53
0ca80690-c5f1-47cd-965e-e7984687626d,Ekiya Jain,22,Lucknow,salaried,36830.83
2a8e03ba-b34b-4774-812d-68a6c6b5deb8,Bahadurjit Chand,28,Kolkata,salaried,36150.3
36e79403-73de-480c-84b4-b5c1c5328ab5,Abdul Samra,23,Pune,self_employed,104833.32
441c41e8-36ec-45db-bb29-39c7112e1c97,Jagat Kalita,37,Jaipur,business,112109.17
ac92c97f-682f-49ad-84fa-a686d3abb088,Advika Thaker,59,Mumbai,self_employed,48169.49
a1b75530-fb45-4526-abfa-a3034805702c,Harita Balakrishnan,62,Mumbai,self_employed,86893.32
fcfb837a-49a8-4624-b187-fc42580bcf6e,Jack Vohra,28,Pune,salaried,72773.25
f0cc8e12-9984-48af-9ac7-4c0f40a0a42d,Advaith Kale,28,Jaipur,salaried,47997.55
2a7d7a09-b7be-4835-b310-638e238b3d07,Hredhaan Bala,30,Chennai,salaried,36503.97
cb6b6420-c7eb-4ccf-9ca7-582fe3ed7a83,Jeet Vala,61,Mumbai,self_employed,19569.25
99e4b19e-a982-414b-aa34-a1fbcbc6937c,Qarin Raval,27,Jaipur,salaried,21320.9
d09bdb95-6a40-4852-b3d9-88ec2ae889b9,Gayathri Cheema,59,Bengaluru,salaried,31175.49
eaee3e6e-ccfe-4c3e-97c3-a5ef1e0f4eb9,Samar Handa,27,Jaipur,salaried,26775.54
b648f750-3c9f-48e7-a527-23f43af347bf,Samar Sankar,28,Hyderabad,self_employed,43007.08
c1a93829-cb57-497c-9d28-ab796c0b4ac7,Anvi Basak,27,Ahmedabad,salaried,37358.84
282d763b-5777-4ad7-a95e-02f291e0f171,Henry Sagar,33,Hyderabad,salaried,47327.48
e932d05d-edaa-40f7-b70b-894a413dc31f,Quincy Narasimhan,33,Kolkata,self_employed,46660.39
ceec0a7d-0752-4b87-a603-54a56f095d14,Yagnesh Char,39,Bengaluru,self_employed,68909.63
be62fc78-f59c-4d01-9e8e-b708a96b27af,Kavya Gulati,52,Chennai,salaried,37505.29
0bdd4f1e-5758-4a7e-9c00-692bde2501fd,Ekani Banerjee,51,Kolkata,self_employed,12297.77
387f750f-ccc7-4ae9-9ae1-928f3a80f6e1,Saumya Loyal,21,Delhi,salaried,22704.82
84eba3d3-efa2-4d0e-bbbc-2638b0ac5e26,Ranveer Khosla,57,Ahmedabad,business,64236.14
13a882e6-0cba-4f9f-a5d9-4da55886f6d5,Laksh Keer,26,Jaipur,salaried,19833.99
9df450bd-0d4b-4dc2-8307-839d1e71b0f2,Agastya Behl,27,Hyderabad,salaried,49019.05
e3b615b0-d08f-49a8-89a4-cc5f19bf8c80,Nakul Sampath,50,Hyderabad,self_employed,143132.43
4071615d-df7b-4eae-b576-018f2aa5dbdf,Maya Padmanabhan,24,Delhi,salaried,66794.83
d754f594-68ee-4aa0-a4d4-1d3a1457688d,Sachi Ghose,23,Hyderabad,self_employed,42217.5
d36fbd62-bc03-4805-b2f2-775313b18299,Harish Nayar,41,Pune,salaried,76524.26
6590ca88-2e01-4c45-9e76-9db0c125b89f,Gopal Devi,27,Mumbai,self_employed,54397.16
a8d2b3b6-f11e-4843-9e22-a068de30001d,Utkarsh Kala,29,Bengaluru,salaried,30682.78
41e12fb0-a470-4142-8502-3101d47c8151,Widisha Varkey,49,Lucknow,salaried,26723.5
876017ee-4845-4a6d-8317-3437aeda2732,Priya Chopra,26,Kolkata,salaried,31218.47
df505154-f3f5-4289-b742-fcfd7968f3a8,Qadim Suri,32,Delhi,self_employed,37357.02
6155f7d6-e67e-4b11-a96d-f9cc92acc19c,Dev Malhotra,50,Hyderabad,salaried,39545.54
e4d9e77c-8c26-453e-a861-c35e7666208f,Devika Malhotra,51,Pune,self_employed,54852.43
2232b99d-3d4f-4122-90e8-b43842933e7d,Neelima Sundaram,31,Delhi,self_employed,49125.44
da6d1f58-34c3-4743-92a2-f16e94d304e3,Udyati Venkatesh,24,Bengaluru,salaried,45182.68
b67718af-c9af-40a5-9a81-c742ba29222d,Quincy Srivastava,58,Ahmedabad,salaried,65862.41
6941fc30-4f25-4275-bec0-25f26e5c9327,Vansha Mukhopadhyay,49,Bengaluru,self_employed,95290.74
8e185b63-dfbb-48c2-b407-a1a3c9749848,Oni Kurian,43,Lucknow,self_employed,17336.54
84a2b99d-75df-449a-9e19-5dbf951e2f1e,Shivansh Rama,29,Ahmedabad,salaried,12000.0
252a4443-1a38-4896-a5d1-971c7872db8c,Eshana Peri,28,Pune,business,169547.42
5b6d080e-e7a1-4eb4-bf78-e9dedaae0a45,Pavani Kamdar,25,Hyderabad,salaried,18334.88
6659f37e-8ef5-438a-af24-b19d3efbd94f,Amrita Kamdar,21,Jaipur,self_employed,41884.21
254f61b1-8b79-4670-8e8c-3676015da55c,Arjun Kapur,57,Lucknow,self_employed,21610.2
4f5738f8-6322-48d6-a2dd-1ce9f1cfdbc8,Anthony Patla,42,Jaipur,salaried,14750.17
da15366e-fc93-4f02-881b-ffb46a601386,Yatan Ratti,60,Delhi,salaried,47606.82
2113b192-2088-4a49-a442-5bae1b2af6bc,Lakshmi Dora,36,Ahmedabad,salaried,53081.17
6ef21110-bef0-4cd7-9d72-1f8898a5ea82,Amrita Dugal,62,Pune,salaried,27221.02
fddb31a3-e284-4ca8-bda4-7d667230203c,Teerth Chakraborty,56,Lucknow,salaried,12000.0
89338c9d-1d85-4fda-bf62-3e0ef6209590,Rohan Dhillon,62,Bengaluru,salaried,27636.09
6c872d69-e7a4-4177-82cf-2e722e64df47,Vamakshi Bava,51,Ahmedabad,salaried,44174.46
7851d751-7a1b-4b7c-87fa-441dc0278a6c,Inaya Venkatesh,25,Ahmedabad,business,19321.61
56342fa3-a10d-4410-83d5-303f8583f040,Ekanta Chawla,42,Hyderabad,salaried,39802.3
6f6e8e31-6a42-43fc-ae0c-b763645d6eda,Gayathri Kalita,35,Jaipur,salaried,36038.57
048c2e09-50ac-4859-9129-e00a441caf5b,Turvi Mitra,46,Chennai,self_employed,73534.07
c1a47f29-329c-4d83-9d07-4597ee514713,Zayyan Parsa,49,Lucknow,salaried,38553.04
4e79a54d-0822-46bd-b2e4-e892fc9c84b8,Garima Ramachandran,52,Ahmedabad,salaried,22325.07
359be502-f7b7-409f-8ecb-9fa9b77b959c,Balendra Padmanabhan,52,Mumbai,salaried,66057.82
e063ecbb-2762-4308-afd8-1c7eb7605314,Ati Jani,47,Mumbai,salaried,33548.09
e6b47505-47a1-45d7-8593-e3a639dea555,Bhavini Doctor,21,Delhi,self_employed,48092.76
7d6ae798-cb45-4128-8638-01faadfcdbf2,Hema Magar,60,Hyderabad,self_employed,25507.11
1fb3be65-1b41-4d6e-8bbb-a464e25a1c91,Samar Bhalla,56,Chennai,business,49072.1
96718093-1367-4204-b950-c0561b1b7ec6,Dayamai Mangat,50,Kolkata,self_employed,26387.3
9898cda3-6372-4cb0-807f-572dbd33653d,Devansh Wagle,24,Chennai,salaried,33307.14
974793ce-b968-4572-8ec6-2bcdeb6dd64f,Chaman Hora,42,Jaipur,self_employed,162461.44
b5b95356-3e91-4c98-866c-fa544c7db811,Aarini Sagar,59,Ahmedabad,self_employed,18763.51
9ba40366-1310-4bfa-8470-d6e34b0113af,Nitesh Yogi,44,Ahmedabad,self_employed,15843.38
0ea57bb8-96ff-468a-a7d6-83cf15e40dfd,Chakradev Bajaj,35,Mumbai,salaried,75779.66
1703943f-cc4d-4c38-8f3a-f6341c108057,Varenya Mall,61,Hyderabad,salaried,32706.8
c48df6b7-4519-4b08-b4bb-f5f9d2df1c59,Edhitha Chadha,44,Delhi,salaried,25989.91
3f51612b-46c5-4c31-a6f6-fc24efc840e0,Arjun Parsa,31,Ahmedabad,salaried,61080.77
152de87e-6876-44ca-9ba6-b54ecd3f50ce,Omkaar Tiwari,47,Delhi,salaried,26827.75
ebd89da1-d584-43b5-91ee-b2c234a75031,Gopal Chandran,33,Chennai,salaried,90490.93
b8e93f05-6ce4-4004-ab6d-b86304ce2985,Upadhriti Dugar,46,Chennai,salaried,50968.49
21a434a4-9559-4ccc-8e6c-2b5d482651a1,Varenya Vohra,33,Kolkata,salaried,28454.01
1424efd1-8aff-4cd7-a948-75221c78e2cd,Ekansh Prabhu,47,Mumbai,salaried,106793.69
485370bf-39ae-4eea-8f44-6e244d9d0fff,Hritik Bhatia,58,Delhi,business,42398.0
5abbb531-fb52-4287-8ca6-f6347cb6388e,Hritik Chhabra,49,Ahmedabad,self_employed,82410.39
f3713795-be55-4c6e-9184-cce71c71471b,Pratyush Mahajan,53,Bengaluru,self_employed,60445.95
357582ce-f24a-4999-ad5c-b0dd0cdacf3e,Hema Buch,21,Jaipur,business,235995.3
90eefb3a-a8af-4ea0-9968-d3182b39a4a3,Abdul Dara,56,Pune,self_employed,146247.82
4eb7ecc2-9816-4d6e-a5b0-35ce644d770b,Ridhi Batta,51,Jaipur,self_employed,50131.4
2d1fe98c-40a5-4742-b47e-65e81c6f12d2,Ijaya Bala,32,Lucknow,self_employed,28929.22
79b9747e-e8ac-453b-bf69-2cf6cccf9e44,Baljiwan Borde,29,Delhi,salaried,45706.06
17f0a021-f6f4-43c9-beec-9e2ef8cddb1a,Charan Vig,59,Lucknow,salaried,25877.84
f99eeddc-fdd9-4657-956c-dcb4fc881b3e,Ridhi Dewan,53,Pune,business,447776.06
a7d2f88f-86e3-4eb4-ab34-3d145c22d8ae,Charita Yohannan,59,Chennai,salaried,38881.26
8d6315cd-0387-4e97-ba39-a7e72ad6d2b1,Naksh Nigam,42,Hyderabad,salaried,30252.65
1f295d20-3aaa-4dc6-8507-67cf4fc5f3f5,Adya Boase,29,Bengaluru,salaried,39828.59
a9561d0b-5e58-4574-954a-8dedabeb7985,Jasmit Sridhar,53,Hyderabad,salaried,18516.86
ffe52eff-5bcf-42aa-a29a-ef525aba4c99,Caleb Lad,56,Kolkata,self_employed,24831.55
0d305f86-d53b-456a-8272-7285db804eb1,Gavin Rout,56,Chennai,self_employed,113583.07
c42b9430-821d-4ff8-9247-92681b0a3f5c,Chasmum Raju,60,Hyderabad,salaried,26148.65
a5c423c9-0fa1-4d0f-942d-12ae5d8759ab,Wyatt Kaur,29,Bengaluru,self_employed,23556.62
72f15431-82b0-4d36-bec2-42a5b2947d13,Aarini Kohli,61,Kolkata,salaried,47492.47
e7e4817c-c072-4e90-8f29-7522724c666f,Nimrat Chatterjee,43,Jaipur,self_employed,112419.52
a5869dd5-f15e-433f-9eb6-a5d204b25c45,Ishita Sinha,57,Pune,salaried,52024.84
bb39749e-b3ee-432f-bf24-3f1d7e477227,Ikbal Kapoor,55,Hyderabad,self_employed,98443.04
862a6db1-fc38-4862-a38e-1aaa3b9a3a42,Ekani Khare,48,Mumbai,business,37007.82
4b35a57c-d5c1-4e29-b01a-b31d37192b77,Jacob Bala,22,Pune,salaried,17838.15
fb11cbd0-2892-4d6f-ad00-4346c07f16ea,Yadavi Balan,24,Chennai,salaried,76931.2
560108c8-ec46-4fb1-866f-c87e9552e434,Lavanya Sandal,31,Hyderabad,salaried,30904.59
5883559a-31ea-4d9e-94e1-9e15ceb93bab,Isaac Oak,30,Mumbai,self_employed,41126.87
81eecfbd-953d-4edc-8ce3-5dac0fc595df,Mekhala Grover,39,Chennai,self_employed,124210.86
ff30ac49-356d-4f8c-a110-f0ee4ff55a1c,Ikbal Sampath,23,Kolkata,self_employed,72356.53
7718dd61-20a3-4650-aaff-aabbb63a84ec,Raksha Dube,27,Lucknow,self_employed,67448.62
cbed6fe4-a189-4182-8c2e-99347392868c,Garima Radhakrishnan,56,Chennai,business,513241.67
944adb6b-edbe-4b79-a192-27835161b351,Hritik Divan,56,Pune,self_employed,31242.58
f7cf5abf-d2d9-4ea9-8131-c2c8be75cba2,Girik Vala,39,Mumbai,salaried,57752.39
2e6ca4c3-9b9e-4650-935d-2190af174b7c,Gunbir Nagy,45,Pune,business,76980.84
d315c5f1-d4bd-40fd-9c55-c409913dc61d,Patrick Sachdev,41,Jaipur,business,93128.27
1232a014-b3f4-4314-b977-751fd0c0db65,Veda Koshy,37,Chennai,salaried,77982.07
b012696b-fa99-4be9-9792-4ce36a8fc7e2,Sarthak Pandya,49,Chennai,self_employed,69946.44
4ace45ae-fc9f-4c04-8b3b-92c3527839ec,Chameli Bains,62,Kolkata,business,118713.28
74f4f444-24be-4afb-b1cf-18a0095ecc6b,Bhavika Ramakrishnan,55,Lucknow,self_employed,103855.43
bcf316c9-5c43-435d-91cc-2b8c0596d535,Barkha Kashyap,33,Hyderabad,salaried,30258.23
f5da7596-54e1-4539-a14d-68ac18c6219b,Faris Balan,25,Bengaluru,salaried,23870.42
8a1fd2dc-f4ac-49d2-a8fb-8a6295d07dcf,Harsh Mohanty,53,Delhi,business,28557.41
5b191a5b-5ccb-407f-8a9b-dc71303cdd35,Farhan Yohannan,48,Hyderabad,salaried,13586.36
2deafdcc-9741-4bfe-8154-e01df1c04df4,Nicholas Merchant,29,Bengaluru,self_employed,206766.41
99bb5876-8f15-47db-963a-13d63f446896,Meera Chaudhary,37,Mumbai,self_employed,22646.35
6d4594a5-1285-4345-b15e-7c442d802d5c,Kabir Wagle,30,Mumbai,salaried,32512.28
8163d6fc-ed39-40bb-98f4-f4a4cbc07926,Samaksh Setty,41,Lucknow,salaried,31621.53
de637a1e-baf1-46f5-add4-9fe8a8f30d4d,Priya Lata,61,Lucknow,salaried,42349.14
59a60619-7339-418b-b9ab-dafd2a24185c,Yash Ranganathan,40,Ahmedabad,self_employed,86769.99
da6279c8-ed92-4181-919a-0eadff946f92,Elijah Modi,56,Kolkata,self_employed,89530.21
ac574dff-e938-4f96-810f-429df3776737,Rajata Chahal,41,Jaipur,salaried,27131.79
e9b5e94e-26c5-4b33-94dd-60a814c5c334,Yochana Natarajan,32,Jaipur,salaried,33404.27
edbde0cb-2def-4ee0-8299-a9f397098a9b,Chaitanya Kala,53,Bengaluru,salaried,41826.69
6446ad14-fb2a-4023-89be-41174afe2050,Timothy Muni,55,Pune,salaried,32069.3
59dee355-b762-40d8-b0d9-7a5aa93a2b15,Chatura Korpal,35,Chennai,salaried,81119.02
a6944987-2026-4246-b625-096b67b17dbe,Hema Anand,42,Kolkata,self_employed,69125.74
e9efe668-1043-4d0a-9d4a-60695f4c0efe,Ucchal Pall,60,Jaipur,salaried,52440.73
adcef696-599a-4c7c-bc85-16c48a100a2a,Vansha Kapoor,56,Mumbai,salaried,50586.53
d463801b-56c6-47f8-840b-f10e7c8673c9,Oni Kaur,43,Ahmedabad,salaried,65299.32
f9d72836-3572-4c82-9f88-014f04a0b3bc,Nathaniel Hans,62,Lucknow,salaried,39755.79
ce576c5a-bb0e-45db-8935-56e244e85062,Chakrika Baria,36,Mumbai,business,22762.08
402215a6-7e4e-40ad-88af-9a193e6b13f2,Aarna Patla,41,Pune,self_employed,64846.72
bb29c69e-47d8-4723-84ee-30702b13d5f8,Vaishnavi Butala,28,Pune,business,40691.67
964dae37-00ac-458f-bfc8-58ba923ebf22,Abha Oza,39,Mumbai,salaried,27880.75
f365acef-2722-4684-b876-f00a4fadb3ba,Udant Saini,44,Jaipur,business,123961.66
d6cf34aa-2396-4f86-b930-d147af5030d4,Kashvi Magar,49,Ahmedabad,self_employed,116634.24
5df235fc-220a-49cf-9638-aa962003e854,Finn Salvi,62,Chennai,salaried,36703.81
99c9654a-3941-455a-acc0-d0045f9e3fcb,Girish Ravel,26,Delhi,salaried,42379.35
c66bd1ba-2b49-4da7-9c45-bc5af7b24adf,Watika Bumb,55,Jaipur,salaried,85059.6
a5bcbadb-bfe1-41b4-a333-bb592d0c49da,Ekaja Vaidya,25,Chennai,salaried,40961.04
9fa4c665-875a-4c2a-ba70-a4466a3ace7f,Niharika Ravi,34,Pune,self_employed,302906.11
dd4ed63b-d765-4e7a-baa2-e135854ee6ed,Azaan Wason,34,Jaipur,self_employed,72828.07
ebf0cc67-769e-443e-82be-719c60f13a61,Caleb Devan,48,Delhi,self_employed,14292.16
5c595e07-5700-4e02-9b66-a2072c48db09,Anirudh Bhasin,30,Mumbai,self_employed,83061.71
d3d61545-72a4-4d17-b8b0-68022f031dab,Alexander Behl,42,Mumbai,salaried,43939.95
4345bff9-b5fb-4717-bb24-24393a1010c9,Nicholas Nayak,24,Bengaluru,salaried,69208.32
1167c55a-926b-4327-adb1-d536fd7961b8,Chaitanya Varma,56,Delhi,self_employed,78529.29
27821ffe-6aa9-4ec4-a47c-3ec4cdac4ec8,Amruta Kala,35,Hyderabad,self_employed,44492.72
a93ef71e-a9da-447c-a325-4c78d8c82c29,Jason Sengupta,49,Pune,salaried,19689.7
37387cfd-c1b7-47e8-882c-94254544a567,Raghav Guha,22,Pune,salaried,32711.71
2aa2fa25-f6ee-442b-beb3-b6638063f1e4,Sanya Balasubramanian,55,Mumbai,self_employed,27028.19
3bcf1ac6-8116-4911-bda1-0c7639382206,Gabriel D’Alia,60,Delhi,self_employed,32651.09
df7dd1c6-1714-4d61-a1fc-11e5e2a71720,Advika Issac,58,Mumbai,self_employed,74013.66
ccc3bd69-2d56-47bd-9bae-a5f8ade08e04,Ekaraj Chokshi,25,Kolkata,self_employed,157776.25
e66d26b1-2fcc-4482-b6e6-396c27f417e4,Kavya Dugar,27,Hyderabad,business,104318.54
c2d50bf5-fbac-451b-9b3a-4f65f0733fe5,Tarak Joshi,40,Lucknow,self_employed,21223.87
d867ea88-4c18-4e24-a463-595460182d93,Ekbal Shah,49,Pune,salaried,45356.16
7b3a19a1-15f7-4e59-bfe3-7f11f7153175,Jagrati Srivastava,22,Ahmedabad,salaried,66059.8
6a31ddf5-6fa2-4264-86ad-1c4fb02748bd,Waida Kurian,35,Bengaluru,salaried,26771.91
a765f305-eaf3-4b12-a976-fd531d49ec06,Alka Garg,55,Hyderabad,self_employed,44631.18
8cb15ef6-84e4-4b31-9bae-0de1fb9bfd46,Kevin Doctor,30,Hyderabad,business,74103.6
cdd1e0de-511a-48e7-b4ee-007cbe8c183c,Vincent Pillay,62,Kolkata,self_employed,28298.7
5abf2cf8-2a5b-4921-9912-a8ea849428dc,Vasana Keer,21,Jaipur,business,131065.49
40d2c06e-38db-420e-9458-5a64ea761805,Ryan Badami,30,Delhi,business,65587.91
7638d90a-e22e-4048-9bb2-d1216381426b,Luke Kannan,57,Lucknow,salaried,44791.17
9922eae4-730e-436b-8773-2241c80ab251,Indira Mann,56,Delhi,salaried,23301.05
ce2fbbc3-e85d-4721-b484-79d4737528c5,Upadhriti Dey,43,Chennai,salaried,29180.93
74591cd7-7568-4820-bae0-fce57a3d6721,Ati Tripathi,62,Jaipur,salaried,52114.09
01d5814c-a884-4da8-bb82-eeb2e4e744d0,Ekapad Mitter,32,Chennai,salaried,30139.25
79df4171-b245-4d50-8fbc-835acb1150e8,Vrishti Chadha,37,Chennai,self_employed,164205.62
1b609c3b-9bf8-473b-b2a2-1851503ae27b,Anya Vig,57,Mumbai,salaried,29738.03
22135d1b-e019-44a0-9616-ad96bd93823a,Vrinda Nair,56,Ahmedabad,business,89519.9
4c82e1ee-5824-4b83-948a-94ad78f969ab,Logan Mahal,25,Hyderabad,self_employed,94165.92
e90aa53d-96b9-44d7-a7ff-904324158384,Qushi Mall,37,Delhi,self_employed,18163.04
e5c06417-abd9-4045-a7ed-5d5461a933b7,Amaira Arya,58,Ahmedabad,salaried,15056.96
313008d2-5734-4f03-b93f-039fefa1aaad,Ijaya Palan,43,Bengaluru,business,18525.61
2eadb9f4-9ae9-46a2-a291-3025eaa48e4b,Ranbir Ram,36,Delhi,self_employed,118635.24
f80c7357-8765-4493-b634-092a82cdfda2,Turvi Dyal,25,Chennai,salaried,27558.63
52b8f1c4-eeff-4021-995d-39849bc13736,Jatin Sarkar,49,Kolkata,salaried,130496.23
af328b73-2853-42ac-9ea2-d5849a50a6d5,Ryan Samra,40,Lucknow,self_employed,33025.22
9a131cba-407b-408e-a8ba-6595b790371d,Samaksh Joshi,57,Kolkata,salaried,39826.02
5b538480-4fec-4504-bf07-0c4e9335c830,Rehaan Bath,48,Bengaluru,self_employed,144275.07
a6758703-9bd5-4456-a819-01d8525fc5d4,Amol Bala,36,Chennai,salaried,99016.96
24ee6de1-0753-47f1-abad-72e21cd94cab,Neha Behl,62,Pune,self_employed,207534.42
83b3a343-b738-4374-aef0-c33cc9212dbf,Vyanjana Tank,44,Bengaluru,salaried,66448.54
16894156-3074-4d77-b509-3cb592bac321,Wakeeta Chaudry,42,Ahmedabad,self_employed,100392.6
22e216c1-04a4-4fc8-bad1-ad661aac154e,Suhani Borde,43,Hyderabad,salaried,48837.98
c737f2fa-79f1-42e6-aa1d-3dfc7dd62a48,Aarav Chada,27,Bengaluru,salaried,53593.36
2c356c23-2145-4ce3-a967-b9bba65668d3,Ronith Dixit,26,Hyderabad,self_employed,33328.56
4118f257-5fbc-47ff-9ca2-fa36b74a59eb,Karan Parmar,29,Jaipur,business,35018.12
023a1b21-8308-4187-8da7-5c1c2a6b6ac7,Wyatt Raghavan,61,Delhi,salaried,36254.28
875a7e6d-4ab2-4de1-96e4-26425a05e4cf,Chasmum Majumdar,22,Jaipur,self_employed,43515.43
5d563295-a482-4ff5-9919-fabb45990c0c,Pranav Dass,58,Lucknow,self_employed,35694.09
62b5cc1d-5a49-4425-b974-64d1a845171a,Gabriel Bassi,58,Chennai,salaried,51441.15
2f9f55c5-e3b8-4be8-93e4-0f962cf0c9cc,Zayyan Char,56,Hyderabad,business,172780.05
83644fb5-de68-4335-ba6e-de8a0a49e17e,Amrita Solanki,55,Ahmedabad,salaried,37956.78
c352fafc-6092-439f-8403-92987d66c5fd,Yagnesh Andra,30,Kolkata,self_employed,137898.21
ae69a002-b800-49a0-9d04-0eeed2d07d43,Rachit Mody,58,Hyderabad,salaried,20520.0
39bd61d6-9e6e-424d-95fd-96be90d316ce,Raghav Agate,53,Jaipur,salaried,32963.96
34b74039-05bf-4d43-a6ee-0448f267687d,Irya Jain,44,Jaipur,salaried,25376.75
94b3a54d-a4a0-49f6-b7f3-e405f536dadc,Avni Hayer,36,Lucknow,salaried,14281.66
3d0d59d4-b053-4f0e-9359-5fc64548fa16,Divya Swaminathan,53,Bengaluru,self_employed,46264.19
09701b10-8421-4a70-adf3-8894e279d496,Jhalak Dara,32,Lucknow,salaried,34170.78
03a90343-2268-400b-9a30-5b9775677e28,Rohan Narayanan,30,Ahmedabad,business,285530.68
800ec3ea-d93e-4890-8669-4ca1be7d73fe,Naveen Radhakrishnan,23,Chennai,business,129021.01
fea4eb23-530e-4d62-ad79-e9ef69c822cb,Kritika Kanda,35,Delhi,self_employed,23934.33
860f7794-05da-4444-84fb-c198692b0ff4,Raghav Goel,35,Mumbai,salaried,91770.51
6d3e0ee8-3b34-4389-8cae-ef081ce07b59,Neha Mutti,54,Kolkata,self_employed,115234.4
93c212f0-4cef-4316-9dbd-695e17cede67,Unnati Sant,50,Mumbai,salaried,48583.97
62a04fa9-6b4d-4d61-a606-8d479d1afa9d,Ishita Vyas,62,Kolkata,salaried,32427.37
39444beb-c8dd-45c9-a59c-7f82d06bff90,Girik Mani,54,Hyderabad,salaried,22477.73
ea45a50b-7daa-4c18-9b87-926e3a7e44ca,Gautam Chatterjee,37,Lucknow,self_employed,37776.98
b240330d-1ab5-4fd1-97fc-9f908e9502c1,Chakradhar Hari,32,Pune,salaried,62590.85
16e57ac0-9765-4d0c-914e-b8ba5f1a2897,Naksh Dubey,44,Lucknow,self_employed,183360.68
82a8c609-c0bd-4bc4-aaa2-1b63d9dbb911,Netra Shah,25,Jaipur,self_employed,144389.6
ba79aaa1-ebf1-4202-800f-584d0037e0c6,Jairaj Natarajan,35,Jaipur,salaried,28440.67
7745d6da-635c-4d7b-ab6f-8e1557b202cd,Jatin Parekh,43,Ahmedabad,salaried,20747.71
e5f6b143-99d3-40ad-b4c2-e63cda610619,Azaan Pal,59,Mumbai,self_employed,54101.67
e5ba571f-b4cb-4999-b23a-ebb1a79f00d5,Dipta Sood,29,Ahmedabad,salaried,14999.62
6604903c-ff3a-470c-b869-0fd27c15ddfa,Lohit Mangal,25,Jaipur,salaried,42684.19
29bc0e65-be6a-4438-847d-6b3d6e65a705,Neelima Roy,34,Bengaluru,self_employed,44208.76
de9b3ddc-3c41-4373-84d1-645221e1ea43,Ayaan Dey,44,Lucknow,salaried,28766.93
5a5f807f-5600-41ab-b238-14a496cd5425,Siddharth Oza,28,Chennai,self_employed,16053.91
62f8cf70-14e5-48d1-a094-8b946feaf944,Hemani Keer,42,Delhi,salaried,46948.2
d4559769-9ec1-4b30-a0cf-110d17a62c86,Bina Date,51,Ahmedabad,salaried,27823.87
01cd94b6-61e9-4c52-b7ae-e11785842ca4,Adya Jain,31,Pune,salaried,20232.42
501681a5-4107-469c-a5b0-e52b066b63de,Aditya Jayaraman,23,Bengaluru,salaried,12000.0
df8e2272-3f4d-4baa-b839-4abda8a27d83,Thomas Kamdar,31,Bengaluru,self_employed,48085.67
aefedb63-2717-4bd2-bf21-09d6d5d597fc,Bhavani Bail,23,Lucknow,self_employed,169494.56
2892235a-8538-4d5d-bfc7-9366784df6c1,Avi Nori,31,Hyderabad,salaried,83335.47
09a2c30e-efee-4295-8e2b-20f0d79a475c,Dev Gopal,54,Pune,business,48465.79
23a503fa-0beb-4a45-914f-930c1b199147,Adweta Sani,57,Mumbai,self_employed,32159.13
6b30349f-e223-4d60-8840-22974605f830,Peter Khalsa,39,Delhi,business,111513.04
62894d2e-7faa-413a-ba01-2805c7c60a28,Aarush Chandra,59,Ahmedabad,salaried,22044.25
35ee556f-e246-440b-a9f5-928a2f4bc022,Gautami Hora,31,Chennai,business,95952.9
3caf869d-dc86-4536-a17a-4214bda3c9f6,Guneet Ray,59,Bengaluru,self_employed,83805.69
1832b9ff-40e7-4907-a7b7-73def094ccf6,Kai Kapur,32,Lucknow,self_employed,115711.26
8430ecce-746c-4b18-8aae-9f07eaf566ef,Orinder Lad,37,Bengaluru,self_employed,45701.76
26909e91-8194-41dc-aaf0-6e3fbf2774bf,Hitesh Jhaveri,42,Ahmedabad,self_employed,42507.18
06a24971-a6ce-4618-9243-7ed6e01787d8,Harini Subramanian,25,Chennai,self_employed,26513.58
e763ba95-92f5-4cde-a48d-3822ae410779,Vihaan Lad,29,Delhi,salaried,24018.02
1ce3d618-64a2-43b1-af0f-6b96043c1194,Vasatika Bajaj,54,Jaipur,salaried,32427.45
67ddbc58-7bd4-4c58-a4a5-6bb772032482,Hemang Khare,30,Lucknow,self_employed,63395.99
79819cc7-3a69-4814-9a37-fd6d0b863373,Zaid Cherian,51,Lucknow,salaried,57342.21
f586eee8-6e6d-4b84-bcb4-7f2d8cbea037,Rajeshri Memon,55,Jaipur,self_employed,27938.89
d154cc4a-6d01-43b8-a410-20648abe757d,Qasim Goel,26,Ahmedabad,self_employed,139369.23
14307cc4-4dca-4258-a91f-6fa466d3db05,Ayaan Wadhwa,59,Jaipur,self_employed,40546.85
a4deb11b-107a-4ccd-a5b6-865adaf26c1f,Shivani Suri,62,Pune,self_employed,48293.05
f649aa26-8bd0-4716-9d17-720b68d13050,Lucky Jhaveri,44,Mumbai,salaried,24994.08
be7f6119-d49b-4c18-882e-8d18fca0e47e,Balvan Rajan,48,Chennai,self_employed,12000.0
78696915-6166-4009-bbba-ad6c2d6c7347,Bhavya Kakar,51,Pune,business,162046.86
5bb6c15e-a546-4e8f-9e40-c0f5b7cf3bcb,Sarthak Lanka,57,Delhi,salaried,52492.31
7b0876d4-1f5b-452a-af7c-678dc7a85cf1,Lekha Balan,37,Ahmedabad,salaried,31550.23
0882b2e8-e0db-405d-b47a-701f41201175,Anya Khalsa,26,Hyderabad,self_employed,51374.31
decebe03-0efd-4cd6-b56f-f1a1feb3d90a,Hemani Savant,55,Pune,self_employed,70344.33
224017d6-4b14-4087-ae73-11a938f23c70,Tripti Batta,21,Mumbai,salaried,16626.07
a8d760a0-b09e-48a8-b65b-a9d1d34cf769,Eiravati Lad,28,Jaipur,self_employed,33848.95
e9e6a4ac-3727-46ea-af39-2521de938308,Oni Jayaraman,62,Chennai,salaried,54021.23
85ea174d-3455-4c00-b5d5-883dc8cbed3e,Yachana Narayan,41,Pune,self_employed,20373.64
9c10344c-72c4-4f0c-8ffb-0a9574a1b0a3,Keya Mohan,30,Pune,salaried,42056.91
50b4a7d9-8437-401b-b8f0-186e4607461f,Leena Choudhury,37,Hyderabad,self_employed,18965.8
c70adea3-26fb-4b4c-b839-7ce27542d5b1,Anita Modi,48,Lucknow,business,111278.01
2c7906d4-cafc-4f85-a079-97316e3e13b2,Kashish Hans,38,Pune,salaried,35674.07
8e640f97-3f16-40bb-b12a-bbfd556603c3,Rajata Biswas,47,Jaipur,self_employed,15825.97
45c9a7a6-15eb-462d-8253-cd5b259e1926,Watika Sachdev,51,Bengaluru,self_employed,110781.77
90c5a60c-572f-4332-9285-531cd84f8b29,Leela Thaker,56,Ahmedabad,salaried,25152.29
ae18a173-48f8-4f8b-b531-5e35674d8397,Netra Bansal,40,Lucknow,salaried,24218.54
3a33d7f7-583c-4d34-b4ba-630c927ce4a5,Aarnav Ratti,46,Bengaluru,salaried,40146.26
96fd185d-6a47-4823-88e0-ae30eda85dc6,Yahvi Mallick,28,Chennai,business,205617.64
d9c0868b-28e4-4356-bf00-e806d2f7ed76,Vihaan Baria,31,Delhi,salaried,21852.9
65b7b201-f350-4ebe-b635-136f40559f17,Anamika Johal,46,Kolkata,salaried,37452.92
1e2177e5-7dc9-4f43-a51e-58ecc3e4078f,Mohammed Vig,60,Mumbai,self_employed,66182.51
414193e1-6d8b-4d17-9627-702f0442faa5,Rishi Bhardwaj,61,Mumbai,salaried,51356.81
f818a356-a3a2-434e-9007-3d5243206fa5,Onkar Tella,30,Ahmedabad,self_employed,55465.09
d48de228-2f17-459a-8ac5-f0286da6bea2,Megha Arora,48,Delhi,business,52558.12
9aaa81c3-69e4-45d0-9b07-b753d2334e62,Vrishti Shere,35,Kolkata,salaried,24009.5
2d1b0e0c-18ed-4841-bc0e-a2cc65e6c0cc,Ridhi Sangha,23,Pune,salaried,37913.86
5e8cc0b7-7187-4ca4-977f-d15ba083f1d8,Ekaraj Garg,46,Lucknow,business,27863.56
84de09d1-47b0-4b6b-9069-2a1909de8751,Riya Vyas,39,Lucknow,self_employed,12000.0
b4c30725-b504-4567-be1a-2dd69dfa59e7,Eta Andra,32,Ahmedabad,salaried,45174.13
a185756e-23da-477a-b267-3f84f654439c,Janaki Shanker,33,Jaipur,salaried,57066.21
b5253298-acc1-4e26-824a-b4da608e9bce,Sanya Balay,23,Lucknow,salaried,12000.0
c0850ba7-9018-450c-b4b2-a0c8424952d6,Luke Modi,35,Lucknow,salaried,21919.56
2e33cb67-5039-4dbe-8e5f-7a0cf30027aa,Yadavi Khurana,23,Kolkata,salaried,49492.54
609de3b4-b324-4a93-9466-a0fc6d11fb4e,Hemangini Singh,21,Bengaluru,salaried,101594.81
c3cf5adb-db46-42fb-971c-a7d3a797ec40,Upma Kala,38,Pune,salaried,36695.04
2712a7e7-0232-4117-be72-884da39cd105,Chakradev Karan,46,Pune,salaried,25235.29
2da0e2a2-d725-493a-aa6c-7dc02a0fc2b3,Samar Gandhi,54,Mumbai,self_employed,43129.93
9b7173b2-354a-4ec9-8fc3-416eabc32836,Banjeet Keer,25,Delhi,self_employed,128336.82
b79762d0-5fc8-4487-825b-7b640bcbf9c9,Chanchal Dhar,56,Lucknow,salaried,26291.95
c8eca0b0-2a56-4384-9825-214b6767eedd,Jai Mohanty,38,Chennai,salaried,24352.85
ef022db7-fcd2-493c-8a1e-8ca1b1fc4851,Lila Chana,33,Ahmedabad,self_employed,34964.19
1fe798be-d52b-45f7-8821-7bfd88e06306,Sai Karnik,57,Mumbai,business,31008.12
1f7749f9-fd8f-415f-a188-374168ab8378,Frado Chandra,47,Jaipur,salaried,38612.65
2f016387-4a1e-4c21-82c3-75b0652981af,Bishakha Guha,25,Jaipur,salaried,81825.09
44cb8381-4949-48e4-a4d0-5c7c797748d3,Zaitra Lata,28,Jaipur,salaried,42682.3
7a27369b-c0e3-454b-a1db-1bb857364ed1,Bakhshi Pai,55,Lucknow,business,58272.28
a0a2c51f-5893-489c-ab22-3a576a362bc3,Thomas Oza,49,Pune,salaried,31385.28
2598c3a7-2670-43cf-9b18-fe508f236e79,Ekta Behl,36,Kolkata,self_employed,16411.97
25aa693b-b691-40eb-83f6-1c91540aaf3d,Upkaar Palla,50,Ahmedabad,business,161910.47
2b0c2431-8c41-4b4b-9868-a892d8d78e53,Krishna Deep,22,Ahmedabad,business,68182.73
52447944-052c-47f2-9bdf-5ac82e721947,Chandresh Nagar,25,Pune,salaried,33181.91
6c3975ce-cc2d-4f4f-85a3-d28dc46c446e,Maanav Mallick,35,Chennai,self_employed,458252.35
a094c60e-0d93-4485-b8e8-e002815e539d,Ishita Tiwari,47,Kolkata,self_employed,60423.12
f1f2bdcb-1bf9-45f9-9237-71cb3df8c053,Qabil Dugar,21,Hyderabad,salaried,24936.91
ca66f115-0622-4905-94d0-11d2ec4e05c7,Amruta Sandal,26,Pune,salaried,29343.35
26fd8c1c-d6d6-43fb-9234-b3cc9a58058b,Eshana Vig,42,Delhi,self_employed,109525.43
792be718-911c-420e-b32e-0c2139b826aa,Ekta Agate,32,Ahmedabad,self_employed,53065.87
a353af8b-1361-4c3e-b188-a1c9ede9a9fc,Jagdish Mander,34,Lucknow,salaried,17691.88
49b55313-6bbf-4d79-96a1-4ca8893f7295,Frado Gour,33,Ahmedabad,salaried,57504.27
9b6b3998-890b-4831-9c0b-076aa3090250,Isha Chaudhuri,36,Chennai,self_employed,30708.63
2b3c96bb-0fcf-450f-8cf1-ec72ead2a77e,Nidhi Bath,34,Chennai,business,394734.24
8fa90cfd-45da-4206-92ec-297480e1d3a7,Oviya Johal,36,Lucknow,salaried,62319.15
204c5c22-ca1a-4546-821f-ce6f84b6a8f4,Nakul Srinivas,27,Delhi,salaried,29037.37
3715c38e-b819-404c-879f-6c3c7201cba1,Hema Bera,52,Lucknow,business,231634.21
115abbb8-4abf-4d96-88da-9621fa217f30,Saumya Wagle,55,Mumbai,salaried,37568.75
2f9f2beb-b2b6-4059-955e-c3e0d402de66,Gunbir Bath,44,Lucknow,self_employed,89048.96
39908582-99b0-43f1-8f3c-a3ff40f4f2c0,Charles Sem,57,Hyderabad,salaried,46275.43
4cf2be00-9d7e-4e22-9df1-964bf64fd9d0,Daksh Ghose,53,Hyderabad,salaried,23785.27
49ee81e4-6b90-43fc-84e5-4384f03cd269,Gagan Mangat,57,Bengaluru,salaried,26323.7
744cf02e-36cd-43de-97ce-6ff7fa3ade0b,Kiaan Mahajan,48,Ahmedabad,salaried,60777.83
c61da434-81ac-4ad5-9196-c880b32a7622,Udant Bhattacharyya,23,Jaipur,business,54106.1
55f72059-7eaf-4d26-a439-077d0a00c71b,Niharika Tailor,32,Ahmedabad,salaried,29678.43
1dfc436d-813b-439b-8b60-dea10b78ca1d,Atharv Grover,54,Ahmedabad,business,30958.09
92164f47-2c23-4b4d-a11f-191890ed139e,Forum Hegde,21,Mumbai,salaried,44882.33
52ebf587-7fbf-468f-bd23-4c3b08e58853,Orinder Date,45,Lucknow,self_employed,207682.85
1d598a0c-859c-488f-bbd3-dbfe5f2c21c5,Netra Mand,44,Lucknow,salaried,21295.13
fce8829e-894c-4ddb-bf9a-0428a8ab389b,Amol Nagarajan,32,Jaipur,business,74742.0
017c4e59-c765-46ba-8e6f-229a6f024e89,Radhika Krish,38,Ahmedabad,salaried,73578.66
ff9aa2e4-082a-4d3e-a426-2ecffb6af57d,Ekiya Nori,42,Kolkata,business,68072.1
14cfde94-ea0d-470c-a060-b0cc8f93ea48,Isaiah Divan,48,Chennai,salaried,45532.69
497b5084-335d-408c-ae77-64e545265feb,Lila Gaba,44,Kolkata,salaried,21349.92
a926ea68-a722-4564-bf87-af90b3fe37ed,Vedhika Zachariah,38,Ahmedabad,business,107524.76
f010d667-c3c4-45e0-b90e-d007c399affe,Ranbir Ramakrishnan,29,Lucknow,salaried,33071.52
893e2209-7226-4e9e-8d4a-19ffe0e553c9,Unni Raj,27,Hyderabad,self_employed,97734.61
5ef2831b-2066-4717-a544-5aef73b3a774,Manya Ramaswamy,56,Pune,self_employed,112551.96
3b064d3b-d281-4e16-93a8-865f533a27af,Yashasvi Raja,33,Bengaluru,business,600000.0
db8c713e-1e28-4f3a-aee0-ad2d2d7b17f0,Samaksh Sidhu,30,Ahmedabad,self_employed,73551.65
febe7692-19f0-4ded-b3d1-6615fcadf4c0,Krishna Sarraf,32,Pune,self_employed,61577.84
b62c71c9-51c6-430c-b3e0-495adf7338bd,Vrinda Zacharia,61,Jaipur,salaried,40022.3
69924336-7a4b-4ec6-8550-3704d9e12fc3,Gaurika Tata,41,Ahmedabad,salaried,30437.08
7a50776a-901f-4120-93c7-5bb5b48edd37,Abhimanyu Shenoy,56,Lucknow,salaried,43012.32
b692b6a9-1f78-41ab-a1f0-e803b9e9615d,Rayaan Khare,27,Bengaluru,salaried,31328.99
6b9ed1df-3741-4f8e-ba77-079eba0bcb56,Veda Taneja,37,Ahmedabad,salaried,39506.89
2042fc3e-e6ed-44f5-9eec-5a8786acc886,Siddharth Bhavsar,27,Ahmedabad,self_employed,123292.92
320b89e9-c0f0-43ee-80ea-5270a7d73da1,Jagdish Chauhan,37,Kolkata,self_employed,24231.78
15fc651b-df1b-40ce-95a8-6b715a204fc3,Baljiwan Varkey,56,Hyderabad,salaried,64211.61
670e0703-1786-4d70-aa10-987b75be4c0c,Zashil Kulkarni,47,Delhi,salaried,70161.68
b85a6e56-faa9-4b79-9051-6f4f89e688a9,Neelima Bawa,59,Chennai,salaried,34233.7
61508ef5-9e78-48ae-a20d-9b19e7940662,Dalaja Randhawa,62,Jaipur,self_employed,12000.0
8aec7a0b-7cd2-485f-886e-931b085add02,Unnati Goswami,39,Kolkata,salaried,26798.17
33644fa2-e22d-49e6-8033-186df64ea91f,Zansi Seshadri,53,Ahmedabad,salaried,69459.37
54c5c4ab-2075-476f-b1be-4e860e76909c,Hamsini Mitra,49,Delhi,self_employed,48242.34
b18dbb9d-2871-4c27-acfe-5b9ffc80224f,Vedika Rege,39,Ahmedabad,salaried,22034.15
5a20530d-00ac-44c5-b447-ae40a2846767,Nicholas Kumar,30,Bengaluru,self_employed,34429.1
e85e34a3-c26b-44a2-b7ac-91ec0f557dc8,Jatin Chahal,42,Pune,self_employed,88294.58
95f4fd0f-8c0d-4986-95db-a146cd51edea,Samesh Kanda,57,Pune,self_employed,71877.14
32433b37-1761-4e02-ae97-a99f22c9eff6,Yochana Keer,25,Delhi,self_employed,41470.91
dd747692-67aa-4049-b5a8-0a62aa3d157e,Lakshit Saini,35,Kolkata,salaried,30229.93
9f4b31ad-6f74-4ba5-b949-63152195603c,Tanvi Keer,39,Hyderabad,salaried,29855.4
ff051fa2-9173-4189-bb2d-dc37a45cac34,Sanaya Kulkarni,46,Hyderabad,self_employed,25701.71
fa570b5c-b9ed-451d-b8fa-2ce0e97c6e66,Arjun Nath,44,Lucknow,business,312962.33
a2b984d5-c788-46e6-bdc8-cd54647e26a8,Urvashi Koshy,49,Pune,salaried,30910.15
2216c1a3-d257-4e53-98f6-937545f7593a,Gaurang Saha,22,Bengaluru,salaried,66741.3
8bc7b4b7-c774-4f56-b3ea-b2ab7ac32f3f,Prisha Chaudhry,37,Delhi,self_employed,142190.25
15967dc9-81ac-4019-ae54-ebea1bb7bf14,Hredhaan Behl,46,Delhi,salaried,59823.6
f4d06a1f-dde0-4d17-a2e1-8f4e6b4eaacb,Harish Krishna,51,Jaipur,salaried,29266.24
92ef35f0-4102-4e41-af4f-c25289663d75,Vrinda Bhalla,46,Jaipur,salaried,44438.66
1d90a8d1-cfa2-46e2-97db-8382c44ea27f,Libni Balan,26,Delhi,self_employed,48197.53
167d37da-eac9-49ce-8a9c-10dcec8ed6f1,Tarak Khosla,30,Delhi,salaried,23112.97
f40916b7-6af6-4cc1-87db-99a4435c7e49,Onveer Koshy,45,Hyderabad,self_employed,61515.93
3a212a24-4f01-4988-b3c2-89cace247fc5,Neel Kulkarni,39,Ahmedabad,salaried,20140.34
c7d8d9da-65a1-4dfa-84fe-2e2ebef3cafc,Zaitra Mutti,29,Jaipur,self_employed,112575.07
28d235d5-6547-40d6-8a65-41d6f642bf13,Naveen Mitra,22,Mumbai,self_employed,35410.65
f371ebd8-25c4-42ec-9fee-89a34ecfc04c,Liam Dutt,41,Ahmedabad,self_employed,56433.13
4a3c5dbe-c81d-4ea4-a9c6-ee1a68ae3eab,Max Varkey,55,Hyderabad,salaried,41841.5
b082e9da-7993-4f47-adae-9204601bcecd,Joshua Palan,29,Jaipur,salaried,31905.94
48fd4cc7-332a-405d-88c4-28be14658bf9,Samuel Saraf,59,Ahmedabad,salaried,48695.74
a6b5be1c-5d8c-4fe4-a180-b4d98b6471ad,Tamanna Anne,61,Lucknow,self_employed,35156.59
d9d70c22-8f39-4427-9f07-e29c430f06d0,Adya Merchant,61,Jaipur,salaried,56142.52
d4f935df-9d95-4e8d-8dfe-f08e556f55e1,Faras Minhas,43,Ahmedabad,salaried,18527.48
71476e26-21b5-4588-8569-ff7fbeefdfca,Pavani Venkataraman,26,Ahmedabad,salaried,38684.33
13618573-f683-4055-b728-aebcd607f56a,Veda Prakash,47,Hyderabad,salaried,95746.99
401b7843-b53b-4aa0-a387-dce2ea32f0ab,Girish Bains,21,Mumbai,salaried,22022.82
f40700a5-61a9-4950-9a02-fbe53df5b322,Ekavir Dube,29,Kolkata,salaried,25877.46
f3a1090a-9a5f-495f-9325-179134308dc2,Vedant Khare,55,Mumbai,salaried,46955.42
9dccc05c-c8fc-4cbb-b8bf-16c28b2390b8,Geetika Saxena,52,Ahmedabad,self_employed,55587.14
3a92c19d-8721-476e-a661-e470d753e54d,Gaurav Viswanathan,48,Hyderabad,salaried,43274.34
de6ca842-ca9a-4426-91fb-2a56a68e59ff,Robert Pillay,21,Jaipur,self_employed,69039.29
9010499f-3b5b-457b-be2e-d4f73e69cd6a,Isha Sharma,47,Jaipur,salaried,49879.27
7b28c5d8-f7cb-48ca-b449-1990eaf08e1e,Tanay Kari,36,Bengaluru,salaried,63249.97
72a92e1e-7d68-4b9e-90ca-391fc1335d8a,Charles Oommen,62,Pune,self_employed,65308.21
22f8a298-c66c-43ed-aa00-2ff5738bd461,Urvi Venkataraman,35,Hyderabad,self_employed,41403.46
fd35bc6a-1e51-4a77-b03f-ced599a389ae,Wriddhish Bumb,61,Chennai,salaried,50832.28
1f0a4df3-32a4-4d28-b142-47a0df6db8b8,Yoshita Dutt,60,Hyderabad,salaried,93895.8
5c7bd647-236b-4376-9a8c-78833cda8108,Qarin Saini,55,Hyderabad,salaried,33985.29
a0c1b6a7-7cb2-4b23-b71f-d9d976ca838d,Jeremiah Rattan,25,Bengaluru,salaried,22308.77
e8212dd4-1b41-4537-9cab-3ad279cabac2,Madhav Chatterjee,28,Ahmedabad,salaried,63167.19
f790a8b5-94e1-408e-8ebf-22ded114dea8,Aishani Dora,38,Lucknow,self_employed,45059.23
f6fa3838-fae6-45b3-8515-547438a4ba4d,Wazir Agrawal,41,Mumbai,salaried,12254.71
c04a87bd-2728-454a-a309-136e3e3ecd09,Onveer Gandhi,55,Mumbai,salaried,55476.28
93a908a1-009d-4d37-9f40-adcaecbbd761,Samarth Kunda,27,Hyderabad,salaried,27787.34
9727fe89-b495-45b6-bb57-80b9402dcb42,Anika Konda,49,Mumbai,salaried,34708.27
9554fc5a-3f9e-405b-9623-14694a69dc91,Nathan Kamdar,30,Mumbai,salaried,42872.68
1b6404f4-2064-49ee-8fd1-43ebd6b4e1dc,Bimala Memon,42,Pune,salaried,39944.64
97f63fa5-1ede-425b-83e3-0d04449592f9,Aishani Sampath,52,Kolkata,salaried,51778.27
5e1ea508-0706-4796-9d83-7254e8d65948,Ishita Sankar,23,Kolkata,salaried,29209.72
38344fd2-ad8f-4460-ad98-c297961fa967,Gopal Sankar,30,Mumbai,salaried,46936.59
f38820d8-2c5a-4caa-8232-11f92272959c,Victor Ramanathan,46,Delhi,salaried,31895.71
b1a5e917-060c-428d-b7dd-b1f49a498968,Chanakya Dyal,32,Chennai,salaried,52543.95
a1e76c28-2835-409b-998d-a0a37052c8ba,Abhiram Sule,37,Pune,business,127240.05
6bdea5d8-44cc-41c3-8e61-936836f487af,Madhav Nazareth,28,Chennai,self_employed,25468.38
545f14fc-67d7-4348-bcff-1acf4f2f6d84,Ekta Varty,49,Chennai,salaried,62504.33
3c4dbcd9-684f-4b73-9b78-418cbbd101ab,Reva Shetty,23,Chennai,self_employed,33685.6
8f29a6c9-6b35-4ef8-8aa6-3bd610af5726,Yuvraj Walla,27,Jaipur,salaried,54395.08
4aec2b54-3720-4705-967b-50450e95ef33,Saumya Cheema,34,Ahmedabad,self_employed,63392.52
610f37ea-b77a-4e54-8d97-5257ad11f0c1,Nicholas Pathak,40,Kolkata,salaried,91043.42
a08ec97f-21c4-47ad-98fb-574a2a2d1564,Falan Dalal,23,Jaipur,salaried,32476.34
f4998bbf-321b-4e35-8d0d-de51ab7c3248,Geetika Ravi,37,Ahmedabad,salaried,30495.72
e5676e64-0481-402c-98c0-c8a0dba1671b,Amrita Prasad,33,Kolkata,self_employed,48358.93
18f9a648-c6ef-44d5-b369-d459fa74584c,Aahana Dewan,34,Delhi,business,55666.74
fb5a257e-05ab-4c9c-a16f-50c8f2bfe403,Abha Gole,48,Kolkata,salaried,54174.79
4eb41e26-c043-4f44-9a05-8e956901016d,Janani Gupta,38,Lucknow,salaried,16185.07
036ae653-4918-4756-9109-5187b70f392a,Oeshi Toor,36,Mumbai,salaried,21443.11
567e6bc2-f40c-492e-a7e5-e3e87d4d6247,Manya Goda,58,Ahmedabad,business,27972.51
a71568e4-da11-454a-b2d9-6b8110d4f00b,Pavani Bakshi,30,Kolkata,self_employed,95341.01
29f63e2b-3e63-4b82-9700-7bd9752c23cb,Reyansh Atwal,36,Bengaluru,self_employed,162336.94
f167f18c-2a98-4f36-8ba1-da93dae07e09,Banjeet Chaudhari,60,Kolkata,salaried,34467.61
2f03c2bd-bfd8-4c2a-9b35-0642fa9de9c7,Arin Madan,61,Mumbai,business,62821.99
eb4cdfff-d691-4a71-9811-abd3ce859c0a,Karan Kashyap,62,Bengaluru,salaried,37610.03
1ae65079-e7d8-4dec-946c-402bd424f50e,Liam Bumb,27,Bengaluru,self_employed,110560.13
7451e30b-15ad-4113-8ccd-d1e3a2aaeec6,Mitesh Pant,41,Jaipur,salaried,22841.25
beb7eacb-7be4-4401-bea1-45c174b838cb,Lakshmi Dugal,43,Ahmedabad,self_employed,57922.33
44b2aaee-453f-4876-b65f-4f8cb4b7a9d1,Dev Naidu,22,Pune,self_employed,97016.69
c4194e52-b7a1-4d72-a04a-f735835492c4,Imaran Anand,29,Hyderabad,salaried,46655.55
84a972a2-9b77-413b-abfa-c3617730ffdb,Yuvraj Nair,52,Ahmedabad,business,86735.93
7aa1060b-c454-4516-9605-75d906951e34,Alka Murty,55,Ahmedabad,self_employed,98788.08
31f3a834-6a8d-4843-89bc-ba5dac1830f7,Ekiya Rajagopalan,32,Jaipur,salaried,12000.0
74e8414c-ede0-4c06-b397-9469dbe13b50,Vasatika Sabharwal,50,Hyderabad,salaried,50967.2
6c12739c-c15e-4086-abb3-181e63692639,Yasti Dada,59,Jaipur,business,40592.23
5f98b207-b2ad-420f-97f2-10881454c184,Gauri Hegde,54,Bengaluru,salaried,14540.36
5c78a36a-5499-42bf-8c19-9f69c10f9395,Gaurangi Dugal,37,Jaipur,salaried,46891.95
e75093bf-017a-49f9-a058-f8de0621851f,Odika Bava,21,Jaipur,salaried,72173.58
8ea393f6-163f-4bdd-92fc-43becce50a08,Christopher Anand,32,Mumbai,salaried,33903.57
70a07dd2-ecc7-4187-aabe-3f81e3d642be,Warhi Date,44,Lucknow,self_employed,95512.48
c214d4a3-b8b6-4b5a-a62b-62cb792981d2,Bimala Panchal,25,Jaipur,salaried,81319.34
f5780b94-0023-49da-ad37-54f674ec8830,Rayaan Shere,33,Jaipur,self_employed,123061.57
af7ffb7e-de85-4afe-8a7c-131da2d5c0c0,Vanya Baria,56,Bengaluru,self_employed,154503.99
44ed2427-0fa6-41af-aa2a-f0682915c68e,Jagat Kamdar,41,Pune,self_employed,82412.24
071cfe43-472b-4dfe-9977-8f6916308c1a,Kamya Sagar,28,Delhi,self_employed,51678.83
57ac7be4-9c54-4b25-9dd9-2c64436d0835,Eta Dara,25,Mumbai,salaried,16301.58
7af50f93-c6da-4934-a313-1c77179258ab,Ayushman Bassi,29,Bengaluru,self_employed,41264.43
27e4d391-0a9e-4e88-8d70-56d4b7c340d7,Vivaan Rajan,33,Delhi,business,34237.54
a0573f6e-e3ff-4b0b-8c12-62ce7f7d23ab,Benjamin Naik,27,Mumbai,salaried,107524.22
ed298ae3-32ad-4fe6-ba1c-72f3161bf545,Pooja Nagy,45,Ahmedabad,self_employed,43342.11
4bad8f19-7822-4e81-b909-d4f2e5148d09,Samar Ram,58,Hyderabad,salaried,38622.97
2c279c95-e285-4589-af92-f31592f72019,Oni Chada,35,Lucknow,salaried,47845.99
1a2f0d1d-6012-45ac-be1b-ce4b28adc608,Mugdha Chauhan,21,Chennai,self_employed,50540.07
7ffdf294-0521-4105-86b1-df8c4aae8ca2,Upkaar Shankar,26,Ahmedabad,self_employed,160578.1
7990881c-60c3-4f65-9e0f-1e6433c2d548,Kritika Deep,24,Kolkata,self_employed,31702.33
d8712d47-40c1-4445-8f34-05cc6219e152,Utkarsh Mander,47,Kolkata,self_employed,56174.89
70e62131-a5cb-416d-871f-357c7ab2c707,Odika Dixit,24,Lucknow,self_employed,29151.76
663dfe2b-7137-4528-8ba5-46c5215d18b2,Girik Yadav,23,Delhi,salaried,18769.5
28fa1331-2a6d-4543-a9fd-38a1d1b86904,Qushi Vora,25,Chennai,self_employed,31944.7
99d1d058-fb3a-4d44-8c96-09f699ef531e,Krishna Ram,27,Delhi,business,70732.96
c653c3d0-53ff-4d59-8f1e-610c556968ce,Mugdha Wason,55,Pune,self_employed,36296.93
dae5064a-f441-4889-8c27-68be91edb15f,Rohan Shetty,54,Chennai,salaried,25688.26
ebfa6362-d3ed-414d-9304-0ab9b163e6a7,Yashvi Palla,32,Jaipur,self_employed,18316.87
249db778-fa40-45da-8d73-e3f9c17668b3,Rishi Raju,47,Delhi,self_employed,46250.43
b738bceb-691a-4bd7-ab73-33d5c56b5385,Vihaan Sawhney,57,Kolkata,self_employed,17097.64
66c88385-f3c8-4c03-b117-19dc38ef7a0d,Nimrat Shankar,48,Delhi,self_employed,83453.02
f2c5c556-567f-4780-94f8-74f727d49226,Adya Choudhary,32,Jaipur,salaried,37843.7
c2a20bcf-55ec-4c19-996a-a278d325f8b9,Wyatt Gopal,42,Bengaluru,salaried,17522.21
db325c5b-7139-43e8-80a9-fd22c962c651,Daksha Chakrabarti,59,Ahmedabad,salaried,31113.45
16b6073f-e737-4b3a-bc17-fdf6bf9df5d4,Udarsh Savant,41,Jaipur,business,37162.64
ccc8770e-3bb7-41b0-8e82-0c674774b5aa,Gaurangi Deshmukh,41,Kolkata,business,97465.82
a830dc54-a73b-4f8c-bae7-7dd352a60d77,Rohan Basak,61,Pune,salaried,70985.1
24c90791-cb6c-40f5-bb0f-986118fabd41,Nidhi Salvi,41,Lucknow,self_employed,13192.18
eedf7c39-d59c-4362-8a39-d478638e74cf,Om Pradhan,55,Chennai,salaried,38465.35
9589cf2a-113d-4419-8306-cdafdc10e07e,Falguni Mitra,56,Hyderabad,salaried,33521.21
5932134e-f904-47b6-b794-ca228dab078e,Jagdish Johal,49,Ahmedabad,salaried,50800.93
6ead2927-ea4c-4789-9f02-17a4c851a937,Xiti Pai,21,Mumbai,business,88599.1
01893a14-4b68-4f2d-bcf4-cab8da66e9d1,Warda Devi,59,Mumbai,business,37168.9
1b5963cb-4960-494c-be86-ea1c0dc807b3,Harinakshi Toor,40,Mumbai,salaried,30960.67
d0856bfa-5aea-41ff-8929-4738c90baa7a,Vansha Subramanian,35,Chennai,salaried,24391.43
985ea8e1-df55-4ef1-9a1c-cec7944e4e85,Chaaya Walla,22,Hyderabad,business,192606.87
4f5d01d5-166b-4041-8e7d-25fcb625f2d5,Benjamin Dhingra,53,Jaipur,business,74546.66
0dc9a0d4-0ef6-4fb3-a679-e1d7e64f28d4,Qushi Bhavsar,57,Bengaluru,self_employed,185504.33
52218472-1adf-4bfb-8eff-5d00d20c0ce0,Indira Pall,50,Kolkata,salaried,35230.58
0a0d33b8-a146-481e-a20f-5eaf04ebd374,Samar D’Alia,37,Kolkata,salaried,25483.76
0d541f33-9bac-493e-b478-a997349f7df9,Aadhya Narula,36,Chennai,business,18725.79
bd19a6e3-5689-40d8-b124-ae58c1ce5f1e,Baljiwan Joshi,40,Delhi,salaried,14741.62
41b037bf-04b5-4b5a-94b6-693df323089c,Udant Pall,57,Chennai,self_employed,16173.1
f76ac78a-3693-4869-86f6-f5a4ff837b4f,Zayan Balan,41,Ahmedabad,self_employed,59100.14
ee7df93f-c6c5-4c65-aee8-b68b814bdc58,Ati Gola,57,Delhi,salaried,46833.9
750bf61d-0796-4891-b67a-88395b79b7a9,Chakradev Loke,40,Mumbai,self_employed,16206.48
d583c59f-8aad-448c-96b5-7cad47aa83db,Bakhshi Wable,57,Pune,self_employed,91722.85
a13f3a7e-39df-45fa-81b8-cf4d97448846,Radhika Arya,24,Kolkata,salaried,28523.1
02b38312-a8b7-40c5-8237-6168789c5a03,Indrajit Sami,48,Pune,salaried,39081.19
d58ffd97-191d-402f-b253-15245529f1f6,Bahadurjit Deo,28,Chennai,business,312074.92
2b97c398-87a3-4be1-be53-e32e541e1e76,Dominic Panchal,59,Mumbai,self_employed,91838.56
60ec5e63-9d38-45dd-84d1-9832e34c95fd,Ojasvi Sankaran,61,Pune,self_employed,40620.52
4db13f7a-2c41-441a-bed2-be1afd0a82f6,Faqid Morar,54,Mumbai,salaried,23257.99
a525f0fb-970b-4e51-8a91-d5ca8f8100c8,Vaishnavi Batra,57,Bengaluru,salaried,12383.15
c9b18fdd-ec75-44e5-a967-d2c7c465ad3e,Aarini Buch,35,Bengaluru,salaried,25347.19
36a69c0d-1d3a-4e87-8888-2606fa09efff,Eiravati Goyal,46,Ahmedabad,salaried,32677.27
f751655f-5075-4533-a4d3-8b61f5d0b088,Krishna Hegde,57,Jaipur,self_employed,24562.45
9b6e356b-154c-42e4-b96c-a3acdd1723bd,Chakradev Barad,48,Hyderabad,salaried,34008.7
89549bff-360e-43b0-bd2f-bb5abe9e2722,Vaishnavi Hari,30,Bengaluru,self_employed,51730.16
5ebdd6dc-f53a-4201-96c5-fd15ccb91c94,Qarin Barad,51,Lucknow,salaried,32453.77
46a1ad69-2356-45df-a776-1ce83daaf399,Michael Kannan,56,Pune,self_employed,31101.09
f0453f4f-0454-46a2-ae18-067973ffacee,Girish Sastry,46,Jaipur,salaried,39510.72
7b63237f-7878-4ade-89c5-5225405d876f,Tejas Chaudhary,29,Bengaluru,salaried,45295.83
c1a28089-d3cd-42c0-aae8-637606aff832,Jeet Desai,33,Ahmedabad,salaried,21053.04
718b41f6-2bc1-42bf-ab88-64ee06317714,Wriddhish Prabhu,57,Chennai,salaried,73531.28
65f12457-dc07-4b39-8c60-be6fd4a1a021,Widisha Joshi,54,Chennai,self_employed,45751.89
b89e3104-099b-4586-a1b1-ba9e9c706387,Nimrat Dass,38,Pune,salaried,36659.39
6741990a-c72f-45f8-a830-089a0ddca9f6,Nakul Datta,57,Delhi,salaried,51746.25
2e89c035-d8e4-4f9a-8057-aba4ad4e790b,Balendra Kalita,47,Pune,salaried,40806.97
40f593df-2e53-4f57-9bf4-887b466de490,Champak Dugal,33,Kolkata,salaried,58487.5
5a88735e-dfd0-482a-b1aa-c3f73740aa88,Osha Anand,62,Mumbai,salaried,41921.83
9cd60f70-570c-430b-b2cc-1f790e193009,Maya Peri,31,Kolkata,self_employed,31929.76
0b32bd6f-a380-4965-bff6-7912460ba9b2,Leela Manda,49,Lucknow,self_employed,63136.38
05bb8c0b-4d3d-415e-8f2b-dd9439818ecc,Ishaan Cheema,23,Chennai,salaried,20499.11
41cb6cf6-59bf-4147-91f4-33d4049228c3,Krishna Sampath,44,Bengaluru,salaried,38341.18
21a5ef06-328c-43ac-819c-5e38709e34a1,Jack Radhakrishnan,26,Delhi,self_employed,47893.69
80ffaa23-11e7-43ae-aef3-2c3de382c067,Dominic Bajaj,36,Lucknow,self_employed,42375.18
a28bfa8f-04d1-497d-9b28-96c5f088e7c5,Varenya Trivedi,39,Mumbai,business,65141.44
ca89bc25-6ddd-49e9-ae93-7fa1a0e21397,Girindra Rajan,28,Hyderabad,salaried,14172.74
e3e9fb16-cd7f-4f91-820a-f7a79ba17a2c,Abdul Narain,22,Kolkata,salaried,27601.84
6de6f1d8-fad0-498c-9c54-6631fef87d86,Tanay D’Alia,55,Chennai,salaried,38041.1
463d8ad8-7258-4bcd-a621-6365a8f0d4cb,Aradhana Palla,54,Hyderabad,salaried,39337.29
c9342efc-a024-43bd-9e0a-00709f148cd2,Qadim Dani,60,Bengaluru,salaried,21723.77
cb6b132b-3e42-4972-97ac-617361016b4e,Pooja Chandran,22,Pune,self_employed,118894.94
cece6ab8-64f3-4b79-afa8-a5a91059ee0f,Falak Bhandari,54,Mumbai,self_employed,26733.63
e340e847-6b29-437c-90ab-cbb92ffd9238,Raagini Sharaf,24,Hyderabad,salaried,58966.73
f623abf5-b6f4-4bd5-b671-754baee4a5e6,Qarin Deep,60,Hyderabad,salaried,44963.09
27d9645c-c617-413f-922e-bb05843c27c3,Nathan Patel,62,Mumbai,salaried,26288.49
db2aa99b-0a58-4372-8c05-d3b6a057f915,Leena Chand,38,Kolkata,salaried,88225.86
48c8cf2a-f599-4345-8463-78e33b04ef50,Rayaan Chakraborty,22,Hyderabad,business,24977.4
a48eb92f-0238-4e7a-a32b-2dbeb9066c67,Bhavika Ahuja,62,Pune,business,167248.96
b76fa3c0-c324-4f2f-9451-1a298870a8cc,Charita Rajagopal,45,Jaipur,salaried,59891.58
83c79cfb-e4f1-4a91-aa52-d3c5fe430176,Jatin Mohanty,27,Kolkata,business,39992.28
7a319524-10d1-4538-9e24-f3375ffde572,Chasmum Bora,59,Jaipur,salaried,72855.45
24f937ec-c1d4-4ea2-adad-09935fd437d0,Samar Verma,33,Jaipur,salaried,32047.57
98acb5d3-8a5c-499a-bf30-fa7b9c24a708,Aadi Nagar,56,Mumbai,business,94828.4
08b5a43a-9840-4ca1-abc1-c834f944bf2e,Vansha Walla,54,Hyderabad,salaried,41363.78
c2d1543e-9c80-40dd-ba47-2df9bdea317f,Megha Sunder,46,Bengaluru,salaried,33956.84
1a478653-11a0-46ef-9b49-24b2c4c858da,Balvan Bassi,43,Kolkata,salaried,54469.93
8fe94ea0-6060-40ff-9dc4-d0423f7e8a66,Harsh Jain,36,Jaipur,self_employed,85429.1
d800e9bd-2387-48be-a98c-051432d36b49,Ansh Kala,24,Hyderabad,salaried,15149.67
7edc3b6b-066c-4280-b03f-3ac070c5fcab,Omya Dara,22,Jaipur,business,236547.95
948f33ac-ebbc-4bcc-848b-85c4696aaa79,Orinder Sengupta,35,Bengaluru,business,16379.03
f66be7c5-4f5a-4d8c-883b-b8549f435150,Nidhi Butala,46,Bengaluru,salaried,60856.45
d0189bb7-2a5b-4e02-ae9f-6e06f8290eb4,Osha Dugar,45,Jaipur,salaried,63790.05
780926f8-c684-4b48-b1b6-9d8dd5bb8c11,Aarini Sandhu,60,Chennai,business,27395.4
542bd877-88d6-40c4-be1c-1cccfb59c35a,Yahvi Gour,57,Bengaluru,salaried,29572.28
e3f487e2-6877-4c8c-a3be-c3e53fbc1f4e,Nidhi Solanki,40,Lucknow,salaried,20892.54
0c12fc92-76ee-4acf-b104-3afb63f2d789,Charles Dash,55,Bengaluru,salaried,32615.39
3e1dc232-1867-49bf-aea8-301816157963,Rohan Sabharwal,29,Lucknow,salaried,31131.73
a6785c1c-459b-438d-8b55-5007e4bc31c3,Prisha Gade,33,Bengaluru,salaried,53628.2
03830174-e3d5-40dd-b369-69acb1ef335d,Harsh Contractor,54,Bengaluru,salaried,69923.31
7bb0a01c-65c3-4e95-9a46-9a7fa5a1c3a9,Janani Krishnamurthy,30,Lucknow,salaried,72972.79
35101e12-7001-4520-b5ec-85227d6276de,Wahab Parmar,41,Delhi,business,44092.67
d030b269-f8d4-469a-9beb-20cb3d99b7f7,Warjas Pall,28,Bengaluru,self_employed,42342.42
32703f2c-cc80-4782-9cbc-4f5fda7b38d3,Bhavini Sandal,30,Mumbai,salaried,15650.86
8c8314ef-d135-49d8-9f65-3849ef814d76,Bhavna Suresh,47,Pune,self_employed,27886.3
c7591ba4-1922-4a81-a4b3-8b4050ceb782,Jeevika Narang,61,Hyderabad,salaried,58831.09
8b898274-53bd-410f-8ae2-9ecc1fc92d37,Chaitanya Wadhwa,33,Delhi,salaried,81453.81
e0bc1505-db16-41b2-9764-63e875b3b1ca,Daksha Rege,22,Lucknow,salaried,19591.0
4f1ccf2a-fd71-4333-9822-3e05c2954838,Alka Padmanabhan,59,Lucknow,self_employed,32379.31
cba670fb-817b-4841-89de-8768620bfac6,Vansha Barad,59,Chennai,self_employed,48123.02
4e182c2e-e563-4f04-87c6-9c8e976f20e5,Zarna Sandhu,22,Kolkata,salaried,41776.14
656d87e7-f32e-437e-8575-b9a2c3c15716,Urvi Gole,51,Bengaluru,salaried,24226.4
438da3a1-b7ef-40ee-9311-ea6d095c79e4,Nihal Pandya,59,Ahmedabad,salaried,44892.7
da706835-9fe8-430a-b8e4-5c4be9bb2ac2,Ronith Sharaf,44,Bengaluru,self_employed,35182.79
3ebf80c4-351d-48f5-b54f-f0935488a49e,Bhanumati Sankar,52,Ahmedabad,business,72185.39
380d6585-482c-4a30-a0ab-d2345527652d,Anamika Sachdeva,33,Chennai,salaried,47721.73
eaaba3d0-4b6b-4a61-a369-c51863b87542,Saksham Dua,21,Hyderabad,salaried,36432.3
2e25dba8-08e0-4cae-aa05-112d5af98220,Rishi Sem,35,Chennai,business,49377.63
06753177-3aed-4969-b838-6b644b7bd437,William Kohli,25,Bengaluru,self_employed,45400.26
4e4e3914-7b30-41c6-bddd-1a19938db74a,Faris Morar,49,Lucknow,business,67539.87
f5fcaee6-262c-41f6-b7b8-87c991ce78b8,Mohammed Khosla,41,Ahmedabad,salaried,30181.8
09a5abc9-235d-40f4-8c36-9d963d167676,Chaitaly Jhaveri,48,Pune,business,57935.38
246bcf40-fa0f-42c0-8af1-09a007c887d4,Saanvi Dani,59,Pune,self_employed,150099.4
f2ca2781-a8db-4716-98d0-d3444cb6c0b4,Ansh Seth,46,Lucknow,self_employed,72594.44
c4f34c89-9d99-4a96-be29-dcb77298072c,Sachi Gopal,57,Lucknow,business,56053.83
34ae0b50-15c0-45a5-9151-b9ad5e9bd63c,Gavin Khanna,62,Mumbai,salaried,51455.73
3bf3700c-a79c-4f17-bc38-f716c8f4122c,Gautami Sachdev,49,Ahmedabad,salaried,30732.94
05e2c3d8-d941-4839-88dc-1aad8c3f7e0b,Frado Bali,23,Chennai,self_employed,111433.94
cf147fb1-2c55-4cbc-b596-c49fe47b5c40,Ekansh Ramaswamy,46,Mumbai,salaried,43687.67
25ec1bba-07f2-46d9-8411-e2ef1a49850a,Girindra Pillai,54,Mumbai,self_employed,45473.66
6bd5a1eb-eb20-4d46-bc25-72327c1ccaf0,Ekalinga Kunda,49,Pune,salaried,45426.84
fd918cba-955d-40f6-b64e-573adcd500ee,Kashvi Arya,39,Ahmedabad,business,17786.79
cebb6cc7-b273-4d6e-958e-b31f2a6a60c6,Tanveer Karnik,39,Lucknow,salaried,20673.67
b2516f6a-6cfd-4364-b058-0a62dee28450,Manya Anne,54,Bengaluru,business,24970.93
57ebbe77-af24-4c8e-87e4-be1519c3e373,Jalsa Rajagopalan,62,Ahmedabad,salaried,39006.03
f6c3605b-1929-4af6-bdb0-677fd7bb94c9,Chavvi Malhotra,53,Delhi,salaried,86358.07
5afbfc15-9aec-4e80-8e1c-2b56839a7971,Vedika Menon,58,Jaipur,salaried,110818.62
4f73ec1f-c44d-4c15-b89e-ba77c7a6ddaa,Ria Mannan,47,Kolkata,salaried,49962.38
2b5d1aa7-d9da-43ac-8fd4-463a4dbf4b7b,Theodore Swamy,32,Ahmedabad,salaried,46649.72
830d37bc-b13b-4c55-ae31-e145660932e4,Qarin Kulkarni,33,Ahmedabad,self_employed,13894.66
3680f3ce-d89d-49b0-9340-6b67e1b591f3,Eesha Gopal,41,Bengaluru,salaried,27685.47
e9dd6c60-edec-42db-8571-3cbfa8474237,Teerth Lalla,28,Delhi,self_employed,28241.6
953ae895-0ef1-457d-8aa7-7f0dafe768b8,Aarini Sarkar,49,Kolkata,salaried,26624.21
91329073-76f2-4e85-8fb8-873ef932bbf7,Samuel Mann,45,Jaipur,salaried,33387.21
191237e3-4af5-422f-a0dc-b1597b45c114,Faris Kakar,31,Pune,self_employed,35225.89
1d3f254d-6245-4f70-a44f-4534f6060253,Max Kashyap,23,Bengaluru,self_employed,12264.82
0c3a1a41-fcd8-4656-a218-d2ac31034c1a,Nathaniel Khalsa,57,Bengaluru,business,143360.72
28a5c5e0-7bfa-4549-8618-66d5d9113e4c,Xalak Mutti,30,Bengaluru,salaried,21239.72
7357c6a4-7edf-4308-abe2-83b02de84fa0,Gauri Chanda,24,Pune,self_employed,57957.94
f87361c1-95b8-444a-b7c9-c7dd10883908,Oeshi Seth,49,Hyderabad,salaried,102440.9
ec8904d3-b865-4399-ba2c-1d88dddbc5d8,Yagnesh Palla,28,Bengaluru,self_employed,25756.2
2288f9eb-8947-470f-8316-75b0652e47a0,Saumya Kari,21,Lucknow,business,12000.0
88e533e0-f0f0-4ac9-ae91-8fa5d9067567,Luke Sekhon,21,Ahmedabad,self_employed,40126.69
f1a52a9d-6796-4fb0-95ce-ba19c2e706a2,Daksha Dugar,52,Jaipur,salaried,62974.16
67c55622-2041-449f-bdd0-5198418d78ab,Dev Nadkarni,59,Ahmedabad,self_employed,193076.78
f9be9577-3a79-4bf2-8a79-e675c0ab3107,Damini Cheema,58,Ahmedabad,salaried,19638.07
74976348-3358-4c75-9268-c5bfed8230ad,Bimala Dugal,49,Delhi,salaried,46553.13
2a72ffef-23b8-4f24-ad33-762d7ed6f6a0,Arin Khanna,21,Chennai,self_employed,35393.47
5a613931-94e0-4d9d-b226-16342785ace1,Xalak Jaggi,38,Lucknow,business,66479.34
c1ec6b57-13d5-426a-9822-d99ec0dc90cc,Raghav Mistry,34,Mumbai,self_employed,312087.96
79e840e8-64e0-470e-b56a-2dd14c6904a5,Hredhaan Bir,24,Kolkata,salaried,17128.77
0f980d07-0180-4f58-8c50-801eb278fd52,Gabriel Bhargava,23,Lucknow,salaried,41227.87
27a3b291-aa5a-457b-82f7-7fa9432d3422,Gavin Mukhopadhyay,40,Kolkata,self_employed,68008.31
231e6245-ee1f-4802-a313-e923eb523ddc,Sathvik Kade,24,Delhi,business,194309.53
6ae61e05-0fce-4994-a641-6a29049623c9,Kritika Basu,32,Bengaluru,salaried,38138.96
9f3f8f6c-4ec8-4e98-8140-90dd0d230978,Eta Khalsa,60,Lucknow,self_employed,60817.65
387ac820-d8dd-4974-8106-3ff33ef4797d,Saksham Wagle,56,Bengaluru,self_employed,37266.35
e70d44fc-4c20-42c3-9308-8113c6a56adf,Darpan Rajan,58,Kolkata,business,93173.09
3e3096dc-520e-4bfc-8b52-2eef0421e0d8,Mohini Mangal,26,Hyderabad,business,53697.78
73e20c96-1dbd-43f4-9a98-9df2069f709f,Aradhana Malhotra,45,Delhi,salaried,49552.4
6b045acb-345e-4cc5-96fc-d58ed1eaff03,Champak Wadhwa,56,Delhi,self_employed,37845.7
4e8184f7-4e24-4bcd-b504-33f293633496,Ranbir Karan,29,Delhi,salaried,43850.89
bf725a0b-00a3-4d0b-8a8d-425ea84c137f,Saumya Mani,38,Kolkata,self_employed,48026.88
557b17e9-61d5-421c-aa09-5fd013c9d497,Reyansh Soni,54,Chennai,salaried,63769.17
a0468a22-0768-4854-8511-7bd38cee6daa,Amruta Ben,60,Mumbai,self_employed,47288.59
d937c23a-a802-40ba-87ac-7ca75220228d,Harini Jaggi,61,Jaipur,salaried,14965.21
c63872fa-b8d1-4132-b3bb-896ddef59f70,Rayaan Chaudhuri,51,Lucknow,business,227687.5
fbfc3b44-4128-4373-9a00-d14818f0d9a2,Saanvi Lal,39,Pune,business,32365.26
912b98ed-16f4-48b7-9132-ac059c5cace9,Qushi Gola,41,Hyderabad,self_employed,31019.26
26d31308-de0b-4622-845a-61eef1f09e58,Jalsa Bahri,60,Kolkata,salaried,26961.61
2c467185-54da-4f0e-8d81-1210977158c2,Luke Verma,60,Lucknow,business,251952.1
2480a95e-2000-4ecd-9e27-8bbcb5c0a76e,Girik Mane,61,Ahmedabad,salaried,12483.5
ce208baa-ab9b-4a55-91fb-2665fe961cf0,Lajita Chada,32,Lucknow,salaried,174359.45
8d8daeb9-5ad2-4c7e-b30a-c2349df6ba65,Gunbir Thaman,39,Chennai,salaried,61576.06
8e3cfeef-c67c-42c9-8a2e-5fa4cdcd4b2e,Isaac Cherian,22,Ahmedabad,salaried,40603.9
a2dc808c-dcd6-4811-b308-c53968fce073,Isha Magar,28,Chennai,self_employed,47172.87
a8026ee5-ec09-4dcf-a022-34361080d759,Falan Minhas,47,Pune,self_employed,59867.43
a492aeeb-1dc1-42f4-903a-d45f10a99c56,Chanakya Jhaveri,43,Jaipur,salaried,47125.11
804f2175-6c71-4081-a95d-f168179ac31d,Daksh Ganesan,34,Mumbai,self_employed,77006.95
25a7d06f-8558-4d43-a811-daf64caf6fd8,Ria Wali,39,Hyderabad,self_employed,72324.86
62939e91-3526-431c-932f-97fa66b796a8,Ekani Kar,40,Hyderabad,self_employed,52193.15
963f26c5-d380-4b06-ae0b-b1d7ec4ebe4e,Hema Chander,41,Mumbai,salaried,32903.38
e11cefdc-abab-4eda-9c70-2855d71f016b,Anita Raja,42,Kolkata,salaried,33670.03
492f33dc-aaf4-4778-bb18-d2dd2b65578b,Amruta Karan,57,Lucknow,salaried,32943.39
ff358ee8-cf37-4886-b079-4da8b902fcf5,Deepa Sridhar,32,Chennai,business,202884.69
fcc59bc4-88da-46b7-9aa4-358a73cbdc31,Harinakshi Goel,42,Ahmedabad,salaried,48863.13
96d34d07-242f-4181-9478-e5ff421ce076,Ekiya Kaur,23,Bengaluru,business,12000.0
af25f7fc-a437-4a63-9029-63acd9286f52,Ekbal Sengupta,61,Ahmedabad,salaried,50410.28
6600bf17-4c25-4df1-9f12-364649f9ebd1,Nathan Natarajan,55,Kolkata,business,87139.24
7faa3830-7e52-4bdd-802c-6520b974067d,Reyansh Pandya,47,Mumbai,salaried,35977.38
86f64852-12ce-4aa0-81d5-063caa8b8820,Praneel Khare,40,Lucknow,self_employed,37348.09
24c437a9-33dd-4587-a6e0-1b61a1bc39e1,Rudra Deshmukh,41,Jaipur,self_employed,107675.67
85873873-eb1d-4e0d-91b5-926f9b6c82f3,Vyanjana Cheema,34,Lucknow,salaried,58323.67
7ef5c3be-33c6-4434-b039-9816d6b47d94,Dayamai Gopal,43,Delhi,self_employed,28537.82
2e23d987-4636-4ba2-bb38-c577c6709a2d,Luke Sidhu,38,Mumbai,business,105487.43
c0173af3-ef78-4cf1-a402-409c1aae7caf,Utkarsh Cheema,45,Jaipur,salaried,22340.84
3e775a07-8822-4dce-820e-e41dca37d6e4,Vasudha Morar,57,Lucknow,self_employed,18662.42
ace88392-405c-4d84-b354-1fedf4a012a6,Chanakya Pandya,59,Delhi,salaried,26546.19
e21d34f1-c84c-4220-ae0a-d77e60c25af7,Ryan Mukherjee,40,Kolkata,business,158919.67
a5708e96-c1f9-45f5-9edc-8a03d9fac265,Tanish Gaba,38,Pune,self_employed,95529.23
e6653fe6-241d-4d0f-9ece-125bd61437c4,Quincy Zachariah,36,Kolkata,salaried,46936.12
ad1a5b41-3d44-4a07-8153-9288404abf3a,Vamakshi Luthra,40,Chennai,salaried,52184.87
e088bafa-5f7f-4a75-8d44-cfd7d2a766ed,Shaurya Rau,32,Delhi,salaried,47008.76
5d0f7512-7ee4-4ed5-a470-011cc1300ec3,Alexander De,23,Chennai,salaried,26350.94
4c100f27-bd2c-43a1-8f63-5a43b6d27c0d,Meera Joshi,49,Jaipur,business,107875.2
a7dd9456-000e-459d-9950-c7f942e08987,Rachana Deo,51,Jaipur,salaried,54187.46
6031afce-51ae-4aa2-9078-be2f79015a30,Gunbir Dhar,42,Ahmedabad,salaried,52952.24
e8539b82-7cd3-4136-85af-46d747652747,Varsha Thakkar,54,Hyderabad,self_employed,112672.35
70153dc9-f701-4244-926d-431ac5a49080,Jai Banerjee,30,Delhi,self_employed,80483.92
794ccb5a-388f-411e-a4c5-e47d5bf313c7,Yagnesh Nath,54,Bengaluru,self_employed,62693.54
3b2fada0-a2b4-4d3f-98a6-e3933948ce6e,Saksham Raval,23,Ahmedabad,salaried,62011.5
95c6fd68-b487-4fab-a79f-799b8cbc6eca,Garima Keer,54,Delhi,salaried,35837.12
f002a2d7-3623-4651-b499-70cd491313b2,Kiaan Swamy,23,Lucknow,salaried,23366.59
e69e6432-574f-43ba-acac-2a9f9ea4539c,Janaki Singhal,42,Ahmedabad,business,63148.21
ab9520eb-6c3b-4f82-8076-2ea598be37c0,Ishaan Chaudhry,27,Jaipur,business,37406.05
726666de-75f8-4314-886e-a10f05b3720b,Frado Dixit,40,Mumbai,self_employed,30557.8
8b37c98c-b411-4731-a62f-2870a774bf89,Vyanjana Mallick,40,Chennai,self_employed,44304.3
b180e2c9-db86-4c5a-8a18-802dfac0f716,Urvashi Viswanathan,33,Hyderabad,salaried,24435.45
d12d9b51-8f9d-4531-8c0a-7609a23cfb3d,Madhavi Jha,41,Ahmedabad,salaried,31132.86
c5510e11-50d7-4e17-9059-9287f59e6c0e,Jeevika Bora,38,Bengaluru,self_employed,13022.97
0f99cd4e-5444-4fb9-958a-e006f5d3ef07,Jackson Chaudhuri,28,Mumbai,salaried,40402.5
2479e74d-af58-48bd-b433-24d9a86b87a7,Faqid Bansal,56,Jaipur,business,73209.83
fc42803a-61d1-44f5-ad14-70fdff8a10eb,Abeer Deo,55,Kolkata,salaried,24135.9
9c68ef9e-5e2a-43a3-9fdc-83cbdd1a6711,Utkarsh Vaidya,38,Bengaluru,salaried,50494.66
bb2c06f2-a93b-4ff9-8ea4-1b0187260615,Aarav Sankar,39,Lucknow,business,170044.11
357ba2f1-5e3b-49e2-a485-d107dc1666c2,Riya Devi,25,Hyderabad,salaried,16256.04
0c8f7d90-9e72-4fef-8d98-71aa2960ddd0,Isaiah Maharaj,42,Jaipur,self_employed,28741.37
ead91449-adfb-435e-a4fb-13a917856325,Nihal Mahal,29,Mumbai,salaried,24721.51
2dfef032-a88a-4fa2-8e9c-b3c7f63315cf,Dakshesh Minhas,24,Delhi,salaried,22698.37
5d5e0d13-ae36-4813-9316-1adc496ecaac,Ayushman Mani,26,Pune,salaried,54980.7
32219b26-dd65-4f2e-be8c-dc42f150abf4,Zayyan Raj,59,Lucknow,salaried,32961.22
9d1c5e79-3b47-4490-96d1-659c1ce9bd8a,Inaya Pillai,49,Lucknow,self_employed,40734.86
529a05d0-0eb2-43ab-85ea-0fde80ff2ccf,Radha Apte,42,Chennai,salaried,13333.95
4339d374-5692-4498-8ee4-847b93c1d7d9,Ganga Hayer,55,Delhi,self_employed,76480.62
fcae8a28-6f0b-4ae0-aa94-630497c5255c,Tanay Vyas,50,Lucknow,business,23972.62
6dbeee42-96d3-4669-94f1-d313d2a62c0f,Faraj Comar,50,Delhi,salaried,37420.21
2b36a236-752c-49f9-9059-a61c685d3f6d,Mugdha Sridhar,62,Ahmedabad,salaried,41718.02
d098e78e-a45e-4435-8dc7-b8955ef54ba2,Ikshita Thaman,35,Bengaluru,salaried,71705.97
77fc4ab2-7838-443f-a0dc-a15e9602f219,Netra Ratti,60,Hyderabad,business,22517.81
10554f21-b19a-462c-8ab0-5893805b3a7e,Balendra Nayar,46,Bengaluru,business,12000.0
ab15d52f-8209-4256-b998-b012305d22f8,Rajeshri Vasa,42,Kolkata,self_employed,55753.46
e777b67e-46a6-4817-957c-5b9c505917df,Bhanumati Joshi,22,Delhi,salaried,89344.56
bb80d770-41d9-47a4-9c72-90677abd9569,Girish Shan,43,Ahmedabad,salaried,67472.35
57b0a663-7e72-4c71-a229-a26198f7cf3b,Falan Merchant,31,Hyderabad,salaried,40329.15
f517a61b-7285-4127-a9e2-95c39226df3c,Ijaya Jani,59,Lucknow,self_employed,34747.21
c3542c19-2209-4032-b786-1580963b58ba,Wyatt Minhas,27,Pune,salaried,54369.65
1925ddf2-946a-4fc5-80fb-bceae374b694,Victor Subramaniam,27,Kolkata,self_employed,24797.98
55d7080a-30f7-4171-a410-b9c60eee7251,Nitesh Rama,25,Hyderabad,self_employed,68422.05
0b7489c1-1505-4e69-bf15-e746d4f35364,Ekbal Keer,46,Lucknow,salaried,46757.74
93a67d9d-49b4-4fd4-9539-158457d0031f,Michael Shere,60,Chennai,salaried,61704.06
c022b42d-1162-46b9-a154-38f5c99a6c2e,Mitali Raghavan,51,Pune,salaried,144326.02
be8b74f4-deb6-4357-a07c-be391aef0bf2,Ekalinga Devan,34,Lucknow,salaried,44187.98
345d2d88-8fdc-4e69-9544-e9e344820fcb,Janani Kannan,48,Lucknow,salaried,28156.07
c8e7e039-3d5b-4505-978a-08f56c4e2e18,Ganga Chaudhuri,55,Chennai,self_employed,48151.04
b92aa21c-c621-424d-a8db-c6aad1f3b0ec,Nakul Vyas,25,Lucknow,salaried,14994.85
1d916097-195f-43a1-a04d-5c02530fb643,Warhi Hari,28,Lucknow,self_employed,30142.78
5589ef5e-91a1-4f6a-ab96-ea83ea69be67,Omkaar Raman,41,Jaipur,self_employed,36809.17
5942e19a-4a43-42ea-8ccd-cd188afbb225,Chanakya Bakshi,49,Bengaluru,salaried,27943.94
b7fed188-d24a-4899-9b50-bdd55987e99c,Anvi Devi,46,Delhi,salaried,39190.02
ea5dee22-447a-4ed0-a43f-2be2e8e53753,Kevin Memon,59,Pune,self_employed,27565.11
a21f5a75-9364-45fc-89d4-61297a0f63a9,Aishani Mitter,62,Mumbai,salaried,63609.32
a7da6881-db29-46f0-90e2-8a18ee7380f2,Falguni Vyas,29,Lucknow,salaried,36319.26
a9ac05a3-480e-4cf1-ad04-9673d6ec985d,Udyati Chhabra,61,Mumbai,business,72520.87
89565670-9c93-40c8-9981-fa6a06062551,Rudra Gandhi,30,Ahmedabad,self_employed,38967.13
93314f52-95cc-491e-9954-edf9f26145e5,Aditya Nayar,45,Lucknow,salaried,39245.63
97b65ead-2acb-4510-955c-136e4a701bdd,Umang Shroff,33,Chennai,self_employed,87340.43
9be042ee-cc0e-47dc-8653-de65e5fab0e0,Tanay More,41,Hyderabad,self_employed,26715.76
41e59349-8bff-41b0-9345-a62bbbe959f2,Balendra Comar,40,Pune,self_employed,30924.95
866fba39-ba03-42b1-969a-9deed2a262c6,Chakradev Halder,43,Delhi,self_employed,39631.99
45c29d0a-c30a-4a6a-8017-6512b2b4f331,Gautami Rajagopal,60,Jaipur,self_employed,19108.53
612a3075-b581-4b4f-97c3-2819e5bff477,Upkaar Walla,29,Hyderabad,salaried,24109.74
2bb25d0f-5d74-469c-80f6-d048d1020d3f,Kamya Bajwa,56,Mumbai,salaried,28620.82
6f8497d8-fa19-463a-b59e-3f98ce4fae46,Dalbir Sachar,56,Kolkata,salaried,56229.38
e57e4cb9-3106-4945-89f0-a0b2a4f01054,Divya Deep,39,Mumbai,salaried,41410.12
9a5faa33-f26b-4021-a941-88c1a0d60a15,Imaran Murthy,58,Pune,salaried,40006.41
b3dd1b7c-470f-4d11-aecc-d4f26ddab3fb,Jairaj Kohli,45,Pune,self_employed,88932.11
3c968368-a582-4498-a72e-80e0ebb0e464,Adya Savant,55,Chennai,salaried,33904.88
c87729ea-a0ec-467d-8a03-d45354efad42,Rishi Gour,51,Bengaluru,self_employed,64429.4
409f0459-7bc2-4448-8314-3319d8e6cb83,Ishita Dave,45,Kolkata,salaried,34488.77
32b09626-19bf-4e4b-9708-06bfce4bcc2d,Nicholas More,30,Hyderabad,self_employed,59027.2
f9f7f655-72c4-4ffb-ac3b-bbe6335b7ea8,Rushil De,29,Bengaluru,business,43283.09
d8de7a25-a827-40af-a5e4-e93fad98c9f2,Indali Bumb,62,Mumbai,salaried,12000.0
18e7e874-1bd5-47d6-8624-de479d436455,Saksham Madan,52,Pune,salaried,33957.34
a3056dc7-328a-4d70-9073-f4b18fd605de,Eesha Bajwa,29,Delhi,business,263148.38
d0986458-b70d-4305-b376-8f9fa6a11f8e,Hritik Sem,47,Ahmedabad,salaried,57705.5
5736b024-1431-40f5-a242-14e4b695f813,Damini Dhawan,59,Pune,business,174356.57
03bf465d-5437-4f8e-b5ad-ba9ee2700684,Nirja Swamy,50,Jaipur,self_employed,116458.64
1987881a-4c7b-4884-b769-d87498f0629f,Ronith Nath,49,Pune,salaried,37961.54
c3de5cfe-5d32-43d3-ab66-b98c471b7a79,Reva Lal,32,Pune,salaried,40081.01
e2bb00b3-452c-4713-98b8-42aa2817305b,Lajita Viswanathan,57,Ahmedabad,self_employed,31813.43
bc153995-1dee-4211-ac91-09b7c1d03644,Yug Dada,36,Jaipur,self_employed,39290.93
4e138d65-50b9-4123-81dd-f98f93d8624e,Hemangini Lad,55,Lucknow,salaried,49408.89
6a24ab01-06c3-4cee-ae10-76ad0d4db375,Indira Zacharia,23,Lucknow,salaried,66299.8
8b27c9a2-fb3e-4957-98bc-367afd88b3df,Owen Krishnan,44,Delhi,salaried,33869.73
e350ebd8-1edd-457d-a07c-dcb22f5bbba5,Patrick Sur,26,Bengaluru,self_employed,35770.1
314b0361-2599-4e10-b355-174eae47ac0f,Daniel Memon,54,Hyderabad,self_employed,49038.92
6d5b4e36-06a4-4f1d-80de-a1aaec621eb8,Yoshita Samra,26,Jaipur,salaried,49050.39
c7c9f791-f8b3-45ac-8690-8fa6b0885e40,Harshil Sathe,26,Chennai,business,19940.95
51ed01ec-304f-422d-b67b-99bd943375f4,Rudra Bahl,25,Jaipur,salaried,12000.0
d81d8592-1f67-477e-9b40-2e8a8227ba0a,Umang Acharya,40,Lucknow,self_employed,33343.7
33b25de3-b248-462c-a8a4-5ee861ea127a,Wishi Gokhale,42,Jaipur,salaried,19725.03
609e6442-b02f-4419-a1f8-af7b1e5f1ee9,Atharv Mistry,51,Ahmedabad,self_employed,34348.1
a82ce5ff-ace7-4d55-a471-22aa6cff4560,Leela Rao,51,Lucknow,salaried,33728.88
233f3813-491d-4971-8977-384e6dc223f3,Jagdish Karpe,47,Kolkata,self_employed,35693.58
15997414-b8c1-42c2-9852-310caaa15e1d,Barkha Anand,39,Hyderabad,business,270281.9
e3e87f4b-1bae-4ee4-85e1-aa4c0022ddf0,Dhruv Bajaj,59,Hyderabad,salaried,42760.6
304b6a39-8fc5-4eb0-a4d5-9734575dfa0c,Timothy Bumb,57,Hyderabad,self_employed,60495.97
279a0493-8cac-4f47-a37f-a2950749eb2b,Pahal Korpal,51,Lucknow,salaried,49568.14
1dc86afd-7a51-4ed5-8ba8-237fdd2efd09,Alka Bath,24,Hyderabad,salaried,20549.33
cc3a5dfc-5f79-4d1d-8a7b-6177ba4f84a0,Oni Chander,60,Mumbai,self_employed,101455.77
a4494d11-1124-46cd-8221-7fe6362a6397,Ishita Sagar,26,Bengaluru,salaried,34965.53
7b7bfc16-f256-4c81-b891-952d0d19b550,Ishita Mane,38,Hyderabad,salaried,50779.11
b143a8f6-a656-4479-ac2c-ae0bcb8848a6,Hemal Solanki,38,Hyderabad,salaried,21249.13
c3e4e75b-bc9f-4920-a3b2-c09b693fed96,Jagvi Bhatti,21,Delhi,business,18062.93
770f78b4-266c-465b-8e74-823e4b823fb3,Balendra Bhatia,58,Bengaluru,self_employed,86900.82
feccac14-f75a-4c35-a3e9-5e77472a915e,Sathvik Chahal,44,Bengaluru,self_employed,63798.61
723872bd-3551-42f9-bdf9-def32ea68e54,Udarsh Parmar,36,Ahmedabad,salaried,23132.05
e734b15f-e1b1-40d5-867c-95dec8b366c2,Nimrat Comar,54,Mumbai,salaried,23509.7
1b18c027-993c-4bbe-8217-5259af4c6516,Indrajit Golla,26,Bengaluru,salaried,63749.55
32a5fe36-2563-4bf4-9b2e-c2e98f3ea5fd,Vedhika Sampath,30,Ahmedabad,self_employed,21320.23
ae9105e4-08dc-4fe5-9654-fc8d8377a624,Samaksh Mahajan,47,Pune,self_employed,154797.19
ee7774fc-c8d9-4aab-934d-a06af067f78e,Chakradev Tak,49,Bengaluru,salaried,23148.6
f55bd154-7f9e-4603-975b-ae4f0b78b61c,Orinder Tak,43,Mumbai,salaried,49970.89
7bd0ea0b-6b32-4625-bcd4-6cb798a679ba,Krish Bhagat,28,Mumbai,self_employed,38947.39
c352caae-4958-4d8c-8d06-abe1361317a9,Jagvi Thakkar,46,Ahmedabad,salaried,49098.99
1743364e-d781-40ea-9098-e30468eb2324,Nilima Basak,55,Chennai,salaried,27665.54
b27642bd-f3e4-4301-88dd-afa33d37b78e,Ayush Narayan,45,Ahmedabad,salaried,33476.65
6a0d1329-119f-4309-a3c8-942c62795f72,Janani Keer,54,Pune,salaried,37066.16
f011e412-4484-45a4-bbcd-c21b689b1de0,Garima Karpe,49,Pune,salaried,22002.39
b5d985ba-0368-4597-8bdd-28ec43dcf00a,Niharika Barman,54,Mumbai,self_employed,82337.1
1b489997-2774-46db-b387-b309bf6c3196,Timothy Saran,55,Kolkata,salaried,28096.3
a83ad44e-e838-404c-841c-8220484e1600,Abhiram Kapoor,48,Lucknow,business,59531.45
5c3c43c1-3aa0-413d-a8a1-b9c74d5245f5,Lakshit Majumdar,38,Kolkata,business,29884.21
a8215fe5-b4cf-4921-9dd2-0bd6c0d65bee,Harita Kohli,27,Hyderabad,salaried,12000.0
794c76db-056d-44b8-83cd-5d4364b7c15a,Anirudh Sekhon,46,Ahmedabad,self_employed,42885.14
d5b35acd-bcd3-4c2d-bcfd-1f2de1a5af1b,Aadhya Jhaveri,36,Lucknow,self_employed,265356.85
abb62264-9e0a-42e5-b70b-41f4936a83ec,Yashodhara Sinha,54,Kolkata,self_employed,84899.46
ee988bd9-7b73-48f9-ac9e-30fa107d948c,Madhav Aurora,32,Kolkata,self_employed,48364.33
c0579dad-9c2c-4781-b164-5f237c29ecdf,Urvashi Vala,21,Delhi,salaried,31842.42
b8a8c29d-0f63-4399-819e-bc7b670275e0,Nicholas Shankar,27,Jaipur,salaried,36725.73
146df579-103f-4466-8f4a-068807ba79d4,Yug Sanghvi,49,Kolkata,salaried,47741.65
18ae5990-00a9-45d7-a3f5-d337566e3ff8,Raghav Sandal,39,Hyderabad,salaried,20122.49
22621e02-7142-46e1-9af0-063120df5c96,Sachi Bhatti,22,Lucknow,salaried,63396.3
018990ba-1ee6-49ce-be9f-9487f55cfb86,Aarnav Aurora,59,Chennai,salaried,51932.01
f4465cd9-8a0e-4b57-923e-dbf42105b632,David Dasgupta,61,Delhi,business,139576.37
b77bef90-e61e-4922-8e5a-6bf69f371cfe,Raghav Kale,28,Delhi,self_employed,66631.52
7fd7e2cd-1df3-4728-b03d-e2d118e5373d,Falak Vala,29,Pune,business,74433.02
fdc34112-2829-49ce-aa9e-ab1f3eee023c,Jhalak Bhatnagar,62,Lucknow,self_employed,78511.69
0b469cf4-1d44-4eef-98a2-d4270b77e40e,Qushi Hayer,32,Delhi,self_employed,74181.49
588f5301-f8f5-498c-8614-f5506674d88d,Dev Modi,37,Hyderabad,self_employed,38260.43
e653a898-89dd-48f7-9f81-442bca18c7ee,Nidra Arora,25,Ahmedabad,salaried,27260.64
c9ccc493-b615-4049-bd1a-758fb45de35a,Lila Walla,38,Pune,business,80151.24
6917c744-4433-4b54-913f-c526c62b0b34,Gauri Sridhar,41,Hyderabad,self_employed,144974.64
e93a890d-8ad6-4076-8723-2cfd7b2b3624,Agastya Madan,25,Hyderabad,salaried,19544.45
cacd5852-991b-48ed-bead-c7a74c575f8a,Charan Wadhwa,45,Pune,self_employed,17548.65
06f09bf3-7f9f-463c-87f0-9462405c986e,Nidra Nadkarni,24,Hyderabad,salaried,39433.87
e8953dd4-7b98-4c7e-84dd-a3e6fc1005df,Farhan Ravel,37,Bengaluru,business,76557.62
b79155d1-c327-4787-bb28-26870df12fbf,Barkha Rattan,52,Chennai,salaried,39603.42
ddd4bed3-1623-4e28-baed-de1234d5bb55,Chanakya Pal,32,Ahmedabad,self_employed,58149.19
05b68040-0b98-41a5-8954-9925cdce17a5,Finn Bhatia,55,Pune,salaried,32480.62
e2297848-1e80-4b1e-9e78-9e430ed80e84,Widisha Behl,62,Delhi,salaried,76491.26
8239a005-ca7f-414d-a6db-328f8a1b78ae,Janani Sridhar,37,Delhi,business,17312.54
b4fc1ccd-4be9-45a7-84d1-bb62836835b9,Champak Sinha,25,Lucknow,salaried,23998.62
f4c2c5ef-563d-4816-988f-4f0e22a6225a,Nikita Desai,49,Mumbai,self_employed,45602.68
c13a92fd-32be-4f88-b3ed-d87da9148392,Chanakya Andra,30,Mumbai,business,16666.07
25315e0c-ec35-4036-946a-a41880e49078,Qadim Zachariah,45,Hyderabad,business,62425.62
833d09fc-5217-4045-83c6-a22e5ae721fa,Panini Ratti,42,Pune,salaried,83344.27
fae9ebcb-306f-4a07-ba76-e45ea96b2742,Widisha Deo,53,Ahmedabad,self_employed,49742.78
ca892bb5-35e5-4649-a242-c139480d5657,Kashvi Sahota,46,Delhi,salaried,40755.68
32ef8a07-97ea-44f8-a3c2-95ea590a106c,Akshay Borra,21,Pune,salaried,19339.75
473c4ab7-67a8-404b-994c-19bf87821e6f,Jagvi Trivedi,51,Delhi,business,41993.69
4c38294c-0d52-48e2-b3f8-6777e3123bfd,Wriddhish Das,43,Kolkata,self_employed,37698.01
e7bbb474-a6c7-4211-81e7-22b5ade63058,Nisha Bail,46,Mumbai,self_employed,39245.79
71b400bd-24ef-4318-8e3d-b8d896ae5320,Devika Shenoy,62,Delhi,self_employed,120228.65
7cc8bb08-3dd9-4cc8-af4e-62ebc6f40475,Vedant Salvi,42,Delhi,salaried,47994.68
f76d1e2f-79ee-45c1-9209-c72d88183679,Mohini Krishna,39,Chennai,self_employed,22515.95
355d37d7-1297-4595-8994-ad088b07700f,Lopa Chanda,23,Pune,salaried,41079.0
2a2930ec-a95c-4297-aed4-a9247a14ca51,Rishi Wagle,40,Pune,self_employed,69477.29
8c128082-20c2-43a6-af22-b3cf875a8eac,Tarak Bhattacharyya,61,Kolkata,business,204052.81
0bdf9f80-d247-42d6-a7dc-388ead1b2b1d,Frederick Bala,61,Ahmedabad,salaried,80039.08
482873cc-324e-4091-b3e9-63c25764ba0c,Damyanti Sidhu,29,Mumbai,self_employed,24087.16
fc5a817b-fe01-42e1-b1df-dd2187d498c5,Advay Choudhry,58,Chennai,salaried,24211.22
1a8d099b-e338-4c0e-b3b0-45203674b856,Pallavi Kurian,25,Jaipur,salaried,19364.78
315379e2-4e90-4304-bc4f-056e42648fca,Yash Gala,52,Jaipur,self_employed,41613.76
49b924ff-9242-4151-b7d0-1c0c598ea547,Yachana Bora,49,Mumbai,business,111270.84
4dc184e4-1311-4a9f-a049-3e5846a050f3,Nitara Walia,24,Kolkata,salaried,59496.17
e0fe36d1-623f-4122-bd9c-2ce5c96a7e6b,Anita Sandhu,23,Pune,self_employed,46482.64
1b668b31-7229-44e0-837f-61a60a280371,Hredhaan Memon,62,Jaipur,salaried,30948.39
baf9330d-4ac4-4397-8ea0-49453ef3a84f,Unnati Handa,55,Bengaluru,salaried,39178.33
e6f0e826-d202-43b5-9d80-422c9445ef48,Ranveer Deo,35,Delhi,self_employed,27320.7
5093b511-5144-420e-b5af-77faa4daf9a6,Avi Devan,30,Ahmedabad,salaried,103235.63
5ae90bac-5d0d-4ebb-ae09-57485be07bbf,Amol Krishnan,51,Lucknow,self_employed,15908.95
24bd8ce6-900b-4f59-950a-6ae15f1a19e1,Siya Krish,62,Bengaluru,salaried,39829.79
6f5d44e2-e19b-4f0a-890a-3aaba503da02,Samuel Iyengar,61,Mumbai,salaried,99887.83
7db020b9-ba75-4ee2-a248-5f1bf0b83d31,Bhavani Palla,27,Ahmedabad,business,73579.36
f723ab2c-34da-458b-b185-05eb54c672da,Bachittar Sachdev,58,Delhi,self_employed,42914.83
5e565346-71fe-4c1d-9071-e2b76f9aca18,Yauvani Kalita,27,Delhi,self_employed,38169.35
241f5b67-3ec0-4037-a244-549e9ce80ca3,Nitesh Sane,60,Chennai,salaried,33183.37
43e3bf6d-fb9d-4616-ac28-fb9d23206951,Karan Sami,33,Pune,salaried,72144.35
090f61a6-e5e6-4b90-84f3-94351e844e65,Rachita Kothari,46,Kolkata,salaried,12016.9
61c7f19d-faf7-4bce-aea8-71ef2c0c77ee,Dayita Dugal,57,Jaipur,salaried,78175.91
66dd66bc-8afd-4193-b3d6-88a38bb11c1c,Balhaar Mangal,34,Mumbai,salaried,17819.01
20ec6f73-a655-4ef3-b1cd-d264bcefe37e,Mason Wagle,42,Delhi,self_employed,40673.96
0561de86-e77a-4ec1-94d7-2eed78af4ff7,Geetika Batta,30,Pune,salaried,29301.03
4c7407ed-672f-42f7-8a30-9861c546d568,Yamini Rajagopal,44,Jaipur,salaried,48741.04
09db9041-b623-4ffd-ae97-7b8b26f0bbd8,Dominic Kale,36,Lucknow,salaried,16332.92
25ae1a39-a362-4c23-89e6-b0423e409445,Krish Chawla,27,Lucknow,salaried,45756.37
a917e8c2-3b84-472b-b4fa-ffcb9ec35746,Indali Iyer,31,Mumbai,salaried,99922.96
b8c498eb-acd4-4f55-87ef-95bfeed45520,Ryan Jaggi,26,Mumbai,business,21442.78
781a6e3b-50e7-4782-a7de-1b27f4d3b0dd,Vaishnavi Gopal,26,Lucknow,salaried,39928.8
039e38a2-e861-4b08-a139-0292ae287b87,Ronith Sandhu,47,Ahmedabad,business,40304.4
1afb2488-dd55-42f4-ab06-1816edbfc7ab,Bimala Dani,34,Bengaluru,self_employed,66046.94
a9b902e6-9699-41b0-90a3-677b0149f46d,Hritik Nagy,54,Ahmedabad,self_employed,49682.27
dcfd6396-1151-4a64-951e-c61e034b386d,Lohit Dave,32,Lucknow,salaried,26350.87
a56dcaf1-6996-4eb6-9885-620205f1f3ea,Ansh Nadkarni,59,Bengaluru,self_employed,68975.77
5a996597-c1a9-42eb-988c-af995e05f808,Aadi Nagarajan,60,Delhi,self_employed,173345.79
8121c222-dd24-4aa3-b4ed-d2166477eced,Owen Samra,40,Kolkata,self_employed,42888.86
d748b3d0-373d-41ca-b521-0724aa1d01fa,Dev Halder,56,Chennai,salaried,52045.78
5ab4fd33-1e99-40ac-8379-98a716862044,Guneet Munshi,54,Delhi,salaried,19022.23
b11e7339-a8df-47fe-a16a-5490d14e95a8,Chaaya Atwal,55,Jaipur,self_employed,25096.77
472ad561-d9f7-4426-9932-ed2a325e0060,Yagnesh Narain,61,Chennai,salaried,45991.1
4f6580cb-aaf5-4c00-a514-7c81c26c1374,Netra Bose,33,Delhi,salaried,76271.76
13eac336-49ef-4ff0-88e2-30b6c3dc37b8,Gaurika Manne,51,Ahmedabad,self_employed,62876.6
94e844e3-56b0-4245-b3c6-ee1d1c413152,Abeer Pillai,23,Mumbai,salaried,31053.63
0f1768e2-1fcc-433c-ae48-03190ef1cda5,Eta Handa,39,Chennai,self_employed,48996.49
6a33113a-79d6-4e0d-81ad-07e79b02e0e1,Tanvi Menon,42,Lucknow,salaried,19434.33
e0c34e42-6c42-489c-8400-f3b64480376b,Nachiket Guha,50,Mumbai,self_employed,74843.96
1114daf7-33f9-452f-8550-b40a6bb7c6ff,Krisha Wadhwa,24,Jaipur,salaried,56453.16
4b920b39-44cb-4259-b67a-70729d27f15d,Chavvi Dhar,22,Ahmedabad,salaried,28968.23
50b5deb6-ad2e-4f7e-908d-018de99e8221,Chaaya Mannan,25,Chennai,salaried,28709.37
1e622581-65a1-4803-9c89-d63351fd41c0,Balendra Cheema,58,Lucknow,self_employed,59048.52
ce444d9e-3f27-4716-9ec5-f0e3dd9eabb5,Zehaan Mander,33,Kolkata,salaried,29191.71
bcf2e508-d2db-4222-bf3c-147f71ebce61,Jason Oak,28,Kolkata,salaried,35134.32
7e35411d-bcc4-4f41-a5cb-74932b2af923,Darika Luthra,36,Pune,salaried,103762.6
fa4e2a62-86e5-4ffc-b29e-94fb162015c5,Sneha Patla,45,Chennai,business,58552.37
8dde33cc-89ea-4c2e-bd5c-67c13aeb120c,Kashvi Andra,58,Ahmedabad,salaried,30358.44
54dabe53-3f75-4587-9685-0911d780d2ee,Radhika Aurora,48,Bengaluru,salaried,26271.21
e7b06991-c8b9-4750-a3fc-19c9ef337943,Abhiram Naidu,60,Ahmedabad,salaried,52685.52
6d49d64e-14d9-4318-9012-95748f6dca8b,Advaith Iyer,44,Bengaluru,salaried,33169.56
8931f7f3-f61c-4e85-b124-4c321a513dd9,Kamya Ram,33,Kolkata,salaried,26247.17
38d3432f-41f7-4429-9855-f62d141412e0,Arjun Dhar,33,Kolkata,business,240187.14
e4405079-ce8f-4bbf-b2c8-ad32ab8f3042,Nilima Prashad,57,Mumbai,salaried,73850.75
bedfb1b3-dba4-4701-a433-bed8f2d6cc6d,Yashoda Mitter,28,Ahmedabad,salaried,26897.49
7daa18e4-3300-4e84-8708-b6b6cbc33a2a,Nikita Karpe,31,Kolkata,salaried,14281.64
08656b0b-2ad7-4b91-b655-7f54484db737,Dominic Karnik,39,Lucknow,salaried,60099.5
db8115bf-c537-4aef-900f-aacfa979e119,Chaaya Sehgal,61,Lucknow,salaried,25788.53
1d09fd86-fdb9-46b4-bf9b-9a2a3a460b56,Omisha Rege,57,Jaipur,business,148979.36
2ccfb9a9-f955-47e7-bb5d-0e8ec7f319ee,Nitesh Sant,26,Pune,business,12418.05
b7cc4d82-c10e-4234-898b-1d701392dec0,Atharv Warrior,52,Chennai,business,163298.91
c95a3c1a-9fd9-4460-b1ab-e5266381cb4a,Harish Memon,50,Hyderabad,self_employed,20997.94
bf8121a9-1759-46ba-89cc-223bc9a5bb1d,Qushi Nair,48,Chennai,salaried,52332.98
ccd3dc00-6c08-4398-9057-5cf16e03eb41,Imaran Vaidya,48,Lucknow,salaried,36575.6
3aa827ed-29d0-479b-b7c2-c8bbf0c0436c,Adya Kari,58,Bengaluru,salaried,22539.63
2a270d4b-b9d4-498e-8e31-3477359cb1e5,Jhalak Ram,21,Pune,business,50699.3
f899069a-e8ed-43fb-a338-5aa115896548,Gayathri Dube,23,Ahmedabad,business,135630.1
9a325cb6-3c42-4adc-80fd-cef4c6193815,Advay Natt,53,Mumbai,self_employed,52792.59
2bdfa89f-9b9a-4aa2-b7ca-8aac9949a9e9,Ayaan Sane,46,Ahmedabad,salaried,48640.24
a88a96d2-1bbc-49d5-9abf-9c745beb74b8,Kalpit Amble,27,Ahmedabad,self_employed,195537.69
b580f77b-feac-4b5a-b794-02937f2bb254,Tamanna Sekhon,26,Jaipur,salaried,16611.98
600075ba-d716-4f28-a793-194eff08e249,Nitara Mall,47,Chennai,self_employed,152062.79
158e35d9-357a-40a1-91ec-fcd1964ee17b,Qasim Dara,39,Chennai,salaried,38260.68
6cc7b086-6fd6-4f30-8c29-436f95ab4e9c,Tanveer Grewal,26,Mumbai,self_employed,26130.31
4db44a53-1e68-47d6-9d4f-bc6ae96c68df,Omaja Acharya,40,Bengaluru,salaried,18673.17
781135e3-eced-4fa9-baa9-f9b6f9828ac7,Isaiah Hora,57,Lucknow,self_employed,42942.43
b2e3dd85-a57f-4efb-833d-c7fa71771805,Bhavika Johal,50,Ahmedabad,salaried,57573.93
299464e0-196d-416f-b544-4c566a8e4d77,Patrick Narayanan,46,Bengaluru,self_employed,44833.71
df6db2a1-5590-4ad2-9822-cab33fbf8e5d,Abhiram Kohli,44,Ahmedabad,self_employed,141182.47
efdaed82-86d3-46c5-a264-54aaca6bec1b,Saanvi Upadhyay,21,Delhi,self_employed,17750.64
7872870f-7e90-42d7-adfb-87cc8d697649,Tarak Pingle,42,Jaipur,salaried,36096.66
dbb36242-31e6-4283-bc42-cb59f82f458f,Samesh Sani,48,Hyderabad,salaried,19415.04
2b51d1d3-d3d6-4860-891c-1dac6c768183,Yatin Arora,60,Jaipur,self_employed,63230.52
ccaaa92b-cc8c-4d52-9db3-ceb972fc32f8,Yoshita Wason,34,Delhi,self_employed,91201.0
4800343a-d02d-4d63-b30f-21167e1376bc,Mekhala Sami,42,Mumbai,self_employed,36514.57
6b26132d-6b9f-4f3e-9d6a-47fc54b3ffae,Gaurang Ramanathan,44,Mumbai,salaried,12000.0
8ef24fbe-c1f1-407b-8aa4-95259c77a25c,Ekapad Chadha,44,Ahmedabad,salaried,40113.74
194569c1-87d2-4365-93a2-b5e8101c5153,Abha Borde,44,Kolkata,self_employed,66550.54
33a1c531-dd8e-4e6c-a4ec-6b8671568f8e,Luke Pal,56,Delhi,salaried,44451.21
781c48fe-5a21-42a7-89d5-a63cbf8e6b0b,Lucky Baral,34,Bengaluru,self_employed,116430.24
ecccab08-990d-4d60-bbda-efddede92d31,Naksh Tak,36,Jaipur,business,27890.79
a732d3a6-8edb-4d97-b7bf-49447dba1e06,Chanakya Tiwari,51,Lucknow,salaried,51026.89
2fcfdfc5-7145-4381-b435-550409103e13,Bhanumati Chakrabarti,34,Chennai,business,213898.47
168e4daa-7961-4315-93cf-d221b421717f,Eta Pathak,38,Jaipur,salaried,14923.71
5507a536-7b73-4caa-90ec-af674f573d30,Adya Gala,38,Mumbai,self_employed,61313.56
3f7bf7d6-9aac-408e-a84b-7ac21bbc68d9,Zinal Dhillon,43,Ahmedabad,salaried,28223.5
6862cd27-bee3-4bb6-a608-d8bff1929fcd,Jack Lal,54,Delhi,salaried,34865.0
25ea9389-29de-4714-8770-26e898cca530,Thomas Sarma,55,Jaipur,salaried,43210.48
33473258-cecb-4c6f-8396-8269bd908caa,Qushi Parmar,49,Lucknow,business,47169.1
7faf8ff6-8300-44cb-b90d-fed25d1ec308,Odika Mohan,25,Chennai,salaried,25903.83
11b56bde-915f-4c2d-a8bd-b7c89041fd21,Ubika Narasimhan,50,Delhi,business,75413.17
8bf11c0c-8361-4d54-8100-a753cfbefb16,Quincy Hans,32,Hyderabad,salaried,21086.26
d9e54c96-18ee-4831-a535-e508e4afd0ff,Megha Krish,25,Delhi,business,27522.45
a93cad6d-b31a-4e73-be57-c6cf8d5c776f,Janya Patel,28,Bengaluru,salaried,51005.39
d2c9be06-d065-47ef-93e8-b6eb2e086f05,Eshana Jain,34,Jaipur,salaried,20447.24
82a0b208-21f4-47dc-a9e4-af599883168f,Lajita Konda,22,Hyderabad,business,133209.89
386cf002-af8e-4113-891f-63c921b502c0,Girik Sinha,55,Bengaluru,salaried,45765.95
ba4852aa-f2e6-4121-a599-6fcd1e261e23,Oeshi Balasubramanian,47,Ahmedabad,salaried,15322.79
45078661-e1a8-4535-980b-1831f1d7189e,Aryan Khurana,22,Hyderabad,self_employed,30506.8
269f930c-7082-44ce-bc8c-96375e6685b1,Guneet Kalita,22,Chennai,salaried,65976.55
be3f68df-64d3-4cca-b39a-6d4b3a4be535,Anjali Tiwari,54,Kolkata,self_employed,24666.08
fb5dae2a-5160-4fcf-934e-429dc1ef0117,Yagnesh Guha,42,Kolkata,salaried,28790.42
7a256bed-40ab-4375-9840-db34f3b1359c,Charles Raj,54,Jaipur,salaried,45753.81
1b9386ad-8494-4f82-8c2d-ad008c1d1452,Ishaan Salvi,40,Lucknow,salaried,53728.31
289f0d0a-e506-4f10-8abd-8ac9dcda469d,Rohan Varghese,40,Bengaluru,salaried,32023.67
4bf1d84a-8bf6-4d40-83a7-192419b11493,Indali Wadhwa,35,Ahmedabad,self_employed,32265.15
f914a66c-3e3a-4e5c-b4aa-25ef87328bc7,Zehaan Thaman,39,Mumbai,salaried,73952.99
7493512e-098e-405f-9b54-2b78a3c03755,Yug Chauhan,39,Ahmedabad,salaried,86634.19
8ed6e112-8493-49fe-9eab-49686152903f,Ria Dey,60,Bengaluru,business,176481.66
336e884c-3f76-4e00-a737-7c593d3fa903,Yash Kata,39,Bengaluru,self_employed,52037.65
463f4dcd-364d-4410-a810-87645937feac,Aditya Chaudhari,30,Bengaluru,business,35332.58
d49ebfe3-61df-4627-badf-65cd016445be,Rayaan Kumar,23,Kolkata,salaried,23975.26
52eb44f0-c44e-47c2-8b6f-8ac7680deb56,Janya Sabharwal,49,Hyderabad,self_employed,70668.83
788d17c2-be4e-4b01-bc2b-e1e8c5cfb3d3,Sai Sangha,34,Jaipur,salaried,44765.77
ea8e6b3b-8862-4364-bab1-077a85d58ee7,Champak Shankar,41,Kolkata,self_employed,130760.02
cf46b9a7-59b7-4850-8d77-86b7dde7b738,Isaac Goel,49,Jaipur,salaried,50273.08
d796bf5e-7c5c-4968-99e1-c978c456bbd2,Ishaan Salvi,55,Hyderabad,business,18905.87
ad4089dd-4ff8-4e53-a15e-87066090adcc,Sai Mitter,22,Pune,salaried,61449.67
ac471fe8-c4ab-4539-b979-bdbe935592fd,Vasana Suresh,30,Ahmedabad,business,29784.56
ecd2934d-1c48-4b93-ac96-cd3a9057a987,Rohan Nadig,30,Mumbai,business,51762.74
7ae684ae-58a0-4c23-982f-cd8dce165615,Gautam Dar,55,Jaipur,business,91599.42
5e79754d-4235-420f-a329-65bde260aafd,Suhani Mohanty,39,Ahmedabad,salaried,98502.16
38bd7a87-47cd-4628-9366-7fd8e28e5e10,Falak Varughese,57,Bengaluru,business,600000.0
fef30155-a669-489f-b87c-43771ef23402,Chavvi Mann,49,Kolkata,self_employed,74959.72
c6a9894a-1e73-404e-98ed-46683d591f8a,Sai Mangal,51,Mumbai,self_employed,43120.87
1dfb4b78-0eed-433e-862d-85a2bed48078,Yasti Prasad,56,Delhi,salaried,47441.51
b0d28c9e-b3b8-4011-b7ca-f203dd420fca,Karan Rajagopalan,46,Lucknow,salaried,56603.59
fa6796c7-6f36-4fd1-a82a-27bae8ba6426,Zaitra Gill,49,Kolkata,self_employed,39164.76
d0152718-cc8c-472b-b6f2-5103c8222d81,Fariq Khurana,24,Lucknow,salaried,89108.11
709e682b-65ff-4f72-a9a4-7051f4de4576,Saksham Ganesh,58,Jaipur,self_employed,57586.85
aa1424cf-4eb2-46e6-bb77-c6e78b8c7d07,Upadhriti Virk,38,Chennai,salaried,46577.44
8e886f54-70a9-4f20-9c65-81ac4c1dc717,Lipika Loyal,55,Ahmedabad,salaried,50663.56
b5621607-d244-458f-a01f-dbf3bcb614e9,Naksh Mohanty,26,Jaipur,self_employed,65848.41
3d9a56ec-be57-44ad-949c-558dbcd685eb,Balveer Narang,52,Kolkata,salaried,55241.53
7d77c926-73f8-43bd-a0d8-6efe08d3dbf5,Janaki Gaba,53,Mumbai,self_employed,31822.31
9b9fdee3-f34e-47fe-a883-a538974c693e,Chanchal Ganguly,44,Pune,business,44246.36
ccf5dc45-dcf1-4189-a1b2-1282aa192535,Turvi Banik,48,Kolkata,salaried,20950.61
d4064ef6-633d-4c4c-9cd1-18541ce5cbad,Hema Sethi,21,Hyderabad,salaried,45240.62
c4627970-122f-4047-bd98-845882e86a9b,Omaja Kakar,40,Ahmedabad,salaried,53608.79
40b983e7-b996-4f0f-9a44-e694bce54832,Devansh Lall,26,Chennai,business,110414.37
644119a4-ed01-4eb5-8ce1-8b42a06c9bf0,Harrison Ganguly,49,Pune,self_employed,158283.77
a48fa551-9d90-4ba6-b6ff-b942b371c385,Chakradev Palla,39,Bengaluru,self_employed,48829.15
a001210c-d42e-4c40-b030-501e56b43ed2,Ryan Aurora,48,Pune,self_employed,78285.62
5e23e0ed-f2b9-4e50-a383-aefd0a1f0145,Ekavir Manda,58,Lucknow,salaried,21039.35
ceb1bc9e-b0f8-4f98-a6f7-5e5d096c8336,Falguni Chaudhry,34,Hyderabad,salaried,29925.02
1973b2e3-0f65-472c-905c-6e3b6f6940cb,Harshil Ramakrishnan,54,Kolkata,salaried,51419.3
5b515691-367b-4a17-91fc-11f837291beb,Balendra Ravel,58,Pune,salaried,55522.91
19b5dd99-baf8-42a1-9d90-f6fe334cd282,Saumya Bumb,47,Hyderabad,salaried,31351.47
ba389ade-15fd-466c-9d2d-125980361aed,Arjun Gala,56,Ahmedabad,salaried,35038.42
e097aeb2-8baf-41ac-a3bb-c976618a2f15,Laban Pal,29,Chennai,self_employed,16940.94
7027f325-5acd-4fc8-b035-fb01b81ffc5d,Qarin Sem,45,Hyderabad,salaried,30378.35
8a86c23b-1197-4d55-8ac9-581b09c45dc0,Eiravati De,23,Hyderabad,self_employed,91424.45
a28c0cff-edea-41de-823a-01143c7c9462,Yahvi Mander,40,Ahmedabad,self_employed,73324.02
f4b266d9-7542-4f91-871d-dd3695936057,Manan Grewal,50,Chennai,self_employed,69596.25
4caad3e8-e2b8-4b00-9b53-3e5bf7fab0a9,Yauvani Wadhwa,21,Bengaluru,salaried,37230.62
c503b8ec-2d28-41f6-afb1-2621dce4185b,Warinder Sankaran,61,Ahmedabad,salaried,36443.98
0b30c8d0-a27b-4886-85f9-9ffebd56a5ac,Urvashi Parmer,39,Pune,salaried,26103.88
392e8e61-f6b3-4052-9675-983f7b6bdca4,Amruta Baral,62,Chennai,salaried,51503.97
b2824cf7-53d3-492e-b4ab-f7353bf97507,Jyoti Mohan,38,Ahmedabad,salaried,44823.44
b07ad5b8-7bdd-4499-b0fb-2c1b00180bc0,Joshua Vora,25,Lucknow,business,113870.48
b587c979-eb1e-42e7-9abb-57bec03558c2,Naveen Roy,58,Ahmedabad,self_employed,33920.53
662739f2-f0d9-4a7c-997b-7368f492b4d9,Nisha Varkey,37,Ahmedabad,self_employed,12000.0
59af14f6-8872-44b5-a280-f04444398165,Gautami Sarin,28,Kolkata,business,196307.47
90a4b488-142d-460c-95a7-bba214e641be,Vedant Warrior,57,Mumbai,salaried,28583.4
6053e4d9-5d5c-47bb-a28c-a220b7bfd740,Radhika Buch,31,Lucknow,self_employed,26797.31
95060901-1395-4a6a-a322-6ad042f7d7f3,Banjeet Yohannan,41,Ahmedabad,salaried,51366.4
9a25d998-3539-47a3-b68c-8d2ead002998,Ladli Venkatesh,29,Kolkata,business,51389.47
f70eadd1-4e66-4210-9379-0c0b92ec37ff,Kavya Sanghvi,38,Kolkata,salaried,61695.62
84f6f8d2-1076-4df7-bae9-213a26402b24,Lohit Kalla,43,Mumbai,salaried,49439.4
f12b7c2a-d2fc-4bba-a318-a961be7a8b5e,Pavani Devi,54,Delhi,salaried,51112.52
b0e42190-1e96-4b00-87a2-550b20f043bf,Raghav Bava,61,Bengaluru,salaried,18343.35
1ce62a6c-bd0d-4750-898e-adb6aae32afc,Naveen Kari,59,Bengaluru,self_employed,114503.51
9aec438f-06b5-443f-b85d-de5602857fe6,Charles Dixit,41,Hyderabad,salaried,41382.99
f98fe010-ef6b-4f3c-866d-219db56aebdc,Advaith Acharya,44,Delhi,salaried,30192.88
16c2b990-30c2-49f5-928f-fc57bb1a72e6,Arya Saxena,43,Bengaluru,salaried,39014.72
6657a0e8-59f7-4fcf-97fc-cfd11b40416c,Jacob Som,54,Hyderabad,salaried,14941.27
24c5b1e1-e71e-492e-9dbb-e8aa2b47e3a4,Daniel Murthy,52,Pune,salaried,44548.17
0b4050f0-0534-413e-ac39-454579220417,Dhruv Chada,31,Delhi,salaried,21705.35
ea82c88a-776c-469d-9fd8-f3cee4b3ab49,Janaki Cherian,53,Chennai,salaried,18465.6
65751a20-873b-4570-a97e-b4482466aba7,Nicholas Taneja,56,Lucknow,self_employed,16887.83
276d2e2e-1666-41b2-a67c-d9daa619ed9b,Vidhi Mital,54,Jaipur,self_employed,106818.01
1531390c-6a57-482d-8420-2ed5bbae29f4,Ekaja Narasimhan,28,Pune,self_employed,31555.89
ed4b5183-f826-46cb-ac97-4ce5a7964f8b,Vedhika Loyal,25,Delhi,salaried,78187.41
bfa02847-2914-453b-ad5d-4983bdfc1d6f,Yauvani Bava,22,Ahmedabad,self_employed,33689.42
a412a255-8dc0-4a23-acba-64b4dfaca1fb,Jagat Dyal,44,Bengaluru,salaried,15464.79
503c7b93-54bc-481b-a5f8-15d365a76749,Ikbal Srinivasan,59,Jaipur,self_employed,22436.24
14379c58-b8ff-4372-9e71-c66ef1c7272d,Yug Goyal,42,Bengaluru,self_employed,116432.63
4c986dc2-30df-4d40-b8ec-1cd799a5cbf2,Tamanna Biswas,22,Delhi,self_employed,43952.79
062bbdf8-26dc-48c2-bc0b-a616cd63ccb8,Wahab Goel,30,Chennai,salaried,27607.88
0e81ec10-dfad-42dc-99cb-fea6b466b311,Mohini Babu,34,Bengaluru,salaried,39340.47
b7bdabe9-bd9f-4543-a7e8-63182d03d6c3,Aashi Sani,48,Delhi,business,114875.53
7a59377e-da60-41c0-85ad-2eccec5d4b3e,Tristan Golla,51,Pune,salaried,63493.92
685ca42e-d0c0-4662-b058-4f28b7599a12,Advik Jaggi,27,Mumbai,salaried,74925.5
0efb643c-ca29-4c7b-97bb-0c13de6477e0,Faris Luthra,53,Lucknow,self_employed,38107.33
95d627ff-be23-4008-b017-a22f9ac89a7d,Madhav Banerjee,28,Hyderabad,salaried,18713.05
2a719a6b-7a7a-4e7c-b304-36e7893fe279,Ekbal Ram,40,Mumbai,salaried,29533.11
405e66ea-f4f7-44e6-b2d6-b25b5f4822a6,Lakshit Pall,28,Lucknow,self_employed,58817.6
249b8457-e211-4874-880c-67070274070b,Saumya Bawa,33,Bengaluru,salaried,22429.24
e053d6a3-40f5-4fb2-ba16-fe3b783684f0,Aarnav Vyas,22,Delhi,self_employed,25084.22
ecabf833-04a6-4d4b-810e-a3f994ce6013,Tanveer Narain,38,Lucknow,salaried,43126.54
4c13393a-5e5e-4ac0-af2f-d5f7d20c59f0,Ethan Saxena,31,Jaipur,salaried,35442.74
553ba401-8eb5-4236-9324-071ed9d2ac88,Rachana Bala,60,Chennai,self_employed,50159.23
aa110431-267b-4285-a36e-33e4ee4f2333,Ikbal Grover,25,Delhi,salaried,24853.46
0c879953-5987-4899-833c-9ae5ab42d6fc,Naveen Nadig,21,Jaipur,self_employed,41719.32
9e582934-fef9-4d1f-8a9c-c6e3f6f5d449,Wridesh Mitter,33,Hyderabad,salaried,22876.91
931627f9-04be-4b96-ab7c-1fa1cfa10ef8,Victor Ravel,55,Mumbai,salaried,56675.61
df74267e-4fdc-41c8-996f-c5e76ea7ecfa,Patrick Peri,27,Chennai,business,185669.67
d081a5ff-e28a-43e2-b220-0bd9cec31fe8,Daksh Bhardwaj,51,Kolkata,business,13883.15
3e99b9f2-2e84-4e0f-b984-191bf6236731,Sanaya Mangal,32,Ahmedabad,self_employed,25574.28
7b2dcccc-3306-4b67-9be0-c659f51f23af,Gaurika Gade,27,Bengaluru,self_employed,17195.96
e8cec64e-6cbe-4c57-8545-c01149693447,Jagdish Yadav,45,Pune,self_employed,31100.63
0341005d-8a3c-42a4-8bef-934de04f3344,Utkarsh Dayal,35,Pune,salaried,34831.62
224bfd99-0627-4f83-9cfd-5b08a00d1769,Vansha Sundaram,41,Delhi,salaried,17591.61
2acc8dce-8a43-4fdf-b241-ca41f73d3639,Jagat Bassi,54,Bengaluru,salaried,22904.07
7ee031fa-0b73-4c73-beac-3fb7bf2146d5,Yoshita Sampath,44,Hyderabad,salaried,21982.93
34f830b7-7830-4861-bd00-692cc0d5f249,Akshay Dash,23,Delhi,self_employed,56674.92
4601917b-b7b8-458d-ba62-acaf9a44bdaf,Darpan More,28,Pune,salaried,37596.72
82d6c198-ac2d-4922-8c98-f9436815eafd,Chakrika Hari,59,Hyderabad,salaried,25314.46
c5cc1a46-7591-4c53-a233-0d1127009d22,Bhanumati Viswanathan,49,Chennai,self_employed,55479.82
8c16edf0-a50e-4693-9642-290a929207ad,Dakshesh Bumb,39,Pune,self_employed,33433.84
bf99aef2-d7f6-417f-852f-c85ae45c0d02,Vasatika Shroff,25,Ahmedabad,salaried,31703.19
b5bca526-477e-42ee-8e67-cfb00cc60b93,Adya Raj,44,Bengaluru,business,329755.54
72a45e78-cc0e-44cb-8e41-c02b4d3a4880,Maya Ratti,52,Delhi,salaried,70985.47
bff472aa-47e6-4665-ab3b-fa812196f352,Abdul Chahal,54,Delhi,salaried,18962.32
11057eb4-f9e6-495b-88a3-2066177b5911,Maanas Lalla,46,Pune,salaried,54987.78
af8ed5d1-0c4c-4395-9366-08685a7bf6da,Eiravati Dhingra,27,Bengaluru,self_employed,86506.74
61e1e530-c1a7-401c-9945-63c623fb3d93,Amara Buch,33,Kolkata,salaried,20452.66
0b981d9d-9f2e-4de0-983f-28c3df6b4314,Janaki Bahl,46,Delhi,salaried,54687.41
49f64771-7bdb-4293-b09b-a9734020edd8,Utkarsh Bera,48,Ahmedabad,salaried,78351.94
dc9a9a06-c8d8-46fd-a651-9d435dd163ba,Qadim Choudhury,58,Lucknow,salaried,20717.37
4b0fc0fb-17fc-4f2e-b3c4-b23527e537b0,Krisha Kulkarni,62,Pune,salaried,22954.03
1443790d-3fc0-4e00-bc08-9222cf774177,Lavanya Seshadri,59,Pune,salaried,60405.22
30595384-96d8-4afc-88c5-e4672765e56e,Ishwar Jha,53,Hyderabad,business,93371.91
01442f50-89e5-45e8-a7a4-aeeed78ccab6,Chanakya Subramaniam,50,Delhi,salaried,47845.78
eb15b9e5-b745-4434-8fdb-3c3b51a72f8d,Falan Din,52,Ahmedabad,salaried,43057.62
4601af59-6eb6-44d2-ab33-c6c146d27f16,Kiaan Dugal,29,Mumbai,salaried,44149.99
1a41f5b0-5b5e-4712-a09e-a8bdcdee03de,Darika Chaudry,24,Delhi,salaried,18709.07
723fb641-f11a-462e-9b13-bf95888396fe,Mason Khalsa,22,Bengaluru,salaried,61307.59
f00a329f-71ce-489e-bae7-76513738b82d,Wriddhish Varghese,41,Bengaluru,salaried,65172.64
c15593d8-1520-4102-9cae-eb578bf01b00,Gaurangi Chandran,60,Delhi,salaried,32380.27
40b79ad7-1aec-4081-abdd-ff5dbe4b74e4,Ekta Bains,54,Ahmedabad,self_employed,47551.38
8ee880ed-680d-444f-92cb-58fe3494ce4d,Vinaya Gaba,33,Hyderabad,self_employed,16784.73
22f4ad41-417c-4d83-8cbe-394887de30a5,Yatin Choudhary,52,Jaipur,self_employed,70261.43
dd68a821-806e-40dd-9fa7-29f209838b3a,Anvi Kale,42,Jaipur,salaried,48340.68
ebe6a082-633d-4a12-8b04-27d5d6e72769,Dominic Aggarwal,23,Pune,salaried,35203.63
53f76577-507e-43be-941d-c1eff9cdd4bf,Udarsh Om,28,Pune,business,201172.5
e264b63d-1d42-4bc3-8a21-d0455509010f,Janya Issac,45,Ahmedabad,salaried,30728.98
f909eab1-5929-4b08-bb4f-b3440cb0f877,Vansha De,23,Bengaluru,salaried,48160.91
40199e06-8e34-4f1c-a31d-1d6a2d5a5445,Vedhika Ratti,40,Bengaluru,self_employed,24010.22
9aa8af58-4c42-4e55-b1ec-97f3eb349db2,Shaurya Kibe,29,Hyderabad,salaried,35890.36
79d52bfb-4951-4f14-8954-8d3d832ad8de,Henry Malhotra,52,Delhi,self_employed,43388.6
9bb0bb97-4453-4c5c-a699-113b49948407,Yashasvi Goda,52,Jaipur,self_employed,57395.18
21946c1b-3041-49ab-aded-8759b58fa0c2,Shaurya Sachar,57,Ahmedabad,self_employed,37847.91
8ce64906-5968-4b75-825c-606f2395d786,Bhavya Sundaram,31,Jaipur,salaried,34005.03
466a3707-5b35-4566-95fa-f81bd79bfddc,Pratyush Contractor,37,Ahmedabad,salaried,54886.55
dfe0b5b3-cb22-4797-98b7-5c6ab9d4f17e,Banjeet Sem,45,Lucknow,self_employed,36107.83
3f884330-4a07-4517-8fc5-153ba5e1f096,Odika Kumer,39,Kolkata,self_employed,15921.03
9d25cbfc-fd4b-4dd6-9869-1dadcb7a2d1a,Pallavi Chawla,58,Mumbai,salaried,87098.24
ee92bee9-0cd5-4306-985e-3fcd4bdcdf54,Arya Jayaraman,44,Kolkata,salaried,72455.44
fd2904d8-47aa-4a42-8890-9eafd5c78075,William Lall,58,Mumbai,self_employed,19839.22
3bf8828b-7a3d-4bce-a12c-b9a69e6333df,Yash Suri,61,Kolkata,self_employed,79443.03
b7ed48fb-b467-4c2d-97f8-2ac6d78a927a,Gautam Acharya,48,Kolkata,salaried,28240.51
2cfe9cf7-67fb-414f-bee4-a9dc3b5454c1,Noah Pillai,47,Kolkata,business,92701.37
4e707deb-cde4-4ad9-8c12-b675b576d604,Meghana Dutt,36,Chennai,salaried,42070.92
79d76723-1ea6-4ef1-b67c-f5903f7fae42,Libni Salvi,40,Lucknow,salaried,32299.15
86d3d0f7-5484-4d10-b7ae-8f52652fc50f,Warjas Kurian,25,Hyderabad,salaried,24541.41
26ce0f5f-2667-4ade-b9f0-1bac823f9350,Lucky Kalita,31,Mumbai,salaried,25712.42
139f1971-c138-4f0e-b32c-4fb9832017ab,Mitesh Kanda,23,Ahmedabad,salaried,22969.08
08dcc975-d7a5-49f2-b6c8-ffea8c34604c,Omaja Bhandari,48,Lucknow,self_employed,27384.28
9cf7ea5e-4400-465f-8d94-eaf3a8f0ac14,Pratyush Sur,47,Hyderabad,salaried,35115.95
ca6a477e-6030-4b61-a97c-d3a325374599,William Sahota,51,Lucknow,salaried,25390.24
325c6496-2806-4465-8a65-cdc063eff9f6,Ishanvi Lata,41,Pune,salaried,51073.75
aa6d5df2-099d-4229-a1d8-2845d09bd7da,Vasatika Rao,41,Lucknow,self_employed,138839.28
6f3131d7-480a-4ed7-83ce-d3e19c59ac25,William Sahota,52,Delhi,salaried,27172.84
350de707-666c-4a58-bba3-6ce9f05228c7,Yatan De,34,Kolkata,self_employed,57964.33
e68be378-ce65-48bf-8703-f8bc4ae7f7dc,Robert Sen,42,Bengaluru,salaried,46622.69
43e11266-4c77-4cec-a0e5-15a10d3ee735,Rushil Choudhry,44,Pune,self_employed,68213.76
67634d90-3729-4bc4-8df3-e9a2583a834b,Pratyush Korpal,61,Delhi,salaried,37721.2
59ef201a-2b4e-4892-98bb-63b0b5fd155c,Ridhi Mannan,55,Chennai,self_employed,82444.26
2731470a-2e70-4420-b2f6-2ba07b08ac1b,Balvan Bajwa,24,Hyderabad,salaried,46217.99
356d9ac4-11bb-4557-81a3-054f21f2732b,Lohit Shah,46,Chennai,business,24007.07
290bd1c5-a15f-4bb3-92b3-ea64db56c9d8,Waida Bedi,26,Lucknow,self_employed,90076.02
94034bcf-9aed-4035-b4c6-0fd3a3955516,Quincy Sarraf,42,Hyderabad,salaried,56593.27
e3e64a6b-87e9-4ef7-a2f9-85a22da2a169,Ekalinga Mahajan,54,Ahmedabad,salaried,24794.0
d8d091d4-9ad6-41c8-b1ad-5c46b0d0c1df,Harish Sabharwal,43,Delhi,salaried,37010.94
c6342f49-517c-4af6-9b74-d1abbc403a76,Peter Arya,40,Jaipur,self_employed,79089.1
3c30cf5c-02ff-4ebf-8d83-3317474f08f6,Vamakshi Bhat,48,Jaipur,self_employed,42339.69
028e3e4d-92e2-4886-b0f1-5655989f646d,Bimala Tandon,47,Pune,salaried,62099.24
7ae0fcdb-951b-41ae-9c45-41e8fdaf3a42,Kavya Dash,53,Ahmedabad,salaried,118413.29
8f444fbe-03d3-490a-8190-c037256f4ffc,Vrishti Bhasin,56,Bengaluru,self_employed,28277.16
c5e6f2f2-47f9-483c-8411-1d3fa2b88a06,Yahvi Ganguly,61,Jaipur,business,21100.67
670b3bc4-7e23-44d9-a6f0-179abb52691a,Kamala Bhatti,57,Ahmedabad,business,96128.08
e0b28316-da70-4076-b674-cdfa5b2d597a,Advay Babu,50,Hyderabad,salaried,52092.76
e780fac3-c391-45a6-b92a-5d320d8d6542,Naksh Doshi,55,Lucknow,business,59410.14
91a3936d-071c-4c66-8104-cb7f99ace5ca,Geetika Varkey,48,Lucknow,business,270474.9
7188cff4-ba26-4dfc-9722-4e97dfc8a7dc,Ethan Parikh,24,Jaipur,self_employed,19205.96
3dcb1594-5a0f-4bf6-b12f-3173f3b7f9b7,Girik Handa,50,Bengaluru,salaried,51352.01
d48bf725-81e8-4b68-ac35-fa1d2c800858,Adweta Pal,40,Pune,salaried,26824.46
0b348195-fbee-4ce0-935d-460af819b97a,Zehaan Kamdar,25,Chennai,salaried,85792.68
ddf78880-63e6-41c0-9e31-6857c1639a8f,Dev Taneja,38,Hyderabad,self_employed,197750.37
994b2c5a-0634-4cb1-8e82-3500b6fd0b82,Saanvi Oak,37,Lucknow,self_employed,28662.37
8985f414-e569-42cf-91aa-447bfce62000,Jacob Hora,36,Delhi,salaried,27590.35
6d5621f3-fbac-4a0c-b51d-c6f981e3d684,Yatan Venkataraman,22,Chennai,salaried,55814.78
9f54a599-f750-44a3-b647-e28e2ed67138,Udyati Shah,40,Ahmedabad,self_employed,37384.39
f031b7a3-4af7-4cb2-8321-c6502cbcf8df,Ekalinga Bala,48,Pune,salaried,35500.23
de2fd7d6-1d14-4840-9af4-43e96d050401,Gavin Sridhar,23,Chennai,self_employed,49899.78
0663acc0-5ad0-4c4d-8445-7adeda65a525,Christopher Kari,29,Mumbai,salaried,13907.22
0d2caf86-5825-4731-82b1-7e810235b936,Ryan Kumer,38,Jaipur,salaried,36065.11
6d4e2909-c06c-4805-ba74-1488d1592a05,Varenya Toor,23,Ahmedabad,salaried,25722.88
50ec0de4-96c7-41d7-ba35-f06a5757d977,Damini Char,24,Delhi,self_employed,34711.07
479b9154-14fb-4bea-886c-9f9d0ab4c7c6,David Saini,40,Delhi,salaried,74743.39
c590bb7b-c724-41ee-bb18-2334a32fab27,Oliver Parmar,47,Kolkata,business,23603.35
83d53216-cc5b-464a-8b3a-4c3faac73bb7,Veer Pandit,26,Pune,self_employed,86616.33
ffb10c58-e39e-44b7-9838-a422242a528d,Ishani Doshi,29,Chennai,business,56893.33
e0a3a479-5631-4e52-b963-340bb39b7e6b,Indira Wadhwa,53,Delhi,salaried,31574.97
25fd921e-a1d6-4cdf-bc48-f804d0cf01e5,Yamini Deshpande,58,Jaipur,salaried,53916.18
2fe4bef2-5588-4a17-9935-1393950d95f5,Ikbal Chacko,26,Chennai,salaried,43046.05
bf3c35e8-1765-492c-b887-f2d022d9af9b,Gaurav Rajagopal,41,Kolkata,self_employed,73088.7
637f7000-c4a1-4e6d-9174-094e11267d3f,Ekapad Amble,45,Chennai,self_employed,96541.6
1f34025a-e243-477e-95c2-381f9321bc72,Dalaja Narayan,34,Bengaluru,business,54275.19
b64ff68c-3bd7-4ec6-98d1-ca61161cb1d2,Yagnesh Naik,34,Hyderabad,salaried,26739.09
b457e972-8a48-425c-adcb-03cf79c18420,Faraj Shere,37,Lucknow,salaried,21108.37
42360e65-73bb-4f7d-bbd6-f8f9d17c6d80,Ati Om,55,Kolkata,salaried,24035.68
ae2d39f5-2e42-4166-a085-4f3de1cfbdc5,Quincy Comar,28,Kolkata,self_employed,386298.67
ebb9e90c-3204-4210-a0c3-c06a505580c1,Devika Jha,51,Chennai,salaried,67666.05
0121b666-4ac2-43a5-b731-fbb5d8dcca16,Christopher Manne,30,Kolkata,business,21677.56
b46325f5-2690-4476-98ba-e248e934cb97,Ishanvi Swamy,44,Hyderabad,salaried,18746.66
dfe36909-fd62-4863-9dcf-7087114c588c,Manya Nayar,59,Mumbai,salaried,46209.15
6a73ae65-eb93-42c7-bc27-0d09cd4f5a5e,Hemani Bassi,24,Chennai,self_employed,71903.87
f15a1c49-c261-4643-8143-dbd5b77b72f1,Shivani Mann,45,Hyderabad,salaried,47783.8
5f0e47b7-2d0d-4d90-b5b4-9828b52b4ea9,Guneet Rao,44,Delhi,self_employed,41008.35
53790478-9833-4220-9691-45028fae8cd3,Harshil Char,36,Ahmedabad,salaried,34107.51
7a00c92f-5cb9-4f74-9cd5-6f41d8e1a011,Odika Sarkar,46,Hyderabad,salaried,42784.87
e791ce2a-fdd9-4991-9b82-9fe60809a97d,Aayush Chacko,36,Hyderabad,salaried,37909.1
96c4bd19-df2d-420a-bacc-b53792d79e8c,Oliver Prabhakar,31,Ahmedabad,salaried,12000.0
b5e5a052-b5f6-4c32-a538-ee89ffa963f3,Ekantika Dixit,62,Pune,self_employed,41736.87
b7a0580d-4374-45eb-ab57-8da3a6f67976,Atharv Rajagopalan,38,Delhi,self_employed,27011.43
9ea00373-a84a-42ad-a1ad-8b00749299cf,Ubika Bahri,52,Ahmedabad,self_employed,55417.35
b2ff388c-d59c-4b55-924a-dde3adc31c7d,Ayushman Behl,42,Pune,self_employed,396202.73
2e772cab-7e63-4241-8c8e-b0f7177ac406,Amruta Dass,27,Bengaluru,business,101796.75
f04a40a3-4bb8-4f0e-899f-010f8902c225,Manthan Naidu,53,Delhi,self_employed,39360.94
b119e7cf-fc71-45e6-aa3f-db41e1cbf013,Amruta Joshi,59,Jaipur,salaried,57578.28
a6f4c966-2a89-457d-9b91-60a5da55a673,Forum Bedi,50,Mumbai,self_employed,68725.91
f97fff83-f8fc-4b18-9e45-171ea5a6411f,Bishakha Iyer,62,Bengaluru,self_employed,65779.67
54e7761e-2434-421a-b84e-ecff5ceaea3d,Quincy Ganguly,62,Bengaluru,self_employed,74966.41
c8ad6c8f-826d-4e04-bc0b-3dc020ba94ab,Aarnav Salvi,33,Hyderabad,salaried,101546.47
c5239127-1118-40bd-bd9a-d75b7b54acff,Udarsh Mannan,26,Delhi,salaried,20631.12
97a6b83c-1120-407b-b74d-a8a0a3bb4a3c,Falguni Dhar,54,Bengaluru,salaried,46019.29
079c2d15-ad3f-4705-98ca-86ac4f93ca27,Teerth Behl,47,Kolkata,self_employed,25630.37
3fb474f3-4eff-4f52-97ed-b4c7b5a24915,Yatan Gopal,29,Hyderabad,salaried,47942.44
92787cdc-e36a-4066-970e-9be09f5589e0,Nimrat Mallick,58,Kolkata,salaried,22940.44
f367f5d3-833d-4452-b405-08480d4372d3,Upkaar Buch,33,Delhi,self_employed,36601.45
7f6e829c-5063-488d-bb11-b99be2767be2,Panini Kumer,32,Pune,salaried,31333.87
84d083d9-2e63-4437-99d6-c7536b74e34d,Anmol Kari,57,Chennai,business,175999.26
a53c2d82-d44d-4651-b5d1-dc82bb66ec8a,Ishwar Rattan,22,Jaipur,salaried,57482.01
24307134-ebd5-4945-bb36-186a6a08db36,Radhika Yohannan,61,Chennai,self_employed,20496.26
e949aa45-b15d-44c9-8d1b-d8f90cc142db,Bahadurjit Dara,50,Chennai,business,76836.93
153b895d-a863-4694-af72-733d8d2e2d02,William Bumb,31,Mumbai,salaried,25468.82
d7396958-ac41-4b77-b586-5891d36bc46f,Unnati Parikh,48,Lucknow,salaried,19355.8
04c35128-1363-425a-86d2-2862d2ad143b,Aarav Kamdar,26,Kolkata,salaried,32581.22
08351c1f-75c6-47e8-b9a9-14ab18639901,Aadi Nayar,57,Delhi,salaried,31124.75
bca2169b-ab6d-47bb-adcf-45bb061945cf,Wishi Samra,54,Pune,salaried,122193.15
4ca66c92-2c5e-4fa7-9e2a-cde37de1064d,Kabir Nayar,50,Ahmedabad,self_employed,66374.74
aa3a0402-ee47-48a2-9ad1-9fb305c5f49f,Darpan Sandhu,34,Chennai,salaried,18236.7
903a4b2c-28e1-4f62-8a14-77c70a1e9a1d,Jairaj Mahajan,38,Hyderabad,business,43989.37
d6759422-ba4a-4cd1-bdf5-3750ba76704c,Onveer Kannan,45,Bengaluru,self_employed,100204.49
e7ea515f-16ba-417b-9645-65ff81db1da7,Unni Krishna,34,Lucknow,salaried,103179.08
9b949f03-31d4-44b0-91ca-b39abd529cbc,Qabil Wali,39,Chennai,salaried,16432.37
48c14182-19e0-4818-b762-85a19b82034a,Geetika Dasgupta,47,Bengaluru,salaried,14186.38
dcfbcb90-cdbf-4d06-91fd-2592e89ab834,Shaurya Dass,37,Chennai,salaried,92547.99
7583a1b9-51fc-4995-bd2f-076ad11fcb54,Balveer Contractor,36,Kolkata,self_employed,64391.05
66ef9115-f7db-4997-9ab2-6df8014c7f25,Devansh Menon,62,Ahmedabad,self_employed,26694.03
0d2334f6-3b87-43cf-9958-a8e0a880ae65,Ira Mallick,51,Bengaluru,salaried,47444.44
84450f2e-132b-4cdb-9955-eed708653100,Anya Patel,46,Chennai,business,12000.0
48c19b82-bc0b-4ba8-b6ae-43c07822adf1,Bhavani Shanker,48,Lucknow,self_employed,49136.77
eceefd0b-11df-4d41-a8a8-b74385474598,Jhalak Sane,27,Jaipur,salaried,42783.62
ea56729f-e8d9-47e9-abe3-8d8b2b2782d1,Aarav Rao,42,Chennai,salaried,57649.4
2623f782-b704-4e56-aa6d-e3e3eea008c0,Kabir Ahuja,43,Lucknow,salaried,21873.96
05b83bf0-ca49-4c2f-9c04-0d5d1ad2929e,Vidhi Rao,59,Mumbai,business,78993.31
87217d0b-70f3-4265-8c97-bca1903f57ce,Niharika Gola,53,Lucknow,salaried,22863.29
1ca3232a-6f82-4f6f-8926-b41ccd8b6f18,Kabir Sodhi,46,Kolkata,salaried,41261.78
77678ee4-7b40-4591-a178-64cde156f2ea,Vedhika Shenoy,56,Mumbai,salaried,23209.73
2c2b97a3-0a24-41d0-8c46-2082b3e7a4df,Michael Thakur,37,Bengaluru,self_employed,36839.63
3ce87302-0219-4376-84ff-0447d8be236b,Sai Pai,42,Ahmedabad,salaried,22072.6
e57d69af-d263-43ca-9019-d83f95a9c976,Qarin Sen,41,Jaipur,salaried,50290.33
b0728224-49a1-4593-a041-136171cf0b95,Udyati Desai,37,Delhi,salaried,55783.06
c8cc0cf7-c632-4648-9ecf-1345aa2f53c2,Shaurya Bawa,29,Ahmedabad,salaried,32295.71
983632d4-e196-414e-9535-6641e61ab2a2,Vrinda Chaudhry,38,Kolkata,business,75690.97
2141b9a7-536b-4fa8-9c70-2124f1fac023,Charan Sane,39,Hyderabad,business,19856.12
468a1766-bf65-4a19-beee-521e52c4f3cb,Ansh Gade,37,Jaipur,self_employed,39744.48
a486ced4-62f3-422e-9ded-412291d5be0a,Anya Nair,31,Kolkata,salaried,35415.25
01d9b32d-29f7-46ac-a74c-eab59440bdd5,Yashvi Mani,52,Bengaluru,self_employed,306985.31
ef0c20f5-2307-431c-b983-1773a5a1b935,Neel Rastogi,61,Ahmedabad,self_employed,22507.93
fa75a113-bfc1-4c4e-bf8d-2471ea92b27e,Sai Sahota,30,Mumbai,salaried,75515.15
7f49b2f0-0e16-4038-a25e-912cb1d49b4d,Yasti Kanda,23,Ahmedabad,salaried,59780.18
62fcb821-068d-438f-b615-efad7a552e00,Farhan Kumer,50,Pune,salaried,41786.07
c78dd700-2275-4b32-bf9f-b0190aab8986,Lakshmi Dewan,52,Mumbai,salaried,87492.67
c7ed2653-0d59-4fbf-a7e4-8cf36199ffa0,Hitesh Ravi,56,Ahmedabad,salaried,43741.51
3762786f-855a-4d45-8f2a-997242220c65,Rayaan Pant,28,Bengaluru,salaried,44116.08
18d30300-4b6b-4b3c-b1b2-42451d7831c1,Waida Ramaswamy,26,Chennai,salaried,35363.65
7b0ec199-10ff-43b6-a587-de699774ea7a,Devika Virk,32,Bengaluru,business,219962.42
f486d50d-d90b-447d-b192-af92749a3032,Kritika Gandhi,38,Lucknow,self_employed,105612.12
0ceb2e8f-3ca9-4e74-b0d6-78bb03408bc6,Zaid Mane,58,Chennai,business,41643.08
b2c83078-1684-4835-83f5-f9299af79cc0,Chakradhar Mahajan,21,Jaipur,self_employed,19467.99
9b491316-da0d-48d0-8e87-eea0228b86aa,Siddharth Agate,32,Pune,self_employed,42527.81
1530282d-eb67-49f7-a024-87e76133dfeb,Xiti Sawhney,36,Ahmedabad,business,35595.17
8320aa2c-9a31-4592-b8ce-de8e14246ca5,Mitali Khosla,42,Mumbai,self_employed,46888.74
cf9798c8-6d90-4f0a-ab97-36ddea34f088,Owen Pall,28,Pune,salaried,67421.49
927495ce-1409-4edc-88b9-137513c36539,William Swamy,27,Kolkata,salaried,28892.84
00ce09e2-1368-4b6a-9726-e9f54bf6d6ad,Pooja Parekh,26,Ahmedabad,salaried,35546.19
a399da7a-1ccd-4dab-ac28-f9049b998c65,Sarthak Deol,51,Ahmedabad,self_employed,51052.81
2e795766-322a-4b94-af21-9466f32af860,Chandran Rajagopalan,38,Lucknow,self_employed,88778.66
72d983ad-9849-4e9e-88c4-816776b8e5e6,Tanveer Luthra,42,Mumbai,self_employed,12000.0
7780ec94-39a9-416b-bb8d-d66076d312f6,Saksham Issac,49,Kolkata,self_employed,32058.25
591c5dea-539c-4c77-a6e7-c3a7518cdf6e,Mohini Dash,57,Bengaluru,business,88446.69
37c59c64-fea8-4578-9626-528c03605a89,Siya Dhillon,24,Hyderabad,salaried,66173.77
741e65ce-a9df-42a4-bf1c-9f5946ae3b80,Jagvi Bahri,24,Delhi,salaried,28397.28
1d0f542b-8e25-4a34-b92c-f440adb7dfc8,Rushil Sani,59,Pune,salaried,14210.32
500af6d5-f35f-4870-a926-e6b869904c29,Upma Luthra,37,Bengaluru,salaried,49506.33
de34c3e8-0868-4b30-beb7-ec67d086169c,Pooja Bala,46,Delhi,salaried,26431.69
ebe5b02c-e280-4324-9322-1a3ab8e59444,Jeevika Chakraborty,34,Bengaluru,salaried,20033.61
35a05129-21fa-4292-9fc2-beec1ff7a790,Yauvani Arora,46,Hyderabad,salaried,26577.69
cd45e78e-e216-42b4-85bd-c360b605eee0,Sarthak Anand,62,Bengaluru,self_employed,43080.78
0bce32d9-c35b-4a9b-8fb2-f79a10e7cb3d,Theodore Bahl,52,Pune,salaried,26839.44
492f57de-0269-487d-b1c9-3206029c7220,Ira Sandhu,40,Lucknow,self_employed,12000.0
72d210c3-9334-4fbf-bb8a-64db82defafc,Balhaar Kara,27,Kolkata,salaried,56870.56
cb545fdc-253c-44ed-ad50-4200de85810f,Ekalinga Kibe,52,Ahmedabad,salaried,68695.4
9ee61b21-80ce-414c-a09c-ef77e933ee02,Yatin Goda,51,Hyderabad,business,131448.42
377a31a6-3eb7-4a15-bf07-361b3ecb4117,Oeshi Rajagopal,48,Delhi,self_employed,22106.35
c3bac085-2e2a-4362-a629-8c225634e4ba,Nisha Ganguly,44,Lucknow,self_employed,42572.17
b99f55a2-2fc1-4656-b4b9-feacf58b1bbb,Triveni Ganguly,61,Pune,salaried,36197.28
e6f5b59f-3fc2-4304-a4a2-2941987e456c,Waida Sehgal,53,Kolkata,salaried,48991.26
c651c6f2-2964-4dc5-86c0-815da9256dfb,Meera Gola,35,Bengaluru,business,133453.24
e652b7ac-062b-4f27-a5a1-dcc4aea7e7ab,Qushi Jha,54,Jaipur,business,37768.99
1e86ec5e-210a-40fb-9763-a8a7fe03d4d1,Abhimanyu Puri,50,Pune,salaried,37835.3
e8126275-e774-404d-80c4-0b8f0b2013b2,Divya Comar,51,Hyderabad,salaried,45644.58
18127ff0-8a23-4590-a106-0393239a4ed6,Hema Bhandari,29,Hyderabad,salaried,75200.35
b0bd1b85-bac0-4eee-bd2c-64d35db13293,Chandresh Gola,54,Pune,self_employed,80270.27
e3bcb093-823d-479e-a82b-b8f0d7d6102b,Sara Wadhwa,24,Jaipur,salaried,53880.74
eb12816a-c665-456c-aea7-4090a74f1b7b,Varenya Memon,23,Jaipur,salaried,37869.95
da404b55-1c8d-4cdf-a26b-7a5fe499f04d,Garima Subramanian,48,Pune,salaried,73513.88
00737cae-e71d-4081-8ca1-02c14b2abfbf,Saumya Gade,57,Hyderabad,salaried,44572.9
ba2cbae9-395a-4a93-869d-a02097e9bd7a,Pushti Kurian,58,Delhi,salaried,23610.72
42ff07a8-b365-4543-b833-84fcd418d7ba,Bachittar Ram,22,Delhi,self_employed,130922.26
e7b9425d-1794-40a4-80ea-d18f3757b9bd,Abhimanyu Murty,50,Bengaluru,self_employed,79900.09
44b51753-1742-45c0-a8f7-45549323d565,Kalpit Raghavan,46,Mumbai,self_employed,35949.45
87c32632-2f71-439b-b4b2-02ba86ffee63,Zaid Ramakrishnan,40,Kolkata,salaried,28574.03
01bd7a61-1ce3-455a-8aea-1ce4b0618808,Abhiram Gaba,50,Ahmedabad,self_employed,60331.09
a6f65e6d-8e79-4a95-8510-1727c8500405,Raghav Bhatt,37,Kolkata,self_employed,67794.03
bd098011-03a1-45f4-9791-bd8fb8b2f794,Netra Saraf,32,Chennai,business,87339.93
10a5633c-93f6-483b-84a5-7a8a6a333989,Chandani Butala,59,Hyderabad,salaried,42431.84
4e4c2159-b96a-4942-afeb-09be1f9e0b4d,Timothy Thakur,27,Pune,business,337716.36
f602591e-04f0-45aa-8bdf-e7cd5dbcae9c,Hemang Anand,21,Pune,salaried,62054.7
c760c466-37ee-4c47-af49-ef4eb0e27ad3,Upma Keer,31,Ahmedabad,salaried,39947.36
d95d8185-9724-4e1f-987b-7b65809407e2,Damini Ravel,46,Lucknow,salaried,58142.68
ab2c12f7-305a-40e3-892c-5d06bfbb91b5,Yashasvi Lala,40,Lucknow,self_employed,23795.06
f2fce788-d992-4246-aa47-9d51aa822e4c,Shaurya Gera,60,Kolkata,self_employed,64766.83
8002c14e-7176-4670-98b4-d2fe2b224972,Samesh Hans,46,Hyderabad,self_employed,173948.48
5d4f221b-45a4-4344-afa6-7f03870b7d76,Brinda Thakur,29,Mumbai,salaried,32564.47
f6e305b6-aa01-4c12-9513-c388db85ea3a,Riya Om,22,Chennai,salaried,23770.08
be5b4682-90f5-4316-a720-b1ff278fdbe7,Sachi Magar,34,Ahmedabad,business,40664.88
85d3161c-9036-4dd8-9494-54cf591ca938,Manan Pall,62,Chennai,self_employed,22862.58
0f48042c-bdf7-4616-81cf-0d11b9ff20b6,Gopal Dhingra,61,Jaipur,salaried,24529.19
48f520c4-100a-4c96-8553-0a79670a9cb6,Anika Rai,40,Ahmedabad,salaried,30174.3
1df89870-bdd9-4799-8f90-b2bc1f17c272,Yash Chacko,48,Mumbai,salaried,17983.62
767a19b2-383d-4ff2-b219-b723cc5c9f29,Osha Keer,30,Ahmedabad,salaried,36600.21
3b9f342f-7b38-4272-9cd7-61e17da8cdae,Adya Pau,51,Mumbai,business,164727.76
7c924c0b-3c52-43c2-a5dd-9e7bb913277c,Xavier Sem,58,Chennai,business,32306.36
d921e3c1-b609-4420-9626-d254b1cbf9c1,Amrita Mahal,57,Pune,salaried,77624.78
a40eb502-b174-4131-91fd-fafbbf2a5fd0,Girish Tella,21,Delhi,salaried,46882.33
a2fc4356-e422-4053-8ffa-388207cb88ef,Anay Dua,48,Pune,self_employed,100851.7
4786626f-fae2-457e-b93c-814cfe333ee6,Radha Lalla,58,Lucknow,self_employed,30931.05
5ff9f65a-84f8-4bb1-8f4c-1ab9b7b06920,Lohit Babu,39,Mumbai,self_employed,89158.21
31dbca13-33eb-4bac-b8e5-a93cda5e4972,Forum Divan,52,Jaipur,salaried,21036.89
6758fc31-5cd9-4f68-9285-5782964a29ec,Onveer Mutti,60,Ahmedabad,self_employed,91415.77
2441efa6-c98f-49f0-91bb-82ff1767ba15,Ekbal Basak,24,Jaipur,salaried,39573.69
7437e70b-c601-4443-8486-e6969b29e056,Oscar Tank,57,Kolkata,salaried,47888.26
7226b304-923e-48cc-b6fb-25a96c7daa34,Neelima Bal,38,Pune,self_employed,21527.44
08cde1ab-2a70-44d2-bfca-075877e7cd81,Netra Amble,28,Ahmedabad,business,32677.34
220bb94c-43d4-46b0-a605-fafe6dd35c63,Isaac Loke,62,Kolkata,self_employed,74463.16
624e5458-4e71-4e4e-bb74-224f47832c18,Janani Chokshi,48,Mumbai,salaried,22602.73
b9d47c36-3db8-43de-9553-ea3cef523007,Jagdish Chawla,33,Ahmedabad,salaried,45780.03
32740079-9b4c-4e40-8d40-5a3a782a2deb,Rachana Hari,35,Jaipur,salaried,18332.51
1c3f0a73-0ee1-4621-a876-5028c6ccd557,Ishani Mahal,42,Lucknow,salaried,55497.16
fef65666-0593-422c-9b3a-abf24bc31562,Jack Srivastava,50,Bengaluru,business,24118.37
8f185304-fcb6-4fb0-9fef-d5462d84551c,Jai Virk,45,Pune,business,120218.95
b4072e50-3df8-4c46-b021-cd264e5f2555,Sneha Deshpande,62,Kolkata,self_employed,75958.44
2f6834c6-1a5f-4d2e-8b55-9a58b92f0284,Chandani Doshi,31,Lucknow,self_employed,30099.38
a020778c-cb72-43e2-88fb-19189d2d2ce7,Nicholas Sule,26,Ahmedabad,salaried,48582.24
0a059154-7280-4845-8db7-dc256ddea2d4,Nakul Sunder,33,Bengaluru,salaried,41366.27
ff074be3-008d-4962-b2a3-482c0a1ccf38,Tejas Kala,27,Pune,self_employed,33617.79
5ca3d549-49f0-46c7-b94e-25659630c353,Bahadurjit Dua,52,Hyderabad,business,29504.58
76a3bce3-f453-4b86-b4c6-f683088ba82c,Abeer Bumb,56,Mumbai,salaried,13611.73
5fc08d44-ed95-497a-9cc7-cc3e4acfe2e9,Aarnav Choudhary,43,Hyderabad,business,100176.11
869136e8-dff6-4363-9acd-79aaba383701,Luke Chahal,31,Bengaluru,salaried,16607.32
f695a0fd-d9a0-43c6-b519-2ac1d4ebdaa9,Faqid Chaudhary,53,Mumbai,self_employed,52404.14
30d932f6-9514-49b9-925a-2f21033a8ea9,Liam Nadkarni,42,Pune,self_employed,40765.29
af4c2080-4ac7-41ab-b30a-681795659e33,Raghav Karpe,35,Delhi,salaried,50999.51
d5c782e5-2468-4079-ae74-ca6f20117b6a,Hemangini Bail,52,Hyderabad,self_employed,39678.63
c0ef71ae-d34c-4122-89fc-0abcddb32954,Anay Batta,43,Mumbai,business,54366.15
87d58898-abe0-4303-a13f-75845fb6fd51,Turvi Morar,56,Hyderabad,self_employed,81822.66
09b3b2ac-fdeb-4c34-b3da-84cfd5578bb9,Udarsh Wason,53,Lucknow,business,98869.12
f0ce4d74-9905-4c47-aac4-527380201b01,Oliver Sangha,24,Ahmedabad,self_employed,61163.7
875d6959-783f-4d83-b5eb-a70d1047795e,Wridesh Bose,28,Delhi,self_employed,68083.31
d64daf10-f613-493c-addd-1f803a35ad2e,Omya Gulati,60,Delhi,self_employed,16732.35
dfc8b16f-2cd4-4ae7-a0a6-1bb51b6a5000,Sai Krishna,23,Jaipur,self_employed,83262.38
fef5e73e-2e3e-4ca2-8d25-147f84ba3395,Chanakya Hegde,61,Delhi,salaried,49327.37
d29d8a18-0843-4339-b089-8624712c0cc6,Arya Rajagopal,44,Bengaluru,business,29289.52
c1b72c09-2a11-45c8-b34c-458ac538433e,Raagini Hari,49,Jaipur,self_employed,41321.72
b7ae48b3-9d7e-495d-a075-52e082bbeb48,Adya Subramaniam,27,Bengaluru,salaried,35608.74
cac3f54c-ddbb-446c-86b3-a0d877e7a3fb,Nikita Kumer,42,Bengaluru,self_employed,44616.2
0f69cbd6-578a-4981-adda-ac70ce043383,Frado Samra,33,Ahmedabad,salaried,42913.0
9f525ff9-684b-4a28-b383-49cae91b6ffc,Charvi Kunda,21,Chennai,business,265197.5
cd41b8cb-69bb-4792-a3ef-9476b85013f3,Xiti Rao,51,Kolkata,self_employed,104530.77
1ab25c46-788c-478c-b0b9-bafa8514ea08,Megha Peri,31,Delhi,salaried,18842.88
7da51f60-a567-4d24-b469-113c062e7847,Lopa Ravel,47,Kolkata,salaried,49564.74
4ac20aa8-e526-44fa-bd24-b166fbf5e4df,Chameli Taneja,36,Bengaluru,self_employed,124275.15
00a20709-1afa-4345-85ee-331e79716d78,Jonathan Kar,54,Pune,self_employed,64264.71
6e394852-9a33-454d-a5ad-a9f8ad826dd3,Ojas Mangal,29,Pune,self_employed,105207.12
ff1bcf2d-1f58-43e9-a1f4-4f43434e5f2f,Ucchal Nagi,47,Ahmedabad,salaried,99323.28
4e9a6f61-afd9-42b6-898d-79692fded03b,Anika Sura,54,Kolkata,business,183751.32
76ab03e3-01c0-4d6d-ba8c-a111f6060bae,Harini Mallick,49,Bengaluru,business,91525.94
eefefca1-9842-444f-aabf-ff1e2d407973,Rudra Date,54,Delhi,self_employed,101881.12
f57bed52-2fcc-44d0-88e0-ad581dd6f335,Falguni Mitter,41,Pune,salaried,39043.98
40aa2763-00e2-460e-ae9e-38a58027add1,Champak Varma,31,Pune,business,74720.72
607836af-2d07-4e72-9c24-8c95b5c14c68,Yamini Jani,23,Bengaluru,salaried,30463.75
12631a4c-dab3-458f-9d05-7bcf4ac43750,Sneha Balan,24,Jaipur,business,298663.27
ed56a6dd-3b8f-44d2-a9ed-c2af40222394,Bakhshi Mammen,47,Pune,business,35010.88
ae721800-a6d5-49af-a7ac-2e5c93ec855d,Maanas Shetty,56,Hyderabad,business,290433.8
3aa6a4a6-aa59-4478-b640-847c08ddaa84,Vrishti Bhatti,41,Kolkata,self_employed,69557.21
9645b961-8c21-48f1-b77f-77e19c3a0b1f,Sachi Bhatia,38,Jaipur,salaried,18040.0
b7077f37-c3a1-421d-b237-09c22d1c47b0,Abdul Sami,30,Pune,self_employed,63408.58
5a08a238-dbcb-42f2-9ea5-ab44daaa6ab9,Utkarsh Nagar,34,Jaipur,salaried,12708.0
f2644082-d851-4c13-9125-59d032209b83,Divya Raghavan,60,Ahmedabad,self_employed,75951.91
5e62155e-c237-49ea-9b68-4b27b2636eb8,Aarush Shah,62,Pune,self_employed,91095.35
78e7d18c-27df-4d3c-a078-845690c1730d,Girindra Hora,40,Delhi,self_employed,32381.77
87a2b6d7-ad3e-471c-b750-ccb153fc3abd,Abdul Sarna,42,Pune,salaried,38629.59
9cf4e3b9-731b-4498-9df2-5ae97051056e,Harsh Suresh,29,Jaipur,self_employed,192511.31
73806e5c-9bfd-4216-8de6-457a642d1ecb,Kabir Krishnan,39,Chennai,business,46389.48
025c2774-cc19-4bdf-af0e-c5260914a652,Varenya Narula,56,Hyderabad,salaried,21387.16
2edda4bd-3946-418d-97b0-395a07df42e0,Xavier Rattan,61,Bengaluru,salaried,76178.28
e9dcfd0a-5ff9-4894-8f88-738a174b4a2e,Vincent Wadhwa,55,Lucknow,salaried,96886.32
86b6af4d-10fa-497e-aab3-ce3cf4a78955,Lucky Sani,40,Pune,salaried,36382.67
efcb94fd-5a15-4a7b-bb1b-c608d40c7811,Logan Krishnamurthy,28,Mumbai,business,181737.16
30c044b2-1ac0-4369-bded-187ecce0669e,Nidra Varma,37,Jaipur,self_employed,125371.07
7ea71688-afe6-474e-8974-d1121b58c3e4,Bhavini Bahl,24,Delhi,salaried,25053.23
3dfc8947-8d41-4f2f-881a-129616f8d218,Pratyush Saini,57,Mumbai,salaried,28491.1
e4469ebb-2e54-4146-9854-865ede0fbba4,Amol Dani,36,Lucknow,salaried,67200.59
3d7b0e65-95f7-4e1d-bfab-74f1ee708c78,Tanay Chaudhari,61,Jaipur,self_employed,159453.88
e0b6c09e-cf29-49c9-ad1d-eea8ac903256,Chandresh Pingle,35,Kolkata,self_employed,72694.18
40d40c54-98f0-4055-9b49-5f605da1c639,Arjun Bhatti,57,Bengaluru,salaried,23390.68
45cb3f87-552c-44a2-8f9c-0c5c86f431a4,Chanakya Sekhon,54,Chennai,self_employed,196996.8
c38a07d4-2a5b-416d-ab30-f936a4e14c50,Nandini Varghese,54,Lucknow,salaried,27847.95
ab9d4c3b-3927-498f-9084-3559dd10e63d,Nidhi Narayanan,44,Ahmedabad,salaried,30712.69
a705074f-925f-40e2-910f-1f5ba782488f,Veer Sodhi,48,Pune,salaried,43095.29
324ae770-6957-4fd7-a62e-ef98c8598a44,Balhaar Datta,24,Pune,salaried,78990.29
0757769c-f14c-4992-9dba-d9236e963fd5,Oni Venkatesh,51,Chennai,business,157720.28
c62e4fef-2b9f-4b16-a583-7f9e61dfd107,Jalsa Barad,44,Jaipur,salaried,44686.77
64d41391-62ef-4509-a971-310add545157,Forum Bose,56,Jaipur,salaried,45781.91
7e1d6c26-b74a-4f70-86b8-4d7ec7ff455a,Simon Goda,37,Lucknow,self_employed,50536.96
98a4b7e2-c299-4a44-8551-6e9627b135a5,Isha Sinha,48,Ahmedabad,salaried,48005.45
25fbb720-d283-4a4a-a409-039cbeb6195a,Vansha Kale,52,Pune,self_employed,12000.0
b98d4802-588e-47f5-8299-426b923b3a99,Yashica Gola,30,Jaipur,self_employed,39829.96
5879fad6-3066-4f6a-9001-835e9017880c,Vrishti Nanda,50,Bengaluru,salaried,40972.69
688a4d4f-6dfe-44b7-a6ed-1daa9711fdd0,Zehaan Roy,53,Jaipur,business,25954.16
c78e9a25-1461-4aca-a790-e3f132e89ed6,Widisha Sibal,34,Ahmedabad,salaried,44053.57
9b372279-d5ed-47db-a86d-cd9aea20ca0f,Samaksh Comar,31,Jaipur,salaried,32786.25
bb534b66-f3fd-42cc-acef-f1852f08ca98,Lakshit Sachar,28,Lucknow,salaried,87355.2
d255d9e6-698a-4322-a156-2387e1d5baed,Pavani Kala,28,Delhi,business,301256.62
914b2caa-f00f-4211-8ee5-def4e98fdac2,Madhav Khatri,39,Mumbai,salaried,28770.25
a8d9f5e5-85cb-4f17-8136-d722ab5602c3,Udarsh Baria,28,Kolkata,salaried,33677.36
abf93e87-c4b9-4874-b6b9-f345fc2a6c23,Ekalinga Kala,44,Hyderabad,salaried,34997.3
ab323804-f152-4216-af0d-e0ea4adea2d9,Atharv Arya,22,Bengaluru,salaried,28974.47
30ce99fa-a999-41eb-b06e-4bc4501467e3,Abdul Das,58,Pune,salaried,40035.13
811eabe4-2d9a-4d59-91fb-c0868df46e00,Jagrati Naidu,40,Hyderabad,salaried,24856.11
cdef3a49-a599-4240-97cc-6ddc1ce34029,Chaman Rastogi,52,Mumbai,salaried,20633.94
cd6c8f13-1a9d-4d2c-9aae-c56eadea7d8c,Logan Rege,43,Delhi,salaried,49580.63
8096d8cf-896f-4c09-bd87-d26833981924,Bhavini Swaminathan,47,Ahmedabad,business,128872.22
171e12ed-0f8a-42ea-b128-19101b49ca36,Shaurya Chhabra,57,Ahmedabad,self_employed,27916.66
e010d273-4e57-479e-93ac-1013d41f2a6f,Matthew Deo,45,Ahmedabad,business,163704.77
d2709fcd-2a83-4ae6-9018-7a8069752dbf,Rohan Jhaveri,59,Bengaluru,self_employed,31504.81
44a9a503-e13a-4021-9206-59cdd0d018bb,Hema Bhatti,53,Ahmedabad,self_employed,58525.37
30740ef0-f1f6-4f6d-9354-7612d8de76ab,Nirja Pillay,49,Bengaluru,self_employed,87050.25
a55f2ac2-dcc8-4164-a6ed-19719eb7f61e,Neel Ranganathan,41,Delhi,business,70951.28
d0552746-4578-4208-9bcf-df745b6d5130,Abhiram Dugal,60,Pune,self_employed,67394.5
332880f6-d6f4-48c3-88d8-b428661262e1,Bhanumati Comar,46,Kolkata,salaried,28051.16
add1471f-6d33-4c5d-8098-aff65c1f7e91,Nakul More,49,Hyderabad,salaried,32917.73
5d3218b1-e9f4-452b-ab17-063213eac0d8,Henry Saini,31,Mumbai,self_employed,42442.2
f354909d-2fdc-406b-acd5-197aa35238f9,Zashil Dyal,40,Jaipur,self_employed,29068.06
35312ef5-7d7f-4f31-ab41-0c6646ac26d4,Devansh Madan,62,Jaipur,self_employed,43315.17
ee72e8c3-b9a4-40d1-9532-23661ffeb9b0,Dhruv Vasa,60,Jaipur,salaried,16742.25
f82b4fe4-6974-4f6e-85f7-9ba4a56c2d70,Yoshita Nayak,24,Lucknow,self_employed,34758.95
202113fe-eeff-4437-b94b-e56bb978a9a1,Nisha Sampath,51,Jaipur,salaried,31494.31
08bf461d-3b58-42ad-a39f-a26292697257,Lavanya Deshpande,28,Jaipur,business,58071.96
8777cdf5-fae6-44f6-b93c-28df53bbcd69,Hemani Dass,22,Hyderabad,salaried,32184.85
520532ff-083b-450e-b8ab-16814e815a49,Sneha Kota,36,Lucknow,self_employed,46946.55
12d3b50f-c80a-47c0-8bfe-938bce522f2e,Faras Arora,55,Lucknow,salaried,46153.16
52d00113-cf22-4b8e-b732-364374519330,Gaurangi Agrawal,58,Mumbai,salaried,56232.97
f9a0540a-5a6e-4f3f-a143-1c7bf82c77c0,Anita Lanka,22,Kolkata,salaried,26242.02
a6edc8a8-686b-4e30-9e38-e8f5bf36a41b,Faras Pathak,47,Mumbai,salaried,19898.5
e87ac786-e42e-4dc5-ad07-f592567b4e6f,Mohammed Chaudhari,41,Pune,business,28628.56
f5da397e-af94-4351-90bf-93542ecefaaa,Xalak Oak,28,Delhi,salaried,28464.09
774568db-ca2f-4cbe-9bc8-518bf24eeb65,Kritika Misra,39,Bengaluru,salaried,30456.03
7929c0b3-d33b-451d-b74e-bb41083fc20c,Ira Munshi,26,Bengaluru,salaried,24710.96
7ce3094d-9db9-4be7-b8e8-44697ce5eb5b,Caleb Manda,47,Bengaluru,salaried,18995.2
c3eb5aef-1e85-4c1e-9052-becf8d29dbd3,Lavanya Dutt,41,Bengaluru,salaried,28909.91
43425b79-63a6-4b4f-9225-92ac0995347d,Dhruv Cheema,24,Hyderabad,salaried,39763.84
c556abd7-7b4c-4b39-a604-3de37aefa59e,Dominic Brahmbhatt,41,Bengaluru,salaried,48899.12
c9eecd9a-f755-4a4b-88ca-93aa97060b51,Niharika Lad,41,Hyderabad,salaried,27482.05
3a0f6fca-0cf6-4a41-b866-ed019ccc8d49,Kavya Shukla,28,Mumbai,salaried,29540.02
2539232a-6d04-4efc-be64-110d78afd2ed,Vivaan Kuruvilla,59,Lucknow,salaried,22848.73
288a723f-e58d-401f-bfb9-d99fae2d5e43,Adweta Oak,53,Jaipur,salaried,35749.1
742c8458-2224-4c53-88e7-83c41e481f17,Sathvik Pal,28,Hyderabad,salaried,23760.64
42a10c02-8ef0-4dc7-bb2a-1e3e783fda01,Oliver Mand,50,Jaipur,salaried,48366.56
b1f594b5-3649-4531-b3c2-a232a0be6f8c,Wridesh Raja,51,Mumbai,salaried,14869.49
607918b3-76ea-4d45-b21f-92cc128d5cba,Lipika Dey,35,Mumbai,salaried,30338.87
6f9560d9-8fd8-4402-ba60-c30a547a4d34,Vinaya Bumb,58,Delhi,salaried,42215.96
9dfe213f-73c4-409c-b3b5-ec439b089599,Ria Desai,56,Bengaluru,salaried,39811.75
ebbc2709-09bf-45b9-a646-72615c04e197,Ganga Kohli,47,Ahmedabad,salaried,139597.26
ad47c1c3-1977-421f-a897-24d5bf0b6571,Xavier Narayanan,61,Jaipur,salaried,43256.38
eb68becf-4af1-4cf4-870c-bd40ee3de029,Jagat Pall,30,Kolkata,salaried,21981.86
ee8e2391-4709-49c1-a721-1e9c39aa0a97,Sai Sahota,31,Chennai,salaried,34622.81
c4cd423f-d8e0-482d-874d-a1024f15e6c3,Damyanti Ganesan,48,Jaipur,salaried,14941.19
cc6f0819-52c9-4670-998e-180586f62a7d,Rajata Sidhu,21,Ahmedabad,salaried,34881.09
7d5dca1d-e0cf-4e86-9b6d-8c0ff5721e31,Yug Dube,60,Hyderabad,business,34553.0
0e75fc33-2b12-4364-b83a-9242a7b7e6ae,Ganga Johal,31,Mumbai,self_employed,93038.92
11e6f980-69e1-460d-8f87-32b9d8408077,Elijah Parikh,51,Hyderabad,salaried,27590.58
425ba435-1fa8-467a-a4a2-9492bd04fde3,Krish Khurana,45,Kolkata,self_employed,45173.41
6dab397e-b438-4466-80bb-1597f86f5a55,Abhiram Deshpande,34,Lucknow,self_employed,31417.16
d1d85259-5ce8-47c6-b6a3-ef63e8ac4482,Bakhshi Srinivasan,39,Mumbai,self_employed,165577.72
abebae99-43fc-4279-aa12-039230da2d0e,Chanchal Ganesh,55,Lucknow,salaried,30926.81
178c59ce-1c85-4f8f-ab7e-454de2289647,Amrita Rattan,26,Pune,salaried,90787.65
e730dbbd-77dc-404d-9a53-974512837b2a,Leela Deshpande,29,Jaipur,self_employed,86673.74
a60e6ebd-623e-4076-884c-71d43255a659,Abdul Zachariah,48,Chennai,business,112855.11
39d28d77-218a-45d3-a6a9-a08efdc2c998,Geetika Chahal,41,Kolkata,self_employed,63456.71
afe1b11c-9873-474d-ade1-0253633dfb87,Tripti Kakar,49,Hyderabad,self_employed,64579.88
adcc1d61-3cb8-4fa8-8ddc-f71d3d88e775,Nandini Bath,41,Kolkata,salaried,13851.71
9a11f298-b4f7-438e-ae1e-b73f571ebc49,Atharv Sridhar,59,Kolkata,salaried,31588.81
053bd432-272e-47d7-be8a-06933a60ebcf,Samesh Loyal,29,Mumbai,salaried,55413.53
c8d98d60-dd44-4081-b533-b681db018b6b,Balhaar Taneja,21,Mumbai,self_employed,47371.31
86abd630-cadf-4e90-9946-36977bb4b228,Umang Pandit,47,Jaipur,self_employed,18331.33
53388bb4-2cc8-4c7d-ae06-9520eb85abaa,Ekiya Subramanian,52,Pune,business,69761.39
b4f6491f-2d40-4d1c-8a89-b679c0ae9c15,Brijesh Iyengar,62,Delhi,salaried,85140.04
e6524bff-4440-44b2-97d5-ae4eb141fd0b,Tarak Chahal,49,Delhi,salaried,67740.93
2e35ae3a-280e-4ff3-8535-65e0f00a0d8b,Samaksh Aurora,45,Lucknow,salaried,35206.92
bab01e53-5e00-475b-b2e8-b29b358bfe81,Gagan Ratti,32,Mumbai,salaried,58438.18
c7f35957-c482-4afa-98a6-245df546e458,Shivani Ram,44,Chennai,salaried,30234.73
a53e7eb6-365f-4f54-b9c6-f04c906c5808,Aashi Dasgupta,35,Mumbai,salaried,15491.77
9ddbe95d-0ded-450f-b005-af174db7b5df,Lucky Narasimhan,43,Chennai,self_employed,25664.75
4c2cf625-9479-4f70-9fc3-b1b0baa22dd5,Vinaya Ganesan,60,Hyderabad,salaried,79335.77
d6f19bb4-d948-40ca-a22d-df38186f5d18,Akshay Ganesh,35,Chennai,self_employed,40465.49
3cf11ce4-b715-4261-b0a4-7ece2c65132c,Warinder Agrawal,44,Mumbai,business,58744.59
21fc83bc-526d-48c1-b41f-af615601d8d2,Dipta Sawhney,59,Chennai,salaried,31259.57
2c9ff5f6-6e1a-424a-a31b-11c11892acfd,Joshua Anand,61,Pune,salaried,94095.76
30449d0d-d98a-433c-9056-9de08448b4b0,Zayan Walia,38,Lucknow,salaried,81877.5
f1acacbe-89de-4974-8368-771d44e19f76,Waida Sood,31,Jaipur,salaried,110127.07
162eb59d-9e0f-49ad-80bb-b55471d319f2,Gagan Saran,57,Lucknow,salaried,33539.44
40820669-ea09-4aa7-a9e1-f288dc48e851,Jhalak Mukherjee,25,Lucknow,self_employed,60290.94
b4177c4e-42ea-4724-9917-057247b72e12,Siddharth Patla,25,Bengaluru,salaried,17012.08
f78cbdbb-8fab-41ce-9019-b5a31f64e8d9,Quincy Shroff,57,Chennai,salaried,75998.37
cae0fec1-d9bf-43cd-a034-36b47c013881,Utkarsh Modi,38,Chennai,business,25565.48
86c30526-8081-42be-8576-605c00cfcf36,Saumya Mittal,22,Jaipur,self_employed,57053.4
d9a7849d-ed8a-485e-bcaa-6c265726fe60,Zaid Rout,56,Ahmedabad,self_employed,22740.17
6dc43aa1-e3fc-44a9-a3ab-3689a689c89f,David Lala,48,Mumbai,salaried,27053.36
102f8cae-dc86-4a3f-abe9-2c89661c42d6,Vrishti Venkatesh,41,Pune,business,34422.44
431abc30-dd75-4fb9-bdad-81dc4da88946,Chatura Chaudhuri,47,Hyderabad,self_employed,32031.89
d6f5cdc9-f535-4160-9510-5648918e7b42,Megha Walia,54,Ahmedabad,salaried,27734.67
c12c4664-8885-4272-b95a-6f554587e70e,Urvashi Sastry,54,Mumbai,salaried,27608.13
29bed23f-8c78-46dc-a65c-fbf83aeb92b1,Patrick Tak,35,Mumbai,business,154817.23
310cc18e-8bc2-4837-9ad6-113cb7ea107e,Victor Srivastava,47,Jaipur,salaried,20901.34
9a903afb-4db5-4c7b-a768-9b1f2950ad99,Urvi Som,21,Pune,salaried,40549.17
dbafff12-a71c-4848-b957-8836b040a99e,Anthony Naidu,26,Lucknow,salaried,66768.02
3e059ab1-ef84-460d-8dcb-1c88be759986,Vihaan Verma,35,Pune,self_employed,34226.74
aee0987f-5eae-496b-898a-2cb8d7e581d0,Yashasvi Choudhury,36,Chennai,business,38325.59
1c547bc3-7575-4c8c-a81b-08a8449cef63,Vanya Varghese,40,Delhi,salaried,32361.92
1c776736-ddd6-4980-86eb-96de363f4af0,Leela Cheema,27,Mumbai,self_employed,111950.0
8e4684f0-5cc2-4f3f-821e-ec9ba8897681,Falak Virk,22,Lucknow,salaried,40016.77
cd8e01ca-debc-4a3f-9eaa-ac2bde7fefb1,Charles Puri,42,Hyderabad,self_employed,33797.77
616d8072-18e6-4b42-8946-2cc8d90c7cf0,Jairaj Doshi,51,Chennai,salaried,46255.62
fd997e5c-9dc5-4846-8fad-06d0c40fa7de,Ansh Tripathi,24,Kolkata,business,27117.57
7221f1e9-60e2-48a6-9d4e-c70d930d33ea,Ishani Parmer,36,Delhi,salaried,51056.07
30882c72-3f73-4413-8d30-1d3fde7b627d,Matthew Kale,60,Ahmedabad,self_employed,65252.86
aa92b5df-e3f0-44f0-84e1-2720bb12b6aa,Waida Sarna,61,Ahmedabad,self_employed,39518.89
e8014c79-bb2b-4c64-97f8-a42987ceac42,Ikbal Gala,26,Mumbai,self_employed,27254.94
cbb24652-a6fe-489b-be57-36bbc2a6cb8f,Tristan Mukherjee,45,Kolkata,business,32924.99
bdf63744-4ce4-4be8-a1fc-fcd5fbcd5c83,Mitesh Basak,25,Bengaluru,business,118342.19
b14ca546-d901-482f-a164-bcb889be64f9,Madhav Varma,49,Mumbai,salaried,67136.98
ce0aa9b5-890e-4970-b2bd-39faee5cebad,Ati Majumdar,61,Pune,salaried,26405.99
65b209f3-caaf-402f-a3d9-b2ca9c080246,Umang Menon,24,Jaipur,salaried,45669.84
73c630c3-161c-4839-a696-16ce5c2d50bd,Xalak Naidu,45,Pune,salaried,12790.86
347d7344-0ebf-4737-929c-011f5c2abf68,Yatin Kapur,47,Chennai,salaried,27110.9
52d3fc7d-e0f4-4ef0-8164-9c5647e710fc,Sneha Nigam,60,Mumbai,business,71114.53
98036d56-7e92-494c-82cc-695b3d46c319,Manbir Swaminathan,50,Pune,salaried,23043.94
901a0b29-dc89-4d54-b102-217fa64fd7e9,Watika Dhar,60,Delhi,business,31481.15
eaa0d678-7794-4e7f-a9cf-cb849e30b808,Kai Narula,22,Ahmedabad,salaried,26006.72
d3119302-8f34-43e2-a8bc-a9f67fc5915d,Victor Vohra,58,Chennai,salaried,42028.21
75ab5b12-c7e9-47c6-a0b6-b98e7b88928e,Parth Gour,21,Lucknow,salaried,33068.47
d3e1105e-a03d-4a42-8a42-4fe05e806e9a,Aashi Om,58,Chennai,self_employed,12000.0
3040c7bb-fa65-490f-b1d4-ca3f4e136808,Vanya Bains,29,Jaipur,business,12000.0
3bd3a9e5-6bdc-485a-8298-92d350804498,Oviya Vohra,47,Ahmedabad,salaried,26811.0
bbc5670c-1a94-433f-920e-aee1faffaf78,Frado Narayan,49,Bengaluru,self_employed,67533.61
3745e74b-a07c-4fb1-97cd-9e871c578bfc,Qarin Nigam,23,Mumbai,salaried,12000.0
fdb744de-b67c-47f9-aced-2a0d49723b03,Victor Sandal,58,Pune,salaried,28286.36
6a24077c-a8d8-406e-8626-043ad1dd4ae1,Baljiwan Badal,62,Kolkata,salaried,27913.79
ab31b89c-a30d-4627-9ecb-1f59a81c6c34,Ethan Pillay,55,Bengaluru,salaried,72705.25
991d718b-d4d7-4da3-835c-4f5aa5da1c2b,Dakshesh Kalita,40,Lucknow,salaried,29956.13
301a0ef1-9b0c-4245-ad8d-1ee7e25f68a4,Laksh Guha,44,Mumbai,salaried,43980.19
a76ffe01-42f7-417f-bbf6-9061994c8388,Wazir Dalal,30,Mumbai,salaried,38973.16
9fe634ff-ba64-4f0e-93e0-a07aedd16d90,Ubika Natarajan,56,Mumbai,salaried,12515.42
9bc4e04f-188f-4c97-a0b0-53e9981ffa39,Kamya Tripathi,33,Chennai,salaried,53321.96
694b26f8-019c-43ac-81e2-d65c54736b46,Yashawini Keer,33,Delhi,self_employed,56998.35
8e3a1448-9c5b-4716-b7a0-f16f8d8ca0e8,Samuel Ramakrishnan,51,Ahmedabad,salaried,46823.21
d761487e-7fac-4b9b-a429-eac3eca1c983,Girish Koshy,42,Lucknow,self_employed,600000.0
ad188992-6ee1-433f-b87d-d918401bfb53,Timothy Singh,42,Lucknow,self_employed,12000.0
1d7263d8-0d28-4fb2-bcf8-28ce70fecd7e,Vincent Patil,42,Bengaluru,salaried,86021.14
cd175835-b7fd-4058-bbc1-c2f28ea6f0c3,Maya Balakrishnan,23,Ahmedabad,salaried,31453.84
081b2e0b-65df-4f84-b655-933d15724740,Daniel Nagy,21,Chennai,salaried,41926.13
2fe42060-15ef-459b-a46a-63b7832a0a63,Widisha Sankar,50,Lucknow,self_employed,47483.68
43dd5904-b7c4-4816-a7bd-9a31f04a5554,Yashasvi Kala,51,Kolkata,salaried,29374.49
222661c3-e445-4d01-b3f5-040caabe5cbf,Nitara Vasa,45,Chennai,self_employed,32896.35
2c1bfad6-1ec5-4140-b9b8-ea661e8897f6,Vrinda Swamy,21,Kolkata,salaried,42819.73
8361f799-2080-46c3-8742-25c3f577fa9d,Zansi Sani,43,Mumbai,salaried,17007.56
73ecef28-6a8d-4bac-ac85-a2afde2da1d4,Eiravati Ganesan,30,Hyderabad,self_employed,82901.25
926cb18b-c548-4ba0-8cd1-b0b245c786d1,Rudra Venkatesh,61,Lucknow,salaried,29492.84
53fabe8b-bde4-48a6-ae7a-b907809d4429,Chandran Khurana,44,Mumbai,business,26448.05
5c5af0c4-122e-400c-b3a5-6cade54a27e3,Chatresh Rege,33,Chennai,business,48775.74
8ae5110f-9786-4f3d-b211-7bd581d6f3f3,Veer Lanka,35,Hyderabad,salaried,68089.25
41c8d190-acbe-4b75-89af-bb16486bbc4f,Ati Vaidya,42,Jaipur,self_employed,33700.42
93a76c1a-5eea-443e-bef4-294cdd9c3f32,Ranbir Thakkar,33,Mumbai,salaried,43443.95
7b76c910-7280-41ed-8743-ca3e98c0caeb,Pranav Dar,37,Delhi,salaried,25198.05
73c984a4-cce2-44b3-a8d5-7eae795fa5c0,Tarak Subramanian,29,Pune,salaried,53048.45
083351ef-c6ff-4df4-95e1-11753e35a2df,Dayamai Sarin,28,Kolkata,self_employed,79209.81
4a242115-93c1-463a-908e-f05ac1be6a50,Nilima Bail,40,Ahmedabad,business,386059.95
837cdb2e-ebf2-4710-af78-4eb40d05a921,Eshana Venkataraman,44,Bengaluru,salaried,33263.57
649380f7-9077-41d6-946e-76d01a9e47e0,Abeer Kurian,60,Pune,business,133491.0
4d5e6982-311c-42ef-9ce2-0991927d3636,Upadhriti Walla,25,Delhi,business,79878.4
90459f24-aacd-404c-908f-20266d370c34,Hredhaan Ganesh,29,Chennai,salaried,69420.39
2b1b7987-d21e-4e02-9d44-7dc76c9d8e4c,Omkaar Shankar,45,Kolkata,salaried,25351.26
532fd15c-c41e-4b8b-869c-5ba4509ef92f,Vrishti Sastry,48,Chennai,salaried,52706.95
d9fddd56-9048-4c28-8189-85c9ec46db7b,Laksh Panchal,60,Lucknow,business,61375.89
5393b30d-0192-4d71-bd2f-7c480f2ffd0e,Divya Keer,55,Hyderabad,salaried,35168.49
10c5ccc3-d2a7-4f9f-a99b-241b3829b6ba,Advik Patla,41,Chennai,self_employed,52272.55
eeb3120d-cc65-4b44-9f4e-ea7ba6f3541b,Ronith Bhakta,38,Bengaluru,salaried,41196.98
303f89b6-1ccf-4153-8438-95ce2db27d9f,Yatin Zachariah,58,Ahmedabad,business,65867.07
30624f97-c013-459b-8006-736c0c26a848,Aishani Dani,26,Ahmedabad,salaried,40431.18
15d89392-e2d0-4a50-bafe-deb501b9a091,Avni Jayaraman,60,Delhi,self_employed,147957.84
016fc8d3-6c8c-4751-8de2-e61a9a9bc8de,Veer Dara,45,Jaipur,salaried,59440.13
b4c909b0-dacc-4ceb-9a91-8ef1d2e235c0,Faraj Nath,54,Ahmedabad,salaried,56082.4
bf30b32f-bb0e-4234-8523-6864cb98480c,Samar Dora,44,Jaipur,salaried,28918.31
734ea7b9-4a72-4982-b821-3862c36c8db1,Nihal Kamdar,52,Ahmedabad,self_employed,26305.45
512f5e73-8325-4211-a529-466f463c55dd,Urvi Kapoor,46,Lucknow,salaried,58550.81
ac63e563-1507-4d0c-bc1a-e7af35430264,Ati Acharya,34,Chennai,self_employed,90511.55
2030b65e-c917-431d-ab87-5cc6feb2b1df,Bhavika Kadakia,49,Chennai,business,275241.34
516d091b-82f5-41ae-baf0-88465ec41fd4,Aarini Maharaj,40,Pune,salaried,26849.69
e983e2ea-5c5b-483c-973c-406718e1abcc,Udant Batta,57,Bengaluru,business,59480.64
912ff267-eecf-4d09-90d4-30e816e36a01,Damyanti Singhal,44,Hyderabad,business,16721.73
80e2b55e-33c1-452d-95a3-fa5ffe0d5881,Luke Bhavsar,29,Delhi,self_employed,37244.9
839e25e2-fa22-41b4-bb96-aaf65b31b9ef,Reyansh Kamdar,54,Kolkata,salaried,59771.56
cad38fab-30ac-4249-a78c-de293cc7cf0c,Riya Sagar,23,Ahmedabad,salaried,28760.33
595f1e8d-51e5-4e7e-ab6d-a338bc796271,Harinakshi Pradhan,42,Pune,salaried,50023.09
fe58cd06-6184-4dcf-84f5-2036108461b5,Farhan Jain,48,Pune,salaried,33016.03
019caf06-e699-430b-8f63-82ea9c3b5b92,Advika Mand,52,Kolkata,salaried,42703.17
cce5afe7-1dc2-4e33-88f5-8d5a2f7271e7,Abha Kaur,22,Bengaluru,salaried,20458.51
ef7d080c-e1b5-4dd9-9d49-98ab1b76d35c,Nidra Prabhu,37,Delhi,salaried,37896.15
151465fa-502e-426d-ab52-b765d8900b96,Chavvi Joshi,26,Hyderabad,salaried,12000.0
e59a4d85-5193-465a-beb3-ef7b331cd717,Viraj Pillai,53,Jaipur,self_employed,43009.34
c743280e-1d13-44bd-894f-35832456802f,Leela Kamdar,38,Chennai,self_employed,15656.93
c0cfd880-d419-4864-873a-cd66fce48991,Vedika Vala,25,Kolkata,salaried,66369.79
2475279b-38be-4ae3-b8b3-9b8bcba8e645,Balendra Dayal,33,Kolkata,salaried,53567.81
9aa6d099-81fa-480d-9fc0-adbb8917ac45,Bhavini Mittal,42,Hyderabad,salaried,45859.4
85f522f8-77ec-48d4-bf3e-19809d5cfa53,Triveni Sengupta,38,Chennai,salaried,77691.65
0c60d352-4ed5-4401-8658-f90adabb78a7,Chaitaly Kaur,29,Jaipur,self_employed,25229.23
9a0daec6-d511-4941-8b8b-2e38656e13f9,Omya Sarna,21,Hyderabad,business,352436.9
09ae4a96-10c0-40bd-8ba7-7bd17e5c1780,Yahvi Barad,43,Pune,salaried,57878.18
3df721a4-531f-40a6-8333-50cc8598c4b8,Jalsa Raval,58,Mumbai,business,59106.74
3650ddeb-d495-4c91-8061-d522f9045bd2,Vedhika Rajagopal,53,Bengaluru,salaried,64075.03
c18baeb0-6cf0-46d8-b925-241f076d3b4c,Ansh Salvi,35,Chennai,business,27020.09
fd11b95a-1192-4371-bc9c-6273754f2dfe,Fitan Yohannan,34,Ahmedabad,self_employed,27524.73
4eef0cc9-5c4b-474a-9f84-17f34ee9950c,Maya Sachdeva,58,Jaipur,salaried,26787.89
5a381f46-0c2f-4d72-8077-ea1cb9808911,Nikita Golla,50,Kolkata,self_employed,33850.72
9b7a510b-9d9e-4078-b911-2649ace17611,Frado Goda,41,Chennai,self_employed,23398.09
5414860e-b3a4-45e9-a938-17ab29fab025,Prisha Ghose,47,Chennai,salaried,66939.3
7918aa3d-8955-4f31-b98d-0ffb61e2b19e,Anjali Mane,56,Mumbai,salaried,31906.75
b138f57d-7fcc-4b13-ab53-c0fc431d27cc,Yug Batra,57,Bengaluru,salaried,43314.92
1167cc9d-b473-4534-b425-f70fc6df29ce,Zilmil Chanda,21,Ahmedabad,salaried,27304.98
0f8bab1e-dc73-45ba-97ac-8365fc3177f4,Aachal Bala,43,Kolkata,self_employed,13705.85
4f3cc29a-0d77-4538-95b1-9a4da01de5e5,Ekanta Ahluwalia,48,Pune,salaried,41565.62
7b958e5c-be3b-48a4-a2fb-1a085d63668c,Aarna Gala,55,Hyderabad,self_employed,12854.14
dca2d8d8-be26-4548-8e0b-c4801678d80f,Zinal Devan,22,Lucknow,salaried,35090.4
ac679a12-d163-4f2e-a747-3ddc6fa9a55d,Yutika Narang,29,Bengaluru,self_employed,18810.67
a9cadc80-4fbe-4f1a-a925-2d4d23560189,Divya Narain,42,Lucknow,business,437375.95
302557a1-afe7-4454-803b-e656876f6501,Saksham Rattan,59,Lucknow,self_employed,92776.99
01e431b2-94b1-49b2-9f70-a1f32ec6ceae,Yauvani Murthy,46,Pune,self_employed,52787.39
1a0a4884-fd6b-4f86-a05d-1084dce8a799,Hamsini Kapur,46,Delhi,salaried,68312.86
09fbf869-f88f-4391-aa8d-5242daaea696,Gautam Krishnan,33,Ahmedabad,salaried,23785.75
c92ca024-d42c-45dd-a5ae-8a2a52931bf6,Raksha Deep,57,Ahmedabad,salaried,47654.85
37218850-2d12-4e2a-bf16-925d01969ae3,Naveen Sant,40,Delhi,self_employed,56379.86
8f94c8f6-1e4c-4053-9123-d8f55f871c3f,Pahal Venkataraman,56,Bengaluru,salaried,41440.34
fe976b01-b5f0-44a9-92a2-d22aada2439a,Vedika Som,59,Ahmedabad,salaried,68608.85
33b4d33e-dce5-44fd-9ad4-caddc5064e03,Dalbir Aurora,33,Delhi,salaried,52378.22
992f9372-778d-49f8-97c7-b54fef69e967,Madhav Gera,45,Hyderabad,business,94830.97
726017ca-db47-4160-8b70-4536b01a653f,Omya Borah,39,Jaipur,salaried,15875.88
856e2d3a-396d-4fa5-adee-fd9e52bc0a15,Shivansh Kari,24,Kolkata,salaried,22470.91
cfb062c9-198e-4364-a0db-01053ef1aa7a,Aarna Anne,31,Kolkata,salaried,34154.36
d114ef8c-bb5c-4380-9d64-8072b1e41708,Riya Naik,47,Pune,business,79541.58
4124908e-9f80-439c-a578-8e67acdd7bca,Alexander Bhakta,28,Bengaluru,salaried,20638.18
36d93ef8-3497-4bb9-86df-261bda9f79a2,Maanav Merchant,51,Delhi,salaried,121277.71
ac58ab55-7693-4668-9527-6a3c0c924c00,Lipika Chokshi,34,Bengaluru,salaried,77512.7
153d33a4-cb7e-4f52-ada4-50b33a8ca3eb,Nachiket Goda,40,Pune,business,125731.82
bd8973b7-e576-46fe-b549-e518fa3a1e5e,Zarna Shanker,51,Bengaluru,self_employed,51556.1
a0be12fe-1ffd-4b41-b9bc-b270eab662f4,Libni Deshpande,40,Lucknow,self_employed,42253.98
640a6177-e1ae-45e7-8ca6-9e49bb63ad13,Zayan Munshi,50,Hyderabad,salaried,22562.42
1a627579-523f-4a2f-8c4c-e97f2c282c94,Robert Divan,30,Ahmedabad,salaried,37749.98
826b8029-544f-4601-bf6a-173eee2a62df,Henry Mander,46,Lucknow,salaried,41310.68
c30413a0-b52d-4a6e-9922-07747fc4df6c,Sanaya Venkatesh,54,Kolkata,self_employed,20553.11
013a4a38-1b3b-4281-bb0d-8c4d9d6b1975,Vedant Tella,52,Ahmedabad,business,98790.7
01e63935-74d4-4bbc-a0f8-bcac36f7d7c7,Indrajit Wali,23,Delhi,salaried,33602.99
68769838-7d55-4073-b510-72584fedfee7,Yagnesh Ghosh,50,Kolkata,salaried,13989.97
331db2c5-37b2-4881-9384-9ef97cccaba1,Fitan Bera,40,Pune,self_employed,26842.2
b2d11c0f-0ef9-42c4-9cdf-5e133e7ffa13,Caleb Murthy,32,Pune,self_employed,36697.95
78929965-63ac-4fea-b6de-fe4c2107e55a,Yamini Ram,60,Pune,salaried,93325.05
58934117-5884-4c5a-968b-13d86d213c66,Xiti Kalita,32,Lucknow,salaried,47967.38
3719f664-9bb0-4689-ab1b-3502c860cd8e,Vamakshi Parmar,23,Chennai,salaried,18624.98
bcd49e36-3f08-46fd-9713-b645e90de578,Aarav Goda,31,Hyderabad,business,113259.02
1c4609b7-990a-4fa1-8da1-0e60820dd222,Leena Khanna,55,Hyderabad,business,18168.17
b21216ed-0f9b-4266-860d-102588679c02,Wahab Jhaveri,25,Chennai,self_employed,104598.42
456db6e0-3b2d-400a-bb7f-7966c24542c3,Nachiket Mukherjee,47,Jaipur,business,47857.72
16adc313-c0f3-4766-bead-87efd7e7eb0b,Vyanjana Patil,44,Delhi,salaried,34654.47
cda3e5aa-6ec8-4ef9-aa3e-a4bf41b0f853,Edhitha Nadig,53,Kolkata,self_employed,124002.58
4c9aae6f-05f2-4597-aa9a-dc2541646626,Zayan Naidu,31,Hyderabad,salaried,19080.42
de968630-6f41-4379-9ce8-367a5bb758ad,Maanav Agate,23,Ahmedabad,salaried,18059.75
00115070-4dd6-44f4-8419-6bb95b9b2f9d,Yash Chander,61,Ahmedabad,salaried,27124.71
555024d4-f566-4f6f-a1e6-400aafe638f8,Fiyaz De,46,Chennai,salaried,61034.19
4c155d8e-4cc5-46b7-adbd-6245d24b692a,Rajata Balan,21,Hyderabad,salaried,16989.1
1890951e-fe2e-4784-81be-891298b4bfdd,Wyatt Ravel,29,Kolkata,salaried,12000.0
65c94ede-d6c9-4837-b6bf-cc7447a9d70d,Adweta Sood,50,Ahmedabad,self_employed,35745.83
bc9bcacd-723f-421f-9c39-b9ce5a0b7dbe,Isha Rattan,26,Jaipur,salaried,47852.11
051243e8-4e11-44a6-986b-f9fef4dc1ef5,Zaid Sengupta,49,Bengaluru,self_employed,113570.97
54365020-4bc9-4b02-b612-294e58d8b1f7,Leena Jhaveri,38,Bengaluru,salaried,28808.31
b6376403-950e-4df4-9567-01cc81a9ae3b,Gaurika Comar,22,Lucknow,salaried,29563.23
b31386b1-2d01-490e-ac27-b247eb343aef,Wahab Naidu,39,Delhi,salaried,64663.38
44d95e16-fc09-433a-8e6a-729457f95da5,Jason Edwin,46,Bengaluru,salaried,14258.79
76ee1695-bef9-4b7c-a7e9-22f62854e99a,Hemani Chacko,21,Hyderabad,salaried,29903.76
57020dbb-046d-4fc7-9a66-73672fdb10bf,Sachi Bandi,43,Bengaluru,salaried,39943.13
6f895aa2-d778-4044-960d-c64aad672fc1,Tripti Grewal,23,Jaipur,salaried,45460.97
719b1bd2-c68b-40a5-ad6b-cb6b026da5d5,Diya Rau,24,Jaipur,salaried,28144.2
700517de-6bba-4097-8597-974e51874561,Mitali Grewal,27,Pune,self_employed,50216.99
f3c6430d-ba88-4cd8-bb6e-dfaf69fb0676,Darsh Mishra,49,Mumbai,self_employed,12000.0
b800bfdf-a752-40ff-8105-7e216d40d51f,Pahal Gopal,24,Pune,self_employed,30922.09
6c9f80a6-abdf-4d73-aff8-e6675ef4b72b,Karan Walia,36,Kolkata,self_employed,67336.39
38512912-3529-47bb-8bf5-e00700f47d7b,Tanmayi Chaudhary,33,Delhi,business,30210.21
afb8ac7f-1383-48fe-9917-c4302f4312ff,Wakeeta Krish,22,Mumbai,salaried,37402.47
5deabc19-9a12-4bb9-9dee-5cee2130daf4,Yadavi Choudhry,33,Delhi,salaried,45407.67
9f759408-cd1c-4ecc-a7bc-6f3f632cecd1,Chakrika Kibe,27,Bengaluru,salaried,30599.09
fc0819bf-86fe-4d6f-a382-05a60cf45311,Balhaar Venkatesh,23,Pune,self_employed,55233.48
03d97f66-e887-4f30-8bf1-f2be5b03122b,Daniel Barad,41,Kolkata,salaried,22440.75
b7099a48-d4fb-4b9c-8054-765579d31ed2,Dayita Basu,33,Lucknow,self_employed,42419.87
1465b76f-cf47-47f7-8a9e-5dad671919c6,Christopher Varughese,55,Pune,salaried,49271.84
d67ee4e2-705b-4dc3-ad1d-3fb19d90cca4,Amrita Kale,28,Chennai,business,84227.41
8b91627d-1380-409a-80d5-c54896a6d0c4,Vihaan Gola,43,Kolkata,salaried,27084.97
2d9acf0c-2e7f-4dba-b6a8-c6943929e662,Mitesh Ramachandran,46,Kolkata,salaried,40623.75
66ad8360-803d-4e5e-992a-4efa63ff7ced,Brinda Banik,34,Ahmedabad,salaried,51911.98
8c044d1b-cd20-410e-89de-c5fb6464cc5b,Krishna Ganesh,38,Lucknow,salaried,13030.26
0d531f63-6ade-4c02-8bb4-d29f7f84f08d,Harinakshi Bansal,25,Chennai,salaried,64830.86
22db1c10-996d-4a75-a3a8-566cc398cd92,Warjas Samra,59,Ahmedabad,salaried,30695.54
cb1d5543-13ef-48d3-8fbf-c8e47c919276,Indrajit Ram,27,Jaipur,business,107252.48
cde78bd9-73b1-4498-8f83-5be220c09dba,George Bawa,57,Bengaluru,self_employed,113331.55
fff6d6d8-7047-4422-bad5-71de2b580734,Yochana Handa,27,Lucknow,salaried,18290.98
07ade84e-00d6-4e1a-8511-d65fbf8277df,Yashodhara Tank,61,Pune,salaried,25470.58
b6d5c1e5-22e1-496d-b400-74487e3be588,Hema Upadhyay,29,Kolkata,self_employed,40055.29
d4cc8a53-886b-40a1-9e3c-34b386132364,Manthan Narang,41,Ahmedabad,salaried,24541.56
3fb5f739-243d-4e84-855c-60d4b3965a10,Aachal Sur,22,Lucknow,salaried,86462.69
816551af-f5c6-4219-a40f-cc925172d1f2,Saanvi Deshpande,49,Pune,business,33823.3
6af75004-0ff8-4d1e-8222-eb1c84a7fd03,Dev Balan,35,Jaipur,salaried,27507.85
10a3599f-f9e3-4e86-946f-e58f47d64f46,Tara Bhardwaj,21,Chennai,self_employed,56560.85
adade81d-8ee2-432b-ad80-349c1a5c4d40,Adya Banerjee,28,Hyderabad,salaried,19908.96
fd4e8bd8-5af2-4d25-b60b-42fb932ad2d3,Nisha Dutt,48,Chennai,salaried,29796.9
7fc944bf-8eac-49fc-b878-714b9394fa2f,Maya Rattan,24,Bengaluru,self_employed,61219.27
f70f5471-71e4-4261-8b41-35e69d6538a1,Ria Badami,39,Chennai,salaried,30747.68
2aca7f17-3601-49b5-895f-c323d65370a2,Yahvi Koshy,34,Mumbai,salaried,34658.79
bbeb898a-bf02-4bde-b903-87b125286a32,Radhika Ramesh,59,Ahmedabad,salaried,27870.78
e4d9c30b-2008-487a-b302-cc3cf7761706,Balveer Brahmbhatt,42,Bengaluru,self_employed,16981.35
80f4e76e-729d-482b-9a34-2d5ba903d654,Gautam Sawhney,62,Mumbai,salaried,42650.6
144bfb61-012d-4d74-897c-b924c096b685,Rajata Rege,47,Hyderabad,salaried,87331.5
9cf43848-c89e-4313-afdc-aa1e7fb2a0f5,Eesha Kapoor,35,Kolkata,self_employed,49656.33
7697a153-c4b3-4b6c-ace7-0dcf5f16509d,Simon Gala,34,Jaipur,salaried,40645.04
959ead63-51a2-4a32-8515-051b86d634c2,Liam Mallick,36,Chennai,salaried,51346.98
8dad0a2f-51b1-4e26-8d1d-efca9f6ad0a3,Peter Zachariah,45,Jaipur,self_employed,20160.26
7c6838ea-ce9c-4e49-b635-a14686af0906,Alka Varty,49,Mumbai,salaried,85072.35
2de074d8-0aa6-4101-abec-bf55d45e0403,Megha Andra,52,Delhi,salaried,40181.6
dc8b2531-fc4a-4249-aa7f-805d80799e1c,Akshay Mittal,24,Bengaluru,business,317639.13
9ac265f5-4d68-435c-8e52-1e5097629287,Charan Dayal,29,Delhi,business,37807.78
88772b99-604b-4724-aed3-e93fd83d96e3,Balhaar Deol,56,Chennai,salaried,90132.04
f8ad1875-c6a4-4746-a4b1-012cde900c57,Sachi Mistry,26,Pune,salaried,53507.53
cc2a60b9-598b-47a6-aaca-81d2a63c3638,Kai Gour,40,Bengaluru,self_employed,72195.14
860dfb5d-fa02-444a-9066-d129e7f6ce22,Nilima Upadhyay,36,Pune,self_employed,57746.45
5ea6460b-801a-4a41-adab-0cb28eb37ddd,Hredhaan Reddy,36,Hyderabad,salaried,32071.9
7ebe5c66-b391-4b69-85ef-86c24cb35879,Tamanna Minhas,49,Chennai,salaried,66188.75
b4db8a51-7875-469f-943c-4a3dff71140a,William Palla,51,Delhi,salaried,38955.68
2d4a2868-737b-4d63-8e00-f711a86e71c6,Chasmum Kashyap,44,Pune,business,12452.01
bad6aa99-e750-434b-ac51-57e5bc68226e,Baljiwan Rege,51,Ahmedabad,salaried,20772.95
e4c903ba-e283-433d-aee6-0dd5148b2f85,Turvi Palan,60,Pune,salaried,33093.0
3648d476-46f2-4b04-8c86-093daef589d5,Ishanvi Dhar,51,Mumbai,self_employed,60900.66
3c899056-b88c-462c-8a92-085b503d0248,Akshay Issac,48,Delhi,self_employed,47116.95
3a8a6e83-b64f-4a0e-b8f7-07c4eb95fc5e,Vidhi Das,40,Lucknow,self_employed,115068.12
08e6097d-02ee-424d-b8fb-357b42e2eb86,Raagini Bobal,56,Bengaluru,salaried,13690.39
4f830c67-d076-4eae-8c93-9d5ddfe25930,Bhavini Patel,50,Hyderabad,salaried,39018.61
6ea374bf-6021-4215-955e-74241bb1530d,Xalak Pau,45,Jaipur,salaried,14632.65
269a7625-20dd-42fa-9b0b-af742f21a8b9,Chandresh Lanka,25,Kolkata,self_employed,83432.95
a0a0fdeb-7439-4f0f-ac06-f2fdf2a79ab0,Yashica Sanghvi,51,Chennai,salaried,34640.22
8efe5298-d950-482e-ae3b-2292169490d2,Yoshita Mangat,33,Mumbai,salaried,44792.9
673ee5c2-14e4-41c3-b829-956bfddfd50f,Yagnesh Chokshi,53,Kolkata,salaried,23577.74
dd48fc3b-e1e3-40e1-9fd8-6b2a9582c832,Advay Reddy,47,Pune,salaried,68853.23
508a983e-fea1-4cb9-9795-ec52c3a3d95c,Triveni Bhatia,44,Pune,business,186754.87
b13b18f4-73d1-4b22-8580-a1411db1fc79,Bachittar Pingle,62,Lucknow,salaried,48619.12
b77a0fe1-633b-438f-85be-745275b3d490,Kala Bail,23,Delhi,salaried,34038.29
8768ff88-c4af-47ad-b2ba-605f89a713af,Niharika Pandey,57,Bengaluru,salaried,48529.57
828b954d-20db-456c-a664-849e7f1b59e9,Lavanya Ramanathan,48,Hyderabad,salaried,25503.06
eb8437ff-5eba-4169-800b-440173275c93,Gayathri Mangat,43,Jaipur,self_employed,89222.54
5a9931ee-dd87-4c0e-b222-f9d75cc69335,Siya Bera,61,Kolkata,self_employed,155536.64
fe88a7f4-2d12-4ae5-ac68-05083ca15c5b,Azaan Anne,62,Pune,self_employed,103717.63
8feec3f0-168e-48ca-8199-a7b7a0164e15,Ira Bakshi,36,Chennai,business,37924.7
2cc600d1-50e9-4120-9edc-ab29f8d44dbf,Mugdha Amble,44,Mumbai,salaried,43508.37
daf0559d-c7b6-4f56-a939-477337b61c47,Amara Mody,62,Bengaluru,self_employed,19827.02
593a782d-5077-4e81-98e9-61deac4e16c0,Devansh Dey,50,Bengaluru,salaried,48348.73
33820e0b-6ad5-46e2-8fca-9822fe083e01,Amara Venkataraman,59,Lucknow,salaried,45492.45
e5b41912-0f91-46a6-a50d-8c966ea6dfe3,Ethan Nori,31,Mumbai,business,13591.03
0339b89b-58fa-426c-af5e-94fb67f0ebfe,Theodore Dara,26,Pune,salaried,20314.86
7c6176ed-14f3-4ef8-a8d5-b8578d60ce58,Watika Chada,58,Delhi,salaried,31521.67
2a2b1746-959a-40e2-8bdf-b42ea6cf72a5,Edhitha Merchant,33,Pune,salaried,31243.61
f7198043-ac75-4095-861c-cd4ed73ae3ae,Logan Badami,48,Hyderabad,salaried,19836.15
0cfeeb4d-1430-4c56-b63d-47d837ca9900,Ishwar Golla,53,Jaipur,self_employed,64362.41
81062e99-45bd-44bb-b28e-fd571a1333fd,Vasana Vora,45,Lucknow,self_employed,58456.11
ee3d1edb-fe22-432f-bc89-c379cdd92842,Sneha Khatri,47,Delhi,salaried,32953.92
f8941f2f-a5a7-436e-8991-6393c8789d0f,Chaaya Sachar,57,Kolkata,salaried,24887.08
6b3f9f7d-a8ec-4a41-a06e-bf80bb032be5,Kashish Mammen,38,Chennai,self_employed,102139.52
7eed6664-acfb-4227-a750-89ed8bc7ac22,Bachittar Kothari,46,Hyderabad,business,324443.41
c24994c7-f46e-4207-9be7-593d70c588f3,Daksh Mukhopadhyay,31,Ahmedabad,salaried,28515.96
94a7fb22-b9a6-42f5-be4f-bb673b9512de,Vasana Bhalla,25,Pune,salaried,26740.02
5bbb6d1b-ab93-4b55-81b5-65a71dfcb8f8,Jack Bhavsar,62,Hyderabad,salaried,46425.48
50f3452a-64a1-42d1-af15-39b417f135db,Daniel Mander,31,Bengaluru,self_employed,38153.75
9a6b63f8-e5e7-4710-b9e4-6fca7c55e497,Zayan Karan,29,Chennai,salaried,33870.56
47d50293-2f4a-4c70-a5b4-33dcda1bb2b2,Avni Choudhry,53,Delhi,salaried,52566.09
28ecad7e-46bf-46eb-a33d-2ac48b7dc6bd,Viraj Bhavsar,34,Bengaluru,salaried,13979.15
eec7ce20-79c4-4198-b371-b47e4458b7b5,Jasmit Raval,32,Chennai,salaried,70203.34
6a847151-5449-4dde-9b49-052bc3d9f1e9,Daniel Korpal,47,Ahmedabad,salaried,37659.49
868a0d89-8371-45a9-aea7-0dcf1499cf12,Anjali Tata,60,Delhi,self_employed,36752.25
a1747d71-b755-4e06-8439-7fd530c34245,Amol Kapoor,31,Delhi,business,67486.93
6bdd9cec-7425-4f43-9986-b0470f317d71,Gabriel Vohra,45,Delhi,salaried,35639.67
c61d271e-fde4-4b5d-a638-fa0e10237d56,Sai Varkey,42,Mumbai,salaried,15281.52
01c580fd-d223-4140-a2da-f6d7ff71895e,Anya Prabhakar,51,Ahmedabad,self_employed,139588.87
47345523-6225-4bc4-81b8-1dd6a63ffab1,Qadim Basak,27,Mumbai,self_employed,50459.58
c73b6f7e-f1e3-4a8a-83b8-fdb90dd3ef08,Gunbir Dhaliwal,21,Lucknow,salaried,45319.88
8483c6e9-ac61-4e10-a8a3-71365d6c733f,Anthony Khatri,23,Delhi,self_employed,95423.95
b38876a2-06e5-45bb-8699-e012c69322c6,Yamini Arya,21,Pune,salaried,21794.63
a1c11f2e-c447-452b-827f-ae83e5eed3f5,Niharika Vora,38,Ahmedabad,self_employed,68283.97
1924115e-aea5-4b4b-b280-4d529eca0d0e,Ekantika Kurian,42,Lucknow,salaried,31766.88
9aeca99f-9919-46ef-bfba-d4f587454bbf,Jai Mangat,44,Kolkata,salaried,55458.23
011ae3ce-4b0c-4af6-bbfb-2b0c18aed8e8,Logan Thakur,36,Kolkata,business,12000.0
9e6daea7-ebf2-4719-8a89-37d5dfa12a78,Shivansh Kale,45,Lucknow,self_employed,45735.68
8aecabe6-fd60-4f07-9e4e-04220cc617bc,Chaaya Borah,43,Kolkata,salaried,26865.27
46afab31-c572-4e44-a024-ac2c9446888d,Daniel Bal,21,Ahmedabad,self_employed,66342.37
17c4f40b-e99e-4223-bfa6-90eb89d9b9f4,Zaid Shroff,46,Bengaluru,business,111640.57
1a6706b3-4474-4c93-9b7d-1bf014bb2c49,Bhavna Sarkar,28,Jaipur,salaried,25493.71
b890b39e-26e3-42dc-ab90-60b33da4e379,Ekantika Narain,36,Kolkata,salaried,25435.8
7c9e6cfa-b4ae-4a43-9aeb-c1e7191cbc47,Balvan Patla,51,Jaipur,salaried,34360.65
29109fd8-61cf-4f02-9417-ad3e9c5de8b5,Farhan Lata,33,Mumbai,salaried,23194.7
e4efbacd-bbc5-44d8-90bc-eea3e4639a51,Xalak Goel,41,Mumbai,business,156027.15
8189a93c-cf49-457c-970f-d45c23a6f011,Barkha Soni,23,Kolkata,self_employed,37856.39
4aaf7242-747d-49ab-8ddd-55e6a098502b,Sathvik Issac,35,Lucknow,self_employed,12000.0
9d98409f-7d6c-4816-a6b3-bd05ffe07e8e,Alka Shanker,60,Delhi,salaried,30109.29
1788569c-4121-420f-b300-493958099d7c,Yoshita Dugal,51,Delhi,salaried,21606.04
e029becf-b4b9-407f-933b-69b0fb53af8d,Chasmum Bhatt,39,Lucknow,self_employed,15648.13
cf6ea21c-7c4f-4a32-a01b-7dfa39c324c6,Balhaar Barad,30,Jaipur,salaried,19560.88
06462209-8cb5-4c60-892f-f270dd327208,Bhanumati Goyal,53,Mumbai,business,80697.88
1cec52b4-0ba3-4d33-b0b0-83596c99e340,Ekapad Loke,26,Hyderabad,salaried,70567.18
59b63529-850e-4b2a-bf87-885f7f400157,Kashish Setty,56,Ahmedabad,self_employed,61036.61
8771f52f-50e5-4092-a09b-354f4905f51d,Keya Buch,49,Delhi,salaried,26815.85
1b85a21a-9d42-45b4-b7ed-14b13c19138e,Praneel Venkataraman,55,Chennai,salaried,45613.18
3dab097c-ebb9-4f19-8696-2ec9e7b6351e,Urvi Mallick,31,Delhi,salaried,28867.01
962cc77c-8471-4620-9aa0-63f7cbaad05b,Abdul Bobal,22,Bengaluru,salaried,25660.29
fc27252b-37a1-46c6-8526-1dceb170f60b,Balvan Venkataraman,41,Pune,business,25876.06
3044c81a-e202-465e-a730-0a0acb762a7b,Advay Halder,35,Hyderabad,self_employed,14381.81
46c561c9-1940-4835-a5f3-ad838417966a,Ladli Gulati,28,Bengaluru,self_employed,37311.37
43159d75-f764-4218-887c-4a1f1b4b2e10,Wyatt Minhas,61,Ahmedabad,business,84309.36
7f6aab54-794c-4dcc-9a9d-05bca8a9f4c8,Yuvraj Bahri,42,Chennai,salaried,34602.74
0a3bb24a-91c5-47a0-bb9d-f7abd036229e,Ayaan Narasimhan,59,Delhi,business,50293.43
2a0bae0c-303a-473e-85d8-5fbf92a72227,Shivani Chad,45,Pune,self_employed,25285.28
18ae1b2c-5a06-4aee-a0a5-dd53052ed6ea,Sathvik Dugar,56,Pune,self_employed,75039.68
1467b746-2d3a-4d59-84ed-618a2feccaee,Yashica Acharya,35,Hyderabad,self_employed,19496.84
1de2d2c2-04f5-4224-a444-31f755aed888,Garima Sagar,26,Delhi,salaried,53530.88
e869b73c-1e5f-4259-957f-343a4484d541,Vinaya Sachdev,58,Chennai,salaried,22002.06
ed368e7d-48f8-4b8c-879b-37f80e150463,Meghana Prasad,28,Lucknow,self_employed,28949.13
d0d91dde-7c6d-4fa5-92c9-a61d315da973,Jasmit Dhar,41,Pune,salaried,17441.49
6ecded13-1f00-4ba8-8128-8b0396727492,Kamya Jaggi,21,Hyderabad,self_employed,34510.49
0996ce4a-0b90-4064-a790-02b68a46faca,Lopa Gandhi,55,Chennai,salaried,59139.61
db50155e-58f7-47f2-9207-991456134ad4,Onkar Brar,48,Kolkata,self_employed,70329.01
5bd7c9f1-cc21-4dd5-a3c8-1b58e120c40b,Ganga Sarkar,29,Jaipur,self_employed,97235.92
c5e6cb06-19cd-42d5-9125-4e3904da98fa,Kai Ghose,58,Chennai,self_employed,70650.45
98bbce49-ff74-4cef-80bf-38574616e16c,Neel Date,21,Jaipur,salaried,20913.81
e7501a0c-4fd4-4a87-93b6-4e548b8dea2c,Oeshi Shukla,41,Bengaluru,business,54300.55
eb4a3286-a02c-4b81-8c11-79dd6c9a9f35,Vinaya Raman,39,Chennai,self_employed,28391.94
5b4b7635-d207-464c-9238-8f738853dde9,Warhi Mane,50,Bengaluru,salaried,70635.45
612c1271-f80d-40f0-9f05-ea91d67c9607,Bahadurjit Minhas,30,Mumbai,self_employed,21210.42
96f4993b-93fa-46e1-b1dd-93092ac1ef7e,Ladli Padmanabhan,40,Jaipur,self_employed,91636.82
c9a62144-aaf1-432a-b0d2-267dafb2a4fd,Benjamin Bhagat,28,Hyderabad,business,163351.32
5c70bb5b-fdbe-4efe-bbd2-9466d9f3aa8c,Hamsini Khosla,57,Ahmedabad,business,379518.33
5e9f5531-01ac-414e-af82-1de7f809b05c,Rajeshri Wable,34,Ahmedabad,self_employed,36798.76
92576bd8-74e9-4ee8-8f27-a4209ac3e6f4,Sathvik Ganesan,45,Mumbai,salaried,51852.64
f3d19027-6bd7-4cdf-be4f-46bd23c93a01,Manan Agarwal,42,Bengaluru,business,570054.16
08c54ccd-a1f7-4702-91fb-f2898a3fcc8a,Gaurangi Wason,34,Chennai,self_employed,31813.65
cb7f1945-bfc1-4c3d-99fd-7f68a11f4c49,Mitali Ahuja,24,Bengaluru,self_employed,16738.59
408c331c-aa8d-41c0-b9c0-843fefd0568a,Chaitaly Doctor,46,Hyderabad,business,13466.91
bac49b63-b23f-4be7-88ca-dd0b570a2ee6,Janani Naidu,31,Mumbai,business,138890.46
5f8a08fd-0825-44a7-b060-d93d69b60c31,Falan Deep,42,Pune,salaried,14163.52
a71053a4-e9ff-4598-b802-c3d1c2f6e21c,Neelima Ranganathan,43,Pune,self_employed,37774.01
6cef4039-620e-4504-9fd7-0f380e3f4f93,Jairaj Palla,54,Hyderabad,salaried,45191.15
37be39e5-e197-4bd6-bdcc-9b2a0aad495d,Harita Gopal,33,Jaipur,salaried,39838.45
09ada272-ac71-4ba3-8ecc-251d2c0888e2,Chakradhar Thakkar,29,Kolkata,salaried,44923.77
845ab0ba-6c40-4947-9d17-f960319280a4,Ira Das,58,Mumbai,self_employed,57274.05
0e79d10e-a116-4b76-9362-162206e3be49,Gabriel Bawa,40,Ahmedabad,self_employed,119995.09
70c5cf70-b1fa-49f2-833d-14ce80f548ae,Hredhaan Varughese,57,Bengaluru,self_employed,25169.26
1337f9a5-8a5e-4ba2-92fb-0e3a9b9cd2e2,Sanaya Rau,51,Hyderabad,salaried,25887.16
d8079877-09ce-4257-85ef-6a2dd3d897d0,Rehaan Ben,34,Chennai,business,36483.18
3cf1cd3e-4bc7-4956-b173-c3ad38f511b1,Vasudha Varghese,33,Mumbai,self_employed,87652.4
5ad4b0c1-720f-4f6b-b448-888737943ab3,Janya Sachdev,57,Delhi,salaried,56965.4
541324c0-c151-4007-aa63-f84b6e2437fc,Jyoti Chand,30,Pune,self_employed,67228.85
ca0e4675-195f-4d22-b629-38bbb9fac4a7,Vasatika Parsa,48,Bengaluru,business,212170.25
eb518794-bfef-4af6-95fd-abb62ff755dc,Jackson Sabharwal,27,Kolkata,business,25330.47
803df76f-97c8-45dc-92c0-117eb8ebcda8,Tanvi Samra,32,Mumbai,business,327912.37
c28e844e-6c28-4ae7-90a4-9ad63192a031,Ansh Jaggi,53,Kolkata,salaried,77778.42
05446297-b678-4bfe-bf00-30e811755810,Krish Tata,30,Pune,self_employed,82037.8
81795d1a-1eca-466a-be1a-4da043ae41dc,Sanaya Rattan,28,Chennai,salaried,88512.53
4807be32-4fc3-4986-bb5f-d403f1a5a5aa,Krishna Parikh,40,Lucknow,salaried,15862.11
e0abcd52-22f9-474a-9372-6fe996960f93,Lohit Saha,62,Pune,business,45615.22
cbc3dc24-96c9-4611-8588-1703196f0e8b,Osha Mukherjee,26,Ahmedabad,self_employed,29298.38
10b76bfa-93b8-4952-953c-472fdd2363c1,Ayushman Doshi,62,Pune,business,139990.72
94e83027-47ec-480c-bdb7-ef09d7ddcf3f,Pahal Dixit,62,Ahmedabad,salaried,21481.12
834f9475-eca4-4720-82dd-96e48b2f0cf4,Yashodhara Mani,28,Delhi,salaried,53037.13
fa66de2e-f2cf-4e64-be27-5a1e72d7ab8a,Mitali Chacko,52,Jaipur,salaried,72060.99
82018645-9c4a-41a7-bd34-9c32dfe62bc9,Abeer Parekh,58,Lucknow,salaried,51410.69
96a8cdbe-99cc-4fc0-945d-594ef074f995,Ayushman Mohan,51,Hyderabad,business,94407.51
b2e3c62e-0551-429f-a0ac-daf4c441eba4,Manya Datta,27,Lucknow,self_employed,24550.53
3da22cfc-fdb9-40b3-ba1f-c8d487b170cb,Faris Salvi,51,Pune,salaried,23779.39
c5b09414-3dd1-411c-847a-4a4ba63d1718,Harini Pall,29,Delhi,salaried,67833.36
cf1f2527-6fcb-4b4d-873a-0f14a57d6d15,Kiaan Ganguly,55,Bengaluru,salaried,53619.84
445677dd-c56f-4274-90c8-fded53bb7cb9,Kashvi Khare,22,Pune,salaried,35613.86
d6742bba-db1c-4667-978d-f441caeb052d,Chanakya Rau,55,Jaipur,self_employed,36587.55
2a2e750a-a504-4ecb-95e9-1766f3ee5987,Girish Bobal,54,Lucknow,salaried,13188.44
2f7a8916-7d4d-4465-b7ee-9439666799e2,Faqid Naik,62,Delhi,salaried,21259.81
7ca37512-bd2d-467e-9923-1716059508e7,Brinda Pal,34,Delhi,self_employed,186837.28
1397b26f-94e1-4a0a-9061-aaf56b884984,Patrick Kamdar,59,Bengaluru,salaried,19144.53
ed188bcf-08c6-4685-a1c7-9333501c1861,Mohammed Krish,49,Kolkata,salaried,39924.28
53ed25c5-f69f-4f94-a893-55e0860628a5,Rachita Ravel,29,Lucknow,salaried,60097.41
ccc88292-5384-44e6-a870-fffc59b93609,Ekbal Gandhi,31,Delhi,salaried,19390.5
f906d6fd-f344-452b-b70b-01fa1738cfcf,Rohan Magar,23,Delhi,self_employed,55787.07
ea32e85c-cd4d-4f21-8829-e2a71ff5d3ba,Rayaan Borah,53,Hyderabad,business,170096.97
2e20afbc-428b-4c2b-8558-8112fd1331e8,Lohit Gole,55,Bengaluru,salaried,36543.17
bf5c2ae1-18b7-4c2a-8c6e-b2e8c0b222eb,Quincy Salvi,21,Chennai,salaried,152390.49
c35b6c7d-68d7-462c-9080-8d8b4265c690,Yachana Johal,54,Hyderabad,salaried,15767.41
e81dc00a-d774-47ef-9e44-1c433ec8c48a,Eesha Kulkarni,49,Bengaluru,self_employed,102858.54
ea0783b4-41fd-420b-9bdf-afec5ccf793e,Orinder Konda,41,Jaipur,self_employed,43435.78
65dd0f90-c5ae-4b08-8eca-823e655a817c,Yash Saini,43,Lucknow,business,146492.3
660d730f-779d-458d-b491-791001d2b347,Jatin Dhar,34,Delhi,salaried,45281.49
4253bf48-0695-4052-8d6b-dce9b26da1ba,Panini Om,23,Chennai,self_employed,29342.45
82fadf95-33a3-4dad-ac63-c08b86310383,Niharika Tak,30,Hyderabad,salaried,40720.96
a672ad3f-4f10-4faf-ae03-fdc9f29ee99d,Agastya Varghese,34,Bengaluru,business,13737.56
4de5cc34-d5bb-4812-82ef-67147e1e1a6b,Anirudh Shukla,34,Lucknow,self_employed,74777.57
0ea57472-b931-403c-b350-520d7920197e,Janaki Dass,29,Lucknow,salaried,42153.76
435ea46b-5e7a-4c49-a864-4c3cd46edfb0,Jason Ratti,56,Hyderabad,salaried,49977.6
83c0cb6c-6aa0-4700-8414-a1b609641db4,Jagvi Bassi,62,Bengaluru,salaried,61639.56
99328f11-a8a5-4cf6-99d2-6e07aa8995a1,Oni Chhabra,26,Hyderabad,salaried,43643.51
e058ef69-ea6b-4dc5-9e50-4c9062204014,Hritik Nanda,30,Jaipur,self_employed,54375.15
4e1361d7-0769-4fb6-8931-475e60abfc8c,Garima Goswami,61,Hyderabad,salaried,23376.02
e1a01deb-c03a-4167-bc26-212748319777,Widisha Gala,62,Chennai,business,38522.64
061726d5-b572-42a4-89d4-d4173b26eefd,Rachit Mital,57,Jaipur,self_employed,112500.65
b44caf0e-0746-476a-a2c8-ea035ebe4dc0,Abdul Sampath,47,Bengaluru,self_employed,133978.52
4f40f77a-9e64-4ee8-bad2-1e9a0721d530,Logan Minhas,48,Pune,salaried,32239.41
23c3cdf3-a479-4417-8617-32c97432b36a,Ishanvi Uppal,59,Chennai,salaried,37160.49
6fc0e5aa-3d85-4847-a3a2-468d2df76193,Vasatika Dani,28,Jaipur,salaried,23102.42
b0ed593a-054d-43d6-bc11-a314ddb17c85,Keya Doctor,56,Pune,salaried,65275.92
9ebc9cb8-d3ba-4827-9fe3-a63e03eaccc1,Warinder Chand,61,Delhi,salaried,50650.7
65821ad5-1be3-4efd-b09e-f0291165af76,Ekanta Sachdev,42,Hyderabad,salaried,95856.61
86bb78ca-1a2d-4aa0-82b0-495097c8a121,Anita Walla,35,Hyderabad,salaried,23408.12
3b758084-97e5-4b17-b8a3-0a83389a0551,Gopal Ramesh,45,Chennai,salaried,30061.36
805e2e3d-e914-4146-ab96-6f8ff688ba54,Pranit Palla,27,Delhi,salaried,40770.86
0b4038c0-d9bd-441c-9a50-d382c620ba09,Chaitaly Swaminathan,40,Lucknow,salaried,50173.62
4357f149-85f5-404b-a44a-26887be1294f,Hamsini Dara,52,Delhi,self_employed,42151.8
00f4209c-96bf-42ea-a102-746478109785,Sai Trivedi,57,Hyderabad,salaried,23470.97
9e1d9398-cae0-42d7-b415-32a4aa3841e2,Saanvi Ramaswamy,59,Delhi,self_employed,90851.83
23c0ae68-975b-49e4-b2ae-cd7476572336,Frado Pai,31,Kolkata,business,139947.39
8db39040-6e79-4231-a16c-3d515d1959bd,Anay Ghosh,45,Bengaluru,business,32059.64
97ce43e4-d09f-4633-8d53-bdfe2ab4f446,Rehaan Basu,55,Jaipur,salaried,71519.21
d053f8ae-0e1e-4733-bd0d-6e762838e565,Ayush Muni,46,Ahmedabad,self_employed,111205.94
71be0b6c-c824-4224-b706-10ab6beb1df8,Ekta Khare,37,Mumbai,self_employed,53852.69
c5e66250-48ed-40c2-b139-00486ca4c731,Ekanta Dara,30,Bengaluru,self_employed,51829.69
ce263c83-ad85-45d4-948e-08184b0b4531,Maya Dhar,57,Hyderabad,salaried,47907.57
fce16538-acab-4670-913d-4e57e9528ee1,Mohini Sanghvi,61,Kolkata,salaried,23603.46
26a68e58-f6c1-43f2-b6ab-2ec8f87e78a0,Theodore Oza,36,Lucknow,self_employed,50062.23
1a5fe887-ecb0-498b-993f-7a1f6d9f7dc7,Dominic Deep,50,Bengaluru,salaried,12379.64
67487756-7a8f-4c7e-b75c-db3a05b037e3,Hemang Ganesan,43,Ahmedabad,salaried,56287.5
3e9352b1-6102-47ea-9563-bd56361de675,Nihal Shanker,38,Pune,salaried,16634.82
0be7e9b9-c951-4fb5-b471-8b772382aa0a,Teerth Rao,35,Hyderabad,salaried,77011.49
efe28a1a-3e0a-44d5-a606-4f68435c59e9,Aayush Bose,26,Hyderabad,self_employed,38906.47
2a54237a-c14d-4dc9-bc79-b4b59ac91c21,Deepa Oak,41,Delhi,salaried,32668.5
418a1399-3726-421e-85af-21f97db6af59,Xalak Talwar,25,Chennai,self_employed,31589.7
ae2cbe14-1453-4dd4-a40f-c4651032d7d9,Aarush Uppal,31,Lucknow,business,56430.5
e47671e8-12de-4417-b7ff-97c51bd2c4ca,Divya Karpe,39,Jaipur,salaried,73811.19
050d703c-e187-4d48-80d6-a4e51d6e29e9,Inaya Sood,21,Pune,business,12000.0
1af6d78d-fbf0-401d-a45e-c8e7e7f77a54,Samar Bassi,29,Ahmedabad,self_employed,119835.56
1832442c-a327-441e-9269-82d124c30a99,Tara Om,55,Delhi,salaried,43002.42
b4236b9f-36bd-4825-aeac-90dea5894c86,Yash Pingle,60,Chennai,salaried,19860.52
b76a91f9-8191-41bd-868c-23530e6ad968,Jackson Basu,21,Pune,business,27784.09
56d2151a-14be-47e4-8bd2-5bed363ce83b,Upma Mody,43,Chennai,self_employed,158494.49
401b7cfb-9328-42b5-8490-0b1a96dd161b,Dakshesh Saha,54,Lucknow,business,31227.17
41321b1f-3097-407d-a3be-a1016b8c8dca,Suhani Mangal,49,Bengaluru,salaried,20400.71
b8b1f63a-c2f7-4cca-9027-2c4dc86e139f,Veer Rajagopal,54,Chennai,self_employed,108675.34
94acdd2d-7d11-41f6-b522-11166e4e39cf,Diya Nori,44,Bengaluru,salaried,43013.81
e8b100e3-5ee9-453e-a63b-e4a66bfd8d68,Zinal Parmer,24,Pune,salaried,22720.83
100e4ce2-e893-4832-b7c4-a086d459a0e1,Qabil Mangat,31,Kolkata,salaried,40469.85
a4b43bb7-1144-4b95-9817-a2738776b271,Kiaan Dua,42,Chennai,business,29051.42
09d7502e-b326-4b09-bc9d-960298cb291d,Garima Hegde,28,Hyderabad,self_employed,105934.36
0b07abf6-c742-4ef0-a9e7-f67d46a2d8de,Oliver Arora,39,Hyderabad,salaried,61739.89
3be557c5-f622-41e5-8ee4-9cba4868b64a,Garima Nagi,61,Lucknow,salaried,47382.26
caf8d12a-82e0-4174-bf7b-337da30b7a06,Jyoti Raju,40,Jaipur,salaried,43513.67
82d67766-d673-4a5b-a767-a6278314dbfe,Peter Dutta,23,Ahmedabad,self_employed,168186.99
c0301b71-9b37-43fe-8274-8feb52ac57a7,Timothy Deshpande,52,Mumbai,business,73109.8
afb4a944-bfde-465e-8691-cb49467c7c0a,Ayushman Sama,60,Ahmedabad,salaried,20111.82
3a38c57c-f883-4cbd-afef-6472fb4c59ce,Abeer Bhat,43,Delhi,salaried,45466.77
0042f3f0-9811-40bd-bfb9-cf10a9e0665f,Krish Kothari,32,Pune,salaried,103055.56
61e7aa28-297d-4231-843c-66edadc80016,Chandresh Goda,27,Pune,salaried,21864.51
8f61d29b-cb79-4a25-8577-fb2f2b57a2b0,Krish Anne,26,Jaipur,salaried,30311.08
07b9fc4e-affb-4718-9ffe-15b4178de3ef,Azad Bains,30,Pune,salaried,44722.1
86ed0393-4489-4fa2-99aa-dcbf32b13228,Mohammed Issac,52,Mumbai,salaried,35349.78
5b678b41-0237-4c01-9948-9508ed2b48ed,Niharika Goda,37,Chennai,salaried,22222.23
f2ab975e-4572-4601-b247-37fe86decfab,Chanakya Agrawal,44,Hyderabad,salaried,63635.64
0ea81657-6331-4c75-8703-38b8c6c9cead,Amaira Hayer,32,Jaipur,salaried,115846.39
7a6a5fc7-5ee7-4504-97a8-29219f0bda31,Chakradev Pradhan,27,Ahmedabad,self_employed,56234.85
c3112446-71cc-4fd1-b8fe-ac868b060481,Gabriel Chandra,49,Bengaluru,self_employed,26033.83
984832a3-b1c9-40c9-8050-b9bd2e2d778d,Sai Puri,48,Mumbai,salaried,16739.39
af9c77ec-fff6-4771-ac98-90ded9c000ad,Ansh Kunda,33,Delhi,salaried,41315.29
d45644f4-9a6b-4dd9-921c-954477169375,Aarav Kalla,23,Bengaluru,salaried,63066.1
71423370-9556-458c-b4ad-55c6a2a02f05,Logan Ganguly,42,Mumbai,salaried,46054.64
a1527e15-a074-4ebc-a206-cdbc52c0077d,Charan Kuruvilla,33,Ahmedabad,salaried,36271.88
90828414-b8fa-44b7-acfb-988bdeddb980,Abhimanyu Karan,38,Delhi,business,43030.12
c89d870d-0932-4a97-a176-e478e8fbdf91,Nathan Majumdar,56,Ahmedabad,salaried,21034.48
f214b722-984e-450a-964a-14e78f9c15ba,Rachita Wason,29,Kolkata,self_employed,87932.6
b3b0709a-c0ba-4c63-a9e6-de6f3a9b18b3,Amruta Sahota,46,Jaipur,self_employed,92933.56
86c1d73e-50db-47af-b6d2-1b9031b23c25,Onveer Vyas,45,Bengaluru,self_employed,16613.8
6337b84a-bc4d-4a8a-86c4-05c2ed70fac6,Upadhriti Krishna,27,Mumbai,salaried,80412.06
628d05f9-4a5f-4cc1-979c-0b40125d0a89,Dayita Walia,43,Jaipur,salaried,48389.38
f43b3fd2-ddef-480b-bbef-ef64e1337be3,Mohini Dada,36,Mumbai,salaried,73115.62
8105b8f0-db9c-4cd6-813a-8d5299902e4a,Jagvi Biswas,42,Pune,self_employed,19158.67
335f64e1-e803-445c-84d5-bbb0f629e552,Aadhya Palla,21,Pune,business,21391.7
be10b40c-f453-4ce5-97df-c93e1c9e6ce7,Jackson Mahajan,39,Ahmedabad,salaried,33708.84
c6f1da25-3c06-4377-ba78-a822871bb05c,Tanish Mutti,48,Chennai,salaried,46694.99
bd11a9d6-ad0a-4007-9dc7-95f31e1f8847,Yug Sarma,53,Bengaluru,self_employed,172379.3
92ae2f78-8112-4425-9f99-cbd77b1fcd4c,Fitan Subramaniam,28,Hyderabad,salaried,51691.03
d38e32ce-b3ac-4f86-9f77-4d54979bf4ba,Rajata Natarajan,36,Pune,business,58781.76
2f72752a-703e-4fca-8619-869bc551c09c,Robert Oak,27,Jaipur,salaried,21737.96
222138dd-c929-4ebb-a2f9-6c80b143ea58,Arin Roy,33,Lucknow,self_employed,115959.98
b22e53e3-4f2d-46bf-a0c5-92baf7affc10,Vritti Kaul,30,Chennai,self_employed,24951.92
f8cc6c65-6ced-4d25-9a12-e4cfa05fde08,Kai Kapoor,46,Mumbai,salaried,81980.3
cdbb388c-0f2f-416a-bcda-e18b096bb155,Ganga Shenoy,33,Bengaluru,salaried,31502.04
0a116bfc-63e2-4dde-a675-5b1d6aa0c64f,Anay Toor,60,Chennai,salaried,80441.95
530aa8aa-06ff-447c-9d0e-3ad3ccd690b6,Ronith Pau,24,Pune,salaried,50994.12
81d19fef-2d61-47ef-ab76-e309f1d7a59f,Ishita Jayaraman,40,Chennai,salaried,33911.26
d1353af9-414f-421f-a049-568816288a39,Aadi Kumar,48,Ahmedabad,salaried,28009.58
eabbb77b-b9ac-4f0e-916f-88c2e426eab8,Pranav Brar,48,Mumbai,salaried,30624.21
07da676d-5e51-49e7-84e0-258f1d29835f,Thomas Bumb,38,Kolkata,salaried,44988.33
2077e9b4-b3ff-4c60-a18f-76de6b5c62d6,Neel Rastogi,43,Pune,salaried,37743.87
394ff6b7-b651-4aa5-8884-2bc12aedb530,Parth Mishra,24,Bengaluru,salaried,26986.56
95461e2c-1b86-4bb0-b0a7-5b11b9b4edc5,Gayathri Bala,24,Kolkata,salaried,33429.17
18325b48-f058-458e-a183-5590b54d0896,Kiaan Bora,51,Hyderabad,salaried,37770.68
5cee5f13-9ca2-44cf-8a97-0b375490910b,Ishanvi Randhawa,27,Pune,business,12000.0
926d8c0e-ee2c-49c6-ac01-6357f3b450f4,Tanveer Solanki,52,Kolkata,salaried,45664.85
bb459bc6-7c6e-4fd4-ac0c-40336a6fbf68,Irya Patla,28,Delhi,salaried,22250.94
6d29327e-6c9c-43d9-98ae-7944d0134ff8,Yatan Bir,56,Bengaluru,self_employed,21865.54
685d0bdd-16fc-4846-81e4-ad8acc52d647,Mason Mangal,44,Lucknow,salaried,15620.32
3de389b2-a91f-469b-8ed5-6d3e9752db3c,Hemani Vig,44,Chennai,salaried,14809.94
446aa392-4150-4e06-9541-56e78a1e2198,Siya Rege,34,Lucknow,self_employed,18980.87
4bb4921f-b8e5-441c-8a56-0e1eda0951dc,Harshil Mital,27,Bengaluru,salaried,25475.93
abbdf547-5573-44ce-8972-5f3ecdc4efc0,Garima Bhalla,59,Delhi,self_employed,192390.3
f0cb39e6-516a-499f-9ed3-ee2a7c3cf6db,Triya Subramaniam,62,Chennai,salaried,27918.93
0c50bdda-6655-4131-8fb7-28c8e81291a5,Vedant Jani,49,Delhi,salaried,39690.81
a7bf329f-11b4-4b68-96f7-6ddf6925399c,Ekantika Pandit,55,Lucknow,salaried,44366.53
83d0b3b1-c88e-444f-9334-ad501ca57d8f,Ishanvi Bedi,51,Chennai,salaried,38775.06
089654ee-99fb-43d2-b7bb-a15a0bc7e24d,Tanay Baral,30,Mumbai,salaried,34936.18
0978ac5e-040a-44dd-8faf-fd58d824b14a,Bhavini Nagi,47,Jaipur,salaried,19977.32
6caf6c53-8df3-4594-bba8-9c4d44f78086,Yatin Krishnan,56,Kolkata,self_employed,135354.06
35e68e85-ade7-4d1e-a8a9-f0a6754eb94e,Mohammed Sundaram,49,Delhi,business,371935.96
af045b60-34f3-45e5-ba61-5b21f900ed88,Unnati Rana,25,Ahmedabad,business,16084.43
bf4a2b00-6951-4464-b809-3136669e27fc,Keya Loke,53,Mumbai,salaried,21763.42
cc6c18c3-0731-4ba9-9d7c-c5cff55ce22d,Keya Batta,38,Bengaluru,salaried,31574.18
6c7ae587-2d1a-415f-a092-dd13249c81b5,Nakul Rau,57,Mumbai,salaried,22420.5
8f29306d-4104-4d64-b146-8c00e015042a,Balhaar Narayanan,33,Pune,self_employed,69854.93
c28e7ea9-e265-45c1-b46f-7fb06fb4b13b,Champak Bhasin,55,Jaipur,salaried,25231.89
b29638d5-fdbc-4741-8a24-6dec238e7e46,Yashawini Luthra,31,Ahmedabad,business,513266.49
ac0eec8d-663f-4edb-b283-c78cf62289d7,Meera Bhatnagar,45,Jaipur,self_employed,112801.4
bb59821d-3adc-48b3-aa46-19cb25d07fd7,Chakradev Dey,46,Lucknow,self_employed,56885.85
b862003a-bf43-4b2b-81f2-190fa8e566d3,Ekbal Devi,32,Mumbai,salaried,60687.51
6ad46361-912b-4a46-a516-f80b1ba0aeb8,Hemang Vora,34,Lucknow,salaried,63129.93
25046f48-16d9-47f9-b47f-a70773563f0c,Wishi Varty,53,Ahmedabad,self_employed,33032.15
075eab8c-6bce-4484-abf5-bc9dd36aff12,Aahana Pillai,54,Hyderabad,salaried,24146.42
3aea7010-fa3c-481e-a879-b3f38d94d404,Wridesh Johal,35,Hyderabad,salaried,37762.49
81901178-ccca-4f7d-a666-488607ee47c2,Frado Tak,56,Delhi,self_employed,89603.11
f3257296-0f84-40c3-995d-e1bed38c84ed,Vedant Padmanabhan,23,Jaipur,salaried,38930.38
f315dbcb-5c44-4035-9d03-2b7c0776aded,Amol Barad,23,Bengaluru,salaried,16506.37
81e62b38-1cb6-42d4-9a0a-4f4fc6f8b0e9,Kamya Buch,38,Bengaluru,business,35506.04
1506d8f5-1287-442d-a15d-ab49598da748,Unnati Thakkar,24,Chennai,salaried,34996.86
6436d71e-c088-4ee0-9a7c-67c9f46dc9c8,Hema Chhabra,34,Jaipur,business,68316.11
8a5ba76a-e1a9-4f2b-8284-bccf846f7808,Eiravati Raval,62,Kolkata,salaried,97369.77
ef507074-3a0c-4381-86b3-b1aeeae83212,Karan Lalla,44,Kolkata,self_employed,18579.39
e30c2e9b-f621-455c-af86-de022e7c9d90,Teerth Sahota,56,Hyderabad,salaried,46760.52
622b6063-7fb7-4be8-b1a6-5fb5ce9a3cbb,Girik Baria,47,Lucknow,self_employed,139020.85
e20744dc-6495-443b-b330-849c1c77a0e9,Vanya Andra,24,Mumbai,salaried,113065.76
3a7eb78a-49c7-4721-b604-9381f5d85845,Zinal Kala,35,Hyderabad,self_employed,36935.26
b1c7ebbc-29dc-4c55-8c87-51135a1b8eb6,Mason Venkatesh,22,Jaipur,salaried,46430.63
d9d73bf4-f4b4-4435-b551-ac8a97f927ac,Daksha Karpe,58,Delhi,self_employed,73045.09
924efefa-9edb-4747-86db-8ac41029709f,Avni Kibe,45,Hyderabad,self_employed,56209.28
6913966e-606d-4b4c-aaa6-724c0fde5479,Harish Ramaswamy,61,Lucknow,business,66905.69
b8761ff8-f193-4d8e-9adf-22f78b719c83,Jagvi Viswanathan,49,Chennai,self_employed,66515.0
2b641c8d-c722-4200-9efb-712dfe933e24,Jagrati Sankar,34,Lucknow,salaried,12000.0
ea72b8ab-66ac-4cc4-a645-4d67d4402885,Bakhshi Mandal,46,Bengaluru,self_employed,79019.4
bebce364-e43c-488c-a4df-c5cfdf9d2953,Aarush Shenoy,48,Kolkata,salaried,38680.43
1d919388-6556-466e-b207-9d5aca50a382,Jagrati Bhagat,51,Delhi,salaried,32492.43
d49b8e77-08db-471e-b7c0-8d0a1b0ea4d2,Kamala Char,50,Bengaluru,salaried,101056.1
d0b63178-5900-4faf-9f36-87f036f6085b,Kavya Magar,32,Chennai,self_employed,30563.02
ef2e5904-dbfc-44ce-bf43-cd909af689a7,Nimrat Bawa,32,Hyderabad,self_employed,36969.44
ef06e851-9798-4bab-8169-661873da7dcc,Jhalak Sheth,31,Bengaluru,salaried,98299.74
115ffc20-73e4-4130-adfa-fda9dbb92868,Upasna Dara,59,Chennai,self_employed,27379.7
b3a26995-6fe1-4bfb-a65f-6dcef4d0c812,Faqid Nori,25,Pune,salaried,27582.65
b45ce9a8-1b96-4003-9cd0-4887f55ef966,Radha Borra,62,Pune,salaried,33741.62
a9ba69c4-6f26-4dfd-baa3-db3a4ec986d8,Hema Gupta,54,Bengaluru,salaried,55291.1
59db3eed-03e4-41a6-a90d-1ed17185095b,Abeer Kuruvilla,21,Lucknow,self_employed,56696.16
bbb27aa6-a1c5-4f56-a722-160e4c845daf,Sai Mangal,45,Mumbai,salaried,19028.39
65c9026f-8d4a-4ecc-b156-24a249926682,Matthew Jani,21,Mumbai,salaried,27831.28
6598da6d-c063-4baa-8eaf-052663fcf575,Owen Dhaliwal,26,Hyderabad,salaried,26804.44
b2618993-14c9-4063-a824-2fe073d367fb,Ryan Madan,61,Lucknow,salaried,34940.07
6d2b8e5e-7aa4-4d47-a0dd-80b7ff47caaf,Hemang Dayal,21,Delhi,salaried,44932.73
cf9b4df0-7563-4d48-ad44-550ffbf09b40,Sanaya Sule,42,Delhi,salaried,44761.46
c2b975f4-2db1-4013-bcfa-e839c6314851,Urishilla Tailor,51,Lucknow,salaried,14942.94
b7f79b77-de62-4a1b-9664-41bdc83cb6fb,Nakul Baral,31,Hyderabad,business,190526.56
7678b630-f1be-45da-8101-0d135bed4c14,Ishaan Kala,30,Chennai,salaried,41203.74
4a746b4a-61e4-40e6-8ff2-c4ff22399db1,Panini Ramesh,38,Jaipur,salaried,72567.03
0d4b0bd0-c97c-4441-a645-817b304dbc23,Dayita Sachdeva,23,Delhi,salaried,45346.99
82d0d56f-2f7e-49e2-9cfe-647b1d11d8c3,Yashasvi Kaul,27,Jaipur,salaried,62985.6
f0255f5e-341c-4fc3-af0e-9097fd4556a5,Teerth Barad,47,Bengaluru,business,111289.57
6f51b1cf-b276-4536-b3c2-edcc79f764c4,Diya Chaudhari,35,Mumbai,salaried,71190.37
a9e92658-7c43-40d9-9bb5-686e66f50e57,Lopa Malhotra,45,Bengaluru,salaried,47151.7
4881a90a-46ff-4deb-823f-b71695cf6f79,Aarav Doctor,39,Chennai,salaried,34580.4
f2e33074-f71d-47da-8439-9ba2ad650a01,Ekiya Ravi,45,Delhi,business,565344.89
5b5d010a-bfde-4d01-ad82-feb9b1793cbd,Tristan Roy,28,Chennai,salaried,56642.71
fb33282c-dc82-4bb9-a24c-dc1c2c6e41de,Utkarsh Shankar,39,Kolkata,salaried,48381.47
f07e4900-dbee-43a4-85b9-5ff989f8b155,Mahika Sarna,42,Delhi,salaried,19184.31
9cd702ce-2035-4689-836a-fcabd1572c2d,Yashawini Dhar,26,Mumbai,salaried,19069.51
270ed041-c09f-49ee-978a-96092a65b506,Hamsini Sharaf,32,Pune,self_employed,60168.3
36fc755d-63f8-4caa-9d1e-5eeab7cb189a,Wakeeta Karpe,59,Bengaluru,salaried,39056.34
0ab6a1db-8927-4858-b0aa-d465cb3cc0aa,Dhriti Palla,30,Hyderabad,self_employed,31892.12
56526791-eadf-4f18-b862-1d1bddf2c990,Priya Bhalla,39,Kolkata,self_employed,54105.33
b403a9c9-cffa-4b2c-a314-2bbbeea82642,Oni Dora,38,Ahmedabad,business,305518.08
46394b84-8777-48df-aeae-51b212fbaa7b,Yagnesh Suresh,37,Delhi,self_employed,79760.35
2467d34a-9122-428e-bf5f-a3e57e1cdb41,Ishani Kibe,30,Bengaluru,self_employed,22054.99
8a535818-ede7-4e18-97e2-764c4bf0d8eb,Anika Nigam,45,Ahmedabad,salaried,34346.16
8e891150-b489-44e5-bb3e-0e40e5e66bd0,Vedhika Karan,51,Delhi,self_employed,27903.95
050b4cc4-55ad-4cb1-ab0e-e7481a72fa5a,Ati Bhatnagar,48,Hyderabad,salaried,29916.04
869b7c4e-c7a1-464e-81ba-47248e8ef2ca,Ekaraj Raj,41,Bengaluru,salaried,29530.89
0320f44d-0a20-479a-a2bb-7d269a59205e,Waida Singhal,45,Kolkata,salaried,28600.44
508e3566-a098-42bc-8133-7557cef3b18a,Udyati Garde,48,Ahmedabad,salaried,19388.44
069e204c-7a73-4838-93a9-2f11a16f8f83,Thomas Doctor,47,Lucknow,self_employed,44830.4
e65f7ddd-c4a1-4040-a3b1-f9260f4af405,Hemangini Balay,42,Bengaluru,self_employed,33109.47
835492d3-3cf2-44d7-91eb-28b13c648153,Dev Mitra,62,Chennai,self_employed,12000.0
1f84fdd9-4643-4942-a777-13a6cb3fedde,Christopher Goyal,56,Ahmedabad,salaried,101365.29
edcd8515-e450-4d07-97a7-de0af52b7931,Yashasvi Das,52,Jaipur,salaried,62591.5
acb1ee53-e7eb-41f9-87f2-2884e51182fb,Sai Palan,35,Pune,salaried,30087.04
028111cf-148d-49af-86d5-364a763193e6,Tanveer Upadhyay,47,Jaipur,salaried,36658.83
c50d725f-07c1-4387-8c5d-833c86859bc5,Orinder Padmanabhan,35,Delhi,self_employed,21586.9
c08bb7ef-4935-4616-9328-7fc7436915fd,Hemal Shere,21,Chennai,salaried,84783.94
fd2894bf-1774-4882-8063-7c42795c6755,Rohan Panchal,22,Kolkata,business,403349.95
db54ea70-70f0-44c9-888c-ccf788fec17b,Thomas Barad,29,Delhi,self_employed,54703.64
2ba3e2c6-9f30-4030-ac56-57dbf3090f65,Jeevika Sunder,43,Kolkata,salaried,60582.74
38e05e29-633e-4437-b83a-5e08cacc50a6,Jatin Sampath,29,Hyderabad,self_employed,55420.27
6dc91fa2-559f-4d15-9fb0-49837f22b693,Victor Shroff,56,Pune,salaried,18613.4
83b7fe37-3526-4c84-adb8-961ffec8d8cb,Dakshesh Balakrishnan,35,Mumbai,salaried,29557.37
f02c2f82-5018-4843-9c00-3839fbcc1875,Harini Gopal,28,Bengaluru,self_employed,53763.47
d1bd8922-302e-4b5a-a22b-2a84ee0bf0c4,Advay Ram,22,Pune,salaried,28932.65
8e5a7fdd-0474-4441-89df-f23f587f4829,Lila Dhaliwal,27,Lucknow,salaried,32554.58
bdbcc44e-0a55-47eb-bf01-a4857f48bec5,Yashoda Mander,59,Bengaluru,salaried,34693.24
b6b4dc28-990a-4ea5-8418-e570dc00fdd8,Rushil Mallick,44,Bengaluru,salaried,34876.23
8acb2638-02bf-4634-b135-0398ffefe687,Girindra Kadakia,25,Mumbai,salaried,37276.91
4924def1-bb68-49d8-90db-fabcd331582f,Chandran Kalla,47,Bengaluru,self_employed,23331.89
3fd51cf8-3642-4f2d-a99c-98b13a20e209,Omaja Deshpande,51,Bengaluru,self_employed,29675.85
e3c426c6-f203-4a68-97db-8a4c913cf0a7,Naksh Sachar,40,Ahmedabad,self_employed,19946.14
006c8955-41a9-4594-83b6-6eab53af6608,Harshil Chandra,42,Ahmedabad,salaried,59213.67
915bb9d4-3b01-46d3-bff3-44fc2d36b30d,Isha Rajan,21,Hyderabad,self_employed,12000.0
a3a49078-2f90-4d96-9ac3-f2bc3e3da35d,Daksh Iyer,24,Mumbai,salaried,64653.35
61193ff9-78ba-4350-8fb9-2a3f8eb1fb9d,Ishita Shukla,32,Jaipur,self_employed,129371.65
5a5dacbd-43aa-49cf-9811-9005a13050f3,Shaurya Raja,46,Pune,salaried,31222.98
9af652c3-cba9-4964-930f-f2c7fd5f4c4f,Bimala Mannan,50,Jaipur,self_employed,12000.0
63527b25-7032-426d-950a-0ea4cf9e0e4e,Aadi Bhardwaj,37,Lucknow,self_employed,38066.22
d3d62b33-a091-4437-879b-dabdbaec81bd,Maanas Borah,35,Pune,salaried,35168.56
90d132db-b80f-447c-9a9b-726427210715,Dakshesh Chhabra,38,Delhi,business,29450.37
3b339756-f78d-4263-a2ce-e3b6d59680ed,Ayushman Madan,29,Chennai,salaried,28068.15
80aef4b6-dbc7-4a01-975c-3bffcbe647c6,Yashasvi Oza,24,Chennai,salaried,78049.43
81e380c5-70e3-4926-af61-8807c01e493b,Janaki Nigam,56,Lucknow,salaried,50638.3
eb57c9a1-577b-405b-97fa-671ecb82d657,Ikbal Kashyap,50,Ahmedabad,self_employed,25662.99
2a37189d-49a6-4494-975e-f1169fd35656,Neel Dugar,62,Pune,salaried,16337.21
440fef8b-7049-47b3-8306-b045e867d1a7,Laban Gole,31,Mumbai,self_employed,38991.07
a697c282-e8db-4660-ae85-b68f16f9277f,Aayush Sarin,62,Pune,self_employed,42217.08
be8f3d99-8df2-4577-addd-0c6aea73ab12,Maya Grover,27,Delhi,salaried,46541.5
e275aeae-313b-4a84-83db-03a24c893777,Bishakha Seshadri,59,Kolkata,salaried,27787.5
0f4c917a-dce6-4a18-bf6a-d424abc1ecc4,Bhavna Chaudhari,39,Bengaluru,salaried,46898.91
1535890c-6e4f-40ff-a218-063825e541c1,Janaki Pandey,25,Chennai,salaried,95566.44
05138f6d-ceac-4757-a50b-2e97c166b579,Ishaan Yohannan,40,Chennai,self_employed,86755.64
d1957613-b131-42b3-a712-410954b8aaa8,Tamanna Rai,61,Mumbai,self_employed,47398.13
ef30bff7-7364-49a1-a9e9-5a3c864dec5b,Mohammed Lala,26,Lucknow,salaried,33137.63
0e3f76ce-6812-4174-9bd2-20a3426f5d56,Kai Mukhopadhyay,57,Ahmedabad,self_employed,38189.99
0d227089-39f6-40f8-a60e-c1403cb241d6,Osha Narang,41,Delhi,salaried,65533.74
3617e93b-fd04-4a21-9660-b7d187f26220,Arya Ravel,21,Kolkata,business,41581.8
9dbcaba2-523d-492c-ae24-c4fb8614900a,Ethan Vala,46,Jaipur,self_employed,50597.42
77cf8c68-5e00-42b0-bad6-3701cae1da0e,Praneel Garde,46,Kolkata,salaried,37257.14
6fa343c2-57af-4855-ab63-b9621bb0e088,Shravya Sami,27,Kolkata,business,46555.21
00d57030-2738-427d-8198-6ca1755841d3,Jeremiah Mittal,53,Delhi,salaried,18283.74
7322a8c9-fd45-4af8-9f5a-302e182b5e64,Shivansh Parsa,30,Mumbai,salaried,42680.07
ba64161f-10d3-4003-8706-c5363f27e672,Leena De,45,Ahmedabad,self_employed,46971.54
069194b6-cac2-4e8d-b9f2-c6aec26f9978,Laban Ghose,23,Hyderabad,self_employed,69575.54
8991f223-58f2-4dd3-a78a-1ae9f5cfb99b,Lohit Soni,50,Delhi,salaried,27811.36
fc5c8e1c-bcb4-4abb-af42-93ed11ad58f2,Zilmil Trivedi,26,Chennai,business,219419.16
6ed13891-155e-4c90-b4d0-ecdb3a2adff3,Qushi Sule,62,Bengaluru,business,33219.87
b279884d-ec78-4deb-8b4b-195bb3ba9101,Pavani Ramachandran,31,Jaipur,self_employed,162499.17
50b92361-e1e7-4ada-a3e5-fc8e8fa43202,Tara Rattan,59,Jaipur,salaried,15156.45
6d09c3f9-19e8-42c7-a8d7-625b8d1992d1,Jonathan Luthra,42,Ahmedabad,business,108152.01
95a82799-8a86-4048-aa94-c6d1e1901d4e,Harinakshi Dave,42,Hyderabad,self_employed,68377.66
fd232052-2bce-4365-b0dc-a079a8826da1,Bhanumati Maharaj,48,Mumbai,salaried,24397.15
b4647dc1-9cdc-4419-bc81-6806ed3dd068,Yashvi Bhatti,45,Chennai,business,107146.74
7200d1c1-9294-493a-8ce9-ac470f6778ca,Krisha Chokshi,60,Lucknow,salaried,68855.08
374b1e73-d75e-45e7-bd58-450af3fc3cd2,Ekaja Nayak,30,Lucknow,salaried,12000.0
2ec3a53a-f7d2-4206-84f6-8206119a9236,Farhan Sarkar,52,Delhi,self_employed,69697.61
18b3672a-f373-4f35-8383-03e6f4c6e57b,Farhan Dash,30,Hyderabad,self_employed,12000.0
739afc53-9306-491a-908d-84907a439295,Ronith Pingle,26,Ahmedabad,salaried,22407.87
58999072-d3db-493a-a215-b0ad2340a450,Aditya Desai,41,Bengaluru,salaried,82008.91
dc206587-e081-4009-a330-f43092ac63dc,Gabriel Kamdar,31,Delhi,business,43321.15
5776e9b4-cee9-42ac-9564-79cb31c9dcdd,Siya Gara,44,Kolkata,salaried,20192.37
2023725a-6f07-4a3c-9bec-f95951077b2d,Andrew Deol,32,Ahmedabad,salaried,32893.53
066e4cda-4987-4f4f-abcf-4ec84b0f3cf3,Sai Murty,51,Hyderabad,salaried,102125.03
2a10d37b-ae54-4826-a06f-919d18083931,Gaurika Dada,49,Bengaluru,self_employed,13599.96
76dbc682-505c-4037-97f2-e476a6941a0a,Leela Agarwal,57,Ahmedabad,business,28390.82
72dce141-3aa7-4d20-a805-bceae02cc961,Hemani Mammen,39,Pune,salaried,76781.26
594b9ae9-0cc8-4d27-9cd0-cdc73da21c6e,Upma Lad,60,Bengaluru,salaried,91936.3
1da13fa9-0a41-463f-b689-0042a1958abc,Jagvi Mallick,53,Lucknow,salaried,34485.16
9b062952-239b-44b9-964d-591487164ca8,David Behl,44,Delhi,business,23977.05
e836c09a-3430-4be2-9ceb-9752ca1606dc,Qadim Sarin,53,Ahmedabad,self_employed,212583.57
58ebbe98-07f5-493d-baf3-b0902d1c6eef,Edhitha Oak,23,Lucknow,salaried,80597.36
ad46179e-4c20-42f1-a55a-272881983218,Jhalak Jani,24,Chennai,business,134733.27
807482e9-d803-4e1a-b204-95948379c16f,Aishani Saini,56,Mumbai,self_employed,27759.08
a37aa55a-4fc4-47d4-8f9e-78bf52552205,Watika Dutt,27,Hyderabad,salaried,35436.06
02d5d7cb-4eb7-4990-bb8e-90e5cb5fac9a,Hemani Ghose,57,Pune,salaried,33517.4
f1bb3e01-2417-4c88-a2a8-2748f7a38e3b,Jhalak Bobal,35,Pune,business,98495.5
7d18ec03-da74-4d59-9927-6fc255d7ced5,Jagdish Gole,26,Kolkata,business,269925.51
523d7804-c640-4c56-abf4-3ecd5daef09b,Chanchal Bandi,62,Jaipur,salaried,56370.91
5acc3be7-1e48-4981-ad20-e623ef34ac0a,Chasmum Naik,50,Delhi,business,27732.53
bf4626d2-1157-43dc-bea3-4b4b0191605f,Dalaja Hegde,27,Pune,salaried,72276.06
91f1d01c-889a-46de-bb20-bc5153c0624a,Advaith Edwin,33,Pune,self_employed,61034.37
96fbb90c-dca1-4982-81fa-927538a5e238,Amol Nayak,41,Kolkata,salaried,51201.95
4ba8cc7b-6623-49db-bc2e-d5409d223ffc,Robert Dixit,52,Chennai,business,273727.06
b3631282-824d-4871-bf83-c5bdd0970be2,Amara Krishnan,51,Delhi,self_employed,22514.03
c129c612-43e3-4675-a020-ad50913a66b3,Vanya Chaudhari,23,Jaipur,salaried,35670.78
7d0b0da3-d4b0-407d-b1d7-f7155d6f0e51,Sara Swamy,51,Bengaluru,salaried,27841.21
921ca286-5a96-43af-8e28-64bd08026bea,Avni Raman,41,Lucknow,self_employed,16358.43
1d361acf-43e1-4a74-8323-aa4d5a9781a1,Abha Krish,59,Pune,salaried,43189.6
65036893-f95a-4aab-be73-7e0d98c653a6,Christopher Swamy,44,Pune,salaried,127488.1
16e837e1-cc33-4949-a680-6648b0b4dd74,Rachit Parekh,34,Mumbai,business,13959.7
8c70f83e-e663-43df-94f9-24d04675d810,Logan Suresh,22,Pune,salaried,35734.06
38acfd07-4145-4a12-82b2-6c066b8f3f8f,Yash Sundaram,61,Bengaluru,salaried,50024.67
eeb5259f-9708-4b77-99b8-69d8ba897584,Neelima Sheth,25,Hyderabad,salaried,38620.52
51aad34e-9fea-49ea-86f1-8de7ece7feea,Ubika De,40,Ahmedabad,salaried,34318.37
a4cd05a6-927a-47ed-a96c-750d331d9a2e,Chatura Oak,54,Chennai,business,22713.28
5074d71f-3ea5-4bce-8a53-1e5dba810633,Max Kapadia,37,Bengaluru,self_employed,57696.44
576abf65-08ea-43ef-ae46-cadf130c7a51,Gaurika Palan,26,Pune,self_employed,28861.54
365bdc1e-ecd9-4d78-bb08-99f0f5407148,Zashil Jha,40,Bengaluru,salaried,12149.45
caaf76e1-2964-46ee-8849-f32a66589922,Unnati Devan,47,Ahmedabad,salaried,65992.48
84440631-7d20-4823-8f8d-fe5bcc1bd097,Nachiket Shankar,31,Pune,salaried,58641.21
a09a1184-364c-4808-9980-860f01f81b17,Tripti Wadhwa,57,Pune,salaried,37265.77
40dd7ca8-0193-4871-b9c9-91d7d63fe7b9,Nisha Nayar,56,Lucknow,self_employed,57546.71
c0456043-ec43-41bd-aeed-138037fb078d,Charan Shetty,58,Lucknow,salaried,62140.86
38f95bf7-7e13-468f-98ff-b9b1888e702e,Vedant Solanki,41,Mumbai,salaried,40626.26
84f80538-ed34-4a93-b400-5cd8fd1eddf4,Falan Nadig,50,Bengaluru,salaried,57068.57
e64d47fd-5f81-4610-9374-9033284a9428,Balvan Kunda,41,Delhi,salaried,31296.42
c758ed8c-311c-4848-b63d-400f9af64642,Dalbir Wali,47,Hyderabad,self_employed,122809.37
04c8261e-fbba-4bd5-af5c-647277d2ed62,Janani Narang,21,Ahmedabad,salaried,42633.38
0712eeec-13d5-4334-bca1-0f26a8b7b6bc,Azad Naidu,29,Ahmedabad,business,87085.59
8dd2f297-9d71-4720-b2e9-e1e8a1ec6468,Aashi Chaudhuri,58,Delhi,self_employed,20149.95
b69e7bc8-e279-4951-a26f-6d7d3c3a0dba,Caleb Singh,33,Pune,salaried,41918.31
af16d93d-f765-403e-bbff-f7a1e17000f7,Wahab Rama,31,Lucknow,self_employed,27381.74
45fceb0b-1681-487d-9283-32d0edab4917,Sai Atwal,43,Chennai,salaried,26393.12
e3a46c6b-1ee5-4830-a4f3-baf9e3919f32,Peter Rege,57,Mumbai,business,35107.21
6ef03ec6-e8d3-40e4-919d-a197302caf33,Parth Sidhu,44,Mumbai,salaried,21308.95
47ebe385-12a3-4d5e-b8cc-b90f25515ab9,Simon Maharaj,40,Jaipur,salaried,105070.38
bcb7503e-1125-43fa-b01a-23ca7339dcd9,Suhani Deep,28,Ahmedabad,self_employed,124484.61
ae5f06d3-0fc7-44f8-99b0-c3944fffe7ba,Vrinda Kamdar,50,Pune,self_employed,188011.28
e0dad12a-2216-4d55-9bbe-ca23d0fb4940,Azaan Vasa,43,Jaipur,salaried,19703.52
761aa3e4-1a77-43a9-b675-b2b62f585480,Amara Balakrishnan,42,Delhi,salaried,37632.63
5c95ae44-d622-4cf1-aade-c23c65088b8c,Amol Hegde,50,Pune,business,22830.28
f2087910-ca3f-4ea5-878b-b5de549a4d9c,Bachittar Mitra,56,Lucknow,salaried,25646.25
1ba6a6fc-0084-400d-b53b-60f59a8d1872,Advik Pandya,48,Pune,salaried,22946.86
88d5b8bf-66d9-4482-989a-ab4ecf2427d4,Yuvraj Uppal,48,Hyderabad,salaried,67493.87
202dee81-0d73-4c32-9f31-6dc4a4530166,Garima Kar,27,Delhi,self_employed,37147.03
3b604886-067e-40a4-9931-3f6845655ff3,Yatan Das,27,Delhi,self_employed,103555.76
ed0c7e8e-7a86-4e03-af52-1e5fa31149ca,Wahab Halder,60,Pune,self_employed,74823.3
881f0d21-e132-4757-8c77-da2caffb8512,Farhan Gole,60,Jaipur,salaried,114900.22
0fe2c086-01cd-4d89-9c27-177d041cd6e9,Aahana Bumb,49,Jaipur,salaried,17331.45
ec998067-c549-4b4d-9a17-0ba83de5246e,Vasudha Chokshi,23,Hyderabad,self_employed,118357.3
88c54a1b-1ff9-4ed1-a97a-4dfee0da1182,Abha Gokhale,34,Chennai,business,205211.57
9d34b5dd-b4aa-4df8-8c05-1086ae4fab12,Charvi Talwar,56,Pune,self_employed,24800.89
c289e6e7-9111-4ffa-9f90-3dcb39d727e1,Unni Kothari,51,Delhi,salaried,60088.07
5895470b-404c-451a-8850-b93b7347af45,Wishi Bhat,50,Pune,salaried,42962.05
1808dc25-7dc0-4d0f-b902-b693d01ac22c,Mugdha Sankar,62,Pune,business,59591.69
396c81f9-982b-44a6-8e0a-1aae66bf5278,Madhav Bhatnagar,44,Chennai,salaried,24053.41
602f947e-b66b-48a3-a5b9-04cb2332a27b,Pooja Chandran,38,Hyderabad,salaried,25347.75
11246762-919a-4095-8cf5-7ad8fdacf035,Sachi Kala,47,Chennai,salaried,101205.26
b6f75b3c-007d-47b7-8417-f817da955892,Bhavna Narayanan,47,Mumbai,salaried,36327.9
30917e8d-5b5a-4433-9371-6ff377de6966,Veer Padmanabhan,30,Kolkata,salaried,53694.45
099b9eb1-d9f3-4eff-bc30-2eafeeae9588,Anjali Bhakta,54,Lucknow,self_employed,28180.07
935c890f-61a9-4f08-b94e-fc60b298a651,Ojasvi Misra,31,Lucknow,salaried,24589.47
2d9ec67a-2d0c-4c31-95c4-b9d52f551fef,Charan Sethi,36,Jaipur,business,193645.86
53a1b0c1-b25c-41d9-9a6f-5d6eef4d5b84,Jyoti Varghese,33,Lucknow,business,21706.81
26934e5b-ee4d-48f2-a0d2-2dde3009bce6,Hemal Cheema,24,Lucknow,self_employed,36656.66
1f8e4db6-8574-4e57-8ef6-3d15777b0f9b,Udyati Contractor,61,Pune,salaried,36938.65
1748942f-4eff-4c06-a19b-7bcbf2422225,Damini Dubey,32,Pune,business,80840.66
c621b533-c659-419b-a6f5-3c0e2cd3f881,Harsh Bhandari,54,Bengaluru,business,62243.91
e06fb631-bdc2-4ea0-802d-37e2b43e797a,Dayita Chaudhari,27,Bengaluru,salaried,44263.24
6e525322-8f3c-431d-b23c-93edbd681fe2,Lila Narasimhan,61,Lucknow,salaried,51350.39
75cedfea-583b-4280-a601-d21609c74f9c,Mason Saran,61,Hyderabad,self_employed,81981.29
3e442bde-1891-410a-bb4f-259f114d24b4,Dhruv Hayer,31,Kolkata,self_employed,24586.12
b56211c2-81f2-4d20-bf34-956738e840ff,Arunima Bhargava,26,Mumbai,salaried,31505.66
0674889e-a679-4e77-95bf-aeb79d166deb,Kiaan Master,61,Lucknow,salaried,65998.11
ca43702e-d9f3-4cb4-b268-8d2a02c0ba05,Nakul Sahni,60,Jaipur,salaried,56801.82
989550d4-2d82-4f4c-b8b2-e1237cf27af3,Omkaar Kothari,26,Lucknow,business,21256.68
17838b7d-de75-497e-bbdd-36cd4474db11,Rajeshri Aurora,29,Ahmedabad,salaried,43292.73
92b6917c-dec2-46ae-bb80-67c490ca1eec,Ridhi Bhagat,43,Bengaluru,self_employed,12274.05
56e1b62f-aec3-4510-a073-f47e118514cb,Dhriti Sachdeva,35,Hyderabad,salaried,37177.81
9aaaea51-8116-4c27-8cac-cba8da021654,Reyansh Devi,36,Pune,salaried,93796.56
27da433d-0f1f-4fe2-a5a8-e76436daf5e9,Mahika Char,24,Hyderabad,self_employed,25247.32
c43cae54-a5e6-4c86-a551-f86cec39609b,Aachal Kapadia,30,Mumbai,salaried,23928.81
4a5bb137-190d-4a63-b52b-3533757d6f44,Tristan Butala,58,Delhi,self_employed,83685.49
80b20290-5930-45d8-a88c-f2e17bbdabbf,Ishanvi Bakshi,59,Delhi,salaried,16791.02
21c10a6d-7c20-4edd-848d-5f2ec5f93395,Kalpit Sood,39,Hyderabad,salaried,26466.17
b7196f30-d057-407d-bc62-126aedaef75a,Ati Dhingra,26,Delhi,business,125091.03
f8e49802-2d04-4c7d-853d-91df6393cbaf,Amol Pandya,44,Chennai,salaried,26445.92
8b217d67-eaa3-475b-84aa-66af5668a5f3,Bhavika Mane,52,Mumbai,salaried,32273.93
cf240b18-e4a9-4795-936f-07eb0b5f14e1,Madhavi Setty,52,Delhi,salaried,52685.36
091fadb2-c3f5-46ac-b425-76b32b4dfe0d,Dakshesh Sathe,47,Pune,salaried,44836.29
0e147c8d-ccf2-47cf-96b7-2a3b845a21f4,Oni Gill,61,Ahmedabad,business,92979.71
442167c9-3fac-40a7-807c-6ae137f271a7,Arunima Kala,32,Hyderabad,self_employed,38662.07
75ad126b-baac-468d-aa78-1a0a63569fda,Chavvi Dugal,32,Lucknow,salaried,43696.82
f765bb83-c544-4d27-b006-1b3983b51915,Wridesh Thaman,23,Delhi,self_employed,44953.64
5cc32335-8763-4eed-b041-57419dc25840,Harsh Joshi,43,Ahmedabad,business,110417.63
c39d0a23-20b3-4921-9112-c377d1193e94,Hredhaan Wali,59,Jaipur,business,46758.96
36856a86-1357-42d2-ad79-083883ac20c4,Karan Rege,54,Hyderabad,salaried,33147.27
c210fa10-9a55-4452-ac8c-ee1085fd51fc,Hemang Sood,33,Lucknow,business,30002.56
8eacce5c-f662-471e-829b-b182ddffcf56,Prisha Patla,22,Jaipur,salaried,35685.37
62905cde-0136-42b0-947e-e9e14a976f09,Samaksh Sampath,30,Chennai,salaried,24209.48
571f7d81-47ec-4a3f-b56a-7279260e6df1,Oeshi Bhargava,28,Chennai,business,26832.21
94990618-8d25-452e-844a-465d154451fe,Onveer Banik,29,Chennai,salaried,41329.45
569f309b-8f1d-46c1-b127-e2165637502c,Edhitha Prasad,29,Hyderabad,salaried,40391.31
4cbd7631-55a3-4a46-b2fb-d2c7e9da3a71,Umang Upadhyay,33,Delhi,salaried,53714.43
bc815b1a-e887-435b-93e2-4017d3b40f37,Wakeeta Choudhry,56,Hyderabad,salaried,29273.48
85dbf537-7ba2-4362-abc6-a55852886abb,Ijaya Batta,52,Pune,salaried,44534.81
518372a0-488f-4040-838d-c20d9249e2d0,Daniel Dalal,46,Chennai,salaried,47829.54
45bffa8c-50c7-4fd0-8e25-87f2286758ce,Urvi Mand,33,Hyderabad,salaried,45360.04
a25feae6-f508-4942-9ee2-157b3de0abda,Eesha Mital,27,Lucknow,business,34783.96
d7bf0190-5737-49ad-939f-ed59c3860eab,Rajata Parmar,58,Hyderabad,self_employed,54423.67
983508f3-10f9-4409-bd00-2e7bd62b4906,Pavani Dalal,34,Ahmedabad,salaried,43567.65
14c2eec7-c707-4ce5-96be-9d1fa4ea01c4,Isaiah Sengupta,49,Pune,salaried,36446.08
e526e786-5a96-40b8-b35e-692c46f5b88a,Ridhi Hayre,38,Kolkata,self_employed,12000.0
10cca7ef-286c-4ab0-98d0-182df69d9338,Nicholas Nanda,59,Pune,self_employed,54849.19
8f35769b-0d72-49c8-8ac3-9cb89dc66105,Shravya Kala,57,Kolkata,salaried,109783.5
8ba3e05f-7108-44c9-a6fd-10b25dd5e0d8,Samesh Singh,61,Delhi,salaried,30332.66
02bf7290-d2af-4600-a0ca-8349dfeefadf,Xalak Hayer,23,Jaipur,salaried,25234.35
cdab7948-9153-40d5-a369-be01ee49f899,Charan Lalla,47,Hyderabad,salaried,43768.7
e9ebcfba-1c70-47af-8be9-68fd3839c835,Anirudh Subramaniam,62,Jaipur,self_employed,61002.17
75737604-f34f-4481-9990-da7c3f6429b8,Yagnesh Rattan,22,Delhi,salaried,65931.23
dfcd717a-0da5-4ef7-b80b-50c117377475,Chakradev Ramaswamy,41,Pune,salaried,19361.97
a1121e42-07aa-466f-bada-59decbd7d590,Yutika Nagy,43,Chennai,self_employed,81794.57
2b7fc24f-ebda-49d1-bbe2-030f7019226e,Avni Prashad,44,Kolkata,salaried,48786.6
cc093f78-13c4-41c2-9bd2-28e62faffc8b,Ishani Ramanathan,41,Delhi,salaried,33824.03
b68ac77f-855c-4356-bb25-c47316786a25,Aishani Dora,21,Kolkata,salaried,43016.7
3bdaf141-129e-4d79-a2c5-df979a32df7d,Yashvi Hayer,57,Kolkata,salaried,60762.54
5fd5ec1b-1a01-4ed8-92d5-94a2066c45f7,Dalaja Shukla,56,Delhi,business,160345.13
f360e3e1-d334-4fc4-a07f-ea699218b20a,Tarak Talwar,59,Chennai,salaried,20506.36
e82a83a4-5c98-473b-9724-708d396f687e,George Issac,27,Jaipur,salaried,54725.17
0273790a-6537-4134-a194-5f46642f41c4,Tristan Halder,59,Delhi,salaried,35159.7
babe62a7-fd96-4e41-a5c8-f06e1e1519b2,Ekbal Minhas,62,Pune,self_employed,51586.32
bc6914fa-e13c-44ff-874b-ab1895c2d0d5,Hamsini Mutti,48,Kolkata,self_employed,51597.98
42aee22c-4682-45d6-8d37-fd3c247dd0fa,Zaitra Raju,33,Chennai,self_employed,44127.12
038bfb5d-4c4f-4104-814c-1026b985e748,Patrick Vora,52,Ahmedabad,salaried,65897.37
d2f4087c-9e66-42d6-9300-cd74ffd4dbac,Vedant Saini,38,Pune,salaried,34826.75
18b5308e-db74-4498-9fa8-e6d2bc5f22b9,Anusha Kar,49,Bengaluru,salaried,20748.45
6b7319ac-ddb2-4978-974c-03d52a8f8989,Diya Anne,58,Pune,self_employed,37217.3
dd2a538e-4064-4c4d-b8b7-0d277f4bac2b,Luke Balay,22,Hyderabad,salaried,39709.56
ca9f66fe-000a-4175-b8aa-10f4e7b09ac1,Laksh Salvi,57,Mumbai,salaried,67144.84
7a040949-7a2c-4847-88d1-e10830de12ef,Osha Dhar,39,Bengaluru,business,125842.35
b32e64d8-d4be-4137-a091-ed74a633bdcf,Frado Yohannan,46,Mumbai,self_employed,27027.91
d30e682f-dfad-4a17-b1b9-998c104ae7e5,Ganga Madan,54,Mumbai,business,600000.0
ae1a79e8-125b-4105-b4e9-bcc6af677aff,Niharika Gade,22,Delhi,salaried,41455.99
f539cca8-5395-4b6c-bc36-5924854337b9,Abha Khurana,47,Hyderabad,salaried,68713.12
cb946b77-bfe2-42fd-8605-9364bbaae542,Ekantika Soman,43,Pune,salaried,33662.6
fdd2e351-75f5-42ea-8a20-16a929cccca4,Tristan Apte,41,Ahmedabad,salaried,47414.32
3ae4d6dd-0b0d-44f2-8cfc-64a06f595a09,Pahal Sha,46,Hyderabad,self_employed,88223.44
ef873b03-4356-4ec1-8086-03f6b4fc2911,Akshay Doshi,50,Ahmedabad,self_employed,115005.62
9b00d714-a3e8-4332-b873-4b15d28454a8,Kamya Aurora,28,Kolkata,self_employed,102760.65
0089002e-623f-4dfc-b223-f92c4df0697e,Jagat Karnik,27,Mumbai,business,160328.05
e6b8d032-6e88-4b00-9e7c-c7642d4455d4,Reva Sastry,21,Bengaluru,salaried,31022.15
529c46f2-4cc8-4f14-ace6-9dcae40f6cda,Lohit Pathak,41,Pune,salaried,27285.94
a28e4149-384f-4dfe-981e-8ccf645411fe,Vrishti Ray,26,Chennai,salaried,42886.13
94f0200d-779e-4976-9f45-6b040df3497b,Yashvi Varma,44,Jaipur,self_employed,94201.34
87b3b8c9-c0f1-45ad-8712-69b87d705281,Bhavini Tella,24,Hyderabad,business,59847.29
4b5fff59-a00e-4716-bd23-76dd9bb43125,Eshana Kale,23,Delhi,business,190737.76
6734560b-bf5d-4a9f-99d0-3dac2f4c1bcb,Advik Reddy,40,Delhi,salaried,75079.92
9ecfe13f-b693-4e07-bc75-2c1101b192dd,Ladli Chandran,60,Pune,salaried,22967.59
fccbadf6-d65f-4e03-b84e-56c277a0731e,Damyanti Chowdhury,31,Bengaluru,salaried,23897.75
dac5cb92-1836-4c2a-9d19-06313b45f7e5,Ira Nayak,28,Bengaluru,self_employed,44432.99
645cc84d-0126-403c-81dc-f5ed57f81bba,Kala Bawa,30,Lucknow,salaried,42353.5
a68de0e5-677e-4426-a1b6-92a17a1de65d,Zilmil Parmar,47,Ahmedabad,business,45610.34
47fe715d-8b8c-4534-a78d-19cd72c53d87,Ridhi Bassi,54,Jaipur,self_employed,126315.99
d7b09dd7-f93c-420c-8250-e6c14c8adbb1,Praneel Murty,51,Ahmedabad,salaried,44892.83
db3afd29-2af6-402e-b794-f630d3d063db,Ryan Krishnamurthy,41,Ahmedabad,business,75773.38
58f990ee-067e-48b8-9460-3e57f3b51067,Anay Wali,37,Hyderabad,salaried,17712.84
ae57b655-e959-40a8-ad32-f68697575221,Jagvi Balay,43,Jaipur,self_employed,19514.81
faed2e23-4453-417e-a8ec-20685146d7b8,Anirudh Parmer,36,Chennai,self_employed,59677.27
93b49d19-7932-43a6-a025-c40576acf488,Ekta Handa,25,Ahmedabad,self_employed,12000.0
e7d598cb-3f54-4536-9185-be72588433b7,Hemal Mander,21,Chennai,salaried,60253.67
9bab3ae6-eac3-4efe-b200-75052131ca7e,Joshua Ghosh,45,Chennai,salaried,33554.39
9e6987b3-762f-47da-94a6-77b3db3e0be9,Arin Yadav,42,Chennai,salaried,183789.52
31b895c1-a9b7-46a3-91e6-8cf0065abe30,Samarth Memon,54,Jaipur,self_employed,246604.56
3058a8e6-3fbb-48ac-834c-c725634d2449,Qarin Narasimhan,40,Ahmedabad,business,62112.08
4d46ef62-fef9-49ce-85d2-c12d34931a88,Indrajit Murty,53,Delhi,self_employed,45504.39
6b53f535-6458-49d9-9567-e734026d5192,Jagdish Natt,35,Kolkata,business,179158.0
23f1ea11-7d23-46b1-b198-55a73da89aec,Bhavani Mohan,49,Lucknow,salaried,85100.34
61ef2751-5a94-406d-816b-e4686b5c909d,Gaurika Chaudhari,46,Chennai,salaried,16010.27
846fd045-c4a6-4727-a724-659ed26d4ae4,Eshana Gade,48,Bengaluru,salaried,14865.71
d047f1bc-7a30-40c2-8459-2c16b63daf4b,Mitesh Ratti,57,Delhi,self_employed,31715.97
d0462e94-1a1f-42ec-aede-eae5ae03ac59,Lakshmi Mohanty,27,Delhi,salaried,48599.51
4c64ef35-c17a-4b0d-818b-6dd70f2f4304,Jeremiah Savant,50,Bengaluru,salaried,46557.19
498550c4-c286-4fa5-8595-4dbccf2d444f,Champak Hayer,51,Jaipur,salaried,61999.76
d7373186-9b90-4eda-9df0-132a2aa6620a,Jairaj Krishna,37,Delhi,salaried,19933.38
50f7f88c-0ab6-42c7-b39b-abab678ab475,Jatin Arora,26,Kolkata,business,12000.0
3db3f406-d800-46b1-9994-cb9cc09b633f,Damini Bobal,30,Pune,salaried,55770.88
83102a30-e752-4005-9a22-407914b7d5c6,Zayan Khurana,53,Kolkata,salaried,24002.23
b4a7cd8a-e9d2-40c0-b9f8-0b5906330a38,Rachana Balay,38,Kolkata,salaried,13236.8
24f4c473-2570-4e26-a466-47199ecbbdd5,Meera Ghosh,62,Pune,salaried,39047.41
e3308c6e-3805-4942-86a6-64b831c9124d,Hemani Edwin,48,Chennai,self_employed,85410.39
a7a66a88-379f-4d06-a69e-b033bd776bd8,Henry Tata,46,Bengaluru,salaried,34165.49
8afe160c-d4d5-4944-9adb-4b6005cc0743,Logan Yohannan,54,Lucknow,self_employed,35578.83
cf07a309-f074-4a08-972b-a80e323bacbd,Yoshita Pau,48,Delhi,salaried,33534.13
726d0da5-8bce-4391-9209-44cf5f7b3003,Ranbir Doshi,62,Chennai,self_employed,37819.95
a7f7724a-5cf8-43ed-8d24-4e8b7ea19802,Rehaan Gera,35,Delhi,business,21736.71
880b5b19-3b54-4afb-be57-3b6896dbdef2,Ranbir Loyal,23,Lucknow,salaried,25403.94
69142400-3d01-4caf-ba3c-9fe105947a33,Jai Seth,25,Jaipur,salaried,47128.82
884af057-2060-4c5e-a079-e8b609eb553a,Omya Dewan,35,Lucknow,salaried,42652.42
ee88b357-b0a5-48f2-910d-74924aca5fcc,Mason Kata,46,Pune,self_employed,55140.62
a0c522fa-b6ec-423a-a7d5-22c638528b60,George Prakash,35,Hyderabad,salaried,22079.96
8439bad8-e945-41c7-a6fe-aac3238ef2d4,Joshua Dubey,31,Chennai,salaried,33164.93
d65591bf-3f04-4966-bb58-df917d0a9724,Indrajit Bhatnagar,39,Lucknow,salaried,12227.8
798c7f01-44e9-4615-93e6-8967e4cdccd7,Logan Nanda,21,Delhi,salaried,39705.24
38af795e-65a6-46f2-b21b-0d37ebe82e54,Ishanvi Arya,60,Ahmedabad,salaried,74193.28
2fc02b09-8a94-45e0-8f5d-3354095fa78c,Qabil Modi,36,Bengaluru,self_employed,17467.68
ec427e5a-1dc9-4e7d-a8b4-d377e1884b13,Girik Kaul,25,Bengaluru,salaried,27093.15
0f8dc747-4a85-40c7-b09b-27d64c13d42b,Sachi Bhardwaj,50,Bengaluru,salaried,42811.13
a26509bd-a8b6-4ae2-9281-d942d56f23fd,Saumya Ratta,51,Pune,business,225834.65
248e05d2-0196-4bee-8ff8-6f19334d0fa6,Amara Prakash,32,Hyderabad,salaried,29024.27
80ecf6dc-1033-47dd-9e5e-799fc198bf28,Chandran Bal,31,Mumbai,business,39221.28
cc10a513-838c-4958-ad8d-fa5f17983976,Ojasvi Ratta,51,Lucknow,self_employed,12354.23
fd39be39-1c87-4657-b786-698ebd7df70d,Baghyawati Chaudhari,36,Ahmedabad,salaried,38243.12
249e6cc0-805f-46a5-bc57-aa05253e1356,Akshay Handa,22,Lucknow,salaried,100814.56
d7608506-695d-4082-8277-52ed744381e7,Vyanjana Comar,39,Chennai,self_employed,59524.96
5161d6be-f6bd-497c-94e2-dbb97f36c42e,Gavin Ramachandran,31,Bengaluru,salaried,35913.21
15f4ba58-0bc9-4965-8781-8733f04e1a4f,Harsh Mohan,27,Hyderabad,self_employed,61417.96
f1c27947-4c54-4a30-acd7-f969bc589730,Diya Peri,42,Ahmedabad,self_employed,48641.66
2ee79559-5ac6-451d-8151-2fadb25f64e2,Anay Gupta,43,Jaipur,salaried,24185.12
bbbe7817-f0a4-47b9-8cad-0e4eb1e912b2,Amaira Aurora,52,Hyderabad,salaried,54810.66
c59a74f5-d800-41fc-8ca1-17338344c3b5,Harish Bhatnagar,21,Kolkata,salaried,40655.15
822af66b-14cb-4169-a7bc-95da74e530b4,Joshua Kale,42,Jaipur,salaried,36636.73
e612ccc8-3072-4c1a-adce-b0f503ab117b,Omya Banerjee,59,Ahmedabad,self_employed,24766.42
7699008c-b589-47c5-881a-8b3d575f34b7,Mitali Chawla,54,Mumbai,salaried,69685.95
779f551c-3a94-485b-aaa9-b5fee6b5c9a7,Robert Chaudhry,47,Chennai,salaried,50632.62
b19c5393-57f2-4fce-bc3c-c6e08cee7dc9,Orinder Walia,30,Kolkata,self_employed,33288.11
3e41d8f2-aa88-4aae-a2a7-64efc0ecba08,Kashvi Bains,36,Lucknow,salaried,59928.8
c78ad2ce-59a5-47e1-b76d-c618cb826dc4,Rushil Choudhary,48,Kolkata,self_employed,34603.16
e47ba61b-616c-424a-85eb-014ba2f5e8d8,Falan Acharya,26,Chennai,salaried,24563.04
2e70e6fc-f72e-4546-8f69-6778339c5c8b,Edhitha Shankar,45,Delhi,business,36911.09
36d02acc-2627-45db-8d08-aff651a666e7,Chakradev Dutt,61,Jaipur,business,14854.21
2db1b4a5-2e3d-47d5-899a-f4fb2e38dd78,Jeremiah Batta,49,Jaipur,business,111791.2
e3b6940e-5b3d-4f76-a337-7abdc4819095,Laban Gara,43,Kolkata,salaried,14536.64
74de139a-8991-4efa-9faa-c1dde6237342,Anjali Yogi,47,Hyderabad,salaried,19648.93
b5511d77-17d2-4cdb-9851-eb141c5c4461,Mugdha Bawa,23,Lucknow,salaried,12864.23
3584fdda-ad29-4c11-9b89-06f20fa3457f,Atharv Morar,42,Lucknow,salaried,34785.82
5a4f3c43-0a92-4dec-8392-21716005235b,Aayush Munshi,50,Lucknow,salaried,33686.07
02785211-972d-4fe4-99a2-f5e85f2e58a7,Charvi Bhatnagar,43,Hyderabad,business,54500.95
43a6888c-1aed-4b39-a501-68952c3795a1,Hemang Magar,21,Ahmedabad,salaried,21562.5
63671349-d977-4bd3-b885-31f6d68e316d,Arjun Rajan,30,Ahmedabad,business,25463.2
3b85caca-a95e-4cc0-a9f3-f521ac30af51,Mohammed Anand,54,Hyderabad,self_employed,67850.29
66693ff0-18c4-493e-a051-1c5ffdb4baaa,Nitesh Balay,31,Hyderabad,self_employed,33343.35
1ae0386a-eb5d-4ccc-9ae7-09bf83b0ca1a,Warjas More,25,Hyderabad,salaried,42539.11
cef258bb-7457-4a19-80bc-b038d0b6cb76,Sanaya Keer,23,Chennai,salaried,23327.21
70c06779-35a2-4f67-9685-d7703659abb7,Vedika Sawhney,58,Delhi,salaried,39756.61
58fed9fe-0498-4cdc-9674-6cedbf58f028,Chasmum Ramaswamy,40,Mumbai,salaried,69677.94
eb8f6242-9a98-42c2-a34d-2359c92bbe88,Lohit Chauhan,21,Mumbai,salaried,48682.89
eaffdabe-3820-4d41-9898-7a14c11fa251,Upma Modi,43,Hyderabad,salaried,29548.64
89dab2c0-97fd-46f3-921a-1de68ce1afb9,Priya De,53,Jaipur,self_employed,58690.86
d63defc9-b56b-42d0-a165-a17f3c88ff6b,Urvi Deo,26,Hyderabad,salaried,32198.25
d76cde32-914d-4039-9a4a-903d066daf8a,Siddharth Jayaraman,33,Pune,salaried,36458.87
e7cea7e4-641a-4212-9ec3-842697d8e71b,Atharv Ramaswamy,26,Hyderabad,self_employed,39029.47
9f169e08-faf6-4401-8817-3d53345541cd,Pallavi Bath,51,Kolkata,salaried,33450.85
1fa8f4e2-68b0-4d54-a229-492fc3faaddd,Darika Narayanan,61,Pune,salaried,40378.26
63772152-6ad3-4ffc-956d-f1818b6a60a0,Anamika Sahota,27,Hyderabad,salaried,22099.73
6dd3be3b-a806-484d-b81b-e7df63a61423,Jalsa Kulkarni,59,Hyderabad,business,29310.73
da9f00a0-2fdb-4371-bbc4-72e69a84cca2,Joshua Karan,48,Kolkata,salaried,18137.35
fc1b0627-faeb-466f-9206-2700112f62d9,Priya Kashyap,29,Chennai,self_employed,15991.46
68227c62-df24-465b-8cc7-c03e5202eeb3,Ekiya Choudhury,47,Jaipur,salaried,19758.89
49c08fb3-8003-40d5-898f-eb46f6fe5c1e,Sudiksha Nadkarni,40,Delhi,salaried,39329.54
7b61c12f-06d9-4c49-9ef9-6be2f4674abc,Gagan Batra,61,Ahmedabad,salaried,23239.44
188243d0-87cd-4b82-8732-38338e31d512,Avni Lata,45,Pune,salaried,46948.53
3e0fc619-2233-4f4d-b0a9-da2dc93eba92,Yamini Magar,54,Ahmedabad,salaried,36951.33
63352a04-fd54-4832-8c72-15416fa88db5,Harita Rao,53,Kolkata,self_employed,12357.85
bcba39c1-721b-41c2-a45a-d81b36cf1abd,Triya Murthy,48,Ahmedabad,salaried,50386.97
17edab85-fce1-4b63-b661-b21d451e22bb,Hitesh Mannan,47,Ahmedabad,salaried,54469.67
26f77f43-e55f-4045-abce-3105dc6a3710,Christopher Chawla,56,Mumbai,salaried,22094.16
d7f263b4-3522-40f3-92ed-11294ad57e01,Ansh Bakshi,47,Delhi,business,106742.26
7a1d037d-b332-4490-9cd4-b1e4c195ab66,Lakshit Varghese,60,Hyderabad,self_employed,26915.33
2915128d-e2fe-4559-8f57-393a03c8befa,Samuel Ramakrishnan,58,Jaipur,self_employed,52489.54
68dfef76-93dd-48ef-a322-2f0aa25b39a3,Viraj Kala,60,Jaipur,salaried,19297.89
d0e96bac-b5cb-45d8-bf94-ddc91979aacb,Maanav Borah,39,Mumbai,business,14562.49
c7c79bc8-d464-45f3-b357-648d9cb15092,Odika Patla,46,Bengaluru,self_employed,37497.44
8365c7d7-2e15-4b2e-9503-4803ae926453,Ekapad Agrawal,21,Ahmedabad,salaried,34136.95
9404b5a3-e16c-459e-a82d-3fd31a171bf2,William Madan,54,Ahmedabad,self_employed,37109.35
f01083af-1494-4faa-b2f0-c9f0995c3319,Varsha Keer,26,Mumbai,self_employed,21400.69
32f2d8a5-2b39-410c-9e7a-1d0563aa0c96,Oeshi Kurian,62,Delhi,salaried,29734.12
140471bb-9070-469f-a50a-1b9b74c8df7a,Ladli Mand,27,Hyderabad,salaried,41549.77
93ce6000-79c5-4342-96d6-365ce445b5b0,Pratyush Dhillon,42,Mumbai,self_employed,47504.27
dfc049cb-26e1-451b-8124-bdb993913dc1,Umang Barman,58,Jaipur,salaried,39785.21
1a30726c-f15b-469c-b9c4-53d718ba7123,Liam Dhar,24,Chennai,self_employed,30666.29
5b4dcd01-841a-4bec-9c9b-94d9e9567831,Thomas Raja,56,Ahmedabad,salaried,65242.02
20d65ced-4a1d-4fde-a309-ae5fe9d1d135,Faris Bir,61,Bengaluru,salaried,20169.23
50c81005-9048-4ce7-a2d0-ede0f584d1df,Dayamai Jha,40,Mumbai,salaried,46340.9
f088e9ae-1473-4b41-b2dc-253183cbe32e,Yashica Chandra,60,Chennai,self_employed,112119.86
6771d249-7f09-4b69-941c-0fce95bf7532,Ekalinga Karan,21,Bengaluru,salaried,46187.02
15197a22-c0aa-4db9-ac3f-df87e6452536,Parth Chhabra,28,Jaipur,self_employed,42541.4
1d54d663-f663-4965-8f3c-c23d6247c2a3,Amara Loyal,34,Delhi,salaried,27885.2
1ab5d953-a44a-40ba-9627-21c761faa761,Aarav Bandi,53,Ahmedabad,salaried,60964.31
344ca0d7-caab-4b97-bb3b-563c44844b73,Kritika Dutta,28,Hyderabad,salaried,17827.77
e0a0f3b9-1457-4ef8-8f50-dd60937d1367,Samarth Nath,32,Chennai,salaried,22357.96
4275cd93-d1c1-4813-a376-ec037305d68c,Luke Kulkarni,55,Hyderabad,self_employed,37112.52
91c847d9-1d71-4493-ac57-318829f45d66,Urishilla Korpal,49,Lucknow,self_employed,116582.87
dbd3f96b-d971-46f2-87ce-b77bd1b774e0,George Manne,30,Mumbai,salaried,43909.41
14ca316c-9b16-4c01-b2ee-50b6f0be82f3,Mugdha Bhandari,36,Bengaluru,salaried,22381.21
b04e4022-58cc-47eb-b8d2-de1aa326cb93,Tanvi Bhandari,55,Chennai,salaried,31096.36
e269034d-42fc-4a79-bdd5-47feb32e55ee,Oni Cheema,39,Hyderabad,salaried,26711.21
f8246122-b255-4d77-9630-f6efa4dbed5a,Daksh Ravel,58,Ahmedabad,self_employed,29826.36
a47115be-b2f4-469e-91f7-99b38b6f94e4,Adya Barman,38,Pune,salaried,59245.48
f5e2ceea-3a09-4af8-bc03-0a85c19ce294,Pratyush Narayan,27,Ahmedabad,salaried,18290.34
c0dbd11d-6048-4955-8444-047d27d073e0,Balendra Sarma,48,Bengaluru,salaried,81177.26
2626e576-7433-44ed-85ba-e61db534c797,Ayushman Ghosh,50,Delhi,salaried,54946.48
6ab5d9a9-6582-499b-8592-2554abaacb2f,Vansha Dyal,21,Lucknow,self_employed,105198.38
c34460cb-04dc-4130-bb0f-d248d15eab59,Gabriel Gopal,62,Lucknow,salaried,28811.51
84679266-5107-4c97-9964-eb38089c3a68,Advay Kibe,43,Bengaluru,salaried,33692.47
e3cd7ebf-2b68-4c4b-abbd-254347e212e0,Ria Wable,50,Hyderabad,salaried,17737.28
551425e6-fda9-49c8-80d9-82ff0c9d2f83,Karan Panchal,31,Kolkata,salaried,27935.93
2d226368-024d-45b4-bb65-4ce3f52d36dd,Dayita Pathak,53,Chennai,salaried,46482.33
b48425ce-1fbd-4929-bbb4-b39fdebdf035,Anjali Uppal,54,Pune,salaried,69427.03
91515c5b-4238-44a9-b23e-41b18adefcc4,Chasmum Pradhan,32,Bengaluru,salaried,20877.38
acc978bd-fc91-4e9b-b27d-ab1114937830,Waida Kapadia,57,Kolkata,salaried,30249.87
bc88b9e6-2236-4ee8-aaa2-efd5691107a9,Chatresh Gade,29,Hyderabad,salaried,33669.59
f46adb16-ba85-41b6-8704-9e88f1da374e,Tejas Purohit,40,Pune,self_employed,18452.36
fd384502-c77a-4737-b520-4b206bc14726,Aditya Nagi,62,Ahmedabad,salaried,48809.23
57bedead-d8bc-4dca-9d9a-a9cb9cd73c1f,Lohit Rege,51,Lucknow,salaried,25285.97
9e1c96d9-9aee-48d1-a53d-97426aefff8a,Owen Bawa,57,Jaipur,self_employed,42754.37
a2d92f0c-8bec-4852-b788-2146b003778c,Meera Dewan,54,Hyderabad,self_employed,35726.05
a0d3505e-09c1-4ed1-94c4-6cf32ecffe81,Raghav Toor,41,Lucknow,salaried,24473.12
97d5847b-cb35-4a73-9c4c-ebc5e6613e0c,Aayush Puri,43,Lucknow,business,72668.23
567c4dd4-d357-4d1e-933c-5d6407389872,Upma Butala,46,Delhi,self_employed,42153.51
b5caf204-cdbc-4809-9d41-f93628929673,Dhruv Mammen,31,Chennai,salaried,30153.95
be99470c-289e-4dfa-b13e-47cd077864ff,Krisha Babu,27,Ahmedabad,salaried,25229.5
ead6148d-e92c-425a-9a66-ba78ec496fcf,Nisha Suri,51,Kolkata,business,97496.54
653f0f0b-46e3-4686-b4da-f952aea977d8,Yug Kaul,36,Delhi,self_employed,155987.65
86847382-52f6-4e69-af82-6cc1771ad3b0,Tarak Merchant,32,Pune,business,82942.14
abdd8cbc-05af-4414-8128-9d2314cb099a,Oviya Din,47,Delhi,self_employed,98447.9
915d4754-cc87-4d9f-9386-a76c01e5d47d,Vedhika Chakraborty,37,Delhi,salaried,18122.13
cd957134-92a6-4385-95ab-e33cb1316416,Jeremiah Kaur,25,Ahmedabad,salaried,39296.11
968cfbbd-4c45-4e4f-a69f-512800378892,Yash Nagar,59,Mumbai,self_employed,22739.12
0627c635-9b74-47a8-b5cf-f6796608236a,Anthony Ray,41,Delhi,business,19356.19
da30e11f-e61a-466e-a46e-bf5e2aaaa573,Janya Sandal,45,Bengaluru,self_employed,29215.07
2f8effc3-014b-412a-9aaa-0cfc15d410f9,Suhani Ramaswamy,57,Jaipur,business,213781.43
0250b79a-2c42-49a5-978b-d92df10dd7d5,Darpan Balan,37,Ahmedabad,salaried,58396.31
d12fdab2-c8e8-4356-932e-f5b7db588ead,Nandini Rajagopal,39,Chennai,salaried,41007.18
44047cc8-e36f-4e30-8845-4b8f517808fa,Darika Sodhi,31,Pune,salaried,16876.03
ed2394da-44d0-49ba-8cb2-01600abd8e97,Meera Thaker,33,Delhi,self_employed,42727.74
7dbb43cb-62ff-457d-831e-14d0bdc7f954,Vasana Bhat,61,Delhi,self_employed,60547.9
953818b6-fa26-4ace-a95a-0742adf7c9d6,Kala Saha,29,Mumbai,salaried,39646.9
d84dbadb-a720-4e55-8b59-5b2a7e55738b,Omisha Dalal,47,Lucknow,salaried,14444.99
d0484c89-59e3-42b2-9d9c-962ba7e2a394,Anamika Varma,25,Kolkata,salaried,23268.16
2dba504f-d380-4f42-8edd-8188600de317,Vivaan Jha,62,Jaipur,salaried,35170.44
ee924600-ab61-4227-97d3-2fb52cdc7e1f,Amara Gopal,34,Lucknow,salaried,47483.87
ef2a5149-bbfe-47b2-8c41-d44d20dcf438,Bhavya Palla,53,Kolkata,self_employed,12000.0
411450f3-11a6-4c4e-959d-2b77d14c6d3b,Bhavika Randhawa,56,Bengaluru,salaried,33487.85
9be2f8c5-e5e0-4cb2-8869-83df10386f6d,Yutika Deshpande,49,Pune,self_employed,54183.63
d2a4095d-7695-4e38-ab4d-37173e698d61,Kashish Radhakrishnan,25,Lucknow,self_employed,88852.09
60c2ac3e-6315-4b9f-a5e2-967d9c1a2ea6,Daksh Mane,54,Hyderabad,salaried,51350.44
bee31d70-c43f-4faa-98f5-2bf97fac84ae,Urvashi Goswami,52,Chennai,salaried,48595.47
2326c3de-e2aa-4115-a863-470f2b3376b1,Nidra Garde,55,Kolkata,salaried,24343.73
07b9a220-f483-4d7d-92c0-7733bb6e7099,Janani Din,39,Hyderabad,salaried,13988.61
6e7b6811-3fe8-406e-9c2b-38c9b973ffd4,Shivansh Ramachandran,43,Delhi,salaried,29836.08
4a7a51da-b625-4880-abed-cd03dc512f91,Ethan Menon,31,Hyderabad,business,180136.22
1efacc96-993c-4b86-9d1c-23b58248c009,Harrison Sundaram,57,Chennai,salaried,72891.5
9a6b368c-7cbc-41bf-bd3d-9ec65394728e,Liam Bail,60,Jaipur,business,138620.35
bd52bae8-d6db-44fc-8489-f1ea7fd0666e,Agastya Lal,60,Mumbai,salaried,45011.37
1ef63d42-7410-49ed-9f2f-24bcd8bb5028,Yashasvi Modi,28,Lucknow,salaried,43906.6
5a2f76ee-e8a7-432f-8626-0f18659b96b1,Janaki Jaggi,37,Mumbai,salaried,27499.98
13d5832d-f639-47c5-9e21-08d0e0283971,Hemangini Modi,47,Hyderabad,salaried,34029.05
4cb3f2be-ffae-4abb-b2cd-72578d392984,Tara Bora,24,Bengaluru,salaried,83661.55
d2314cc8-45ee-4958-9420-651c0501781b,Caleb Munshi,42,Mumbai,salaried,22668.26
c5c0995d-e31b-46b1-a465-5bda905df518,Dakshesh Varma,25,Lucknow,salaried,81421.07
04031a57-b76c-4bf3-8436-7009dc4ac59c,Bachittar Sura,23,Kolkata,business,54730.4
ace4163e-4e0b-49d7-aa12-3af9464d2b7a,Tanmayi Upadhyay,47,Lucknow,business,241081.15
86a45209-5acb-4868-824a-366f28225698,Adweta Narain,26,Jaipur,self_employed,18310.49
3faa6727-cf1e-4922-9e50-3872adeadf3c,Lekha Chada,29,Hyderabad,salaried,48676.52
f807c905-ed1e-4f75-881c-4670b00b1b41,Tara Bansal,27,Mumbai,self_employed,29268.32
4f939b3b-91f7-49e1-8769-cb4548123c6f,Abha Ravi,35,Kolkata,salaried,17896.61
5a48aa28-d295-40d3-ac2e-94f71d8dab52,Forum Dhingra,40,Chennai,salaried,40508.5
97931cf0-521b-4df3-925a-511d29c4588f,Nikita Lala,24,Mumbai,salaried,60158.37
7d6e6f44-b2ee-4180-b9e1-6dc2b6b4cdae,Avi Bahri,33,Jaipur,self_employed,27133.95
aea4182f-fe02-4c96-a635-faed1d08b3ce,Mohammed Som,45,Mumbai,self_employed,17166.05
53fa56be-ebbe-4e5e-a67e-1485e6770eb0,Logan Sama,24,Pune,self_employed,45968.36
560dcd6d-0af2-40a8-bf48-3ee1937c0c8c,Vincent Radhakrishnan,29,Pune,self_employed,46110.47
b1bce051-ef98-4f3d-96e4-83bda0aa14e0,Oeshi Zacharia,56,Bengaluru,self_employed,71956.98
ce5c80b9-f584-4f4c-a418-7e3220f50d37,Robert Subramanian,28,Lucknow,salaried,58384.01
0eb161f7-96c1-4964-9330-0c3d7de9ca4b,Patrick Barman,44,Kolkata,business,69322.61
0a609cab-eef2-42c9-99f4-0183375fb1cc,Shivani Kara,48,Mumbai,salaried,91835.27
4a1c3509-49ea-4105-8359-4b72e765f4e4,Chavvi Mohanty,26,Lucknow,salaried,40624.12
41a86b71-37b9-404c-877d-dfc82a7e561f,Saanvi Parikh,47,Jaipur,salaried,30539.82
6f82f62c-2c36-4e51-9411-26a886eabe27,Jagat Radhakrishnan,21,Chennai,self_employed,15865.51
b9428763-0b78-4f6b-b1fb-a752bb53905f,Hritik Murthy,25,Mumbai,self_employed,40787.8
f346f7ee-0016-40fb-9b6f-35428e6f1b4d,Ekani Hans,32,Hyderabad,salaried,30693.51
ee820c91-9af4-4c69-be5c-08e97fc6ec1e,Farhan Minhas,43,Lucknow,salaried,58697.5
ec52eef9-ef77-4fe7-b590-117798bf6e51,Bhavani Jha,36,Hyderabad,self_employed,67760.76
ed06d1f8-ae74-4de5-9719-a5118834ec2f,Ansh Srinivasan,46,Ahmedabad,salaried,20137.02
d3033a27-ba37-46b5-8ad4-c4746355a90b,Victor Karnik,25,Delhi,self_employed,55302.76
3548a023-2596-4ec0-9750-5c639d5e1e7a,Chaaya Swamy,55,Chennai,salaried,50805.79
5b5f8fc8-980a-4998-8651-335f458da7bc,Rishi Khanna,43,Chennai,salaried,77965.03
c8117eb9-88e6-44ee-9b83-0dac67c926cd,Girish Pant,40,Kolkata,salaried,56599.3
a5b80d0a-7fc0-4c3e-8d81-c815445acdee,Nicholas Khalsa,39,Chennai,self_employed,83499.23
3e06e1b3-2354-4c54-9c22-3e02d7101021,Chasmum Kata,38,Kolkata,salaried,37423.08
7631cd25-9b39-43f0-bb44-356d5a29e7fe,Kiaan Bakshi,53,Delhi,self_employed,64332.38
f5de18bd-4733-4195-ac55-16c14e6fc29c,Harish Bera,47,Lucknow,salaried,67829.5
613b7ca7-aa3d-45f4-8441-02f60bdefdc0,Ayushman Lad,26,Chennai,salaried,18650.18
eaff810d-9114-4372-9b8e-d3e3bc6a4495,Madhav Pandya,54,Chennai,business,53396.72
0fc0baa8-5242-4539-9bed-244e0057375b,Idika Sachar,56,Chennai,salaried,24679.19
cf7d0a0c-003d-46ae-86bf-1a118481255f,Vasana Bhalla,30,Mumbai,salaried,43895.92
65dff252-2191-45f2-9f1d-32ddc4d0fbef,Gaurangi Srivastava,49,Ahmedabad,business,221283.5
3e43e651-4eaf-4e06-90a7-da9ef4ba864b,Rushil Rajagopal,22,Ahmedabad,business,42732.85
44d16c11-f8bf-4f29-9eb0-2a65915693cb,Arin Prabhu,38,Hyderabad,self_employed,12000.0
6a8c7224-54e8-4155-a6a9-12686f320796,Benjamin Kaul,40,Delhi,self_employed,36733.54
165c00ee-3641-4d75-8659-ffba24291ad1,Vedant Magar,60,Pune,salaried,57339.03
1808afd5-2785-4ca6-8705-7f6e0d0f774a,Viraj Dua,45,Pune,salaried,47515.68
4d87b205-f605-43a3-a202-7263efd19fa1,Shivansh Khosla,35,Chennai,salaried,44985.39
42a3a649-f8ae-4e86-a821-71af7f7c5c63,Warjas Mahal,48,Jaipur,salaried,31571.29
3d3cb0cf-b47f-4ee2-b627-98e4069020d5,Mitali Buch,40,Mumbai,salaried,19158.17
a2ce6996-2148-4bac-ab55-02e9ff1dbd9b,Anjali Suri,43,Mumbai,salaried,46987.98
38540297-4ecb-4c9f-adc0-4ea5944a3867,Laban Rout,42,Hyderabad,business,34514.9
ea071420-21ec-4737-b050-39553c09c3f2,Yochana Pandey,58,Chennai,self_employed,226130.54
98cbe656-6919-49f7-a572-f17e5057f55a,Atharv Dada,42,Lucknow,self_employed,73083.29
709aa4f4-b8cb-4c74-8474-8034e832fffd,Barkha Kala,48,Mumbai,salaried,27164.76
b287eaeb-c99c-444a-99b4-e2e93c3b28bb,Sai Contractor,56,Pune,self_employed,31953.29
56a1a63f-c36e-47d4-a881-6e540093b494,Yauvani Murty,39,Jaipur,business,67261.97
4927f402-b0be-48cc-abc0-5fa11830da03,Nathan Chanda,57,Lucknow,salaried,32216.98
34b47eeb-7869-4b41-b4df-08b43b7e2f14,Zehaan Baria,37,Bengaluru,self_employed,107128.43
31218d5f-e029-4dcb-8dc4-ce1305c7ddf2,Vidhi Sharma,50,Chennai,business,86489.18
7d37ff4e-48d9-427a-ac1a-3573fb2f3025,Eshana Kadakia,21,Hyderabad,salaried,25189.54
2c3b09c0-bd0e-41e4-8681-0c1a2268d4e9,Udant Chopra,38,Delhi,self_employed,184113.64
fb385dd5-96bd-4d3c-9388-6691901bb664,Aahana Murthy,55,Hyderabad,business,76448.88
51f3a4ed-3d61-4c8d-bd3a-33b8d53bac9e,Ayaan Kapur,46,Mumbai,salaried,53338.83
374b247e-4d14-4b1f-bc83-639eb3c68d71,Madhav Jaggi,44,Hyderabad,self_employed,32024.02
2d81f383-f64f-454f-be80-0e04ce4d910a,Wakeeta Hari,62,Lucknow,self_employed,63207.67
f34c7ea0-a7de-4753-b0ef-1f67a28aef5a,Ekta Pradhan,40,Lucknow,salaried,42427.63
ac0da5bd-8b97-4775-9439-ea178fec35ab,Qadim Reddy,37,Bengaluru,self_employed,13059.17
e5c6fc56-bc2a-42d0-bbe8-cc753719c5f4,Abhimanyu Mand,22,Ahmedabad,salaried,99472.6
9783df8a-503a-4362-9924-70104b0add8f,Tara Choudhry,23,Kolkata,salaried,69239.18
b6b0631b-547b-4efe-8ae0-9cdcbb831374,Sara Balakrishnan,56,Chennai,salaried,29774.34
9ae8c198-e145-449c-94b0-b853e07348ea,Jason Narang,58,Delhi,salaried,20928.46
45584dc4-dfaf-4b28-bf68-82e0fca87ca5,Devika Hari,60,Jaipur,salaried,43207.99
886e3e7b-e010-4ce5-bfb2-a3e4ff24162d,Indrajit Bhat,25,Ahmedabad,salaried,37924.36
5ce8f8b4-140d-4dc8-a1f2-465776c839bd,Pranav Sunder,38,Hyderabad,salaried,43383.5
ae1df051-5017-4c87-b381-2612bf5b7f0e,Jalsa Misra,29,Chennai,business,86891.86
85029516-7b29-407a-807d-63ea25fd097b,Devika Chhabra,30,Lucknow,self_employed,69868.4
b9330e64-4f4e-4f2f-a810-e1a970395932,Oni Mishra,35,Delhi,self_employed,135011.33
0b0a19fb-4730-4246-98d8-2a807f786e9a,Madhavi Mitter,32,Jaipur,self_employed,72960.41
d64126df-d4a9-4b17-9999-7e3efc6d50e6,Indrajit Sharma,58,Kolkata,business,28433.12
805883ba-5663-4e7f-9ff4-d0a38ee27e83,Noah Sura,35,Mumbai,salaried,71774.28
cb0947d3-ae9d-4a22-b9ce-58bae8d6fe01,Ekapad Salvi,37,Hyderabad,business,320152.62
bfe2ad37-e61d-4e2c-a949-3686605d6a03,Turvi Wali,43,Jaipur,salaried,175611.31
ca1ba4b4-4085-4a92-b94c-5ef959a74e09,Dayamai Virk,59,Chennai,self_employed,22327.05
2f36e828-2324-4566-809e-72b07763c075,Dalaja Trivedi,25,Jaipur,salaried,41004.66
25110a3e-7729-4537-bb43-e8c3945df4d3,Adweta Kohli,53,Delhi,salaried,12822.42
46bd62b7-d622-4f32-b4e9-5393c1c273c0,Gayathri Ramaswamy,41,Lucknow,salaried,47885.81
727515e3-5d51-4b65-91c5-aabc404fa7bf,Gaurav Nair,47,Delhi,salaried,27609.08
397d3db0-fce0-4eac-9bb9-fe9ca622f5e6,Krish Chakraborty,39,Bengaluru,self_employed,188416.85
889cf1ed-7333-4949-a1c4-862d35eb04fb,Krishna Kala,59,Kolkata,salaried,24653.95
b2c30187-472f-43c0-a392-a4f4ffeaffa7,Praneel Iyengar,47,Kolkata,salaried,15605.96
cb1a7157-42ae-4279-ab34-cb62a515ab83,Charan Sura,39,Lucknow,salaried,28691.84
848be277-5986-473d-b85a-ff4e37ee8cbe,Madhavi Dixit,44,Mumbai,salaried,13524.47
1f5cea85-b4a6-40a0-b6c0-f8af0c5c1bf5,Bishakha Mahal,30,Lucknow,salaried,52867.8
5424ce40-643e-4ddc-ac67-415c6d1173d0,Saanvi Chokshi,59,Chennai,salaried,12931.98
8a478833-093e-41e6-8e5f-e06fe3d264bb,Frederick Sibal,53,Jaipur,self_employed,50007.1
315c24b7-a967-4131-ad20-b037c7713ca8,Anirudh Bala,43,Chennai,self_employed,12000.0
92c03172-e725-48a2-a7bc-5de4ec192025,Varsha Singhal,58,Mumbai,salaried,30941.42
36b92731-69e1-4cda-87a5-1be25412eac0,Lopa Sha,30,Pune,self_employed,154873.62
92323bcc-43fe-4832-ab9c-b865f40499b6,Hiral Sule,62,Delhi,self_employed,63098.58
1c226a9c-0d60-4217-901d-7d13630f44b2,Alexander Iyer,35,Lucknow,business,33619.31
fbc87d7a-51fe-49ee-a6bf-3f8942d6039d,Indali Acharya,57,Jaipur,salaried,35753.31
ab5d3760-752f-4d72-98e3-72c6656edd36,Arya Uppal,55,Delhi,self_employed,49642.96
7a398ee0-08db-4600-9271-49f29b8ddd58,Zehaan Mody,54,Mumbai,self_employed,68243.76
42863500-19fa-4a45-8cca-c1e74202340c,Nidra Kade,54,Jaipur,self_employed,18829.86
83595a20-123d-4669-b0dc-e17935732ee8,Logan Thakkar,38,Chennai,salaried,48838.96
2d5017f1-603c-419e-8566-1dfbbe38b369,Prisha Modi,39,Chennai,self_employed,12000.0
c64e7d68-4012-4c91-bd79-16a88bd82edd,Alka Date,44,Chennai,salaried,26504.18
a076d401-43ee-4346-8ff1-f7116104b7ce,Tanish Nair,28,Chennai,salaried,28448.85
7fc2939a-f948-4b57-8387-9736243aa06e,William Saini,47,Kolkata,salaried,49844.5
beec7d19-5a61-4461-b02c-feebafcbd332,Jasmit Zacharia,56,Jaipur,salaried,36728.76
a343b415-0286-49ba-ae73-e0527a2426cd,Vinaya Swamy,44,Ahmedabad,salaried,17983.65
08a60a4c-64e5-413b-9566-e88d259c1c20,Aahana Wali,49,Pune,self_employed,24600.08
5e3cd602-cbfb-4de9-a19f-a74d9c4b4ad0,Indali D’Alia,29,Jaipur,salaried,40108.36
925cbae4-a45e-4198-b310-906428a1ecb8,Amaira Bumb,47,Lucknow,salaried,34907.83
2e753521-9020-414e-9365-6a444b37095e,Watika Dash,59,Hyderabad,self_employed,32683.09
df65b55c-80a1-4d54-8f08-bbff8b4b98a1,Charan Kalla,42,Kolkata,self_employed,35010.96
e1a231b1-d670-40f3-bd63-6dc6456ca7ba,Warda Savant,47,Pune,salaried,51435.51
2582bc10-9459-496c-9be3-ab759348bf2d,Sudiksha Bera,30,Lucknow,salaried,28033.45
6e1e0a39-4fe3-4fad-9405-d6ad968fdbcb,Wakeeta Ramakrishnan,33,Bengaluru,salaried,34750.68
4dd95d30-d8c9-4ade-a72d-1277d7580cbd,Rajata Bhardwaj,21,Bengaluru,business,515525.95
1bc32e95-dd76-49ac-ae9c-6a17d42bf10c,Avni Bhatnagar,37,Jaipur,salaried,17821.46
31c278cb-2d11-46aa-b85b-341fa7e33e2c,Mitali Pingle,51,Delhi,self_employed,13409.38
c16ccf59-5236-4c3e-a2fa-bc1410570398,Mitesh Nayak,23,Pune,salaried,53733.66
1d966c3d-6c36-46d0-9460-6b470f75c8ad,Wakeeta Bath,31,Delhi,salaried,25865.84
da88bbb3-b624-4419-9b9e-5a391a0bc0e8,Nirja Mukherjee,54,Pune,salaried,30973.31
df0025c2-6bdf-46cb-a255-a21a4b43b127,Lavanya Dara,43,Bengaluru,business,36205.24
f41da73c-aca7-49fc-b616-6d987fa3b316,Darika Aurora,56,Chennai,salaried,31891.66
ea074e72-cafc-46d6-9ba2-7fc0e08774a7,Arin Sibal,28,Kolkata,self_employed,150087.94
26ee0db9-1a95-4225-84f9-b1a5d670a6fe,Eta Nigam,42,Lucknow,business,150529.69
6f3d6962-9423-4b96-a37b-6343a2663a37,Edhitha Datta,27,Mumbai,self_employed,89639.96
7eb4e300-4718-4cc4-ad28-beedbcfa7e7c,Abhimanyu Kota,43,Ahmedabad,salaried,17888.02
91634a78-2fad-42b7-ae6c-b1b094cfb95d,Pavani Maharaj,61,Ahmedabad,business,25950.9
e734ecca-dd7a-4419-8368-17e35de0df5e,Neel Bhandari,48,Hyderabad,self_employed,12000.0
a160f4ec-d7fc-4b1e-bda7-7bdc467035e4,Girindra Rama,29,Bengaluru,self_employed,27817.86
b61d8b26-fbd2-44c6-8271-cc3c50e28512,Harita Tailor,58,Jaipur,self_employed,95768.8
9d19212f-142a-4864-aa8a-dcafe4854178,Arunima Dhingra,21,Lucknow,salaried,47026.82
aa1e5723-0b41-475c-b46e-cb998393f928,Ayush Mall,62,Ahmedabad,self_employed,41979.67
2aa0d6c0-3000-4a4b-b0a1-6d2156400bcd,Oeshi Seshadri,49,Bengaluru,salaried,35912.83
af70f691-71da-44d4-b5a9-8e6f4bb1fa13,Yash Sibal,58,Hyderabad,salaried,25733.71
d65ad09f-47dd-4987-865c-0b480d3a663e,Amrita Date,27,Chennai,business,87928.83
7bc8fb58-bc9b-4210-aaca-3077edf66d60,Riya Kala,42,Mumbai,salaried,53259.91
31d1c7f4-70e1-47cc-87ec-6f45147d2b06,Reyansh Nagy,54,Lucknow,self_employed,15817.61
fa5e1a4a-bc27-4996-a0e8-8fcf21cabdb9,Faras Halder,48,Hyderabad,salaried,42185.16
2ab4a848-2572-407b-a64e-bea5862c2208,Omaja Salvi,41,Bengaluru,salaried,57885.22
1bd684ca-27e0-462b-b19d-958b186a7473,Andrew Zacharia,23,Chennai,business,50332.67
7b855d51-60d4-4bf4-87cf-3c0ec208e380,Faras Ramakrishnan,38,Lucknow,salaried,51552.21
5cf9b35a-63a9-4ca3-8ad3-6a2f3f81d3c2,Jacob Batta,41,Delhi,business,600000.0
f049fb70-f653-4da1-a104-4695a9457498,Chaman Saraf,31,Delhi,salaried,34469.45
1032cc60-8c16-4fd5-9be1-bc0240b87f62,Ryan Babu,52,Ahmedabad,salaried,44207.67
dbced642-6176-4d4a-bd4c-5250ed5027d7,Guneet Radhakrishnan,31,Hyderabad,salaried,25108.74
abe35378-370e-4cf9-bbc5-61007b6e60a6,Tristan Ratti,37,Lucknow,business,86088.06
449b3ce2-8f7b-4e64-9aa0-4b299eca83d8,Harshil Savant,35,Hyderabad,self_employed,67655.92
0d33b7d5-6fd1-4bc7-ba27-bd0c49581ea5,Ria Srinivas,34,Jaipur,salaried,40031.47
95b2c00d-9988-4cb3-a435-954edc336b8f,Shivani Pillay,31,Mumbai,self_employed,24009.7
633cf6d2-cdf3-4679-bfea-111c63bcff6c,Vrishti Arora,23,Jaipur,self_employed,56639.01
2ccfe966-fe72-4a72-811d-948e61521e59,Wakeeta De,33,Mumbai,salaried,75440.38
5236a119-1124-4164-8706-257c096975ca,Shaurya Devi,22,Kolkata,salaried,45447.72
120ffacb-4393-480e-a999-d877f0dba20f,Vrinda Nadig,57,Pune,salaried,58746.9
34b844f9-92bf-4056-9e52-efbcbc8c07d9,Upma Sundaram,54,Bengaluru,self_employed,41526.69
dafd167d-68d8-46d6-97ec-13162ae8bf2a,Kiaan Patla,39,Delhi,self_employed,82861.86
bbcbb65e-d52c-4f52-ad62-9b95376a310e,Onveer Wali,28,Ahmedabad,self_employed,59604.57
244a41f6-5f05-4394-822c-b4178fb13170,Ayush Ratti,52,Hyderabad,business,31075.67
d530c9dc-55b4-46b6-8047-37e72dc611c6,Faqid Dubey,29,Hyderabad,salaried,42585.13
fed5d58b-2b6a-4fd3-80d5-3ce06b51264c,Chanchal Nadig,28,Kolkata,self_employed,24484.91
cbe29f89-b03b-4e5f-a007-766a85815f20,Libni Shanker,35,Delhi,self_employed,31476.1
6dd7c64d-a3b4-44a0-af51-899dfe360095,Lopa Reddy,53,Kolkata,salaried,39921.25
7113db00-cb64-4b9b-9c6d-03ec928942d0,Aahana Palan,61,Jaipur,salaried,42134.5
cb8c3a04-c603-429d-9cc6-152ca4531553,Azaan Sharma,25,Kolkata,self_employed,21322.91
c79b43d8-675d-4d8e-8dc9-6bed09b7ac14,Bahadurjit Yohannan,23,Pune,business,188827.13
0b76e11d-f617-4b1d-9ee8-955ad8b47cad,Forum Balan,54,Kolkata,salaried,48339.44
7e4d3714-09fc-4e11-8632-19e573238ccb,Ishani Hans,56,Mumbai,salaried,25530.67
ba20070e-48d3-47f4-8e88-45b951807e6c,Ryan Lad,61,Mumbai,business,18327.79
47f1df87-65f2-4cb7-bdad-8730bacabd50,Fiyaz Chhabra,58,Pune,salaried,33777.42
c54b4c27-3fe6-4e12-9eec-8034b80552be,Prisha Wali,35,Chennai,business,48954.7
4a60aedd-2b99-41ee-a64a-1437fe1beac6,Harsh Malhotra,30,Ahmedabad,salaried,38429.1
a07c1b09-0326-4c89-8db3-4e26aa9b5495,Ranveer Mutti,52,Hyderabad,self_employed,38018.13
9581e1b5-229c-4e65-acbf-fb0a4709b00e,David Bal,61,Delhi,salaried,13310.01
0cb8161d-ca56-4236-aca7-5bbed29a20a6,Chatura Deo,34,Mumbai,business,51559.29
31dd6773-1301-4d8b-9b9c-6595628abc8d,Deepa Bawa,52,Jaipur,salaried,31169.35
f73c9227-4f3e-4b09-a32f-52bb76354f09,Jeremiah Madan,32,Mumbai,self_employed,76386.61
173041cd-0d05-488d-a6a3-51ff3f1a9e6b,Dayita Viswanathan,37,Lucknow,salaried,25614.15
51121d2e-8696-4a73-b862-b8be2b7ed551,Libni Vyas,58,Chennai,salaried,84064.31
cdcc828d-b139-45bf-9595-f700701c7640,Nidhi Bakshi,51,Jaipur,self_employed,12859.67
9ffba68d-c0a9-4a29-ab0e-ce34a0ea154f,Simon Pandey,32,Hyderabad,self_employed,122739.22
f909ef0d-3062-47a8-ba3d-5203281b759d,Edhitha Nadig,39,Ahmedabad,self_employed,41897.3
88309c74-f72f-43c7-b21b-662c634858a2,Ishaan Peri,61,Pune,salaried,55814.69
7382d07f-69c6-48f9-b777-0fe1c174a968,Hemani Muni,55,Ahmedabad,self_employed,51837.08
db0e5737-7735-41c0-ac4b-bbe93d089f6c,Naveen Nagar,35,Delhi,salaried,64201.24
82150d25-a3f7-4831-b504-daee55a2afa1,Priya Ramaswamy,39,Pune,business,51605.02
2b3a9a72-36c1-4525-8417-4063c59df72a,Matthew Patil,41,Chennai,business,27207.33
6078d22a-938e-4acb-97dc-4a9291dcfddc,Theodore Devan,28,Bengaluru,self_employed,132502.0
baba111c-838c-4a73-8f88-3db95a7e4947,Vasatika Rau,41,Delhi,salaried,34312.32
746e9164-f2ae-4c4c-aa47-2b974c5693f5,Sachi Maharaj,46,Bengaluru,salaried,40569.8
262afc7a-8de1-434c-a213-bef53b9cbf3e,Maya Sathe,51,Ahmedabad,self_employed,116346.3
cc5e2fc0-0d40-4602-abc5-9ede1bf50c86,Nimrat Hayer,36,Mumbai,self_employed,23804.53
910042c7-ff67-4e14-9ce4-8b1ee16f637c,Yuvraj Baria,53,Chennai,salaried,48910.41
26502c32-096d-4b78-83de-8c609a60fb65,Noah Seth,47,Mumbai,business,43005.99
c5c54c0d-8999-4476-be57-ffdd7ea44a22,Ryan Dixit,41,Hyderabad,self_employed,44688.95
a4d3e259-d293-481d-8f88-323daec45fb0,Yug Johal,47,Pune,self_employed,51564.84
58d0dc3c-83a0-4343-a359-61302c95c771,Gaurav Ahluwalia,48,Pune,self_employed,17151.56
10a021c0-93d3-4392-9ef0-bdb9bf332e17,Shivansh Narasimhan,24,Hyderabad,salaried,24601.96
1b05776c-7239-4f5b-8095-54391ee765cd,Gabriel Chaudhry,35,Kolkata,salaried,71363.12
e89bdd00-2975-48e6-ba17-fffe24526500,Wahab Khosla,23,Hyderabad,self_employed,91156.57
adcd5a5e-0b00-4155-94cb-f33f9a37a975,Dayita Nagar,35,Lucknow,salaried,35195.74
acc21044-495f-4d58-95ee-a6a23fdb38a4,Gabriel Jani,55,Chennai,business,91017.87
72a942f1-5465-47a6-b3fb-3f27acf924b9,Zayan Rau,28,Lucknow,self_employed,39895.96
888bf690-4051-46ba-97b3-06a2a1c531d0,Kalpit Buch,29,Lucknow,self_employed,126703.93
c1196510-08b7-4e83-8861-2679338d5996,Madhav Nanda,22,Pune,salaried,32853.83
d90bb740-5b1c-43c1-8094-86af666c1251,Wriddhish Loke,42,Kolkata,salaried,40778.94
eb849ca3-6d0b-4719-9284-f4c947cf4ae8,Akshay Sood,56,Delhi,self_employed,109340.39
66a22ce2-c865-4294-a55c-87424e082254,Megha Hans,54,Chennai,self_employed,28448.19
92975a9f-b674-49ea-a643-15496e49ff16,Girik Mand,33,Bengaluru,salaried,79173.32
3307511f-5ca5-4c6c-a181-8033dbce81c7,Jai Dayal,46,Chennai,self_employed,16792.32
40245379-c86a-46bc-b6f8-2db72a1fce0d,Chanchal Bava,31,Kolkata,salaried,82028.42
bffebe5c-aee3-4756-b98c-ff28a23818b1,Advaith Mutti,34,Jaipur,salaried,30141.62
509db8e0-dfc2-43c4-8347-cfc6178db54d,Vritti Kata,21,Mumbai,self_employed,41361.71
a8629d26-c065-42a8-9c1b-a7a97c19c9e2,Devansh Iyengar,54,Delhi,self_employed,13055.87
fe3bd37a-811e-48dd-b270-93096ff5c301,Kritika Nagar,52,Mumbai,salaried,28929.08
49ed8c6b-cd1b-467d-836e-193f3fa6501a,Yashawini Bala,40,Mumbai,salaried,21592.4
411d1c7f-bef7-4090-8985-522a6e053a64,Christopher Iyer,36,Mumbai,salaried,26800.53
6504817c-4ee2-4540-a0a2-af1a01f82143,Xavier Sura,28,Pune,salaried,33905.91
b7b90b67-d89c-4bba-ac18-7774a8421951,Falan Mangat,29,Hyderabad,self_employed,95841.79
231b93ec-0680-4c44-8c6f-5131923e0f3b,Yagnesh Buch,25,Delhi,business,88154.22
e76c2dd7-f4d7-4631-b11a-cdb897e230e8,Onkar Chandran,47,Mumbai,salaried,42354.85
da2fb29d-00b4-4103-884b-157c45e849e6,Anusha Baral,55,Lucknow,salaried,20999.21
35494723-85b6-496d-ae87-804615e1c450,Vansha Saha,27,Lucknow,business,33101.08
dfcd1303-67b8-49ff-8ae8-8285bf344d54,Falak Mital,33,Lucknow,self_employed,172664.82
8cede8bc-fe02-4dd4-82d9-f0f33472ef41,David Garde,41,Pune,business,37734.08
8087bf10-a1c4-4cf9-9818-205801e7a751,Abdul Mammen,22,Hyderabad,salaried,83125.28
8f1a7f04-ed95-4f36-8e6a-a4acd3680e0d,Yash Kapur,33,Delhi,salaried,32159.7
ff718436-95d5-453c-acb2-17b8a0583614,Gauri Pillay,62,Lucknow,salaried,36357.07
f231169a-074f-4eb6-ab86-c178ebe91508,Falan Singh,39,Pune,salaried,62018.16
6e549544-eb32-43b9-a1f0-d57a7283df1f,Janaki Srivastava,47,Jaipur,salaried,68593.03
545ca952-76d6-4cce-bacb-2e2c25ee6905,Warhi Ravel,39,Jaipur,salaried,34358.12
b2e51b9d-f70b-4cfb-a1c3-35802c6c1bad,Maya Ranganathan,45,Mumbai,salaried,29907.92
0ace3ab1-5ccd-4cc7-a9f2-fdd7223261f3,Aayush Keer,46,Kolkata,business,69540.99
bb8cc252-fced-479d-a341-1946132224c9,Nitesh Mohan,27,Ahmedabad,self_employed,62104.29
20879224-dded-4f6b-922c-b330473525e1,Jagat Goda,22,Pune,salaried,56706.94
25313fd0-ff66-46a4-842d-b89f96c171f8,Harini Kadakia,49,Kolkata,self_employed,49166.16
d1dfa99d-6253-4493-98f2-9c6be7463c6d,Amrita Chhabra,27,Hyderabad,salaried,49485.9
d28ede87-a5c6-480c-9325-ece3ebd88d5c,Lakshmi Bedi,61,Delhi,salaried,82386.75
d730cdd0-4022-45d6-afce-ce8d7fd6e02e,Ryan Narasimhan,31,Chennai,salaried,43943.27
a0f96b4a-0414-4257-a341-3b0da9767ca6,Ishanvi Shah,52,Lucknow,business,96808.26
fc74d25d-2c76-4d87-8719-5184d0cebbb6,Hitesh Lad,30,Pune,salaried,16992.79
b6e0f9ae-1b44-45f4-8d35-d0ce7574ad77,Frado Arya,51,Jaipur,self_employed,12000.0
e73ba49c-c74c-4bc3-987a-0a60e69a4350,Warhi Golla,57,Chennai,self_employed,64335.25
e4a88cf7-dc3f-4a82-befd-cc3e0cb4702b,Vinaya Grover,52,Hyderabad,salaried,34633.89
749ba5d7-9ce3-49a6-aff8-e5ca7d3da8be,Adya Rege,42,Bengaluru,salaried,28074.27
90f86dbd-c005-400d-9790-f3c25331814c,Omya Dave,57,Lucknow,salaried,41017.95
09da43a3-9326-4b06-8f4f-df42d79cdd31,Libni Thaman,21,Hyderabad,salaried,35235.1
a112ff07-0ac5-4e67-b815-7500c784fbe9,Tanvi Sagar,56,Ahmedabad,self_employed,107952.45
21a0581c-6865-4908-8466-30563d5cf763,Henry Nayak,41,Chennai,salaried,37913.23
4d9dfa4e-29d1-4521-9274-9f799ceda7d6,Urvi Bava,51,Jaipur,salaried,24997.68
ade2eb9e-a78c-45b2-8253-013edd9bffc1,Nathan Sundaram,26,Delhi,self_employed,98038.58
3f36d29c-e264-43d3-ae62-7852c4aa37fc,Samesh Das,25,Pune,salaried,32579.37
8cb34aee-11a8-4082-85bf-d01a160c0012,Jagdish Dass,21,Bengaluru,salaried,47252.85
a61bd221-6561-4d1d-9371-9bf23c32aeb0,Pushti Chaudhry,28,Bengaluru,salaried,28603.79
d86f1fc1-5ed8-4b56-a250-40ab0b95fa96,Sudiksha Iyer,28,Mumbai,salaried,26241.22
746f9448-288b-425b-8133-dc26d844c79f,Bishakha Kohli,52,Bengaluru,business,78885.4
45722226-6681-49d3-96d0-34a5f77a3805,Advaith Bhasin,54,Ahmedabad,self_employed,49462.99
f2070b10-1976-4e5c-97d5-102dcaae9f48,Fitan Borde,56,Pune,salaried,46162.06
f2e3fae1-d2df-4aca-a849-29d86ca9b761,Sathvik Mahajan,39,Delhi,salaried,31750.92
68924052-b984-4380-9a1c-4cc241ad171b,Tripti Hans,39,Hyderabad,salaried,14498.78
fda74890-b951-455e-87cd-3440fba38eea,Janya Kurian,60,Kolkata,salaried,29249.36
968cfdcd-afc5-46cc-9f3e-6e5b9857b2cf,Madhavi Lanka,31,Bengaluru,self_employed,85448.82
df046634-75a0-48b6-843b-1e999330ba2e,Aachal Prabhakar,34,Lucknow,salaried,31298.08
ffa33ee6-2fab-4bdb-92f6-003234ca592f,Suhani Viswanathan,44,Jaipur,business,58586.23
0efb3dcc-e7e9-4b8c-b31c-2d29afc94ee8,Janya Agarwal,51,Ahmedabad,self_employed,97778.85
ce386f85-4709-4da1-95d6-595f9e5c10d0,Janya Chander,42,Bengaluru,salaried,25438.36
c2410ebc-4893-4790-9dbf-f4943bdb8f8d,Manbir Prasad,51,Mumbai,salaried,16791.0
ff4875ba-a70e-4cbd-8271-2f0bf09bf7c7,Arin More,32,Bengaluru,salaried,33512.86
ca9ca479-9ee2-4cca-93d9-7481f0c4d463,Wishi Deshpande,21,Hyderabad,salaried,28507.23
c1150e6a-d4f5-4f8a-95b2-66ac2a6765f0,Unnati Sheth,33,Delhi,self_employed,24925.02
1372656c-c05a-43a5-909b-4e8ff7fd0cef,Turvi Shukla,42,Delhi,salaried,33266.65
16481875-d45b-4a6c-a176-521918e0c921,Zilmil Kohli,50,Lucknow,salaried,46432.4
7ac20dab-e393-4a6a-a523-eef10a5fd098,Darpan Bhalla,43,Jaipur,salaried,36147.23
eb98500c-ecd6-45fc-9184-ce722d44e03e,Nathan Pal,43,Mumbai,business,96402.07
183f3025-f70c-46e8-9306-d62aa5cb7040,Vihaan Raju,38,Hyderabad,business,374020.89
9bf3b22e-aa5b-418c-b148-14e88d6edb6a,Arjun Kumar,48,Lucknow,self_employed,38560.54
5cc100ac-973b-43a8-9e0b-116d4bd4721d,Warinder Konda,44,Lucknow,self_employed,59566.23
c60a738c-9a9e-4cd0-bb98-f389fd0d0087,Lipika Banerjee,37,Jaipur,self_employed,34322.3
5ae4e245-ccc4-4ad5-ade8-4bedf4d3faef,Jai Wable,33,Delhi,salaried,23785.23
ec69b354-144a-4323-a3c8-64c71cafca86,Ekbal Gade,27,Chennai,self_employed,32551.04
b1ceabbf-6347-42bd-9422-47beabffec40,Jairaj Kashyap,37,Lucknow,salaried,28584.52
77e96cb8-68bf-4194-86e7-99c251cbf446,Gunbir Kar,54,Lucknow,salaried,43466.16
f3ca0105-cacd-47d0-9d16-1e576e2fef63,Maya Bala,45,Kolkata,self_employed,253813.0
bb9f3d57-a31a-4489-816b-62a877d997f6,Anmol Acharya,58,Lucknow,self_employed,29696.06
d7f58f04-852f-4603-b061-9f570eab603e,Aadi Virk,60,Ahmedabad,salaried,29486.49
e0cb049e-3da9-4404-baa4-fa0909cd5fe1,Anmol Bains,21,Chennai,salaried,35187.23
797d833e-41dd-4db7-8dec-b5fdd3eda9ee,Azaan Sura,26,Lucknow,business,104424.43
62072958-8e5e-4ae1-98e0-f0128747f32f,Michael Kuruvilla,31,Ahmedabad,salaried,41430.62
08b4d562-0914-45e7-8be4-c0499e917a96,Amaira Dyal,41,Delhi,business,232277.07
2a0a9095-c8cb-452e-85cf-3528fce4c74c,Urvi Narain,24,Bengaluru,business,12000.0
78e90f76-e237-48be-ad0d-12b821cfccac,Divya Subramaniam,49,Pune,salaried,12000.0
61ff6649-ea30-454b-b1d0-bccb27ef2bb2,Maanas Kala,41,Hyderabad,self_employed,34644.19
0fe85090-7c13-4cf5-9b6f-eed894c59383,Hemang Chanda,28,Chennai,salaried,62859.04
7ecfe740-2001-4253-8ba1-8585a1f63832,Gaurav Sandhu,45,Pune,self_employed,16383.77
a8504c57-aed6-49de-9668-c1720e56f6e3,Priya Tak,43,Hyderabad,self_employed,12000.0
f34d7a1c-eea4-4a22-9ef1-3038bc9b8323,Teerth Bose,41,Jaipur,self_employed,73117.69
2556b7fb-0b42-480f-880b-faf828f96a8c,Harish Chahal,59,Chennai,salaried,41020.56
21b6baa3-2924-4905-8028-984078d0b41b,Nihal Kalla,61,Hyderabad,business,27414.09
fac00dc3-fc6f-4e02-ae02-bbf9af30ffd1,Panini Tripathi,48,Jaipur,self_employed,24590.67
c8c34125-d044-4fa9-9670-83a34dd01246,Anirudh Sanghvi,37,Delhi,salaried,22362.22
98894ada-3c94-4229-8925-3f77c3938a99,Joshua Kalita,48,Kolkata,self_employed,52964.37
33b47ff8-32c2-421d-b58c-70ac0596de4c,Ekiya Oommen,44,Ahmedabad,salaried,26551.52
d57f76d6-8e4d-4c7f-9d98-807430795341,Faraj Kaul,43,Pune,self_employed,69275.37
cc2489b9-1a2e-4ea3-a8d9-97679fc32cb8,Oliver Nigam,56,Chennai,salaried,12000.0
41e76117-2124-45dc-a7a4-22c1f8f5eb32,Nihal Bhatnagar,32,Mumbai,salaried,23660.78
ae5a3301-3a45-4417-90f5-e472a61639c9,Aadi Mand,44,Jaipur,salaried,20681.05
ec0382d2-0238-4ac4-b15e-0877fcdb4194,Eesha Sachar,58,Hyderabad,salaried,31946.88
1ef7e1e8-bf0f-474b-ab20-52d32e4be4df,Kiaan Mander,44,Hyderabad,salaried,27749.58
f44c2bdd-39fa-4fd9-8981-a2c8ad9dccf1,Hritik Bhakta,21,Lucknow,salaried,54117.99
e85998c1-a6e9-45fb-b955-64a3c27a2a1b,Shravya Nagarajan,62,Hyderabad,salaried,14333.17
f0bf5dcc-3273-4bbd-9471-db918e868760,Dhriti Shere,46,Mumbai,self_employed,50606.94
d928f9c9-f809-48b2-b889-ac35318726ca,Leena Bala,37,Hyderabad,business,120873.86
96ff0998-4525-457b-8865-6c81e0990f31,Madhavi Bajwa,57,Mumbai,self_employed,179809.49
9740da8a-e827-4dc8-b03d-c6076a926f9a,Pratyush Bhagat,51,Lucknow,business,47401.57
1b45dc3f-daa2-472e-9c3b-f6a48c01a820,Rohan Apte,52,Bengaluru,self_employed,61520.21
586c300c-8a14-4bfd-89f3-6b866f2cdc6e,Maya Kar,62,Jaipur,salaried,14736.29
6b50f6ab-a117-4c1b-8db0-4c0556d3ba00,Dhruv Hayre,23,Kolkata,self_employed,12000.0
f3958f3a-12a8-4ac1-95e3-ea6624895eec,Ekansh Bera,30,Bengaluru,salaried,55402.9
2901a68b-2b4a-45e6-8f25-eb6f83192d60,Zayan Tak,29,Delhi,business,72765.39
bdd02166-b363-46ab-afbf-73074a9b9943,Upkaar Parsa,28,Mumbai,salaried,65464.05
fd41f3ab-58d1-4cf2-9657-88e2db0a08b2,Charvi Gole,24,Kolkata,salaried,18275.17
96a66cd7-2565-4fad-a5ca-8bb6b4bd2aa5,Ojasvi Lad,55,Hyderabad,salaried,47096.36
394f7acb-54ca-4c56-9b17-76ba9fac00a9,Ikshita Acharya,33,Lucknow,business,393145.9
d01dfae5-9b78-4409-9415-3ac4f21a75ff,Kiaan Kari,42,Kolkata,self_employed,65761.77
f83346a1-564b-49e0-891a-89fefcd55c5a,Dev Solanki,31,Lucknow,business,93800.3
ac29612e-8fbb-4481-8a5c-4ee41df06f82,Farhan Dewan,44,Jaipur,self_employed,49315.28
f1052162-a154-490f-8aea-4924b9d1fb4c,Reva Bhatt,46,Pune,salaried,16556.92
9486565b-bffb-4e68-bfcb-329f6b177172,Jonathan Chandran,24,Delhi,self_employed,126614.34
d84691dd-52fa-4e1a-870b-bfd909476f51,Hamsini Khurana,53,Bengaluru,salaried,26757.53
47df220d-69d6-44af-bb45-fe11e708f884,Baghyawati Comar,26,Bengaluru,self_employed,69782.48
48866a5b-8421-4c63-881f-5d38bcc40089,Advika Dar,38,Lucknow,salaried,16622.01
a85f2bca-322a-41f4-834b-e10c8399f46c,Pratyush Tak,53,Pune,salaried,20136.11
8d0234fc-b55d-41f3-99a0-8f616e542367,Harrison Krish,21,Hyderabad,salaried,74424.74
19f0e31a-6e98-415b-b011-bdf549a05537,Ishwar De,43,Delhi,salaried,30526.45
66cfa82a-36f9-455f-bf7b-6cff529542a9,Krisha Naik,57,Delhi,salaried,75104.65
30d73d38-2949-4417-b559-deb4d21d368a,Lakshit Lata,50,Delhi,self_employed,46408.53
1a1800d5-7a75-47ec-9791-807f196c2dca,Charvi Varkey,26,Bengaluru,salaried,14458.69
81e65cee-6534-42d1-b153-c57b56b461bb,Amruta Mitter,32,Kolkata,self_employed,91532.31
35c18235-ca66-469c-bb48-d80b30457433,Alexander Deshpande,22,Bengaluru,self_employed,32437.66
3bd5899b-ab16-411b-b4e6-092f5f95f1c5,Victor Sahni,34,Kolkata,self_employed,79944.04
ec9f2451-2561-4d82-a9ea-5046e74bcf61,Udant Koshy,36,Hyderabad,salaried,36776.17
c0d17f87-d4c3-4701-a091-9e1c14125aef,Bishakha Nadkarni,62,Chennai,self_employed,16644.2
e5665e57-697b-4f65-ae5c-3a59ab3fa589,Vasatika Sharaf,29,Hyderabad,self_employed,54995.48
f1a493c2-9920-4c73-abec-87448f4f4551,Parth Tailor,39,Bengaluru,salaried,108891.97
dd7157ce-0122-44e6-9a61-c15d16970c48,Ikshita Tailor,57,Kolkata,salaried,46466.79
9ff98a71-95ab-4b32-8355-25a3d9002ed1,Neha Hayre,33,Hyderabad,salaried,35285.98
462773d0-e4d1-46b0-b711-8640d765ef1f,Harini Mutti,32,Hyderabad,business,192491.84
d43b9b37-9cf8-4fd4-99bb-11eb6a871352,Nisha Varghese,49,Hyderabad,salaried,40349.5
67d47ad3-fc61-4b51-b0d6-e3988ad82d37,Leela Tak,43,Lucknow,salaried,40326.62
55803e6f-e04f-43ba-8274-04d3ac96bdb3,Arya Bhakta,62,Jaipur,salaried,21040.14
1aab9096-da2f-474f-b078-e2e6a005361a,Aarav Kashyap,61,Bengaluru,salaried,40819.86
a2458750-e032-4e17-b580-cfe3d3276a0e,Ansh Arya,58,Pune,salaried,60944.67
67eed393-5850-45db-9562-0581129d291d,Fariq Kakar,57,Chennai,salaried,23908.01
8a244562-9c0f-4f6f-99ff-55d7f90f7976,Jatin Mahal,48,Kolkata,business,263562.61
87493bba-de47-4f77-b99e-b26112406571,Frederick Chowdhury,39,Chennai,self_employed,45972.83
94038442-bdba-4c33-8717-a42bafddf64d,Mason Nagi,53,Jaipur,salaried,23297.82
4fa1a3d5-30ea-451c-8a99-10fbc34150c3,David Parsa,38,Delhi,self_employed,98552.28
501dce6f-9524-48c6-9cf0-51c0b896b9f7,Fariq Rao,34,Hyderabad,salaried,31464.11
efd81359-74c6-4aa1-8b9b-98d1b49962d6,Anika Khatri,37,Mumbai,salaried,53090.72
08519b3c-20c4-49cc-ac1c-a7dd6ed07e89,Yuvraj Chandra,54,Bengaluru,business,56241.9
da5fd5d9-4156-478c-abba-81c5a15dbb8b,Ekalinga Dey,50,Lucknow,salaried,35245.28
c07144b3-2c30-4ed0-8a39-23216ba501aa,Jagat Varughese,57,Pune,salaried,46480.13
1a4173d5-b1b5-4f29-be53-004282f472d9,Arin Tella,23,Kolkata,self_employed,60091.76
391070bc-2de1-45ad-ac8e-35cb7a34d1b6,Samarth Desai,61,Kolkata,self_employed,12126.25
ec3001ae-f9dd-4688-b77a-30bf1f31cbcf,Reva Hans,21,Bengaluru,business,26658.96
982554b5-daf5-4999-8a6d-c86df3293bb5,Hritik Pillay,42,Kolkata,salaried,57797.74
2b3f4b3d-fe2d-4b1b-b653-258429e85491,Meghana Bhavsar,27,Bengaluru,self_employed,44689.97
ad6b7f9a-a6fe-4b61-afbc-962439ae68aa,Yashodhara Natt,40,Bengaluru,business,45644.66
d16681d7-1379-4a7b-9fbb-a420190acc4b,Rehaan Shanker,32,Mumbai,salaried,18411.17
a2552d5d-f1f1-4ff2-98e9-b130206bbc17,Jagvi Nadig,60,Ahmedabad,salaried,21165.59
8cfca70f-afef-4339-9e04-8af38d416bea,Darika Sheth,48,Pune,self_employed,12000.0
67759f84-35a3-4b23-a61a-9e4d6cb06668,Aachal Balay,36,Hyderabad,salaried,34522.26
85937ce6-8b7c-4a6f-ac4e-db4ecf55f45b,Leena Das,59,Kolkata,self_employed,32244.21
11da70b0-91bf-4974-8b26-64b8aa6e3347,Jeet Sur,46,Hyderabad,salaried,22397.53
33611057-b1ce-4331-8786-08ebac28f105,Ekani Ramachandran,35,Jaipur,salaried,35099.36
630cd034-3c7f-4022-b78f-ed221642d3fb,Dayita Dhaliwal,48,Hyderabad,salaried,43563.95
30320498-bcc9-4ef3-976f-366bda46c5c6,George Kunda,46,Lucknow,business,481122.95
b13c6966-4272-44a5-93c0-c8896fec169a,Yashvi Char,53,Bengaluru,salaried,17052.61
0ae72b64-aeb3-4594-bfe6-f614b0918eb2,Isaac Khurana,59,Jaipur,business,207615.47
3bf560e8-fc13-4ddc-9951-417664b93891,Balendra Parekh,57,Bengaluru,salaried,59074.27
87725b01-3720-40df-9a28-5b19bd3e8dda,Balvan Zachariah,42,Mumbai,salaried,24598.82
c2e52ed1-ae5c-4884-8c15-d043c1c4c5fb,Abeer Mane,40,Bengaluru,business,87808.39
f03a4235-ecb8-42d8-ac85-8de97002c0ba,Aryan Mand,50,Pune,self_employed,35584.19
ffe7c791-1780-488b-b927-1b7c78330a03,Edhitha Parmar,21,Bengaluru,salaried,39848.67
7a363c1c-2369-4896-9204-9240342b3c74,Benjamin Tripathi,32,Hyderabad,salaried,77231.72
275e96de-19eb-472b-ac9e-25a31ac27273,Bachittar Bal,32,Chennai,salaried,49158.4
f717b7c3-831f-4a8b-9628-f080d397d0b4,Janani Chadha,48,Delhi,business,115583.39
80a85698-3f7d-4579-9913-f8f88bda177c,Zaid Wadhwa,30,Jaipur,self_employed,36271.35
f000ec51-915c-486e-a10a-d4fb3d4ff484,Ansh Banerjee,44,Mumbai,self_employed,17346.75
dc3b023b-6309-44d6-b0f0-41568a044f5f,Xavier Lata,43,Delhi,salaried,32720.79
d3568f92-cd18-499d-920b-2edfaaa4f929,Pahal Chopra,46,Chennai,salaried,66390.16
8680ba41-ab56-43a2-9eaf-cc1505cf96da,Girindra Mallick,45,Ahmedabad,business,18500.42
b4082ece-0877-4232-b906-3b7aa608aa8c,Qarin Krish,27,Pune,self_employed,23422.15
7875651f-30dc-400d-96f9-d9fd84e9571b,Veda Ray,29,Pune,salaried,38682.16
8ea9095e-3867-4597-ba09-936d38d7400d,Warda Mody,39,Pune,self_employed,24605.9
45187764-65b1-47a2-9bcb-32f052e2c264,Nidhi Parmer,55,Delhi,self_employed,28148.06
d6c92351-9bce-4912-8941-fddff17c8f1d,Gaurangi Rastogi,58,Mumbai,salaried,29383.86
c0061aa7-6649-4193-b1cc-c1d883672df6,Janaki Mannan,59,Bengaluru,salaried,18346.45
3407dff7-7e0e-44f0-a103-b3adebe904af,Varsha Jayaraman,44,Kolkata,self_employed,24787.99
efcaf723-f91b-4245-ba7f-af75a0febe0b,George Ravel,21,Lucknow,salaried,51622.55
0b00b450-63c2-4ccc-8d88-080b35320109,Vivaan D’Alia,46,Delhi,self_employed,19630.53
02277272-01f6-4890-9c68-8957181b2a4e,Vaishnavi Som,29,Ahmedabad,self_employed,16018.34
597f644b-fd4a-4176-b42d-53e88de62ab3,Damini Barad,34,Hyderabad,salaried,26502.32
ba066f61-2d31-4d67-baee-9756bb47bf3a,Theodore Mitra,42,Pune,salaried,52364.16
f61dcc2a-7eef-46f0-8d6d-7a48b5ead5b4,Vrinda Som,48,Bengaluru,self_employed,42708.56
2d58695c-73dd-4434-b05c-7a6b62819740,Siya Pau,45,Ahmedabad,salaried,28787.87
3881811c-ffb0-43ba-b259-cd13035c4df9,Qadim Gulati,47,Bengaluru,salaried,37129.96
0a75d4e5-daad-4914-bf42-142a33d75033,Waida Chahal,54,Delhi,salaried,15171.08
2d924528-7baa-48cd-91de-228db90cf8e3,Zaitra Guha,26,Kolkata,salaried,46506.75
7463f197-7a8d-4cc8-9ce6-a845f1e56119,Aayush Chaudhary,27,Pune,self_employed,64113.13
f9d98f0d-633d-4781-9b38-1621a8b55a17,Agastya Thaker,21,Bengaluru,self_employed,36808.5
4c976be4-e35a-41b6-b1f3-2997e586a462,Hritik Vasa,57,Jaipur,salaried,60051.77
7efaa887-f139-49c4-b1b1-bce0c0595a5a,Janya Johal,50,Mumbai,salaried,20666.14
24334690-b38b-400b-b704-e7c70c277158,Osha Naik,46,Pune,salaried,63828.46
dbc072b6-de5b-4f3b-8db9-14adb7d68b5a,Jeremiah Mand,40,Pune,self_employed,54619.46
184c49f3-8d20-405b-85c0-e5e04379a35a,Dev Parmar,61,Delhi,salaried,30690.97
fe749688-e50e-4970-ab38-375e8e88944e,Amruta Sastry,49,Jaipur,self_employed,48343.57
b4b6de11-a278-4c98-9f47-57805f7354a1,Jeet Dugal,51,Kolkata,salaried,34419.12
782b79a9-c722-4b29-95ff-0a54c8d7262b,Umang Naik,44,Delhi,self_employed,115173.85
dd61fb7e-ee40-439c-8307-8aff279abca7,Mohini Venkatesh,48,Jaipur,self_employed,23070.84
6b724de5-3d38-4803-892f-c38ce1bfb96c,Rishi Cherian,26,Bengaluru,self_employed,28745.5
078a71af-b01a-49dc-8ff7-2e1cf139e65f,Vedika Das,58,Hyderabad,salaried,60970.87
251d56a8-cb7f-4994-ae27-edfb57d2de09,Dalaja Patel,60,Ahmedabad,salaried,26963.32
035f5a5e-f936-4514-b4a4-63902b9b6e89,Lakshit Mahal,50,Hyderabad,salaried,56969.23
97dba71a-8182-4a08-8138-ea5f4ea1bf3c,Ladli Peri,52,Ahmedabad,salaried,84941.49
ff91b7a3-83d0-48d2-abd9-8bad217fd9da,Vincent Kakar,59,Kolkata,salaried,29705.95
0af0a54c-f30a-4dfd-9c92-8e7b37ca63b1,Mitesh Mohan,42,Hyderabad,salaried,51056.14
b0bb2d0c-e3ef-4333-93c7-37197790013b,Vaishnavi Sastry,22,Jaipur,self_employed,21860.04
785c18bd-d4d8-45be-a42e-138390cfd17e,Simon Rastogi,39,Kolkata,salaried,52963.94
94a138c7-fe6a-4757-a8a0-2be6bd4dccf6,Balendra Prakash,49,Kolkata,salaried,40123.28
79e51218-7bea-419b-baa5-c8b01fda0815,Lila Halder,23,Lucknow,salaried,46005.63
bcdea787-da61-4d53-8614-81d9fdcb3ac4,Sara Gopal,23,Jaipur,salaried,26297.1
1fa40b6b-28f6-4397-8868-11c7702d6d68,Chakrika Dhaliwal,36,Bengaluru,self_employed,15325.01
4767520d-987f-4d5b-a9b9-61a24a49e30e,Aarav Suresh,27,Bengaluru,salaried,46705.91
0a74956c-8f56-4d96-bdda-5b06427a5e4a,Anay Narasimhan,61,Ahmedabad,self_employed,12000.0
bd14155e-2801-4181-8460-cca33f876964,Raagini Dayal,38,Kolkata,salaried,30987.05
d93e3cdc-8261-4555-b029-200e9eac9354,Radha Kapadia,60,Chennai,business,170597.74
8d6a9f5a-6831-4d8d-9956-2601ff543096,Urvashi Vaidya,54,Lucknow,business,86916.92
5f9376a6-b27e-4c70-a546-100b38fef039,Darsh Shan,25,Kolkata,salaried,96198.72
fa8f9335-b773-4a96-be85-ac2727b78eb8,Falak Ramakrishnan,30,Lucknow,salaried,60630.57
7db503a1-966a-4728-ab97-956d6c1859db,Abhimanyu Solanki,61,Delhi,business,40598.71
646d622e-1809-4246-a0b7-8f90e77f85a6,Darsh Deep,26,Kolkata,salaried,36814.85
415b0161-ffe3-49b2-b2b5-9382bb5f3f63,Yagnesh Sabharwal,40,Pune,business,70078.15
b9bdf495-caec-45a1-87d4-4c50049b8b1e,Tanvi Bala,32,Hyderabad,salaried,16463.67
8a0e4111-b68b-4a5a-a1cd-8c97deb4ff93,Kabir Bakshi,26,Pune,self_employed,25380.1
ccc1ab94-d391-4777-a35f-d5042b3aca72,Nicholas D’Alia,33,Lucknow,business,44148.54
e6cdc650-aa77-4f4a-81dd-10624c7e326e,Ojasvi Buch,40,Lucknow,salaried,13119.96
71bdb91b-b24f-4493-a0c6-59423b88246b,Sanya Nagarajan,36,Mumbai,salaried,37188.2
50cca32d-35d9-4e88-8ac5-516b7ee10521,Ijaya Amble,51,Chennai,salaried,32063.19
d50fc007-4ea4-43ea-acaa-876c7f97a610,Krishna Bansal,48,Hyderabad,self_employed,15198.84
d58556a5-2bbf-4035-8bc3-1150fee8663f,Divya Ramachandran,32,Hyderabad,self_employed,65052.44
35100bf7-8bfe-4719-b70e-4e1bf5052cd0,Ranveer Subramanian,23,Lucknow,salaried,51944.77
0e8c0954-b24d-43d5-803e-700069c23e36,Pallavi Mittal,32,Hyderabad,salaried,40681.03
929790cf-588a-4fdf-856f-b0d707e6075d,Hema Modi,47,Chennai,salaried,30883.15
669c69ad-8d51-4cfd-a1af-afe95205547f,Samar Saran,47,Bengaluru,salaried,48811.49
3b30f98b-3af0-4670-be0e-04f2f4112b69,Theodore Pillai,50,Lucknow,salaried,51027.0
f396f191-2957-4f2c-be6b-b0ea63019fc7,Indali Sarna,61,Kolkata,self_employed,60790.12
bc032755-9f58-482c-8107-f0f26123bcbb,Chakrika Arora,35,Mumbai,salaried,24045.28
e251e56c-094a-4c49-b5d8-26fd90f58ac2,Utkarsh Gade,35,Delhi,self_employed,59493.39
48a891e1-8485-4409-b406-74a4c92ccefd,Chakradhar Bhavsar,59,Ahmedabad,self_employed,113191.51
b40f6a30-d876-41e7-97ac-07490d796686,Avi Nigam,61,Lucknow,self_employed,32285.05
ec7585f5-12f1-4226-aacb-79df4bddb75d,Ishanvi Rama,45,Ahmedabad,salaried,103670.17
3d80b45b-daa5-465d-b54b-a1feef285e74,Meera Dayal,21,Kolkata,business,45566.69
d06caed8-f4eb-49b7-bf2c-6d51d560406b,Aadi Nori,43,Ahmedabad,salaried,36908.73
80b0e819-a267-4f00-aec0-9fc1e1eb1ec6,Bishakha Goda,52,Chennai,salaried,25945.6
b013c9c9-81d8-43c6-b6a2-36c0ee252888,Amaira Palla,31,Pune,salaried,40604.55
efbd0b1d-cb00-4a74-9fb7-8c008a89d13f,Harita Palan,23,Lucknow,salaried,15197.54
ae5ead40-9a14-4415-8bd5-ee53eeb7cf30,Abeer Basak,61,Ahmedabad,business,44737.28
22780cb6-abf9-4009-a924-82eaecd6a0ed,Dhruv Bakshi,43,Delhi,self_employed,22822.8
a14d5a57-7879-415d-9eb3-3b518af86556,Arjun Mani,54,Kolkata,salaried,38858.0
0a2b2907-e67a-4016-aaff-1bce047d9dc9,Anya Loyal,41,Ahmedabad,salaried,59708.14
d51958bd-94e8-49fe-be66-a64fc91a731b,Owen Jani,22,Bengaluru,self_employed,77049.58
b9fa1a53-6016-4843-a427-42b7b9358c0e,Chanchal Bora,31,Lucknow,self_employed,12000.0
8685214e-e59b-485f-874b-5a34eadbb22e,Chakradhar Pandya,48,Pune,salaried,100814.23
a3ccd399-f14e-4a79-8056-f30350f33ecc,Harini Dugar,22,Hyderabad,business,95392.19
81da68bb-7309-4406-82b2-5aa93ee2e7b4,Max Mukherjee,52,Chennai,self_employed,28465.57
bea2122b-8ccd-410d-829c-1f2defc40664,Sarthak Subramaniam,55,Bengaluru,salaried,39283.66
7b1eb6f0-216e-47b7-b0e8-ca8d708a4d30,Manbir Dass,28,Delhi,salaried,39659.86
b2646221-386a-4b05-b5c8-157a5f63820b,Kevin Lad,34,Delhi,salaried,26018.83
23a23352-ded9-486c-890c-02e75875691e,Amol Sen,32,Bengaluru,self_employed,56305.17
9d54d903-f3ee-4fa0-8213-dcbb405e45fc,Adya Naidu,46,Jaipur,self_employed,32040.93
2afd9aa7-1cfa-4b6e-a545-fc73329fcb1e,Samaksh Lad,34,Pune,salaried,29667.84
f93b5850-8fe1-4b3d-bf72-60f74c12d159,Advika Sagar,38,Kolkata,business,39432.62
283ec035-068b-4238-893e-1a14bdb763e8,Nirja Naik,61,Delhi,self_employed,17982.06
7d6c8ff1-2d0f-4625-99cf-96e5ad94120b,Panini Chatterjee,61,Kolkata,self_employed,54289.47
8bfa0f87-7c37-463e-9c33-fc0f0fe673d3,Oni Bajaj,55,Pune,salaried,48661.81
e754e100-83ab-4bc9-aac5-8b42e28336ed,Omya Chandran,46,Ahmedabad,salaried,46978.33
19ce1671-d551-4daa-ba0e-44971559823b,Aayush Gade,39,Ahmedabad,self_employed,87024.74
58bb9a84-6e0f-4303-9eae-418f0c98cbf8,Krishna Bir,32,Pune,salaried,42709.22
6e2a5ca1-15f9-486e-ad1a-d6a002e9102d,Max Kapadia,55,Kolkata,salaried,27823.53
d7a1f0dd-4647-4128-a586-aeb3ed480a8a,Atharv Parsa,62,Bengaluru,self_employed,88235.5
a348c2e3-6602-424b-8795-52e4046d1ff2,Advika Master,27,Pune,self_employed,18953.38
757d28d7-cf8f-4848-b65b-c9b72b6b2786,Tripti Narula,47,Pune,self_employed,26095.81
410a94de-188a-496c-8f6a-6a93577f7ba7,Megha Prasad,61,Mumbai,salaried,22424.29
6fd942d7-cfa1-4c72-b972-326919a9efcd,Laban Varty,29,Lucknow,self_employed,104405.67
9eb80ad8-288f-413f-a857-4cf917f6cac1,Yochana Suri,26,Lucknow,self_employed,94840.51
2b0ab7f5-2ffd-4227-94ef-c4a72044d4f0,Chandresh Raj,47,Mumbai,self_employed,68948.4
c1e80e40-6774-49c9-979c-75ad58abbc2a,Ladli Chauhan,36,Bengaluru,salaried,62066.7
e4e81496-d348-429b-9f37-1ae0707a0b67,Manbir Dora,51,Delhi,self_employed,26489.46
e479334b-7506-40b4-9769-a01723ebb574,Nachiket Mane,22,Lucknow,business,100081.05
44dc7d2a-8aab-4314-bc7d-c82d1e5e9833,Anjali Purohit,62,Pune,business,65338.91
ca63eca8-6a66-4d7c-bdc9-88317696087f,Omya Pai,33,Bengaluru,self_employed,88682.47
73449d52-e2a4-4c24-bb3a-658d2073e718,Lila Chander,36,Bengaluru,salaried,34282.42
4ba9e150-3750-4535-9340-427d29e04fae,Bakhshi Pall,33,Kolkata,salaried,29957.31
94726fef-57c3-44f7-bbac-090903548346,Nimrat Dubey,25,Mumbai,salaried,47593.63
e97be910-e2cc-4dd8-bcaa-90d19810c795,Bhavini Chaudry,50,Ahmedabad,salaried,56279.44
8e8f6483-f174-48e0-ac49-eb136754b181,Indira Kala,59,Ahmedabad,salaried,25999.37
11662a01-15fb-4791-80c7-26ccdfdaae08,Krish Sehgal,32,Ahmedabad,business,69219.08
8dc4f542-2fd2-489e-8cc4-d53231c20ea7,Saanvi Sura,28,Lucknow,salaried,21392.16
3f1d1e32-08aa-4a0b-8aa6-1023ceb39306,Riya Rajan,31,Chennai,self_employed,12000.0
97780557-848b-4651-9775-70ae03c359c5,Tanvi Datta,25,Mumbai,salaried,40144.06
eed8fd80-3de7-4687-93cd-460992cca78e,Imaran Talwar,47,Jaipur,self_employed,75074.31
17cb7f15-0fec-406e-aafb-db161dcca698,Shaurya Khatri,45,Delhi,business,92582.94
def5a912-1637-4569-9a28-39d6206e9ef9,Aarush Madan,37,Jaipur,self_employed,12522.81
1cec09c3-0d1b-4065-8132-dc6e5ce50d31,Anusha Rajagopalan,59,Jaipur,salaried,30472.36
b9d04fa1-efb7-42b5-b4d1-2c00e1616165,Lipika Dada,49,Ahmedabad,self_employed,12000.0
303aa830-62c8-4ee2-a866-1ee9d8326628,Fiyaz Khalsa,24,Hyderabad,self_employed,127872.73
b3f2b233-c711-4d43-b9fc-da3dd860b0aa,Vidhi Brar,23,Kolkata,self_employed,22919.92
859cf7ac-f243-4aa0-8d7c-903a490e6139,Dayita Dora,53,Ahmedabad,salaried,68029.85
99f58620-f90e-44b8-b33d-7e871fbea1b2,Ladli Gade,28,Delhi,salaried,58275.37
97c85e50-79e9-473d-b926-285d82d25049,Mohini Gopal,37,Lucknow,salaried,23148.95
ab09cce2-f1bd-4fb6-a6c7-3fda29f1ae1d,Lila Kibe,28,Bengaluru,self_employed,22182.31
fe203bae-61aa-4c7d-a157-dc8cbef17112,Anjali Nori,42,Bengaluru,salaried,43268.71
2b280b32-291f-4cd0-a4e9-c96263d2bfd0,Ishani Rana,51,Chennai,business,34204.36
481ba5ce-46a8-4810-bd8a-fbef917f4870,Arunima Mannan,42,Delhi,salaried,38224.9
19f87b4a-e635-44ab-8bae-c4d30b1b6eae,Shivansh Raja,52,Chennai,salaried,28526.43
2136fa6c-bdfa-4512-8e19-acdebf3d0d75,Shivansh Vig,42,Hyderabad,self_employed,14089.56
508ab399-f02b-4b47-87e0-3659eb74e96a,Ayush Zacharia,42,Ahmedabad,self_employed,12000.0
3e123a71-f032-4f6c-94e0-fd4e39f361fc,Ekani Shah,57,Hyderabad,self_employed,57450.5
9e70aeb4-9508-4cbb-b079-7aa4525b3fda,Gauri Hegde,29,Bengaluru,self_employed,33087.46
8b301258-2eef-4346-af31-100cdcd3f6ff,Pallavi Kunda,22,Chennai,salaried,27541.66
b3931ad1-6e29-47c4-9ffd-92794ab8b235,Sanaya Thaker,57,Kolkata,business,136800.3
7b879f92-b449-4ea6-8db9-e231fde6d024,Ishita Lad,40,Bengaluru,self_employed,111458.72
86a7a132-b6e8-4769-b97d-420683f3c621,Garima Agarwal,40,Ahmedabad,self_employed,40506.54
40d24e97-a516-482c-a389-3b68571c5a49,Frederick Vaidya,39,Bengaluru,self_employed,38622.14
1e99b95a-dcd1-4e46-8f8a-fc4e9cd5f186,Yatin Magar,29,Bengaluru,self_employed,69570.79
67d493ac-7870-4083-a84d-804dc7c802a3,Samaksh Sem,45,Hyderabad,self_employed,18961.11
68b2ea2c-9bbb-43b0-b0a2-63864a18579b,Nikita Brahmbhatt,22,Chennai,self_employed,57308.67
41e03f19-8791-4d98-b8a7-99cac9d429ed,Varsha Singh,30,Lucknow,self_employed,72136.84
a175558b-5aa8-4716-ab93-4f628947054f,Ekalinga Chandran,44,Jaipur,salaried,51027.25
d1057ae8-9c25-43c8-b285-74095d92613e,Vihaan Mand,54,Pune,self_employed,12635.59
8d6548b7-a29c-4b97-8b4b-d7cdeb79ee69,William Sundaram,31,Kolkata,salaried,24817.95
83eb3d23-dfd8-4cc3-a8b9-af66abd3f8c1,Ekavir Kohli,58,Jaipur,self_employed,26508.37
4f3fe453-6f33-4d3c-b744-86b95b343e1b,Yug Shenoy,44,Pune,salaried,38175.28
5b2de052-a993-4a07-86b9-001ac087788e,Dalbir Korpal,52,Bengaluru,business,112720.9
31fbfd44-0563-4e24-bd28-c3f446351c22,Dayamai Karnik,51,Bengaluru,business,281261.29
1aa2d073-8973-4ae8-807f-21facc8f983b,Jacob Pradhan,45,Mumbai,salaried,28353.83
0971a571-dfef-49fd-b05c-8d25cbf6ba74,Tamanna Pau,25,Kolkata,self_employed,34603.12
643dab8b-a5a7-4e51-8287-7eb46b92402c,Ishanvi Ratta,34,Chennai,salaried,64526.81
c9d8e88d-8175-4071-a1f3-00c8f54f6c29,Maanas Baral,59,Delhi,salaried,42120.44
1a04ad16-6646-4962-bcf8-7bfc0d1b3941,Omkaar Chaudhari,43,Ahmedabad,self_employed,119056.81
b2364e0f-ad18-49a6-bd90-2099644403fb,Arin Nair,61,Mumbai,salaried,41955.47
48118162-41eb-44f6-b6a6-046851e99bab,Charita Dhar,54,Chennai,self_employed,21807.7
edffdd3b-e03c-4c09-aeb6-737c5edca1c0,Naksh Iyer,44,Mumbai,self_employed,19279.74
58f851d4-0851-4ef2-b502-ec02e08d497f,Yachana Raval,27,Kolkata,salaried,16718.04
7f48343f-9d5e-43e6-bd74-ad4e94aac10f,Noah Ramachandran,38,Jaipur,salaried,50565.56
1e5a0479-61c5-4590-b0be-f0e439470bc3,Neha Walia,55,Delhi,business,213146.96
6e286c2f-edbc-46f8-99cd-9031e63b2236,Megha Sehgal,24,Ahmedabad,business,386321.78
05b81cb7-d691-4c8c-a693-c17c294630d1,Madhavi Bhavsar,36,Chennai,self_employed,88448.32
379dd42d-e59d-407d-af5f-433afe32022c,Bahadurjit Karan,32,Chennai,salaried,64953.01
76064ebd-45a7-46d8-96f4-d9cbaf214214,Lakshmi Naidu,50,Bengaluru,salaried,27173.35
7efcae94-20e1-47d8-a522-bf6b744ec1e3,Laban Subramanian,59,Hyderabad,salaried,20369.46
26903d52-5037-4957-b0e4-548596b059ff,Ishani Walia,26,Chennai,self_employed,88881.17
711a1636-3824-4558-97bd-6bee23c752cf,Sathvik Saha,25,Bengaluru,self_employed,65668.62
58f8561e-71d7-4390-b4e8-63612cf5e13c,Qarin Ramaswamy,24,Chennai,salaried,38319.81
1d40950a-811b-481d-866d-f94d213485ad,Yadavi Bava,58,Lucknow,salaried,44076.66
3e65c340-d72d-4366-9164-60073b65643b,Vanya Nori,27,Jaipur,salaried,42684.57
b637f470-f15b-4d48-8878-c0647ac96c14,Rohan Yogi,24,Kolkata,business,232218.77
c4869622-6b57-4aab-9ca1-726c18e1b1a6,Veda Kari,25,Chennai,self_employed,121356.76
59d602a5-e18b-432c-9f66-084c17a820cb,Ucchal Sen,49,Delhi,salaried,47672.51
4b27447b-ebb1-4dda-8d88-940288fa4b17,Sanya Ramanathan,27,Jaipur,salaried,55431.4
1c5a1c37-7d7a-42b9-85c4-9e1d2641319e,Anay Chatterjee,59,Ahmedabad,self_employed,70251.98
9d00a067-f5c4-477b-9b46-3e8cf643120c,Gavin Narayanan,21,Lucknow,salaried,28837.02
84ecd9ca-c1ff-44df-82c5-1557b6c554f1,Omaja Barad,28,Ahmedabad,salaried,53012.46
02042a5e-bd1d-4aa4-9108-53c821944a96,Wazir Das,33,Lucknow,self_employed,18469.08
5578ce46-2460-47b0-9b89-69f9d4812fe0,Chaman Seth,60,Ahmedabad,self_employed,102510.87
03da4d42-6e9f-4cde-9b7d-254431bcec25,Praneel Yadav,37,Pune,business,24957.49
677ebae5-de98-4356-bb50-794aaf2e2d42,Amol Mann,52,Bengaluru,self_employed,59877.87
8efea324-7511-45e2-b8f9-d082d5d648be,Thomas Ghosh,51,Jaipur,salaried,23799.58
7093be0a-23f6-4881-b240-2095540c695a,Harita Vohra,62,Hyderabad,salaried,47891.56
6dd9da01-1415-4575-bbb2-59ab413750e3,Bhavna Chaudhuri,55,Chennai,salaried,35704.69
c4c9e6de-486a-42a2-a493-5186242ee1bd,Gayathri Palla,56,Jaipur,salaried,16360.45
be6f1bed-88d2-4bfa-b064-296441f90a8b,Adweta Singh,49,Delhi,salaried,44817.31
b08d330a-af72-439c-a84f-a4793af10253,Zansi Gill,32,Ahmedabad,business,43471.96
63257e90-7424-4085-89a9-3c4598cf632f,Oni Dani,53,Ahmedabad,salaried,56419.68
9f6466c6-e3bc-41d9-9996-644bf58162c6,Edhitha Gill,32,Delhi,salaried,36339.58
c1629b03-85dc-4ffa-a7db-9c244032daa4,Yasti Yohannan,40,Delhi,self_employed,64653.32
5f2cdf63-7efd-4d5a-85a7-4b9e58512a43,Zaitra Hayre,49,Kolkata,business,30890.0
3b1e6c60-84f4-42e7-aef5-535f3bafea29,Rayaan Walia,55,Bengaluru,self_employed,32450.38
4d04913f-a8e0-48ab-9f15-49082e42894a,Netra Chaudhari,27,Chennai,salaried,28873.53
92e22d39-e78a-4d1b-a797-3ab021a2319e,Girik Soman,53,Hyderabad,salaried,55734.31
0a2005d0-507e-4405-96f8-a8deec2534cf,Chaaya Jani,54,Ahmedabad,salaried,84009.78
a6e91604-93a0-410d-9b7d-08baf4e5a22d,Wahab Din,40,Lucknow,salaried,24280.14
6577e787-513f-49b9-a2e4-6cb463f9d6ad,Jairaj Nazareth,30,Kolkata,salaried,62219.52
738061db-983c-4a43-8fd5-6ef864a2f054,Maanas Subramaniam,46,Bengaluru,salaried,12273.05
5c23e295-9116-4c5a-ad59-6334bd0762f7,Daniel Bandi,60,Bengaluru,business,24964.99
ad19f7b7-0790-4ca9-91be-9a07f752b545,Robert Raja,54,Ahmedabad,salaried,22485.16
5c96e3e7-8f85-4e7f-8b9c-086b5a12d604,Adya Sachar,47,Hyderabad,self_employed,19019.95
3d2c9b03-e9c5-43a0-a236-cd5911a4b1f4,Avi Sandhu,37,Ahmedabad,salaried,16452.06
7fe4b49d-9a33-4f6c-87c7-e9916653e859,Benjamin Dara,40,Kolkata,business,106053.51
31fa24a8-c093-44d0-a34c-d31d9b6c3656,Oni Dani,42,Kolkata,salaried,32629.31
a30158f0-8b6e-4cbb-bfad-5eae9376b5df,Shaurya Kapoor,41,Ahmedabad,self_employed,63932.54
885b9161-2e79-4453-9ca3-a5e5e32f1487,Bishakha Gola,57,Pune,salaried,51289.24
898c9989-8d34-4d74-bf18-295a4a53c831,Kamala Shroff,21,Pune,self_employed,59037.72
d76704fe-a076-486b-a844-1068c14856be,Vasatika Sengupta,47,Kolkata,salaried,50457.24
5418c42e-8d14-4f3e-8043-c73156680a6e,Daksh Hayer,29,Ahmedabad,self_employed,46691.97
b7019a6f-91c1-429b-81bd-0521eb056d9e,Yahvi Mishra,22,Chennai,self_employed,21356.35
692f06a8-3c7d-42ab-a5d9-56163f60356b,Leela Bail,37,Hyderabad,salaried,61630.19
7169aed4-d50c-4567-8391-b590df2606db,Niharika Naik,22,Kolkata,self_employed,32455.38
d40092f2-0b8d-42fd-8384-f9bc8525e202,Girindra Reddy,45,Kolkata,salaried,22747.3
6399cf1b-5166-4be3-9d2f-f478b0e00b6d,Yashodhara Iyer,33,Chennai,self_employed,43280.5
fafde690-7e20-4470-a1de-919ea02fd191,Dhriti Bakshi,49,Hyderabad,self_employed,25875.0
3e8a8160-bfd2-454d-8638-e6d36ab07a19,Adya Mahajan,36,Bengaluru,salaried,29474.62
b14701bc-6d7b-4cf0-a8b0-84e81d0f778c,Zashil Loke,51,Lucknow,salaried,43132.28
9acf76a3-fc7b-4ea2-804a-649533a6eaeb,Darpan Lad,23,Pune,salaried,43224.85
84581e6e-f715-41d9-8224-fdfac56e8c05,Nimrat Sani,52,Chennai,self_employed,26147.76
52ac8de6-a972-4efd-8f87-65880ad188cc,Dayamai Tak,59,Lucknow,salaried,28456.94
88828793-f572-45cb-99ca-fea431c0ed9f,Riya Gopal,27,Mumbai,salaried,62141.32
485423fe-cbad-4fac-bb24-3a7f164c179b,Dhruv Jain,38,Jaipur,self_employed,69388.75
3a1f204a-6bf0-4fc0-8b68-8226bcb01f00,Aishani Mannan,39,Delhi,salaried,102491.23
cdc5667d-e2d1-4cbe-9136-b89b2ca12c6c,Sudiksha Om,25,Kolkata,salaried,65516.94
00c4b1a3-6dac-450f-b799-c9b9abc2da2c,Abhiram Bava,47,Bengaluru,business,204815.28
c57a834e-f251-41dd-abfb-c4e29801dd0e,Jason Gala,58,Hyderabad,business,20971.47
b8eebc47-b5b8-4d4b-9ef2-f0bfd9db1011,Chatresh Banik,56,Delhi,self_employed,83675.56
84cdb843-aa0f-4f69-a72a-1db28714a653,Balendra More,41,Lucknow,salaried,35363.89
53e368a6-8272-4eef-8c7b-d54d0f2a6203,Vanya Mander,37,Jaipur,salaried,27570.71
aaa91b0f-9974-451d-84a5-ada029343baf,Harinakshi Minhas,39,Mumbai,salaried,39498.09
ebecef7f-218a-42a9-b58d-4be01481a569,Xavier Roy,25,Kolkata,salaried,58256.2
0e0a3b01-14b5-458a-9c48-10bf97effbda,Kritika Kohli,44,Ahmedabad,business,114777.23
b39bc2e5-6aaa-496d-8ca5-dd82681e0655,Ubika Sheth,34,Bengaluru,self_employed,26504.46
bfbc2e9f-8528-42b5-9058-186c793fb406,Faras Konda,35,Ahmedabad,salaried,52639.89
e94a7e50-647c-4be5-be5d-d77642364d72,Nicholas Bal,33,Hyderabad,salaried,26402.3
f625c177-f65c-41d0-a899-3127bc84b01f,Lekha Rajagopal,22,Bengaluru,salaried,40471.02
45af4c9b-b24e-4569-b323-9a71647d13b0,Hritik Jha,47,Pune,salaried,31204.73
b22eae74-c35b-4eba-8e3e-8534112e0e8a,Vincent Keer,52,Mumbai,salaried,32551.11
da6e3e71-bd0d-4eed-a680-674e197a30a5,Aryan Ganguly,24,Jaipur,self_employed,83815.24
697bfe62-0b80-4ed6-84cd-28b0c12a72a4,Quincy Doshi,57,Pune,salaried,21588.22
2fef4837-cae0-43ea-aebd-9e4b5fb26d03,Harinakshi Solanki,53,Kolkata,business,421121.04
d0ef66e3-e9fb-4e4c-85c7-5273662ec042,Varsha Kalla,52,Hyderabad,self_employed,13701.21
064c7fe4-b0f7-4d7d-b522-ab9200112f4c,Ekantika Rajagopalan,61,Delhi,self_employed,32261.59
a7bf149e-7118-4c06-8817-504291fcc216,Gavin Patil,57,Delhi,self_employed,63522.43
2777d939-21e2-49e7-a835-0f9553d14865,Qarin Palla,28,Jaipur,business,123733.18
b1c0b952-950e-4f44-a8d6-1be01698b51d,Thomas Dave,53,Delhi,salaried,34536.16
f9c4b73e-3ad4-494a-b0dd-8184f63fc187,Indira Virk,50,Lucknow,self_employed,47090.5
bea732d0-0d82-43c3-92ab-320cac9d851c,Watika Yogi,33,Delhi,self_employed,65341.66
63a60d2e-da53-4fad-a40c-765009b4ac35,Charita Desai,48,Hyderabad,self_employed,41699.79
af88af04-4098-45e4-a706-c0a103541045,Mugdha Grewal,30,Kolkata,salaried,72881.54
3f3912c7-bcf9-44f6-82a2-10c90e912fb1,Yasti Bala,62,Lucknow,salaried,55252.81
e9e41afe-c07f-4438-8536-b01c79a96dc0,Manan Nayak,54,Pune,salaried,56185.4
e873896d-0caa-4977-a7d9-ba7131e8e39c,Dalbir Varghese,46,Lucknow,business,30652.18
9855dcfa-1360-4937-a93d-32e867ddd43b,Neel Arya,60,Pune,salaried,34902.22
05110047-f790-4d85-a93a-5c7beaf8f341,Yutika Dua,35,Kolkata,salaried,31249.76
2b2ab4d1-32e5-4904-86da-1db93d009bc9,Libni Dada,37,Chennai,salaried,21964.86
61657766-9e3c-4df0-adee-4dfaec2088b9,Chameli Bansal,41,Jaipur,self_employed,63077.22
7714d489-f2f9-4103-9beb-33f753fa318a,Fiyaz Nigam,33,Lucknow,salaried,27755.16
1bde646b-3316-498c-95ba-cf8edea6042f,Qarin Grewal,57,Bengaluru,business,131908.46
02f1f129-51bf-4236-a834-43e6ab5ff2ef,Ubika Choudhury,30,Chennai,salaried,21266.84
0d41f006-0cd4-4046-85d3-9624e3717c7d,Imaran Nori,27,Mumbai,salaried,85778.21
e194dfbd-7211-4ada-a50b-7bacdc8a54c3,Jairaj Bala,23,Bengaluru,salaried,23198.29
0777d993-8884-441d-8f4d-6e156b71be5d,Odika Sharaf,25,Kolkata,salaried,40524.06
734e8bc0-8f20-40ae-8e41-87f8a4abe6ae,Shivani Dubey,35,Chennai,business,149144.87
5eff86a6-fe78-4deb-b4e6-541678c3be87,Zaid Mukhopadhyay,31,Pune,salaried,27301.03
8a1ae286-816c-42b5-b442-68c4d57fdb3a,Harinakshi Sachdeva,35,Chennai,business,157506.46
58703bdc-7153-47e3-8549-847557742209,Urvi Arya,22,Bengaluru,self_employed,20734.86
dd3ed7b8-0d0d-4dae-8c68-f1132806da88,Mitesh Kannan,49,Delhi,business,270196.82
13f499c2-a4e4-4070-a00c-c70334c6ad34,Lopa Talwar,45,Mumbai,self_employed,49508.74
c9a6fd75-bbd8-47ec-8b98-dd4f4647bc3d,Yash Nazareth,34,Pune,salaried,26951.5
e9f8006b-56c2-4fc9-b8b2-eac2f1253045,Faris Sarin,49,Pune,salaried,31269.83
a9c0affe-0bb8-44d9-a231-8c0c0a1b7326,Gaurang Pathak,45,Lucknow,salaried,54418.51
b6691728-a544-4d3a-b0d0-c7ae841b4ffb,Isaiah Malhotra,26,Bengaluru,self_employed,32561.35
c2ada596-cfa8-45e8-ae5e-dd7afc60f3f4,Gopal Chahal,58,Jaipur,salaried,24967.27
d19b3b91-cb3f-4740-834f-a0fb334ec319,Oscar Hans,34,Delhi,salaried,32507.68
76fcbc4f-9a99-48cc-9fea-10a1b251a730,Aahana Narain,59,Kolkata,business,25355.07
faa3c3ac-bc7e-490b-b4e1-6f3d0bfe268b,Oni Balasubramanian,41,Pune,self_employed,175322.21
76e23683-98dd-487c-a135-fccbebb7c0d9,Yashasvi Date,26,Jaipur,salaried,27359.05
9c8b0bb1-4e65-4d86-88c9-541167995838,Gautam Mani,37,Jaipur,salaried,55039.61
6251074f-bc3e-4350-84d7-bc38da135c98,Lajita Lanka,50,Mumbai,salaried,40325.33
7ea73cc7-33d6-4d3b-b5f9-9cb9c195cbb9,Utkarsh Warrior,47,Pune,salaried,22197.46
ab6d9371-2be5-4c3b-be3c-54dc53a581ee,Sanaya Saran,27,Kolkata,business,72739.57
056164d5-b0fd-48a4-a5ef-456e8a6959c4,Ishaan Pillai,40,Delhi,salaried,53744.76
e400ddd1-3926-4515-8da4-c97f9214dd6b,Parth Mukherjee,62,Hyderabad,salaried,33053.06
6f3d6ebc-7523-4c25-a02e-f6ab9c41950f,Sachi Buch,26,Pune,salaried,65943.69
9597dc51-91fd-4d2d-85eb-b9eed4721acc,Niharika Soni,22,Hyderabad,business,183388.82
ebb8174e-307e-4dbd-8f18-9be3716e469e,Vasudha Rajagopalan,41,Mumbai,self_employed,93268.75
1107b064-569a-44d2-a20a-8614f8414765,Kashvi Kade,36,Bengaluru,salaried,28858.84
2106ab2d-15bb-451a-8090-b008d87be938,Daksha Samra,29,Jaipur,self_employed,23019.81
863949b5-b758-4946-9017-adeb6897b622,Libni Halder,51,Mumbai,salaried,26721.03
7287e74b-18c0-47bf-a691-94314d2f1a54,Chameli Balasubramanian,34,Hyderabad,salaried,40059.47
ab323938-db67-4c15-b1fb-fa47999d2c92,Kavya Brahmbhatt,47,Bengaluru,salaried,47709.86
ddf4c6f1-7263-4d8c-bc5d-6464f7a94704,Widisha Bir,32,Jaipur,salaried,12261.44
4f531c9f-d8f3-42e5-8b7f-d1504c542c79,Kavya Menon,32,Kolkata,business,72598.4
acc6775b-166a-45b2-936b-a1c19b60b1e9,Widisha Srinivas,28,Bengaluru,business,84312.07
5f619427-c082-4640-871e-6d0cab7f61a0,Finn Bedi,34,Hyderabad,salaried,31609.97
1784acff-a30f-4aa4-a76d-df14885feedb,Siddharth Sarraf,44,Hyderabad,salaried,69260.98
37ec779a-e858-4f21-a574-b64df3aa332f,Nachiket Behl,22,Mumbai,self_employed,65857.33
cd0defc6-fc88-4321-a58f-9498c465ec99,Fariq Mani,51,Mumbai,salaried,69919.23
f9f8023a-d33d-408b-90f0-bf08b5e35358,Charan Hora,30,Pune,self_employed,42143.16
abef5e03-ad2f-4450-9749-41d7ca27e1c2,Bhavika Narayan,45,Lucknow,salaried,58031.35
5ab3d6b2-6f2c-479b-bcaf-c7c37b68b830,Upma Kari,31,Bengaluru,self_employed,153975.15
a27cedf5-1667-4fe7-b5c7-3cc68605c004,Gayathri Sharma,43,Chennai,salaried,69971.74
5c740474-7948-4395-991a-6c42b9aa494e,Anita Munshi,25,Delhi,salaried,21034.71
5bd75835-8a39-4036-8052-f92f8d6a0917,Gagan Sarma,50,Pune,business,58202.96
2775280c-a623-49e1-91c6-b12e291aa5c6,Ati Bal,55,Ahmedabad,business,53602.54
1ba3cbcd-6aa4-4fb3-9879-52bec94ad3af,Jai Acharya,59,Mumbai,salaried,46380.17
80545aa9-b3f6-4d91-a9ce-09d4d5905c3b,Hredhaan Andra,51,Hyderabad,salaried,51183.72
d7958426-a30b-46c5-8960-8e13748349aa,Girish Vasa,55,Kolkata,salaried,23874.2
c6662bb0-1345-4f7c-bd3d-b69de0ed58bf,Omya Varma,27,Ahmedabad,business,77734.52
1403b6c0-2c06-449e-92c1-df710e57e002,Indira Sood,57,Chennai,salaried,13227.28
dafb8cc8-85f8-4311-af87-6e4e564b3876,Devika Narasimhan,53,Bengaluru,salaried,74680.37
122a191a-eb3c-422c-9b07-82878c819ca5,Dakshesh Mitra,30,Chennai,self_employed,34246.44
951e8405-e8bb-487c-af7f-5be9f17a44a0,Jack Guha,27,Pune,self_employed,50975.72
f13c7ea9-a122-4dbf-b588-228c618feee7,Chandani Ratta,60,Delhi,salaried,31106.6
133f0d64-d454-455a-b5fe-8f578f56e76b,Thomas Bawa,37,Bengaluru,salaried,64409.33
f478d65e-66b2-400e-b701-a5da864a6aa6,Gavin Seth,40,Kolkata,self_employed,12000.0
2ef2244f-868e-4be1-8ce6-b4190b92f211,Bahadurjit Chauhan,50,Lucknow,self_employed,48454.13
d0c5aecc-12cc-429a-91b9-0379e876f665,Ayushman Devan,57,Hyderabad,salaried,34444.02
40424bae-829e-4809-b891-7eb1af11d593,Ekta Magar,29,Kolkata,self_employed,35683.89
27decacf-8b14-4a6a-b95d-156f175d9f32,Naveen Kale,30,Lucknow,salaried,86086.96
3fe588d3-3c15-4459-8a5f-c88ebfbbb376,Caleb Ghosh,23,Pune,self_employed,26340.67
d5dfd828-e1e0-4785-b439-1aab4f742386,George Anand,33,Bengaluru,self_employed,84141.68
30321cba-7d75-4de3-ada9-a38ddd1690f5,Kashvi Mall,61,Mumbai,salaried,43396.17
ba0fe89c-74c8-4d7e-860d-7b34e565ec10,Ubika Uppal,36,Bengaluru,self_employed,118546.84
12204d4d-c117-4c27-b505-d8bc37fc09d2,Bina Dhar,21,Lucknow,salaried,26014.4
4c87504a-5f6b-452d-ae02-eb6d386855e5,Vaishnavi Warrior,43,Chennai,salaried,25172.7
5d4b4bc3-1a67-43b5-b530-56d131b52eb2,Jeevika Patla,57,Pune,self_employed,105582.61
5a3f3007-6f34-4c4f-9d1f-6fbf0a4c0f71,Frado Murthy,34,Ahmedabad,salaried,44921.0
61578d17-71cb-4ab4-a497-3ac4faf725d8,Amaira Parikh,55,Ahmedabad,self_employed,16623.02
be7ca297-d682-4571-a3d6-f492f7fc6e0a,Falan Puri,38,Jaipur,salaried,27732.15
0f5db515-98c9-4316-9ab2-9eb2c49e7d81,Azaan Rastogi,42,Bengaluru,business,103543.22
f3eb749a-f04c-4f74-ab8f-65faf7b24a15,Lavanya Banik,52,Jaipur,salaried,55209.05
1fef637d-d596-4a24-86c6-48273f215699,Zashil Pai,27,Kolkata,salaried,25858.24
4a00682c-747e-44a5-8f92-ef07b0257fd0,Isaiah Bera,37,Delhi,self_employed,12000.0
f9ccfd7b-9272-42d3-b76d-a50d17611d16,Yasti Shah,48,Mumbai,self_employed,70703.92
79c27d09-8750-442f-9853-f69b4540d14e,Chanakya Hora,29,Delhi,business,24384.71
3e78dc7f-3b24-4391-b29b-2c81f481262a,Jackson Patla,50,Delhi,salaried,13244.41
6400493d-3dec-40a8-8259-9aa71ca7d947,Yadavi Kalita,39,Bengaluru,salaried,12000.0
22d800b3-aa7c-4d86-ac41-142d5564ae7b,Udarsh Lala,40,Ahmedabad,business,152144.01
126278d6-9167-4c9d-b68b-910d43fee04d,Ayushman Kulkarni,26,Jaipur,salaried,38727.64
eedcfb12-1ae3-4e5a-aca9-41ce3346564f,Sudiksha Tiwari,53,Chennai,salaried,32440.79
15997845-6c40-4d46-b8ab-0368ff0159dc,Xiti Ghose,35,Mumbai,salaried,72730.21
491db544-62d1-447b-922b-17857b719db8,Patrick Narayan,43,Jaipur,salaried,49944.23
354e8b32-f803-49a0-9fd5-ff6a0a670715,Umang Borra,30,Lucknow,self_employed,151965.69
691c2a42-b385-42a7-b4e2-f19b8d884800,Owen Pandey,54,Mumbai,business,20879.81
a6649064-2310-4c70-a967-95ae32ef4b97,Warda Doshi,44,Jaipur,self_employed,47849.43
cc7a4349-435a-437f-af50-7a2cba58f1da,Dalbir Agrawal,54,Bengaluru,salaried,16181.81
88debdb1-4d46-422b-a591-c78e6574d918,Aradhana Ganesh,27,Bengaluru,salaried,32380.41
b57cec98-957c-4337-b791-8682f6264f23,Champak More,60,Chennai,self_employed,41190.75
2e434ba1-aeb9-4623-ba9a-c28c90ecdd6c,Xiti Shetty,30,Jaipur,self_employed,76010.71
e7a19573-f53d-4002-bde6-874e2523f54d,Oliver Palla,60,Pune,business,76191.68
1f2310d1-ede9-4aad-a9b0-1141efee352e,Ethan Deep,38,Mumbai,business,128164.06
cd456efb-99a0-4b83-8b43-db2adcf90611,Gunbir Sem,46,Hyderabad,business,137736.28
f5000963-93e3-46d3-9b19-c1aa1886739e,Ekta Dash,54,Pune,salaried,106666.7
2502a5bf-4213-46e0-910f-f73bf8f8e77c,Fitan Bali,50,Kolkata,business,55062.99
52b7dfab-75b0-48cc-b950-c890ecfac1af,Arin Rana,40,Mumbai,salaried,22685.67
2b5ddb1b-469d-4992-a395-f3c5520ee9a8,Prisha Issac,56,Hyderabad,salaried,41070.35
d89ca984-fcee-40a1-a162-43b7d762d7f6,Vrishti Lata,60,Lucknow,salaried,24315.27
345ac5cb-e53c-4405-ac52-bf1f387b2c41,Arunima Shenoy,24,Pune,business,277552.31
07d56eec-0b8f-4402-b831-e283907944b8,Omaja Bose,51,Bengaluru,salaried,31520.42
926c4acb-ecb4-4fe1-b67c-e64b3a53c4eb,Elijah Varughese,36,Pune,self_employed,32994.51
9a999201-2dcb-4ad9-9009-6ced82514f0d,Girindra Khatri,62,Pune,self_employed,35245.0
46bf1720-cc3a-473b-83c8-9932a150c633,Ekta Chowdhury,33,Chennai,salaried,52010.91
9752a8cb-f449-4ea4-aa4a-2a7875360760,Anamika Peri,25,Chennai,self_employed,43895.94
2c5c2f45-52b9-4819-a7e1-1118abe90655,Ishaan Kunda,38,Bengaluru,business,41048.1
32bd5719-961e-4ab1-ac03-f78db9a8a5dd,Leela Rama,28,Lucknow,business,327360.32
99797cc1-b444-4150-a2a8-4083758632ab,Caleb Brahmbhatt,30,Chennai,business,33841.64
ff1d7808-75ac-4174-afeb-5c1a93956c87,Dalaja Mukhopadhyay,38,Kolkata,salaried,36967.08
70d7cd5c-8120-4657-85de-e85afd79ca6f,Zinal Tailor,28,Jaipur,salaried,50319.76
d679b3e7-3960-456f-9b02-ad10b092a57c,Baljiwan Kapadia,27,Lucknow,salaried,16063.94
4b2c5c41-2246-4577-8621-843af1606fc3,Tristan Chhabra,49,Hyderabad,salaried,46172.07
d5b15cc9-b68c-4a16-98f2-bbfbd0405989,Abhimanyu Varma,55,Lucknow,self_employed,23421.85
d4124731-2277-4db7-b8d9-1a8fdbcdcc81,Anusha Sachar,25,Kolkata,salaried,54797.04
664669a4-85df-4de7-9203-691ddf87cac2,Bhanumati Choudhury,23,Pune,business,30749.04
dff5cff3-b077-4995-a9b3-57975fe9b574,Sachi Gill,37,Delhi,self_employed,79613.45
1fef0f69-3438-4bd4-8d34-6b8fa025919e,Aarna Devi,48,Lucknow,self_employed,106306.65
91544523-c22b-4b93-a2e2-15d970f2e791,Krish Dua,52,Hyderabad,salaried,55866.39
362b3461-6faa-4b67-a626-58eff34c362e,Udant Raman,27,Delhi,salaried,41177.96
d5d778a3-b92d-4c8b-94f2-023f8f1fdd6d,Harini Ahluwalia,59,Lucknow,business,59386.91
cc4992e3-9112-48aa-a39e-dd6097bc5b48,Chanakya Ravel,36,Ahmedabad,business,43530.73
be0df42b-3792-42d2-b13f-46d9621177bc,Anika Shan,48,Pune,self_employed,137272.64
21bef7f2-a44b-41a8-86c9-a2a04500fce7,Meera Sathe,27,Hyderabad,salaried,25597.56
1b1ea987-24e0-4861-b189-4c06a626f5ad,Aishani Virk,38,Hyderabad,self_employed,23719.52
093382ea-43b6-4273-baf3-5693c1226021,Omisha Ganguly,42,Pune,self_employed,78101.01
ebaacd0e-67ed-4976-afc9-f31f562dc2bd,Anika Subramaniam,37,Kolkata,self_employed,28076.95
3c84a483-c4f0-44a2-a93a-ed938c73d20c,Mitali Goel,27,Ahmedabad,salaried,22583.35
f58cf053-be6b-4bec-94b8-d87602c5fc6a,Hemangini Andra,52,Chennai,salaried,17644.83
41926b9a-8553-4054-8918-b278e3f185a0,Ishwar Raja,38,Delhi,self_employed,34960.11
a61f3c35-87f3-4784-be63-72a2d1c72733,Rudra Lala,52,Jaipur,business,67884.06
59571470-08e1-4810-be44-6da90b7d2612,Kabir Malhotra,57,Pune,self_employed,58114.14
c32eaf24-483b-4cb2-bd55-d25b799c6acc,Bhavani Dugar,45,Mumbai,self_employed,95407.68
64ee1c69-245d-4762-9693-329b28e969e6,Barkha Sani,58,Delhi,self_employed,70886.02
59a834c3-dcc2-4ad6-8ce0-5abb3bf8b777,Simon Sandal,28,Chennai,self_employed,42889.81
01463d12-9ece-4353-87f4-edabb3b4a795,Ishwar Oommen,59,Pune,salaried,32889.28
256b4c37-9d14-4d93-b71c-b67a412e8aa9,Ranbir Mukhopadhyay,23,Kolkata,self_employed,70060.21
5b1c75c9-27b5-49bf-a3c7-303ea6cd58e1,Veer Chatterjee,49,Ahmedabad,self_employed,119467.44
552ef526-2535-4008-b99e-48b0d4fdd56f,Balhaar Rana,54,Mumbai,self_employed,53552.62
976df899-6eeb-4474-9cd2-bcec3f567916,Omaja Rao,61,Pune,business,47943.68
c3b2f029-493d-44e8-be00-2df01130ee3b,Faraj Ramaswamy,22,Chennai,self_employed,24464.88
64fa6b39-d746-4b66-87ea-3249e14f13e3,Jyoti Dutt,22,Kolkata,self_employed,17824.98
653e5456-5866-418b-b960-3f088c160622,Ucchal Khare,47,Mumbai,salaried,50672.31
25cb59a0-95ba-4d48-bfef-f75e0f22325c,Aadhya Mani,37,Kolkata,self_employed,73466.51
cc083025-f71d-4a71-902b-702ad093d36d,Oliver Yadav,43,Kolkata,self_employed,73434.89
ba5b7d1f-c75f-43bd-9d0e-74c5a3d1713c,Dalaja Dey,36,Hyderabad,business,65134.3
76a1e2aa-2ef7-43e1-b620-4c5f6d8230cc,Eshana Mangat,24,Kolkata,salaried,73384.45
31f17f45-0e14-4d77-a7e9-7b71f6072198,Laksh Kara,61,Hyderabad,salaried,28508.02
19389bbc-cbba-40fb-bbb9-54ab50ec0cc1,Unnati Thakur,31,Chennai,self_employed,95672.72
79b82a49-e53a-48f6-b720-ab5da8e3686d,Daniel Lad,56,Kolkata,self_employed,47709.22
3e888566-3ae6-4f7a-9c6a-cea4f5741953,Tara Chand,43,Bengaluru,self_employed,32021.23
2e2327bb-0087-4363-bae5-d29aa027b098,Umang Loyal,26,Kolkata,self_employed,74218.68
6d00f910-4000-416a-b47b-4d121593093c,Tamanna Magar,55,Chennai,salaried,44570.08
efc5c421-dac7-40cd-97d8-bc8c10c99d2c,Ekapad Bobal,40,Delhi,salaried,43411.79
f98e5ba7-6198-485c-a609-cccfa6daf7b9,Abhimanyu Sama,26,Pune,business,78680.5
dfb91a29-4263-43d9-aa66-b5b856240133,Riya Prashad,52,Bengaluru,salaried,35633.93
d0da9497-08a9-40e8-aea5-8c85c9dabd40,Faqid Peri,33,Hyderabad,self_employed,260891.63
0871c726-db41-4431-bb0c-9bf77a34da2b,Gavin Lad,52,Kolkata,business,212315.99
ae9c258a-de5e-4763-abdd-1032bac3583c,Sneha Pillay,49,Kolkata,salaried,52125.7
0e1c2fab-3caa-4f69-91e8-f00590fa2f34,Utkarsh Kashyap,31,Kolkata,self_employed,53011.25
2acf3eec-0f37-49b0-b865-83eea1dd0f25,Arya Mahal,33,Lucknow,salaried,60088.79
a1761bc8-b5e6-4fcb-91c5-82cb841b0f87,Nicholas Ramesh,53,Jaipur,salaried,47051.47
f43d2b1e-4a6c-4231-b859-65552e7a80b9,Pallavi Dave,56,Jaipur,salaried,36794.45
ea8a2101-796c-4e2a-a9b8-aa250578342d,Zarna Srinivas,60,Delhi,salaried,31201.39
41f8852c-59ef-4b79-b7f0-9bc827c58e45,Jackson Prasad,26,Lucknow,salaried,34875.55
6275cd00-fea1-41fa-9c77-db2690d27244,Diya Sodhi,46,Hyderabad,business,12000.0
929a8a37-5fc7-4108-8183-e2c37f43a890,Wazir Vyas,42,Jaipur,salaried,40348.13
58e567e0-42f7-4413-8ce1-4af4c80820bd,Lohit Raghavan,29,Pune,salaried,28445.98
f1920dd6-6271-4acd-ba8a-fafe48766303,Anamika Mukhopadhyay,39,Lucknow,salaried,80525.97
2875438f-9c49-4bba-90bf-3556bba80fc4,Aayush Banerjee,26,Kolkata,self_employed,49689.1
1aee0f91-3810-42bb-a833-2a5f8220a46e,Matthew Anne,49,Mumbai,business,25082.68
16223d63-4aa6-4652-a949-4aedb445854a,Girish Kadakia,30,Hyderabad,salaried,35420.99
c1fd2877-1ead-49f6-b09c-e12c631625e3,Rachana Nath,35,Chennai,salaried,21524.34
614bbc40-a3fb-4503-9827-d10737230f46,Vidhi Mander,35,Ahmedabad,salaried,46014.13
78997b28-61f0-4366-9c8c-f6fb7e3ec926,Aadhya Borah,34,Bengaluru,self_employed,60093.87
8e8d1aaf-1354-419a-99a7-fa711ddeaded,Gavin Ravi,36,Mumbai,salaried,58625.19
e4a0b4cf-ab32-42da-a4e6-984f674e9ae9,Siya Butala,51,Ahmedabad,business,35889.73
6d54639f-8edb-4545-b918-7e7091106d2b,Hemal Sem,56,Lucknow,salaried,36938.29
d9720331-875f-4017-a0f3-48b7a346eecc,Benjamin Menon,32,Jaipur,salaried,18351.91
6224119d-2895-4834-8988-a10951bd35e8,Arin Bali,61,Lucknow,self_employed,80101.22
1cfafeb4-4bbc-4996-9da4-a073d6707947,Zaitra Lall,45,Hyderabad,business,116655.92
b83d58fb-ec5b-46e2-96b6-97480d06c531,Pranav Sheth,44,Hyderabad,self_employed,69359.85
da0abd0c-a390-42dd-ad08-36ab89a54809,Reyansh Chhabra,44,Chennai,salaried,36344.91
46d988cd-862f-4279-b403-842ff9b40b71,Ijaya Zacharia,43,Delhi,salaried,44684.7
30b81290-2b5b-4861-84c5-eca4dd2b8716,Sanya Sibal,29,Kolkata,business,309869.09
6f9c1afc-99da-404f-96cc-1377a3c2d92e,Arjun Mistry,36,Jaipur,business,56580.24
83b2a80b-f411-4689-9fe9-b2b4a812fde0,Samaksh Bhattacharyya,27,Jaipur,self_employed,54016.87
81e96b7c-21ad-4994-ae8b-9bec2465675b,Lohit Warrior,55,Kolkata,self_employed,22918.77
29d9aa94-84e5-462f-b7c6-646a87fcab68,Jagat Dube,59,Chennai,salaried,23526.19
996c2948-3bff-4b39-9b6f-6ac3d41725a4,Manan Kaul,62,Jaipur,self_employed,52494.8
e06f2ce3-2bf8-4679-b3bc-c45f8f662ba5,Ikbal Naidu,35,Ahmedabad,self_employed,106165.39
592eefe4-42ec-44f3-83f7-1588c3ee54a5,Pallavi De,24,Ahmedabad,salaried,31947.83
f3f0fac7-b5b6-4640-905a-a7472981d8c1,Gaurav Dyal,52,Lucknow,self_employed,41558.54
43bda5a9-e6b7-47e1-a68c-25c7bb4ec9dd,Radhika Pingle,31,Mumbai,salaried,29630.44
df33d654-72d8-4399-a5ff-9d265d2b78bf,Saumya Mutti,56,Mumbai,self_employed,33714.06
1c479038-1457-4229-afc8-29967d9030a4,Vidhi Swaminathan,51,Bengaluru,business,95365.71
6c7f9722-b0dc-4909-81ea-f3c426a40bae,Chaitanya Ranganathan,43,Delhi,salaried,17177.77
b6107b94-fd5b-4bfd-87a7-83a10b012871,Reyansh Guha,38,Lucknow,business,231618.2
fe1b2503-822e-459e-8a31-8e12c5f46012,Anya Randhawa,22,Lucknow,salaried,26037.39
8beef970-b41a-4b71-9801-3129da9241a5,Amaira Khatri,29,Pune,salaried,52101.64
f0bf1439-96d6-4abc-b796-420455fc81af,Nisha Parsa,49,Hyderabad,salaried,19244.89
041ce046-d0ec-46b8-a565-9aa9d9cf8035,Manya Raju,40,Kolkata,salaried,50737.47
61fc6b2a-35f1-4ea8-a295-a46a5234e8b3,Ganga Nanda,53,Pune,salaried,50816.29
d805ad57-3c41-4142-913e-89e5b350843d,Harini Mandal,55,Lucknow,salaried,44006.87
81397da3-c0f8-4d6f-8744-4aee59d5f02b,Dayamai Memon,21,Lucknow,salaried,22087.91
0166748a-9c80-4259-8232-1ebfae2faa57,Saumya Sule,43,Lucknow,salaried,41141.56
acc8019c-0bfc-429b-967b-2cda0e8702f1,Nikita Andra,25,Lucknow,salaried,20099.94
023656f4-d7f7-484a-95d3-4d3668ddcb5f,Geetika Wable,47,Bengaluru,salaried,32004.07
9e8fe8c0-aa1c-4486-96fe-7970a21c8c1d,William Nigam,36,Lucknow,self_employed,100769.31
8c2bf995-fd60-4b0a-927b-6bb9094d72cd,Shravya Kari,32,Bengaluru,self_employed,85621.47
70a09ab9-5165-4e98-bffd-cc6ab87fbce8,Sachi Loyal,52,Delhi,salaried,36592.24
032e48d2-da5f-4370-bf10-28c667c1ddd5,Manthan Agarwal,27,Pune,salaried,22305.68
85e46561-2637-4532-90fc-50d7dba9a880,Gayathri Mukherjee,45,Pune,self_employed,77027.01
cb40b0af-023f-4483-b0ce-7cdf833b134d,Shravya Buch,51,Bengaluru,salaried,36669.13
b50f55ad-fdb9-4444-b8c9-aa5371dd2f66,Kalpit Ramakrishnan,32,Delhi,self_employed,12000.0
28e976cc-598a-4155-8e91-15dc839bb81a,Jagvi Bhattacharyya,32,Pune,salaried,53707.87
994a7b4f-cdf6-44df-b3c3-108091c263dd,Dhriti Saxena,52,Delhi,business,71552.77
8c6d7689-ccab-4ca8-9ab2-0f814da6bda5,Yoshita Grewal,46,Chennai,salaried,66252.31
88404464-bd4a-411f-8f26-3820b1a251b8,Mohini Kumar,62,Delhi,salaried,21001.83
15eee028-24ce-4053-aeb3-70b1fb6b0561,Odika Suri,27,Jaipur,salaried,12000.0
4e04b0b0-fe40-49b2-bc3c-f31aa84b5d8f,Nisha Mani,59,Mumbai,salaried,41753.64
604ae9ef-34a9-4aaf-91ca-c4637097c463,Chaitaly Gade,24,Kolkata,business,95073.67
0c50f6d6-d9bb-4216-93c4-d316f217c533,Hemani Sarin,21,Jaipur,salaried,15594.35
8a4f8159-36ba-4456-9530-baec5235548a,Forum Jhaveri,41,Pune,salaried,22264.53
3710c6f0-b2b7-4a39-a162-146ecba20884,Wakeeta Lal,57,Lucknow,salaried,144005.8
7d019dc8-f453-4802-adaa-649081b759ac,Garima Lall,25,Bengaluru,salaried,31169.48
4df3db9a-e5c0-4c41-932d-319ff0770fe6,Ubika Mangal,60,Ahmedabad,salaried,52338.08
9b383500-7cc9-4489-847b-5cd1514e72ad,Zinal Dalal,34,Kolkata,salaried,26230.29
5936d7f3-f894-4fa6-83d1-a35d7ae68144,Ishita Chaudhuri,30,Lucknow,salaried,12769.93
404a7282-4e8c-42c8-bf6c-d2efa4f56387,Jyoti Kothari,32,Ahmedabad,salaried,33351.93
c28e0a8b-d5ef-449f-bd34-edfca67618fb,Aishani Tandon,32,Jaipur,self_employed,40703.8
54c50721-87f2-46a2-bd62-b9b4ab1d3f34,Nidra Yadav,49,Mumbai,salaried,29734.43
a9dda3f7-8256-46b0-9367-e1984263c42e,Orinder Bhatia,55,Delhi,self_employed,45240.66
3ccbea96-1f78-425c-be60-1d0594d68aaa,Rudra Saraf,40,Hyderabad,self_employed,58982.01
c9a70982-fa1c-43d2-ae80-520cd05d2867,Xalak Nagar,32,Lucknow,salaried,33689.5
2ce081ec-ad8f-4537-b227-bbc95b17f978,Janani Sem,27,Ahmedabad,salaried,19302.64
3c77369b-5190-417b-978c-676e2a866ad1,Samuel Char,30,Lucknow,salaried,46309.04
246ac6df-b8ad-4498-8db9-7e34f55b5741,Bhavini Naidu,50,Jaipur,business,12651.93
270d996f-7e6e-4225-8345-8813c7d3a501,Upma Chakrabarti,49,Delhi,self_employed,12000.0
0c25298f-b751-4d9b-b45d-23950e63f1ac,Chasmum Reddy,25,Kolkata,self_employed,82242.41
ba4b0c0c-e8a1-46f5-b795-e13731f3c65a,Theodore Mittal,30,Chennai,salaried,46793.99
aafc2b9c-8b9e-445e-8499-f8592b82824c,Leela Gour,52,Chennai,business,69448.74
eacfaaab-9359-4d94-9699-40453899c0b5,Aarna Banerjee,23,Kolkata,self_employed,18456.76
34e036cc-c76f-4ec7-8b1a-0bbb4511bd01,Ekalinga Chada,51,Lucknow,salaried,25490.08
3dd32376-0c8d-4b91-91d0-3b4cc7da4409,Ekaraj Savant,54,Delhi,salaried,31844.71
72b48348-1b58-4349-ac76-8eece7394a2e,Pahal Iyer,41,Jaipur,self_employed,16040.53
0e0737a9-5659-4263-904b-35b7499954da,Barkha Prashad,55,Jaipur,self_employed,29222.08
08b97519-8307-486d-b14e-e3bc62e08ac7,Vrishti Sood,55,Chennai,salaried,50320.37
41878229-d818-4787-aee5-d080f4186862,Gaurika Vora,29,Ahmedabad,salaried,74135.72
e85429b6-1baa-4ea5-833d-4bc58830ec3b,Widisha Khare,39,Pune,self_employed,36548.51
8d1c2311-7f73-437b-a8d8-aedf75ee7b30,Kalpit Sachar,45,Delhi,salaried,53010.44
9eab03df-dac9-43b5-857d-e88a553e1dde,Darika Som,52,Delhi,salaried,13946.31
0f5250cb-2ad0-48cf-a941-0f44d27d2cf0,Joshua Barad,51,Lucknow,salaried,50499.85
23e2d6e1-c85c-4e0a-8aaf-e7add7e5a33b,Nakul Lala,52,Hyderabad,salaried,24295.0
d0ddd584-9657-46e1-8bcf-2449e4da77eb,Yasti Chakrabarti,24,Jaipur,self_employed,60787.65
15f2f9cb-7df2-49bd-a10e-cf4c5a4d3d0b,Chaman Oommen,33,Delhi,self_employed,41215.65
1212e18d-c14b-432b-a16e-a4381ae711f8,Chameli Mody,58,Lucknow,salaried,70277.5
8e39f9a5-cd14-4ad2-ab87-2730f536df1f,Banjeet Deshpande,62,Kolkata,salaried,23453.67
8e78aab3-10ef-4c01-9162-1a204cafc098,Amaira More,55,Mumbai,self_employed,76063.55
ee0af761-54c3-4175-8761-0bfb5fe46b78,Watika Arya,40,Pune,salaried,31578.96
9fcab904-df21-4bee-9df0-a16ca7b0bc03,Nirja Kala,55,Mumbai,salaried,33551.85
a8567a81-8d0f-4cf5-9275-3c231bfe8fb8,Vincent Bal,48,Jaipur,self_employed,43101.03
5d40f1d5-a29d-453b-a541-289668cbe7a6,Jagat Khare,32,Jaipur,salaried,23793.4
dd3e54c2-d9d5-4b19-bd4e-34fe4efaa0ac,Anvi Kuruvilla,23,Chennai,salaried,36060.4
9989246e-ea15-46c6-bd89-658899dd8d3d,Ekantika Khurana,32,Chennai,salaried,35195.58
b4a90f05-5568-4930-990a-72fd4d883606,Harinakshi Gopal,25,Chennai,self_employed,58038.87
1215c145-0357-413c-8b59-5a43c51e9579,Umang Bora,57,Lucknow,salaried,37882.8
84dec19d-6481-4e7e-8f77-c65e803c52e9,Laksh Magar,45,Chennai,salaried,54122.07
a62d6cf4-ad9f-4dea-b213-4add281f10d8,Tanvi Morar,28,Hyderabad,business,167905.69
8b51d948-5048-4936-aab2-454c9529fb1d,Jonathan Saini,36,Kolkata,salaried,21475.94
33636e46-8c3d-4fb0-9561-093c68836592,Qabil Hans,45,Chennai,business,159834.67
d8735e5b-c573-4384-af14-5ad468a156e8,Pooja Sastry,46,Mumbai,salaried,20067.0
dba3a141-31e1-4674-af00-fe3f3b0c2db9,Maanav Sangha,59,Chennai,salaried,48724.05
2d4c064e-f4cf-4050-8830-b39d64888f94,Rayaan Ravel,37,Pune,self_employed,75645.8
44b44041-095a-47ab-9ba7-8e9d217a997f,Dev Jain,61,Hyderabad,self_employed,12862.59
00366ff6-78ea-42de-9ea0-95fdfa77c6df,Balveer Ram,62,Hyderabad,salaried,38043.66
22191a18-240a-4081-aecf-35c548066aea,Lakshit Swaminathan,21,Pune,salaried,28731.57
3ed28aa0-3e8e-4371-99c7-6b3782e82806,Ria Krishna,45,Hyderabad,self_employed,28821.14
ba0c2705-f8ad-4462-b790-69fccf89b240,Brijesh Dugar,33,Ahmedabad,self_employed,126196.64
56e4d836-8bff-46cc-bb16-0410b5012db8,Manan Gara,21,Pune,salaried,26190.72
db4c61c4-befd-49eb-abaa-c89df22ecf93,Rajeshri Sengupta,49,Bengaluru,salaried,24265.52
4c0665f5-4aa9-4a82-9c41-02aafca23621,Panini Vora,35,Delhi,self_employed,51688.29
49190042-484d-4c8a-b80d-fdef1856f102,Falan Dhar,28,Bengaluru,self_employed,79214.36
ab103d45-7753-4353-ab3b-203d94789988,Sara Sunder,52,Delhi,business,64377.29
e12fc902-ffaf-4328-b1db-06d8d8886f8a,Eshana Mand,41,Bengaluru,salaried,65067.81
095eb66c-0432-4c40-82e8-69aa16748c90,Zarna Kalla,37,Pune,business,117933.73
f920e323-a5de-414c-875b-a2d7f07e76bd,Ekaraj Rout,39,Hyderabad,salaried,12220.8
1e5548d8-b575-4b9c-84d3-b1a7e85551a1,Eta Wagle,37,Delhi,business,45409.64
8a2d99c8-9f14-4c30-8adb-c97e7e7499f9,Anita Dani,46,Chennai,self_employed,33080.87
a7895982-0869-4a37-b89f-abbac88c8ba5,Saksham Gopal,56,Ahmedabad,business,112580.62
6ffd2790-e146-4246-a453-4e1736e70fd9,Rachit Sastry,54,Mumbai,salaried,12000.0
88e3504f-ce04-48e5-b685-eae662465531,Matthew Bajwa,27,Delhi,salaried,129898.01
c1d614a7-49f1-4699-b9a9-02d93e426b5c,Darika Ramakrishnan,45,Bengaluru,salaried,47359.04
686167d7-df35-48eb-abbb-7cc5659c123e,Barkha Dhaliwal,25,Chennai,salaried,39121.93
7b5e9d6b-4ce0-44a0-9a7e-ae88aeeaae95,Ronith Murthy,44,Ahmedabad,salaried,65564.12
7d03f28b-c82e-4681-944e-832bbd480d07,Pranit Bakshi,49,Lucknow,self_employed,252851.55
324b4b9e-6d58-4edc-bcd7-9db0c151ef89,Faris Hari,53,Chennai,self_employed,90176.37
acdcd564-b0fa-4433-9039-822d7585ba15,Faris Bail,41,Mumbai,self_employed,95241.32
9b9d4b6c-3f31-4efe-a7ce-051c6674da7a,Isaac Upadhyay,30,Kolkata,self_employed,53716.9
66339548-980a-4311-856f-859be80c8f85,Sai Dhingra,37,Bengaluru,business,64384.41
7ce26dcb-2401-4dee-bcb7-5febf2dc8d2a,Anita Shah,33,Mumbai,salaried,28626.9
0c823122-b7c2-42b6-9fc1-d9921914e5c1,Varenya Upadhyay,30,Hyderabad,salaried,24027.25
cc98111d-be1f-4147-b26c-18ac80b8deb6,Vyanjana Rastogi,35,Bengaluru,salaried,25757.8
90a029b8-9f3e-4d6e-bfc7-7b8ede227742,Raghav Sastry,42,Ahmedabad,self_employed,19045.97
51af7fac-73f2-4ab6-9450-8acd02c45499,Faraj Dayal,49,Delhi,salaried,34963.65
a3c7ebca-d2f7-478c-9115-2184c6a1f7f0,Rohan Shroff,59,Jaipur,self_employed,15074.09
7ef16b41-8454-4a39-9b8e-c82c628f4a9d,Tripti Gandhi,31,Bengaluru,salaried,39952.97
6e779c4d-a069-49d8-b442-ed3758fc30a2,Zashil Karan,41,Mumbai,salaried,35661.78
afb55d35-904b-4b6a-ac8b-08b7b473a747,Sneha Banerjee,25,Pune,salaried,39083.97
195a8ded-588a-4c7f-8829-6576b5caebbb,Keya Gade,22,Lucknow,salaried,27971.3
a333d596-f64f-4f0f-a6fd-7970b4877e60,Wakeeta Chaudhari,41,Kolkata,self_employed,422439.81
eb844fbd-9024-4316-bf5c-b379ed411d19,Eshana Dhar,27,Chennai,salaried,71686.52
7a3e30a3-6a2b-4190-bd8f-c93b6083469d,Jyoti Balan,21,Lucknow,salaried,19491.4
b6cbeb74-428b-45ec-8858-065729f6b7e8,Hemani Sood,45,Lucknow,salaried,40799.86
c8b03282-3774-4a91-ae0a-81931e4402c8,Zaitra Krishnan,35,Mumbai,salaried,26795.71
b29daf2c-8458-420d-915c-2d87e9944a5b,Jeevika Trivedi,25,Mumbai,self_employed,24097.52
97993b03-e951-4361-a843-e0015f7ef5f5,Kashvi Dara,51,Lucknow,self_employed,19186.26
ad48699d-cf93-4e9d-a26f-cb28f0f87a02,Saksham Char,39,Lucknow,self_employed,66340.22
423fd7b7-a8a4-4ecb-aece-9230a966cb72,Ethan Tara,36,Ahmedabad,salaried,25830.46
c89b0d06-1e5a-43c1-8f07-3a135183f5f9,Peter Lall,43,Ahmedabad,self_employed,96517.36
ddf209c2-3863-46e9-8686-228986a866e6,Ekapad Ranganathan,30,Ahmedabad,salaried,59688.29
8c27e8de-1ced-4a5a-bc9f-3286737efc47,Zaid Naidu,44,Chennai,salaried,72182.81
5721183f-f41b-4601-a167-3a340a0e1895,Karan Peri,61,Bengaluru,salaried,23713.66
f6b73dc2-6352-4c12-a68a-faa2318d7a32,Christopher Biswas,45,Hyderabad,business,112176.53
4eacabd5-d150-40d2-afb6-cb7c144dc5e2,Dakshesh Magar,44,Mumbai,business,129211.88
f1c6fdc1-84e0-4879-bcc4-b09fb888c74a,Jyoti Chauhan,40,Bengaluru,salaried,28650.06
6ac84649-63f6-4106-84ab-2e9058adcc00,Tristan Minhas,47,Jaipur,salaried,24689.02
e8a95a24-3065-4e8a-8a64-c10e6f1c235b,Suhani Dubey,46,Bengaluru,business,311317.51
f9585ed0-ef96-47af-b415-808f3594f45f,Gavin Sidhu,43,Chennai,self_employed,57483.15
e20856c5-ab90-4f10-8167-292cccaf0165,Suhani Keer,47,Pune,business,129621.12
4ba25f82-6e85-4e0c-a225-c4d4c9cc9a29,Advaith Chakraborty,49,Ahmedabad,salaried,24075.79
ab79aa25-00d0-49f7-a849-6787d3f176b7,Alka Khanna,50,Kolkata,business,24407.46
5bb40ff8-2bdf-46de-ae47-99fd6d99fd77,Arya Ramakrishnan,46,Bengaluru,salaried,27317.29
375e7372-8fc1-436c-8262-4355f2aafc4d,Hredhaan Narayanan,34,Chennai,self_employed,44944.56
5896c9da-eba0-4253-bc53-de1edc3174ed,Charita Dhawan,33,Lucknow,salaried,21330.43
e6fbaf4b-72b7-4a08-bb4f-724b672f6265,Vihaan Ramachandran,60,Kolkata,salaried,36137.18
4bfb044d-851e-49b3-8f57-c8a07f5ba8f5,Tripti Palla,56,Pune,business,16000.02
b1a8ff9a-183d-42d7-a0af-da1b864ab98c,Devika Narasimhan,40,Chennai,salaried,20743.25
b8ce79d7-bd30-4c53-8a37-075bf8d31512,Nirja Srinivas,51,Delhi,salaried,50790.04
cac38209-6cb1-4c79-a843-66337cecd998,Harsh Oza,49,Hyderabad,salaried,49113.8
e41e095e-0718-4e3c-a21a-a185e5f08055,Bhavini Kapur,60,Pune,business,51395.76
2ece8eec-9ecb-4789-84a2-12629ef1c2a3,Daksha Natarajan,34,Kolkata,salaried,21831.69
a197fff8-0409-496f-a1a0-0b124062f81d,Gabriel Chaudhary,31,Pune,self_employed,23880.5
d74d8373-318a-4a98-b750-357660492525,Lakshmi Ram,48,Bengaluru,business,52263.76
45e299a2-4e45-4044-9f66-0863f051a494,Arin Ramesh,22,Chennai,business,130622.48
12a4b8b3-2822-4f2d-80b7-c6a809fc847f,Isha Arora,32,Hyderabad,salaried,57764.11
f198e890-2256-4ccb-b80c-56d77b9b21f3,Gayathri Dave,57,Bengaluru,business,46775.81
20136da2-2d78-425e-a91c-62524bac6c4d,Kritika Nazareth,57,Chennai,self_employed,21863.09
d40ce788-04ab-48b3-8e1c-9b8ed829aca5,Girik Contractor,41,Ahmedabad,salaried,41519.64
d9eed592-bf68-4eb5-81da-630557f6daa1,Jackson Sankaran,29,Ahmedabad,salaried,24058.23
2a72e129-26f1-4e47-aee4-b108400e48d4,Andrew Warrior,60,Jaipur,salaried,28025.6
a0bc8516-113b-4759-a709-a1d824712c56,Falak Gour,23,Delhi,self_employed,123957.4
76dc337c-6efd-4213-a40c-5c8f6b2451c7,Naveen Viswanathan,26,Mumbai,self_employed,87463.85
4ac2eba3-ea64-46c1-9788-5aed679f8f04,Abha Borde,24,Kolkata,salaried,39300.29
a3078111-82db-43aa-9184-4aeed4df8d59,Fariq Parekh,41,Kolkata,business,23278.21
fb6fa1f3-9797-4cae-8819-4e2082a2fd06,Niharika Sekhon,30,Chennai,salaried,40364.19
5459ee48-57d1-4710-90cb-bacd445d9400,Harini Gole,25,Kolkata,salaried,61779.61
4587b15c-2320-43cb-9eb1-f80584b1b33d,Chameli Sangha,41,Lucknow,self_employed,37686.47
959622ea-e49b-4317-8ab6-00f51badb38e,Anusha Nadig,49,Ahmedabad,business,246718.35
3b1fc166-f349-49a6-b711-c5201ca6592f,Gabriel Nagar,32,Hyderabad,salaried,69311.95
37a6eeda-7d67-47ca-9d29-a60a7347c254,Wyatt Doctor,56,Bengaluru,salaried,83438.61
d24a2ab6-4552-468e-8520-e8188a5b2aba,Christopher Ranganathan,30,Bengaluru,business,96251.4
c67363f8-32e6-45f1-86c0-b476d2f86bd8,Wriddhish Sachdev,55,Lucknow,salaried,48712.74
a3166177-e574-4757-9b1c-61eb2449f9f0,Gopal Manda,56,Jaipur,salaried,73651.05
d765966f-6a39-4a3c-8a20-ae8f057b5ed2,Raagini Kadakia,38,Chennai,self_employed,67048.78
db656296-c9a2-4ebe-aa68-2e2bf75cd142,Krishna Chokshi,30,Ahmedabad,business,46578.27
d11e372a-3a86-41cf-9625-9cb951afc48e,Manan Randhawa,23,Bengaluru,salaried,29019.65
708f3926-2bd5-45bf-b244-55b363814b0f,Utkarsh Goel,51,Pune,business,90644.4
153bdb58-b983-4582-a487-8575f5769c46,Vrinda Dhawan,22,Lucknow,salaried,19048.04
c359a274-8ff0-41f6-9e92-a1a742b3a5eb,Ekaja Toor,44,Ahmedabad,self_employed,44343.38
a7c2c8bc-40c2-4d9e-8f5f-c3a6be883616,Dalbir Bahl,32,Ahmedabad,self_employed,105617.88
9a7440fd-d4a2-4059-955b-8550217cc9ae,Tanay Ratti,52,Lucknow,business,12000.0
93660321-0ed0-4a17-96ea-59d3675a1c36,Zehaan Som,42,Delhi,salaried,78216.9
2ccde225-932b-4c67-98fe-0853faf3ff72,Barkha Swamy,25,Bengaluru,business,200814.48
ab173190-687e-4247-9309-1b6151233193,Panini Basak,40,Pune,salaried,28857.28
a18e5471-060b-482e-9c54-48927103d1d1,Karan Peri,28,Chennai,business,119258.86
a192b901-2d1c-4229-be27-077d699128a5,Yutika Bobal,41,Hyderabad,business,73337.91
d88ef24e-ddf2-454c-9190-72aceda50204,Avi Brahmbhatt,26,Kolkata,self_employed,115959.15
fc8dd8dc-9a70-4a86-8577-2ebf2bc9016d,Rachana Kala,52,Mumbai,self_employed,97526.38
d03c0ac5-cdda-4482-8cf3-3d26486e6662,Yashoda Jain,58,Pune,self_employed,18397.14
fd41fcff-0480-40ba-a105-4b6f271aa18b,Abdul Narang,44,Hyderabad,business,124061.93
9ae34587-fa36-4733-854a-cf53ec9507ce,Owen Dar,38,Jaipur,salaried,32767.29
1ca36607-9325-4da5-a6bf-309d7cd05e1b,Bhanumati Bhakta,22,Ahmedabad,business,78790.63
71b0c66a-c9f2-41d0-838a-dd7e614c6ad5,Gautami Srivastava,31,Mumbai,salaried,25233.15
7c9c2653-9ad1-4d60-b034-84c128b4e67f,Pratyush Brahmbhatt,40,Hyderabad,self_employed,166657.48
e582b2f6-f0d1-4c57-aa27-ffabbeb06a87,Vrinda Kata,48,Kolkata,salaried,61085.57
658e6871-62af-4e3e-8426-61a6521fd5df,Vidhi Trivedi,50,Delhi,salaried,25087.23
2d8e2c42-93a9-42ed-bcec-06ef6399da00,Amrita Mani,23,Bengaluru,salaried,18633.1
5cad0ec8-1f1d-4305-aaa8-b0cb3c58756d,Fiyaz Atwal,60,Mumbai,business,51683.54
d172c5ee-3533-4f6d-ab73-a09ffe9a03c7,Warda Balan,22,Hyderabad,self_employed,66446.46
9472c2a5-2267-4d8f-9a81-8b6bd5efaddd,Anusha Loyal,51,Pune,salaried,40949.83
066fa106-535e-43c3-8733-e0602bb14e41,Teerth Radhakrishnan,38,Pune,salaried,67952.65
6e901f63-bdd7-4ab6-a194-064fc92b3bc2,Elijah Pal,53,Pune,salaried,53903.99
24bd4deb-62f2-41a4-b7a6-d9a3b0809ee5,Leena Singhal,42,Bengaluru,salaried,58970.02
917b817f-d1d4-4f3c-9012-d3e43fca6f16,Samarth De,37,Jaipur,business,98141.92
23ab724b-ed29-452b-a6a7-ff6a0f921997,Lopa Dar,39,Hyderabad,salaried,18130.5
71464e1f-ea4b-4a8a-af79-5116e00c4f0e,Gayathri Tella,49,Delhi,salaried,32930.37
bc273f2b-e162-4ca7-a4a9-51042628971e,Vasana Pillay,41,Jaipur,self_employed,102956.6
965471bf-db74-4a09-a761-27e3300e30e6,Logan Gupta,22,Bengaluru,business,69816.76
dfb3f06b-beee-47ba-a284-39005cbd511e,Zayyan Vaidya,27,Chennai,self_employed,69714.48
33655732-cdc4-43c5-8366-36694fc15e13,Varsha Butala,44,Delhi,salaried,30965.4
37f41703-e93e-401b-8504-a512650cc835,Turvi Balan,36,Delhi,salaried,21700.58
f8c3bd89-283e-497a-a2a2-ce5f3e89ee61,Hemang Narain,21,Mumbai,business,65446.63
a3625e6d-fe30-4f81-a3af-18917db0f12f,Nitara Parsa,42,Lucknow,self_employed,60860.11
79e05fef-1cbf-443b-a1c4-c2062aa8b4a1,Akshay Mishra,58,Ahmedabad,salaried,26164.43
930a1502-fd60-48dd-ac90-681c36ef4536,Mitali Krishnamurthy,42,Delhi,self_employed,41564.52
3e58fb95-9a57-42f7-b091-2d13b66f314a,Odika Vora,24,Bengaluru,self_employed,25396.73
6a508f36-c11f-44bf-975a-078e95f120e3,Bhavini Dada,26,Bengaluru,salaried,63552.55
0bc5fff6-e8d0-4436-aedc-fcb9ba5d3883,Shaurya Warrior,26,Mumbai,salaried,31343.81
a785ca16-817b-4af9-a84a-8c0fc5d93934,Ekansh Tara,35,Chennai,salaried,75085.13
b247ebae-c6e1-425c-8dec-836981d7f78d,Varsha Parekh,26,Pune,salaried,77992.97
f3f21075-3a84-4b0f-9975-d1b6788a99e9,Nathaniel Sangha,54,Chennai,salaried,34873.31
2c3d4bcc-7b2c-4e8b-ae60-11ae9169b51d,Ekbal Narang,33,Ahmedabad,salaried,21933.61
4176800c-5050-493e-b1ea-163446089d8e,Inaya Sachdev,32,Ahmedabad,self_employed,12000.0
99cb6810-6af0-4cb9-943e-ef5a141ddf43,Triveni Doctor,58,Mumbai,salaried,17395.75
511ab11c-ed3b-49b5-a5fb-b033937d0eea,Yamini Mannan,53,Mumbai,salaried,18271.22
a4e39018-eefd-45b7-a34f-b5b964a2e0e9,Nandini D’Alia,33,Hyderabad,salaried,72347.4
029f6906-db7f-4b54-9cee-a3ad2de0887f,Simon Dalal,55,Lucknow,salaried,38480.71
3c75fa63-a767-4dc1-b748-2f19aa712eb9,Jeet Rajagopal,28,Delhi,business,103843.9
d528c376-d151-4f5c-ba33-e57fbd9bf9bb,Aadi Anand,41,Chennai,salaried,12000.0
b846cb58-41c9-4dd2-abbd-cd91cbece71d,Chakrika Bhatnagar,61,Lucknow,salaried,19950.65
cbf75406-0033-404d-bf2d-ef269e262ac0,Bina Verma,47,Jaipur,salaried,56587.3
9974ea6f-6a7c-4fa2-bece-b913e3e69b18,Mohammed Nanda,34,Pune,self_employed,59918.58
c175b575-b792-4653-a5b7-4bbaf06611e4,Dalbir Balakrishnan,43,Chennai,salaried,33738.58
f7965a2e-6f65-432d-ba7b-1e72ccef5968,Fariq Narayan,62,Hyderabad,salaried,48166.6
2495e1f7-4339-4b1e-89e6-e980a7fd39ac,Vidhi Rajagopalan,31,Delhi,salaried,82281.28
5e4cf1bd-db09-4cef-8bb2-4b99742ffe23,Christopher Savant,52,Kolkata,salaried,32515.71
c1c6e001-c940-4399-b2de-1452f2592321,Dakshesh Agrawal,24,Lucknow,business,77841.72
a71f7126-23e7-4519-807f-281e5eeeb9d8,Bhavika Lad,48,Delhi,self_employed,56095.89
a8c724de-f7b4-4bac-8494-78a47b506855,Madhavi Narasimhan,49,Mumbai,self_employed,261575.11
216880e6-8438-430a-97b1-6f8fb9b5ae4c,Balendra Sangha,26,Kolkata,business,12000.0
02e9597f-da1d-4424-9bc5-1560b28d6899,Ojas Jani,44,Lucknow,self_employed,79083.23
410445f1-23b6-421d-89bd-4b50acb47a3f,Rohan Brar,25,Lucknow,self_employed,45235.54
23fdf089-848f-43ec-b92f-22339e9f5c10,Lakshmi Sanghvi,41,Ahmedabad,salaried,48213.09
d7532576-03f7-4c4f-91fe-39634ba210f0,Jeevika Goel,51,Kolkata,salaried,26142.4
2e1c3817-1cb5-46ad-b9b3-bae3a35f72bf,Farhan Yogi,52,Kolkata,salaried,35437.2
4831553c-a01d-4a35-952b-a8c60b8fea40,Gagan Kothari,33,Chennai,salaried,51829.01
0a27a754-86d1-425a-918c-087369d20306,Yug Sarraf,23,Kolkata,self_employed,433235.67
1cc9ae22-0adf-43b6-b98e-ae8b7f3bd26a,Aadhya Mukherjee,50,Kolkata,salaried,54394.49
b3939af0-973e-4782-a500-3206982ada2b,Gaurika Swamy,46,Ahmedabad,business,34089.37
