id,borrower_id,loan_type,principal_amount,outstanding_balance,emi_amount,interest_rate,tenure_months,months_completed,disbursement_date,status
d5c37604-7e45-4697-b4ce-0ad10f2209da,68cc7220-8b76-4166-a3f0-56cf996c0d71,vehicle,1036000.0,479518.17,27142.3,8.86,45,26,2024-05-08,active
abab1b2a-95ea-4136-bbc7-8c56b9ea6f2d,1993b817-8170-4ab7-b4d4-526464718380,personal,61000.0,19909.41,3464.32,14.94,20,14,2025-05-03,active
7fba645e-2174-4d23-86d2-4f6206ee52a4,e62b9250-9449-4ee0-ba1a-a7a153bd8b2b,education,1301000.0,519557.02,20576.8,8.73,85,57,2021-10-21,active
de1daca8-8b78-4a14-9ed7-02298785aa04,e4525d3e-f9bd-4ec3-87cf-6dedf8b280fa,business,3377000.0,2577910.25,88107.62,10.6,47,13,2025-06-02,active
21690ffd-4f72-401c-b753-8eb07747dfa1,b5ff392d-114a-410d-b62e-7cd445cee6ac,home,623000.0,406332.93,5882.0,7.8,180,88,2019-04-05,active
cc127da4-60ab-4607-997a-b0d9661e9473,e51f9bf6-4e48-4d00-9269-ed69306af730,home,4230000.0,2516308.39,46824.02,8.11,140,73,2020-06-28,active
73bdba43-793b-4565-8ce6-eb7f37dd7187,83e16c55-ec0d-4878-be77-8f2cb4ae52f9,home,4149000.0,2688130.8,37869.21,8.5,212,113,2017-03-16,active
d1f3695a-cdea-4700-a340-bea84be2c183,1b889cca-1846-45e8-a504-d0a9c4345979,vehicle,488000.0,414089.95,8201.14,8.65,78,15,2025-04-03,active
ee396445-c739-4b66-aee2-53dbb49a8d26,f8b6636c-1335-4724-a21d-ae4802899a67,home,2925000.0,2582921.52,29103.77,8.72,181,38,2023-05-14,active
73353b0d-11fc-4924-9745-e337941ad532,45df213d-2be9-4169-bbf0-71dead0efdba,home,7575000.0,4586011.31,65156.13,7.93,222,127,2016-01-21,active
1d82f22f-5e9a-4782-9bd1-8799e19721d4,90d588ee-394c-441c-a91f-dbae62333227,home,2810000.0,1512088.83,31212.94,8.18,140,81,2019-11-01,active
1895d01a-50bc-46d7-b5b3-e5518c42b8e2,8fe60dcf-065e-463c-8417-c6c934336eb3,business,2259000.0,499185.24,65334.47,12.4,43,35,2023-08-12,active
6210f724-69f4-48ac-8e9b-7af7307a0c9b,dbc91ce0-2973-4f5d-8af1-82b37dba82cc,personal,376000.0,240397.3,9439.01,15.32,56,25,2024-06-07,active
3a3cf409-8435-48de-b314-fdf0529abac2,9c9491b5-efb6-45de-b28b-a6916ba9581f,business,2473000.0,686254.46,80045.13,11.79,37,28,2024-03-09,active
4da9f9cd-78f4-485f-ada8-72ee30184650,bc7273ca-ea70-4434-8d9d-59a794788db3,home,7584000.0,5738693.67,67372.52,7.97,208,82,2019-10-02,active
37a5ba9b-11e7-4b64-92d3-98413a5adfc2,be65bb93-4bbd-4c4d-93b1-e8ed87057e0b,business,4529000.0,1806344.32,96761.31,13.15,66,45,2022-10-16,active
a0c0b75e-e5a8-40d0-b7f7-e04a900e2914,84239039-3ab2-4c8b-9242-4860b012033b,business,1789000.0,1087637.5,48537.79,13.61,48,22,2024-09-05,active
8035a73d-0201-4cda-84cb-af0c44c6772c,cbd59e41-328c-4341-a109-31348403690f,vehicle,1230000.0,261742.7,30341.15,10.27,50,41,2023-02-13,active
0a2ffcf5-30b1-4c56-a926-9033781c9837,ef5a5fac-ef79-4419-8994-1d97e47b7fc9,home,6647000.0,6538227.9,65608.48,8.63,182,6,2025-12-29,active
ba8ed8b3-13dc-4418-8e9b-1b07275ab351,2cf8937a-044f-40a1-8897-94d8551e4198,personal,446000.0,197041.34,15406.19,14.75,36,22,2024-09-05,active
fc424d8f-9bc2-44ce-ad92-9595ed843e58,da5aebd8-9825-4b9f-9f4b-0a28fe8e9b7f,home,4182000.0,359198.29,41473.39,9.3,197,188,2011-01-17,active
f8de9d0e-9e18-45bf-9961-90d70dc9a69d,ec96474b-b595-469c-975b-318f836d54e2,home,3871000.0,624103.37,33404.19,7.89,219,199,2010-02-21,active
cc5cfd3a-a9fe-4c82-9b65-9a33c8b216c8,dd7e1f80-e1a3-4313-b7cf-c2b9858def6a,personal,114000.0,78084.71,8294.92,13.37,15,5,2026-01-28,active
4b10f7be-a223-4bc2-aa1a-48214a140245,9f71483c-d53b-4696-b23e-f611b062b23c,business,1771000.0,1418765.83,33612.6,11.93,75,20,2024-11-04,active
41857790-5b1e-4750-b218-79641d4281f2,33ccd40a-c671-461d-90c8-ec44a119522d,business,4792000.0,3290718.22,103324.96,13.94,67,27,2024-04-08,active
47f14971-bd25-4cf7-973f-3cd8d7f5cd21,336ec6e9-33b8-4571-b756-ebaeec2b59c9,vehicle,1363000.0,748849.55,24759.28,10.01,74,39,2023-04-14,active
fb83401a-14fe-4de9-8800-4c09cb257774,313a8fe1-6e24-4065-81ee-3fd86f728d09,vehicle,1524000.0,507524.9,38513.67,9.81,48,34,2023-09-11,active
ceab82e6-5a4c-4dba-bff4-0b5a9bb85c03,79037c07-f875-4f6c-9ffe-f27da86ef1cc,home,6430000.0,6356303.19,65909.66,8.9,174,4,2026-02-27,active
5a354075-5df7-4ce8-9e97-395aeee9ceca,66ee6a1d-9ee9-40ba-920e-7a4bf4069b6e,home,2032000.0,843235.71,20408.2,7.55,157,109,2017-07-14,active
38c2582d-e2a3-4cea-a8b0-7864715fe9f8,4a3ef400-0661-410b-9014-d43510c4b8c4,home,3987000.0,2887726.87,37350.67,9.49,236,116,2016-12-16,active
e7c0a7af-a81a-4a2c-abb7-91e917de59d1,887c9bb2-a0a6-41f3-a039-c55fb2d3be83,personal,300000.0,187903.7,7835.62,13.22,50,22,2024-09-05,active
4e6eebbb-2566-4073-887b-81b5bef523e8,eba7e710-58bf-43b8-bfbd-af50ce10113f,home,2552000.0,861769.66,26318.98,7.9,155,118,2016-10-17,active
47f60cac-07cf-4f0a-96b3-7f03b1c735f6,6b128996-d1bf-41a8-bd83-ceb087878acb,home,4899000.0,4326680.11,53679.59,9.41,161,33,2023-10-11,active
6c6dedbf-af71-4b81-9d95-7bea297f2fb4,844971ec-131c-46ee-958a-414a195dbbfc,home,2949000.0,2043339.11,28512.18,8.24,181,82,2019-10-02,active
e1a6ab7b-99e3-4719-8058-93375a70ee02,764a4647-b7c6-44a6-ad55-2353596daa4a,vehicle,875000.0,387592.18,27607.98,10.07,37,22,2024-09-05,active
ba60bb46-e21a-4cee-9d52-1fa020eec2ef,9a1dccd1-18bf-4003-9e77-76d4be4e8931,personal,197000.0,143059.99,4299.98,11.17,60,20,2024-11-04,active
efa09483-d12d-4175-9170-ccdaf3f5aac5,4bf53518-f705-4202-a4b3-0eff1c219c0e,home,6174000.0,5900138.01,77195.06,9.27,125,9,2025-09-30,active
5f406907-c7b6-483a-ab84-1b93c2062fb3,f53a0fc3-ae9d-48e8-84e9-f62cb416e510,business,3626000.0,3206979.43,71317.34,10.26,67,10,2025-08-31,active
256fc85a-f52c-484e-ac30-b7904e53214e,2f0d768b-cab6-4b46-8ae5-68489f80d3f3,home,1267000.0,868823.31,14919.51,9.38,140,62,2021-05-24,active
775858e7-cff7-4107-8cf8-cccac2886e2f,4160661a-5216-4267-8e33-957cb2baffe7,home,3202000.0,1547083.8,32383.03,8.18,165,107,2017-09-12,active
d6887a68-e825-46c0-b929-1ea6b833153f,4a6cf787-cb39-408d-8d90-6dfb65d4a7ba,personal,81000.0,5303.78,2697.49,13.73,37,35,2023-08-12,active
20183c6e-d68c-4b9c-99e1-ba5641fea124,9164369e-7209-4822-b276-9cdad0219b48,business,3991000.0,3517818.96,69825.86,10.62,80,13,2025-06-02,active
1d5a6d6b-26c5-4f34-b1ed-55f4cee00141,a71a8683-f3ea-41e8-a612-f8185cb5a72d,vehicle,1007000.0,630394.45,28157.66,10.41,43,18,2025-01-03,active
25d23597-d442-413b-9902-bbe2d97d0907,15e411d4-3d89-4e5d-8059-ab8b70454658,home,924000.0,893199.29,8589.5,8.62,207,15,2025-04-03,active
38bb4a9d-755e-4081-a5fe-e1b2318c92ff,9c84e9a9-5142-4767-9964-26b482e15b27,personal,364000.0,241786.39,10517.65,11.21,42,16,2025-03-04,active
6f6a4765-5c63-4944-92b2-9f96bb563c53,7680e805-7c07-49ce-beee-1690400e0cd7,vehicle,1910000.0,1039784.43,51804.07,9.75,44,22,2024-09-05,active
b12c0a1b-be49-4c4f-8dc7-72b3c3d26db0,5092bf00-975e-47a8-86b1-974e6d781661,personal,335000.0,168122.06,10733.04,11.1,37,20,2024-11-04,active
5c8bb7d0-4d16-465c-8905-0d2b4080409a,c29edc32-28e1-46c3-9872-0324828d15a3,business,3414000.0,3117117.96,61585.8,11.66,80,10,2025-08-31,active
8e2f064d-d9c7-4f66-89ef-5caa3bfd5374,8a916265-c30c-4b92-a6ab-791138522159,home,4923000.0,938669.38,52745.74,7.96,146,127,2016-01-21,active
f123ae5f-c070-411d-9a69-e7e40caa2952,6a7c165e-3823-4675-98b7-b4cc5e103bd3,home,5764000.0,2819880.52,57398.22,9.26,194,132,2015-08-24,active
c7615b61-5c1a-4058-b39a-393b433759f5,08ec9303-c6f1-4d27-be50-5aceb2af2ba2,vehicle,496000.0,479067.75,12105.32,8.88,49,2,2026-04-28,active
9f7687e0-d3ea-4069-b478-bc8d61c534dd,9ee1aa93-fc13-4bff-a083-c16b16bf9bcf,vehicle,1540000.0,904980.41,34906.03,9.16,54,25,2024-06-07,active
44070d4e-e486-460d-8b05-920a23f397b5,f2032fb7-f405-427a-8ca6-c8e58b249438,business,967000.0,661511.4,25951.79,13.02,48,18,2025-01-03,active
78ad3cf8-934e-4ece-a47d-06184239f45c,2e78f685-eea5-4456-a403-99813796fc47,home,2953000.0,1884081.75,31325.84,8.29,153,75,2020-04-29,active
d7528855-08f3-4653-be8c-2b0a43c0aa0f,6e4381cd-0b8a-4ce4-a7f3-c65b09da292b,personal,250000.0,12568.21,6397.13,14.36,53,51,2022-04-19,active
456a1d16-8f51-48bb-a980-fd38c9193b26,306f4fe1-21f3-4fec-8a18-84d13b81066c,business,1087000.0,889827.75,34290.55,11.55,38,8,2025-10-30,active
61182adf-dad5-4d7f-ab81-b5aa39e42f31,d147fb6f-a62a-40ef-9a9a-a178c1b7d439,vehicle,1774000.0,1087197.25,45334.77,10.4,48,21,2024-10-05,active
c6c5448a-2bf6-4f61-93e2-2efe4879a517,037855df-6190-4b76-b030-708f54cfa05b,vehicle,1414000.0,588479.04,26320.88,10.54,73,48,2022-07-18,active
5ffdd507-c6e3-4cba-80b9-41eee87b7d26,1f0fe24e-6cc2-4423-a404-74abbc0477dc,personal,342000.0,222361.13,15297.99,13.83,26,10,2025-08-31,active
bc1bf49e-7800-4a45-85ca-509d4a61e84e,28df5adf-ba72-4089-aa41-90451061a6fc,home,679000.0,579281.37,8168.52,7.93,121,25,2024-06-07,active
1ad53876-a44e-4c30-b6cf-ec4cdd76a080,c93e7299-c82e-412e-8552-c078af70ea95,vehicle,571000.0,317315.73,9484.31,9.47,82,43,2022-12-15,active
1276ae9c-2c6b-49fc-b723-45af280d7c9a,080661df-8c81-4d0f-8ce3-40ffb55bec12,personal,226000.0,118205.02,5007.85,11.83,60,33,2023-10-11,active
ed585fd0-9a10-4dbf-9a89-1725b8940862,8c985200-4ff8-4531-b797-5a13bc90bcdf,personal,319000.0,240921.36,8207.06,15.29,54,17,2025-02-02,active
48d629fa-d42a-4d4f-8277-6699f1ba8766,dca4c9a4-e023-4af2-b255-a7a011f99ecb,home,1304000.0,559913.95,16667.09,9.21,120,81,2019-11-01,active
dafac165-9115-46eb-8dc9-1b4d5d237b37,e10e96fa-16e2-475d-aa2f-77c82c64d4a8,home,584000.0,371995.94,6506.49,9.36,155,79,2019-12-31,active
2897d522-bf63-4ee9-aed7-0526253a083f,ee7a9580-bd41-456d-bdb6-a00a4fddb7d0,personal,378000.0,164267.06,19136.81,11.49,22,13,2025-06-02,active
f5f9184e-2b30-4aa1-aa49-cc977df7e702,f8ea40a0-086a-45c1-9314-26728625badb,home,1931000.0,1160569.89,19884.34,8.98,174,97,2018-07-09,active
1de8cbd6-52c7-4a47-9870-79bd547d926e,c26aa05f-7d54-4150-8c9d-d2fc8c78d4c4,home,3631000.0,3513372.56,43755.74,8.09,122,6,2025-12-29,active
0928ed1d-2e5b-4cc7-b2a4-9a791f857fb5,010a7e22-b914-4ea6-8361-ef86dbf3a196,vehicle,744000.0,560131.25,17560.12,9.64,52,15,2025-04-03,active
5cc88627-1b2b-47e6-8ed7-27e0474d5406,6e24b727-4036-4dc6-8b66-ff9f6401e586,home,5275000.0,3133612.83,50560.19,9.09,207,123,2016-05-20,active
275285bc-3c16-4840-bd8b-656d0e967b2c,d2d4fa52-3f4d-497c-b54d-4803949843e3,home,1344000.0,599853.49,11835.04,7.97,212,150,2014-03-02,active
9666238d-b56b-4ac2-9ca5-efff15f077f0,aa5f3b73-f910-4666-a8c5-199b58ad58cb,business,1511000.0,240479.77,49647.13,12.81,37,32,2023-11-10,active
ae1c219e-d5f9-4795-8214-618b01ba99b0,20002811-c4b5-416c-a145-a6ba8bb2f9b3,home,5689000.0,2505773.44,59678.6,7.63,147,98,2018-06-09,active
70323e58-2a88-422b-b5c9-ec745fb75e86,97ccb8f8-60d5-40b0-9c0d-5168bb38e139,home,4231000.0,3815128.2,37412.7,8.43,226,46,2022-09-16,active
02f8796a-a415-49b5-bb71-1cffacc413cc,bd321288-bee8-458f-b537-fbd8d44fdbed,education,1196000.0,256037.96,24373.64,9.31,62,51,2022-04-19,active
63f52aae-a471-4d8d-a3df-d6a5e47c9b23,ae6d53cd-fd43-47e7-90ce-b3bcbbeecfb1,vehicle,1478000.0,946618.96,24723.26,9.7,82,36,2023-07-13,active
de5a1b25-5cfd-41ef-a22b-d415d72cefb1,2d69cc45-410c-4eb6-abe9-e36929b29eda,home,2540000.0,955111.51,21396.97,7.88,231,178,2011-11-13,active
4fcc531b-4b90-489d-8efc-2538a96faae7,254401c6-a48f-4cab-a3e1-dfc6d56ee143,personal,51000.0,17066.26,1224.7,11.22,53,38,2023-05-14,active
a3dc5d98-7cd8-447e-84a6-6db7b597d17e,33d3c66f-fc8d-4418-b427-efee56779629,vehicle,984000.0,675647.06,16760.67,9.72,80,31,2023-12-10,active
0bf607a8-5958-4b66-bf79-1c6985a7eb9f,98a6734f-e801-4e94-a95d-c72659d009a8,vehicle,1537000.0,462653.66,35023.13,9.41,54,40,2023-03-15,active
89ed06ac-c20c-4eaa-91bd-7beeadf8d2b6,23b74c3f-a3d0-4b59-99d9-7989fe90058f,business,4139000.0,1519953.97,79659.76,10.66,70,49,2022-06-18,active
5cb68b51-f03d-47ae-a223-064a97b90f7a,01f00f00-44ff-4016-8b4f-137e1defaf30,vehicle,1173000.0,738188.87,26493.36,10.34,56,24,2024-07-07,active
87fe10fb-34e3-44c9-9c22-84b359dcf9f9,31da44fa-8350-4248-8db2-4208635065a8,business,2985000.0,1974774.6,67027.32,11.87,59,24,2024-07-07,active
2b4344be-373a-47b2-a95f-169b5c9f4b9b,1bebc944-fc0c-4f40-9901-952bac4e5f0e,vehicle,466000.0,107243.38,8166.47,10.38,79,65,2021-02-23,active
31f42fc3-caa5-4619-a297-0b7639e4dcaa,51a3324e-8070-4f40-8213-0cc9ff83879f,business,2158000.0,1655411.46,44542.98,10.35,63,18,2025-01-03,active
57064344-41f5-4ba0-976c-3b7fa8de469a,843cdc82-1a7b-4bb4-bccf-29724c8e5d85,vehicle,799000.0,434162.89,17471.5,10.11,58,30,2024-01-09,active
1fcb517c-23d0-4f65-9441-41f422dc4ad9,9e22558c-01c9-4dfd-8cb0-bbc2d977c0f2,vehicle,1751000.0,964732.74,46587.92,10.72,46,23,2024-08-06,active
26da911a-aa60-421f-9cfa-634bea1eb66d,1438782b-5578-4eb8-b4a9-64bd05044f14,business,4327000.0,2117511.15,78365.02,10.58,76,45,2022-10-16,active
1014e7ac-9c64-4a1f-adb7-358c9d4e27bf,d682e8bf-01ec-44cd-b63d-1cb0cfb428b3,personal,424000.0,43598.01,22215.7,15.26,22,20,2024-11-04,active
f9653184-ed73-4689-8b0b-6194f2c71189,6694a4c9-b333-4848-accf-26b7aaa39b0b,home,6622000.0,2753569.17,75348.79,9.15,146,103,2018-01-10,active
44dba24e-131c-47e2-b5eb-b4cf432bb716,04e94de2-905e-45c8-8fbe-f6071f4c4fb7,home,3642000.0,3449168.82,44154.76,9.48,134,12,2025-07-02,active
56d8e169-196f-4049-8dea-7494904a6aa8,9156158a-c731-4a60-b7ff-adf6a44f7699,personal,309000.0,63717.32,13247.01,15.67,28,23,2024-08-06,active
382d718c-4f22-4319-853b-775c8f782b8a,d4fed92c-b3bf-480c-912e-f389b3b96d96,vehicle,1531000.0,805891.13,26743.57,10.27,79,44,2022-11-15,active
619e80f6-c74f-4c8c-ad1e-1484b1a02aa2,35497447-8324-4045-803d-fdfedaa3d5bb,personal,196000.0,51916.85,6828.42,13.74,35,27,2024-04-08,active
87d04f07-7d06-470b-a9e5-8b0d13387f0b,81678e97-40a8-498a-b02c-1356c76e3614,personal,419000.0,18539.59,18754.19,13.89,26,25,2024-06-07,active
5d5874a4-d882-4258-96ca-a5d1190db15c,22661daa-ff11-4093-b758-558e41085ad4,personal,388000.0,46660.27,23684.47,12.13,18,16,2025-03-04,active
74f7d49a-e16e-4a8f-85df-83da25d0ac2c,7f4cd139-a9bf-4b43-9dd6-5b8529d2944b,home,5705000.0,5680839.91,49503.35,7.88,216,2,2026-04-28,active
f00a3451-906d-448b-94f2-db88218023c8,f4803c13-d295-461b-ac77-6cdccc5d7ee8,vehicle,1945000.0,1705896.56,54836.48,9.74,42,6,2025-12-29,active
9e27e37b-c1dc-43be-b5c8-7cb3e1c4fa43,9dd4d122-2247-499a-bac9-a1fa913d2e45,business,1671000.0,1255861.28,29159.22,11.62,84,28,2024-03-09,active
923afbf4-bf47-47a5-a5a5-088011a1f2dc,20987605-4453-4a67-a8ed-c1ce67b192e6,personal,93000.0,86011.95,4339.71,11.12,24,2,2026-04-28,active
e7cdaf62-ddf2-4724-aa51-7af479237077,26b65158-e459-4b09-87d6-22fd952c87be,home,2053000.0,1977725.05,18984.22,9.05,225,20,2024-11-04,active
1eca5043-9d89-41ae-a079-0e29dba4cc1b,7d88d8c6-684d-4100-941b-7b5143a72edb,home,3894000.0,1618091.67,44554.81,8.34,135,93,2018-11-06,active
65275434-eb73-4acf-8a43-e334389ab542,1b20d965-e87d-4b7c-90de-31546b3c01ae,business,251000.0,97131.42,4712.19,11.2,74,51,2022-04-19,active
03b48787-b257-481a-af89-c76bd4ca1409,a0a20b09-0e28-4a31-95b0-a80c3ccdabfc,personal,187000.0,82782.94,4881.05,13.95,51,32,2023-11-10,active
dda44886-da48-420a-afb1-fad0e824feb2,c1eaf1ec-b420-4fa7-befc-959d806d08ce,business,3048000.0,2890892.84,55942.91,11.97,79,6,2025-12-29,active
9a8e0bb3-0cfe-4b82-87fb-a5af463bb4d5,be66d126-be05-40c3-b6e9-b8c77d8d26e2,personal,208000.0,8695.27,8800.33,14.5,28,27,2024-04-08,active
932c8808-81cb-477a-b50b-8a18608a4f90,3b62f78d-ad11-40f4-a6fd-3ac2dbca0c5d,personal,293000.0,87216.7,18019.19,13.11,18,13,2025-06-02,active
6088a1e7-f16f-48fb-a474-e12c7beb0dc4,6587c7a4-4bb6-4c43-acc4-392e9caae487,vehicle,1433000.0,175715.13,44797.02,9.45,37,33,2023-10-11,active
5f9c4351-87c0-44ff-b8c8-73d9feb9b7a0,f32f27fa-c36a-4d3b-ae3e-bb7f1bb157af,business,617000.0,551551.76,15326.52,12.17,52,7,2025-11-29,active
4892e52e-413b-4142-bdd2-d6f194ab4be5,e5625a3d-3391-4572-9055-37874e4fea3c,home,6730000.0,4018658.56,66483.87,9.34,200,118,2016-10-17,active
c4aae468-3a0e-4fd5-8681-9ae1f77feebd,0461666b-2398-42e7-b1e0-47935a2d5ad0,personal,202000.0,190277.63,5552.78,15.92,50,4,2026-02-27,active
4483626f-555e-4f0b-a399-3cd308e79a56,8b6b6588-4174-4eb0-b1e4-a6781e755e8e,home,4645000.0,4007662.74,44605.89,9.21,210,57,2021-10-21,active
d56225a8-8d04-478d-8715-0a4a324fd2d4,79060cca-e302-4e74-8732-5a0daa365154,business,656000.0,626514.87,11540.1,10.51,79,5,2026-01-28,active
1e6b4369-ba6f-4d27-b376-5c8aa6927bac,e63dc221-d6e4-41ad-9241-9c38615a8e71,vehicle,1000000.0,518684.8,18802.54,8.95,68,37,2023-06-13,active
3886ee22-fe30-47bc-9e29-8dbc1edd3a9d,cc35c4fe-5646-48ac-a984-b87860b93665,business,2063000.0,1896185.27,41775.64,12.61,70,8,2025-10-30,active
dfa138cc-08a6-48e7-a34a-66c2fee0e564,e445c178-1fcb-4368-bf88-37a58108a01e,home,1383000.0,728981.92,13385.75,8.48,186,117,2016-11-16,active
404d26ab-cbf2-41fd-ac62-3a668f5a589b,87bd5341-3a19-4680-9850-368a049237db,home,1721000.0,717336.04,18394.82,8.7,157,111,2017-05-15,active
bfb783a9-e9b0-497e-84c1-fb5784f03844,0c90ff37-a0cf-40f2-8e5a-1289b529d554,home,1661000.0,1037498.24,13865.75,7.65,227,125,2016-03-21,active
d45ee5f7-13ba-48ef-a4df-9a3902a9b1f1,3d364109-701e-4502-9bc4-0764fb44f562,personal,53000.0,44413.96,1276.1,15.03,59,13,2025-06-02,active
5a6bdcaa-7ef7-48b5-bcab-4d064741bf11,0c04c077-2686-43f9-9461-f3370a155075,vehicle,279000.0,13988.78,7073.7,9.06,47,45,2022-10-16,active
d7ca376a-774d-4258-bedf-c491327bed8d,157ed650-d5b0-415f-ae64-ec3cab00f7ef,business,2568000.0,2207821.11,46108.85,11.78,81,16,2025-03-04,active
29f42507-43c1-40cd-988f-8fd1cf5419f2,ccf16c4a-b85b-4f8e-be14-00dc6a8eb8ee,home,1544000.0,694163.67,14958.59,9.46,214,156,2013-09-03,active
e9fd8675-0b74-4f5e-9395-a53bc9a0a1bc,06b46871-8f49-4ede-99f3-471d9c9ba3b9,business,2303000.0,1354572.75,53244.36,13.18,59,29,2024-02-08,active
658b7c5f-b1ac-48e8-b9e9-5a72bafaeaf0,d29f38e2-5dae-477f-89e4-75bc899d1ffc,home,4439000.0,2150577.22,40154.15,8.24,208,141,2014-11-27,active
2c67093c-e8d1-425f-97e9-f635ed1cfd08,51925ac9-1732-4712-bcca-58c4fba4b743,home,4052000.0,1650222.27,42854.03,8.37,155,110,2017-06-14,active
1d53adf5-9728-4734-ac35-fe803adf6adc,1df651f1-2db3-4b22-b952-2dbe2aae4056,home,1154000.0,913335.12,10807.99,9.4,232,93,2018-11-06,active
bc0806cf-2896-4453-abe4-495fa5f2c0f0,7ca633a1-1e17-49c3-825f-adf57140ac8f,business,2634000.0,2229670.58,68326.95,13.63,51,10,2025-08-31,active
b25d3008-92ab-4500-9ffe-00d3097ca60a,6db1f993-0eaa-4018-881e-49e98ddb0632,home,1715000.0,1440701.75,15691.18,7.87,193,52,2022-03-20,active
ae1b1ba5-9ae2-480f-bfa9-ccc8150b1ebb,3752ba59-e373-415f-9058-f46e25605812,personal,498000.0,50910.87,17361.81,13.79,35,32,2023-11-10,active
821bea14-33e6-4469-869e-015fe2928ebf,d2f80ce0-45a5-410f-b997-1b75072b3356,home,6425000.0,5531802.82,72180.42,8.66,143,31,2023-12-10,active
d25e8f17-a5af-4227-8d7b-a90b1b330d10,7459ba93-70a1-4f08-9936-f4863fb3fd0d,business,1315000.0,592653.72,35921.38,11.2,45,27,2024-04-08,active
ce198bcd-4980-44a7-a98b-3fc929c88e12,8235f406-1a7d-417e-a1dc-d153bd28a539,home,950000.0,519258.66,7969.66,7.52,220,136,2015-04-26,active
5e3ba029-4410-42fe-ae06-cacebcac09b5,955680a2-fbc1-4606-a844-50a9bbe002b7,business,3011000.0,2273023.81,98875.99,11.21,36,10,2025-08-31,active
2dcfac56-7630-4e1a-905d-0b31633e8ae8,2b90762b-03d5-4612-9305-eb88060e2cf5,home,2328000.0,1962719.55,23689.24,9.1,181,50,2022-05-19,active
4e5172ba-bf3e-4bf0-b395-37b95ceb58bc,92eac359-8a99-4490-ab56-734527bbe45f,business,2496000.0,1303101.06,62735.17,10.4,49,26,2024-05-08,active
d31494ab-f658-4210-8b64-34cbcaffefdf,248bf3f6-00bc-428f-85eb-78c15d1e2042,personal,332000.0,253779.69,22515.98,11.73,16,4,2026-02-27,active
63f04d07-20ef-4126-a7fb-1b698de35bab,9af31261-2035-48a5-84a9-b5ce0f680c8c,vehicle,462000.0,117279.75,7356.01,8.67,84,67,2020-12-25,active
429a2627-78d6-4de8-bc80-9a0666736175,01d9a851-bd9f-4a3a-b746-6ac9a2623545,education,238000.0,65177.83,4322.91,8.49,70,54,2022-01-19,active
d66576f0-8b8a-4cdf-a478-8af51a80ab40,e5e5be19-f885-4875-ac51-7383d8629b3a,vehicle,851000.0,420632.82,21115.83,10.57,50,28,2024-03-09,active
3859c65a-a19e-4c52-815c-6c1d93552bed,de3d1e19-5db4-43a3-99aa-182a7e7b55ea,home,3739000.0,2740042.83,32096.29,8.14,231,103,2018-01-10,active
7f449fa4-5d84-44b6-ac9d-c6f0deb4fe1b,039ac23c-2d00-4e3a-b009-9d49afddb35f,home,5537000.0,3893996.46,47256.64,8.25,239,117,2016-11-16,active
d1e7a0c0-17b6-47b3-afd9-30488a36397a,cdb20509-fc8b-47ce-b355-0161bd400fdd,business,4361000.0,1449383.07,81420.86,13.63,83,63,2021-04-24,active
4267d9c6-c983-41e4-8476-c5d604150c4a,20dd2e0d-1568-43f8-b691-4cefd2ce5265,personal,406000.0,296829.77,13333.8,14.23,38,12,2025-07-02,active
a2e0ca51-dd79-481e-a429-39ef758a4925,8cf4848c-b322-4eba-8b49-1325929af64b,home,4409000.0,2439649.6,44504.24,9.05,183,112,2017-04-15,active
4580d4bd-59ca-4a87-9b38-f1eb178b49fb,a0f27ac3-b4d8-41ff-b948-7875dfb4cded,personal,238000.0,191393.65,6304.12,11.42,47,11,2025-08-01,active
2803ba4a-2da4-4bbd-9f7c-0a5d92f29725,3e090a7f-d316-482d-9d3d-72c75e47cbbf,vehicle,272000.0,126790.11,6301.19,9.48,53,31,2023-12-10,active
b2c020e2-bb6c-4463-896e-4d97f0b2f664,ccd39396-45b1-4abd-b12e-719a2f845c72,business,4936000.0,2128264.9,112082.66,11.21,57,36,2023-07-13,active
2c5cdae3-5dd4-45ef-a047-23e46caccab7,67e01bd2-ba77-4b0b-aa2f-78c25d032dc3,personal,464000.0,202950.73,13936.97,13.56,42,26,2024-05-08,active
33537b5f-b710-4539-820d-8e07236ac8a8,742a7ec2-d409-4f28-9809-50915a2c1d83,vehicle,1711000.0,1362201.11,31588.4,10.24,73,19,2024-12-04,active
314ed547-53c5-4523-ab5a-38ae3e3d3660,bac0ef78-53ce-4ef5-88b8-554dc8cc656d,personal,91000.0,18527.94,2788.8,15.88,43,36,2023-07-13,active
eb65774c-f6b3-42db-9fc3-f6e1da90cb38,a4eeeec7-b573-4c13-aca4-3e2ea49376c5,business,3231000.0,2246635.96,80822.11,12.52,52,19,2024-12-04,active
4974a482-14c7-4630-ad37-23c881bd1cfc,3d64d239-e6cf-47b3-8020-67df3af1e56b,vehicle,1270000.0,770821.48,30723.22,9.28,50,22,2024-09-05,active
bd735d1c-54f1-4f7c-b917-1e1ae2886001,c93b4f03-5d71-496c-ba73-a5940301fba9,vehicle,1219000.0,980564.58,27148.7,10.93,58,14,2025-05-03,active
1b1a2f56-1cc3-45ed-8882-3e87ffbf1c0e,a9a7eaec-d70f-4f30-a356-9e833802cacb,vehicle,1132000.0,464169.02,23008.49,9.2,62,40,2023-03-15,active
9a17c5a6-5179-4a26-859e-ec6e0b8054ba,de524f26-1697-48e5-b90d-21340e955bd6,personal,347000.0,295538.22,9322.64,15.45,51,10,2025-08-31,active
1855b0c8-c270-4599-9407-84eb11df1430,3d24495c-69e1-4c4b-b546-45fc9eeeb91d,vehicle,1439000.0,762570.03,36648.98,10.22,48,25,2024-06-07,active
dade1078-e369-44a8-86a6-df7955dda07b,0bec4950-af19-42f7-b6f1-dfd8fa3c071f,vehicle,1195000.0,286943.08,30093.26,10.5,49,39,2023-04-14,active
22c6ffeb-65d7-491c-99bf-c1bb2c493aaf,2900683a-4a9d-4c0a-8bd3-e09912169026,personal,103000.0,36357.96,2527.81,15.38,58,42,2023-01-14,active
c8d61719-a645-4a02-9d1c-a07401aec06c,be73dfc0-69d3-4082-8c69-599fc3305eef,home,4986000.0,4377751.94,48599.37,9.16,201,48,2022-07-18,active
2675f939-061f-4a00-90e6-f00663883197,6715ea66-4136-409d-b336-af33ca2969bc,vehicle,1657000.0,850245.96,34947.13,9.11,59,32,2023-11-10,active
bed2de1a-04ff-4ae6-99c2-644e44a82d27,8d111d3c-9282-422a-ade0-0d0b65d42b06,vehicle,1878000.0,1625957.82,37388.44,9.84,65,11,2025-08-01,active
93974c30-f237-4bf7-b4ee-5e7584d247e2,34359aba-95ef-4720-a7ef-4271dd86d879,personal,82000.0,23595.43,4907.47,15.83,19,14,2025-05-03,active
08b986e5-b0a9-47d2-ab92-003f252d5c19,451b4a20-249d-493a-a1a8-b45607d6d32c,home,1917000.0,1257369.51,16073.74,8.01,239,128,2015-12-22,active
e47144cd-930b-4571-bebb-488153f1e5af,4ab5798f-60a4-42c6-a41e-a6d32924ef31,personal,496000.0,185189.53,13625.91,15.11,49,34,2023-09-11,active
181fb8fb-6182-4900-9c69-93eb53edc071,d004235c-667c-40ec-abde-46c70cb0f5d1,personal,140000.0,30255.29,10353.69,15.91,15,12,2025-07-02,active
7678361f-45ee-4b7e-8ce4-58743f62f6bb,10d3cac4-304c-4092-ac29-bde05d77bb94,education,1231000.0,756415.5,18776.77,8.87,90,42,2023-01-14,active
659270bf-d4c5-41be-8d65-acebe4bc66ff,4a1e6fb8-96ad-4688-9ca8-8998c7ca882e,home,1858000.0,1768442.59,19628.59,9.02,166,15,2025-04-03,active
3a03370f-7cce-48e8-852e-1692a541a281,853b81c6-b184-4c09-884a-34f13177f212,home,1027000.0,606820.84,12003.49,8.6,133,70,2020-09-26,active
5221f965-7cb4-4dcf-a1f7-1606be500322,fd9db41c-d662-4596-b98f-f0e3e661afdf,home,1219000.0,1065221.74,11337.93,8.87,215,54,2022-01-19,active
c39d5370-e3e5-4e5a-acaf-6f00ffdb27e4,ff93fcdf-03b5-4070-b511-9c0a4b4a8504,home,5452000.0,3990408.63,62381.98,7.52,127,45,2022-10-16,active
f23234f9-b31a-4e60-9d52-b25873dbbce7,028f6beb-6e2a-4889-b2a5-551b68ddc5c8,education,1467000.0,982136.37,24807.8,8.86,78,31,2023-12-10,active
c6e9b07e-db86-404e-bbc7-2cfb5d1fd07d,31b19787-179f-4442-85b4-106eb98638b3,home,5027000.0,2538820.77,44075.64,8.03,216,143,2014-09-28,active
878276cd-42ff-4348-9eba-28cdd31c713f,220dc994-9890-4561-9620-2661702c4fd5,personal,156000.0,74879.39,12985.89,13.77,13,7,2025-11-29,active
68d3db84-0077-426e-a1c5-933a43c7507a,17b0174d-01ba-4d4f-8041-0dddc0be31c3,business,1025000.0,385893.32,22188.98,10.81,60,41,2023-02-13,active
08e1128d-2562-49bf-9fdf-dc56e6b6bb60,7e72bd01-77fc-4dde-a69c-6ace1c08c6e6,home,1703000.0,1333491.78,16706.74,8.98,193,71,2020-08-27,active
2c6031b0-d4ba-4ec8-9787-751c530ccad7,b5e0a87f-5c39-461e-94d3-df3e859270e5,vehicle,424000.0,310830.13,10364.64,10.61,51,16,2025-03-04,active
0eb18e61-6bf7-430a-ac51-89edcfb43f05,2bda534c-a283-4b6b-b190-8e45272679ca,home,5072000.0,4424195.21,42399.25,7.85,234,58,2021-09-21,active
f904d260-cc64-407f-a271-62e3f0f5e6c1,6b1815b4-b07a-42c9-ae7a-ac1782ef8900,home,524000.0,216789.21,4733.65,8.12,205,150,2014-03-02,active
8bfb363b-3696-47f8-8c88-0b57e1bcd56d,564f73ea-e93e-4a3f-8d23-f3d71456848d,vehicle,1729000.0,1555440.22,34140.73,9.03,64,8,2025-10-30,active
5ee5ebb7-df19-45df-97ad-c9693672ee50,74afd412-c33a-4072-b588-5104d341ed58,vehicle,935000.0,263722.61,18728.85,9.61,64,49,2022-06-18,active
6199b26e-513b-4fb0-b210-fbe0e2ddcce3,59244bdb-57a1-453d-9790-ea8f90cab386,vehicle,1731000.0,347742.68,28247.13,9.45,84,71,2020-08-27,active
a67800ee-7e8b-4fe9-a1e4-376b42d640f6,308028b9-959d-4392-b7a1-e59d1522b026,vehicle,569000.0,93596.89,9782.15,9.73,79,69,2020-10-26,active
4d6c469f-1746-42e3-83e1-b8c846cfc529,7155d9dc-abcc-445b-8a41-3826b1a8ae85,home,655000.0,350007.19,6469.84,8.73,184,115,2017-01-15,active
17ea2198-a2dd-45f4-a95f-3aa725cb62d5,5abe73b8-56bf-498a-b27b-6445bbdb5fe0,personal,218000.0,9799.62,4969.68,11.39,57,55,2021-12-20,active
0b152498-1ac9-491b-81dc-eec5f04f5a7e,3e4ef196-2f5e-4956-a203-a5187ac96edb,business,2013000.0,1410254.39,43057.95,10.83,61,22,2024-09-05,active
392ebb22-fd95-485b-8e36-57ec95ce79ed,690b0a6f-b54a-46f0-8ba0-59af3bae95bb,business,1516000.0,1064735.06,26725.16,11.16,81,31,2023-12-10,active
60565512-d683-418f-a61d-f8e6cf9a3c82,e633b57b-f735-4c2f-b42f-81565ba39d62,personal,445000.0,73041.88,37181.0,14.43,13,11,2025-08-01,active
03680047-5ee0-4fd9-8483-eb1d197c7da4,47e1bf87-965e-4a49-b2d7-4b9f6e0894bf,home,5732000.0,5619523.99,58368.46,8.93,177,7,2025-11-29,active
b73a1a2c-976f-4184-8010-91582e142d6c,d5231425-791b-427a-96e0-f736045b55e6,personal,205000.0,45354.48,6721.15,11.1,36,29,2024-02-08,active
4cd31e96-4e69-4a1f-91a0-067c47d66cc8,3cceb684-24d2-4911-9901-79107565099e,business,4564000.0,2115456.98,135689.62,11.75,41,24,2024-07-07,active
c6aa2f92-1e5d-40d0-beb9-834c3048e5eb,9849c1a7-f648-4e0d-8adf-1700557ac8ec,home,3249000.0,2622944.04,34776.03,8.46,153,45,2022-10-16,active
f839bd23-c35f-46c5-9236-40ac5e2c6568,ff577434-9e6d-425e-9549-9719b319e96c,home,4891000.0,4103863.9,47976.64,8.7,186,52,2022-03-20,active
fd399418-2c0e-4c14-98be-89905c0cdd8b,f034e975-07ba-4b22-851b-73a763e1db93,vehicle,1962000.0,1508947.52,40914.9,8.62,59,16,2025-03-04,active
852882d3-b6f6-495f-a921-9e2b06893abc,321a31e9-dcf6-41fc-bc8b-f8f7937c2291,home,7369000.0,6872299.48,87440.79,8.73,131,14,2025-05-03,active
a6d2b60a-b233-4778-9059-57edb3db17f2,fe071972-a876-43e1-93e2-ec02450e79e1,personal,286000.0,184011.05,11933.03,13.27,28,11,2025-08-01,active
99afb892-3828-4e67-abd0-66fa7bd02895,818418f1-3809-4156-b844-5db23a9f9597,home,3769000.0,3321667.69,35183.66,9.33,231,60,2021-07-23,active
b8c1e76f-0cc0-4ea5-b857-783e1bfad737,d59729ce-5ecd-44f3-ae93-d50772fca49e,personal,125000.0,103072.18,8502.37,12.16,16,3,2026-03-29,active
abea7908-8f12-4cff-aa71-64897a3a7a0e,46f6b2e7-c201-4746-8083-3d7453b7de04,personal,308000.0,136152.27,6917.6,11.88,59,37,2023-06-13,active
59b54e75-1280-49bb-aad6-d0a5ce3a19ec,0dea599a-5d06-48b9-8396-dbd08690f5b4,personal,240000.0,158828.66,12227.43,12.18,22,8,2025-10-30,active
f8e35a2f-6e70-4e1f-9fcd-f797e2f4a479,def2e1bc-0356-4e8e-b14e-64fc6d5dfbbb,business,570000.0,416447.78,16434.37,11.08,42,13,2025-06-02,active
71a77e64-e78e-445f-82f1-05663f91f5e8,950e00b9-0d51-44a5-9e27-3a64f2350f5c,business,3939000.0,2928245.43,79892.37,13.04,71,24,2024-07-07,active
f0b248a1-d96c-4c20-bb91-7e43e4c58767,7c065d40-5a7c-4d97-b17e-6cb9ee888449,home,7491000.0,4319199.53,83358.88,9.07,151,85,2019-07-04,active
a5c6ea9b-f5e5-437d-8753-34ce643e6e44,7bd5c50c-a34b-484f-957b-ba2851f6426d,vehicle,1579000.0,61059.44,30932.15,10.53,68,66,2021-01-24,active
f7db25cc-383c-4cf6-be82-06cee9941f1e,f45a6ef5-81e7-499d-80e6-939e81f8caba,business,473000.0,147762.61,13036.77,10.67,44,32,2023-11-10,active
0978bf44-5955-436a-bf5f-72be371a2c98,a309283a-51d5-485b-ae8c-291d6218a641,home,1492000.0,1142642.94,13370.75,8.72,230,96,2018-08-08,active
e74db7ca-fc6c-4feb-95e2-93dd80581797,6f90a16c-a42b-4c50-938e-94a4d052de9a,personal,176000.0,22233.61,7575.72,13.27,27,24,2024-07-07,active
6e0e1c98-6f85-4012-8719-7bdb629a6efc,54eeffc0-9400-47ae-9bb1-f9dd594882cf,home,2362000.0,2296686.53,22373.1,8.71,201,12,2025-07-02,active
2d3c2ac6-fc5a-474b-a9b0-810f3de2668f,f02f54a1-1c01-41f3-aff7-6cdcd74a6009,home,3331000.0,1745246.74,40537.53,8.07,120,69,2020-10-26,active
4eb9bdc8-655e-4376-82c8-3c2f2f080113,5cb02d36-dc92-44f8-b3ec-01a51efdeb7e,business,3452000.0,923766.31,76218.25,12.2,61,48,2022-07-18,active
7df44c87-f300-464a-9b2e-772392843837,8a8ef274-f193-462c-b446-46bbafe7e1b9,business,2720000.0,1348607.08,53389.19,13.77,77,47,2022-08-17,active
71723fd0-2a43-4c95-aef4-99cf27891d3c,74706d0b-ab8d-4ff7-98ca-cc3965cd1163,vehicle,1239000.0,826861.39,20428.63,9.51,83,34,2023-09-11,active
611daca4-41dc-436e-8dc5-cb442136b798,97f9e6ff-3831-4503-893f-0f27b3477c04,business,2157000.0,1734149.03,45476.11,13.43,68,18,2025-01-03,active
71555862-c437-4665-a993-5b00c931c885,cf7f5e0e-445a-4ecf-a1ef-afcfec9e3412,vehicle,572000.0,310714.73,10676.65,10.99,74,40,2023-03-15,active
5344f165-87e6-4714-958b-856c3a18f67d,16f48b11-157c-4a8b-a9d5-6b59844027d6,home,7281000.0,4102159.65,73215.23,8.25,168,97,2018-07-09,active
cdaffab4-a16a-488b-a529-b630997a2717,fe0d482a-a043-4a4a-9a4a-2db9e929c283,home,4154000.0,2662447.8,35174.34,7.53,216,113,2017-03-16,active
58bf1410-e6e2-4399-afc5-fbd51feb6265,2b03154f-111d-4b1d-80da-202213198f1c,business,3802000.0,933478.58,83577.36,13.46,64,52,2022-03-20,active
b139981d-6c04-46b3-931e-9969bbca64d9,a191f71b-ca00-477e-a6dd-6c4da9fe09e0,vehicle,452000.0,376551.57,10166.57,9.49,55,11,2025-08-01,active
4ac1226b-45c5-48d3-985e-2c2987899cb5,41c6474b-df67-4050-8815-7140cdde30dd,home,2203000.0,1215316.69,21314.37,8.01,176,104,2017-12-11,active
1ce1452d-b18c-435c-9c34-127d1ad5478d,2d428907-dc45-4c1c-a765-749feec7be13,personal,259000.0,112242.87,11920.87,13.32,25,15,2025-04-03,active
7cab8100-d829-4972-b81b-22c3bd14b9c8,e292a7ed-7e3a-4127-9d9d-3242c012ed93,education,566000.0,475298.16,10759.74,9.79,69,14,2025-05-03,active
7e77aa8b-1771-4e03-b1a0-2b9f30f28bef,4f614abc-0661-4774-bd59-7e0984eeb94c,personal,74000.0,25829.03,2337.99,15.55,41,29,2024-02-08,active
329a3686-337a-4a1a-aca2-f1f2009dc7e7,e19de351-f296-47f4-bb9c-7fc341de74c4,home,2705000.0,1734705.5,24130.64,8.53,225,124,2016-04-20,active
f2815c08-3c41-413a-9de2-8b2b9a711d68,a0a5c966-e6fe-4ec6-8b0d-3d0d5f6e8540,home,7860000.0,6057540.31,69399.97,8.46,228,92,2018-12-06,active
a05d5b9a-605e-4fb1-8415-3c79f73e41d1,c37ebd5e-5c63-476f-a816-33f4ce66c2d1,home,2828000.0,2592905.42,26443.72,7.83,184,27,2024-04-08,active
c59cb410-baf8-42e7-bbbe-43dbf338fe11,6008b6cd-41c0-4c58-8745-5bb26c4cd0d4,home,5833000.0,1217645.72,59478.8,7.62,154,132,2015-08-24,active
635a91e7-4064-47b7-bb43-e8b7a0c43c20,b1ee0301-962b-4a62-8dc5-4654dbb40c77,home,4408000.0,3242297.19,53570.29,8.4,123,44,2022-11-15,active
1d3acd08-33e7-4f22-8949-c9c90f32755d,740355a5-2820-4193-9e2a-4730b5ff00b0,business,2409000.0,1032092.2,44943.88,11.31,75,49,2022-06-18,active
c4092230-1e3c-4a3e-a08b-cbb0ed3fc956,ef01938b-6838-4943-9b20-5080677af02a,home,4377000.0,453276.54,52329.33,9.27,135,126,2016-02-20,active
76b16ec6-45e7-48b3-a82f-f5bf098d5e39,0621abb0-cc13-484c-aa34-4d7038753b7f,personal,281000.0,41226.84,7172.82,14.9,54,48,2022-07-18,active
d21508fc-9f6b-4c65-bf7f-dfc187ee47d2,4ce99670-65e0-4f4c-a840-8e0f54388dd2,vehicle,1111000.0,524268.14,30150.42,10.83,45,26,2024-05-08,active
0352da10-0d9f-4319-9730-bc0618b817a4,05c290ef-9510-4622-aa28-24d8f22db346,home,5857000.0,4823949.61,54976.34,8.95,213,70,2020-09-26,active
637579e2-2c3b-46f5-ae5f-5039e381e75b,cf8dae81-eeda-4df7-b528-1f6bb883e80e,home,6216000.0,2571258.48,65954.87,7.69,145,100,2018-04-10,active
24b2ba0c-3d79-497e-bd45-ba38aa055271,e8ffc68a-476c-4d64-a3be-ac97fe5a07f7,home,2152000.0,25383.11,25554.66,8.11,125,124,2016-04-20,active
5fd6bf09-e9b8-469e-bef8-0ac45c52067a,024105c5-c5ac-40e0-a815-9aaaa96b3f79,home,3638000.0,2959289.59,40061.0,8.34,144,40,2023-03-15,active
6eaa6cc9-f0eb-4d30-8f46-c8be3cd8aa4c,e23f22df-357a-4e0b-8efb-a8367956f740,personal,306000.0,261607.07,13751.79,11.0,25,4,2026-02-27,active
a4c235e2-0708-4712-8e8d-beadfe1d66c9,9f1c01f4-fb6f-41f6-a030-d8e80bdb09e9,home,781000.0,750652.21,7099.65,8.47,213,18,2025-01-03,active
1d26d4bb-9534-480e-b706-b1406c626b40,fb0a454a-44c5-493d-9814-138ff52f13ee,home,7364000.0,1062407.97,86250.22,9.35,141,128,2015-12-22,active
a8c9311c-c969-409f-842c-137c5e0cd9aa,1b913ee4-c7d9-4fb0-af6e-dc0fbf6c3236,home,5521000.0,2621092.35,52102.8,9.3,223,159,2013-06-05,active
90eaf293-d6ea-4fbd-8d2b-8c048d0b7b78,e33a3c5f-213d-47cb-ba47-13118c73be73,business,1986000.0,1118964.2,43126.85,13.82,66,35,2023-08-12,active
d0946f21-d40e-4c10-b376-60af5f7f5035,74c33cbd-4a1c-4e32-967a-6ec580df466c,business,2830000.0,1637014.66,49321.52,11.32,83,43,2022-12-15,active
f957a921-2b25-424f-97e9-b4cd916512ab,2270ae48-2592-43ff-a22f-51b6b7c58236,personal,350000.0,93937.02,8432.12,13.95,57,45,2022-10-16,active
0778f1aa-27bd-47cd-8954-4ff85d524caf,ee81512b-a562-4557-8b02-be92d4718f29,home,4954000.0,925205.38,41840.31,7.99,234,210,2009-03-28,active
9b9f570e-fb9d-47a0-882f-f11dd8bedb5c,96a25acb-d66b-4384-9dcb-e866cb5c35ae,home,4125000.0,2762883.77,44986.92,9.38,162,78,2020-01-30,active
712f19cd-6d60-4fa9-aa73-edb1a9c65aa3,eded64c0-cce4-4212-998c-e6dbcb18bac1,personal,376000.0,178624.38,12075.23,11.26,37,21,2024-10-05,active
671a89d5-8081-4d5b-96a3-c36c664e16a6,88cc7a36-986c-453e-b07a-6df498676eca,vehicle,664000.0,455438.36,17720.57,9.89,45,16,2025-03-04,active
bc6dcf9d-b117-4fa5-96ce-4aa0181a5c99,468d5a87-2c42-4390-9596-7d4e183e2a5c,vehicle,648000.0,151336.86,17582.36,10.82,45,36,2023-07-13,active
010ff0f2-43ca-4904-9269-5bd92ef38f0e,ce2bc61b-f67e-4b3a-aff8-8dcda31c96b7,personal,236000.0,100592.71,7787.32,13.1,37,23,2024-08-06,active
18a4beb5-9a6a-458f-9543-57bd10a14bfb,672c6c4c-ff62-4bcf-926d-86ad9d0b1c23,home,2319000.0,549997.02,21714.17,8.46,199,171,2012-06-10,active
f1015099-be5d-4c21-a50f-aa8f7cd069ca,cc6cd664-02cf-4f1b-aed3-c65e15418d6b,home,2855000.0,2054979.83,23490.7,7.61,233,105,2017-11-11,active
6bd81b17-022b-45a9-88a3-0f8c966fbf1e,abeda23e-ef27-4c42-9b8e-c2e01342b6dc,vehicle,477000.0,191612.65,9652.67,10.95,66,44,2022-11-15,active
8c83a23d-c4ad-4d98-85f5-da86342a4005,4f605ba3-b842-4da1-bce3-ba6e7096fed7,vehicle,413000.0,165494.91,9917.82,9.72,51,33,2023-10-11,active
53727005-7d42-4afd-b782-d4977f8a87b2,a6551247-29b8-4482-b881-063e727c8b72,vehicle,913000.0,635352.32,22556.79,9.51,49,17,2025-02-02,active
c38bc565-7bf3-41fe-923c-6c190eb92979,61ea4e7f-7e03-4156-88d2-6d5a175e21e6,home,5079000.0,2607096.09,56149.28,8.17,141,85,2019-07-04,active
98453578-89c6-401d-9178-985d41bef058,7df37656-fae2-4a4d-acb9-81370b96850c,personal,434000.0,389347.12,26347.42,11.41,18,2,2026-04-28,active
47d34ab2-26af-4c04-8268-321f974ddde6,3a425041-48d0-4f7d-9990-02da604be9b7,home,3714000.0,809150.69,30660.02,7.68,234,205,2009-08-25,active
9a1826d2-3674-4691-9115-38681a209257,48aa518a-a5da-4a16-9f17-a124913ff676,vehicle,1366000.0,951798.62,40215.5,8.51,39,13,2025-06-02,active
214a9b18-927d-47df-87a0-295f1c54f115,6020bc41-0357-4807-b24b-90fd9bd5cf25,home,2686000.0,986605.7,23375.26,8.23,227,177,2011-12-13,active
7141684c-cfbe-4b70-8ac3-aea5042820fa,8c0fa331-733a-4c7e-92f2-881d5dae20bc,vehicle,1460000.0,1363858.52,25478.78,9.93,78,7,2025-11-29,active
2797a142-187c-4cd6-8172-d2b124924d7c,a4a8a51b-661a-4e98-aedf-a5647418bfef,home,2823000.0,2483550.85,31590.95,7.58,132,23,2024-08-06,active
8d4a1949-2669-4997-9d8d-c4061a547ff7,b658639a-21a2-4cc5-bb45-e023c55ed2a5,education,1267000.0,149855.91,17341.47,9.85,112,103,2018-01-10,active
4a8a8eb0-0a07-4ee6-9b37-cf0294284769,59bc5fad-4693-49f0-b2ff-e1bc016bf2e4,home,3431000.0,845378.49,32048.19,7.72,182,153,2013-12-02,active
e1cec0df-6171-4749-aaad-d5cd2cb6babe,a3cd043e-4987-44d9-be3a-2df21270b612,personal,427000.0,276834.27,29643.18,15.16,16,6,2025-12-29,active
2df26f68-ee34-4d95-9142-c9ccaa05e758,72bc9630-132e-432c-92e6-77b1ab6f0347,home,3968000.0,1738001.07,33892.24,8.02,229,166,2012-11-07,active
f130bd59-23f6-4d7a-bc75-9ddfbb446fab,46b2520b-faf3-4738-a7bf-c0613b6600ca,business,2671000.0,1383734.77,55484.71,12.43,67,38,2023-05-14,active
dd2f01d9-a4c6-4390-93fa-164cdb2ad4c0,f4987e80-e392-413a-b07a-96fefb513b39,home,6891000.0,3867976.51,61059.83,7.83,205,123,2016-05-20,active
30df3987-f16b-45b4-9ca3-576d84d37b52,ce3f6e88-75c0-42ab-a4ff-bfdc94be9c40,vehicle,846000.0,226367.42,16040.54,9.27,68,53,2022-02-18,active
9e06fb97-4619-4717-a768-e71e0b837f8b,c25de7d8-6d4e-434d-a397-f885e4519bfd,personal,469000.0,363966.33,18190.87,14.33,31,8,2025-10-30,active
0eca941a-1cdf-4a0c-9862-615b75fd7545,8e1b8940-15d2-4f83-bde3-1cbb66b8604c,home,1615000.0,1484539.48,17482.12,7.57,139,17,2025-02-02,active
f5ea7cc9-ce96-41d3-9404-85d95b3e03c9,7b8d1e94-6681-4e6b-bb0d-4017e10b1699,personal,103000.0,71354.59,6473.73,15.99,18,6,2025-12-29,active
c794b94b-4772-45ca-a4cd-b65f82311f5f,6b5927cc-ba1e-45ca-8328-cc42d9e75a35,home,1051000.0,816499.26,9266.73,8.17,218,83,2019-09-02,active
f135caef-0429-44c5-b3f8-ac2b27acaefa,669b2f2f-9472-457c-a3e8-ee6340502a87,personal,373000.0,23193.72,11786.37,13.05,39,37,2023-06-13,active
2aacd6dd-3fe8-4554-b1e4-51837a425e31,5bc0741e-a2e2-4746-a279-e11903ac38d0,business,1652000.0,501554.9,28846.51,10.84,81,62,2021-05-24,active
e6657905-0c9b-4df4-bf94-8f35f79fbe21,dc2f4e2f-5a3d-4b3f-8250-04286fdd0f2c,business,1948000.0,1799956.63,41609.35,10.77,61,6,2025-12-29,active
bf0f5d88-dbf2-4d31-a60f-49daf9d30925,86c853e2-96f0-49dd-9f24-c05edf6d4015,home,6808000.0,6030888.36,58848.84,8.0,222,49,2022-06-18,active
47088bb4-fde0-4581-b619-3ad430f7897a,2662f210-2c0a-4c5e-a746-2fdd78d7a6e4,vehicle,1034000.0,85829.11,21926.9,10.46,61,57,2021-10-21,active
d852d3ab-74f9-498f-8567-ad90dee0e8c4,a627a4ad-fae5-4e81-a214-cb1655a4b646,personal,110000.0,31647.0,4177.5,14.73,32,24,2024-07-07,active
f853d282-c17e-4c16-825f-0d728b7aaa2d,f84855c7-d74e-4a42-976c-c8a5796cd3b1,personal,192000.0,57238.1,4450.6,13.83,60,46,2022-09-16,active
11c061d9-e50c-4014-a7a0-04cf17dddac0,5477fa97-e628-480b-b1b3-a92bf9dd15fb,home,7019000.0,2389044.17,82447.77,9.41,141,108,2017-08-13,active
48f631f7-aea9-4331-a199-fbf6d1000d4a,874dd1db-ed68-46d7-89a5-d0d03bbf6752,home,7066000.0,6034941.07,70668.74,7.8,162,37,2023-06-13,active
95119af2-00e6-4edc-9618-7dc11685b043,2e5651f8-9632-4c0d-bd60-71159d11dfbe,home,5029000.0,4052553.92,55883.95,9.31,155,48,2022-07-18,active
1bd65620-93d7-441a-8a03-cfd1dcd6d552,7095b5ab-8b5f-436c-ab06-64a5566a9a29,personal,397000.0,247967.0,9986.31,12.8,52,23,2024-08-06,active
a14df56e-da75-4bbd-9164-4d1b41d0812b,73cf40aa-a68b-4726-848b-9e1a815fb6e7,vehicle,871000.0,54602.14,27600.38,8.76,36,34,2023-09-11,active
648022a2-1d7a-4686-8f3c-af3de6d27198,cb4f80c4-db0a-4027-a22a-ce9ff3d23795,home,1609000.0,241345.11,15154.22,8.82,207,190,2010-11-18,active
05954e76-b0e2-4814-9ae3-bd797f0aa64d,bd208aa6-daa7-496b-a48f-a929bd247bc8,vehicle,692000.0,293695.12,14763.91,10.72,61,39,2023-04-14,active
0716779a-5167-45d9-bbf1-96605de423f7,2db5bb4c-a22d-4d48-83e8-f6b2f434ad8f,business,3139000.0,951938.1,69136.4,13.08,63,48,2022-07-18,active
4571993d-7fbe-4451-a9a9-a98d24fdfda1,51b3f499-eb94-4393-b132-9a19e7dc7dad,vehicle,1019000.0,619366.03,17191.76,9.98,82,39,2023-04-14,active
088c7451-e35a-4b5c-ae87-23c65ff6de5e,dc7d9cdd-0037-4f4d-ac18-0b23486f2434,personal,390000.0,337668.02,30067.78,12.42,14,2,2026-04-28,active
1970fc31-a7b8-4c96-97f7-925889b0ea62,5f1df4eb-b990-4d58-a1bc-99b26694ba19,personal,332000.0,173352.34,22769.52,13.37,16,8,2025-10-30,active
bbe54e28-8813-459c-b789-744d7df04770,4278b918-feec-40c6-b463-146b880e4a4f,vehicle,1845000.0,936747.22,33440.24,9.93,74,42,2023-01-14,active
0099d3f5-66f7-4b0c-984b-577e723e4c88,89ca45c8-7cbd-4d24-a4c7-f4b74cf657f3,vehicle,601000.0,121904.02,14072.28,9.25,52,43,2022-12-15,active
ed4e6dc2-8894-4660-b13f-30bfd3229abb,efeacfe3-c47c-4ff3-911d-59de6d512446,vehicle,1670000.0,1081510.58,29855.19,10.76,78,34,2023-09-11,active
f581004a-1fb3-40a3-9041-c12243113e61,7673cea6-d401-454e-b380-9d672e937093,personal,52000.0,21498.49,2261.75,11.2,26,16,2025-03-04,active
9eef04c3-a0d7-445f-aeb7-14c67d1dd97d,51d275de-f788-40b8-8013-18af597de6aa,home,517000.0,130388.56,6476.43,9.42,126,104,2017-12-11,active
5b28910a-ead3-43bf-84d7-1e2692b8ed53,66ee352b-6a20-4e38-9f92-9d861f0e913a,vehicle,1163000.0,1114425.91,22495.52,10.85,70,4,2026-02-27,active
7d2ed5fe-8456-4557-a78f-ccb6e1268c75,0b4c18cc-08f4-4dbf-8fc0-78164a38ab2f,personal,479000.0,12413.55,12568.1,14.94,52,51,2022-04-19,active
df28225f-f2d6-4891-84fe-82b10287b0e6,2e0ec67d-42ae-45ed-8175-1baf13b3c94e,business,446000.0,8297.67,8372.7,10.85,73,72,2020-07-28,active
5f4a7ccc-5bb5-4ecb-8216-5daef22265c5,ec5d16a9-2ea7-4646-9cbf-85e4759f1f13,home,1369000.0,629636.98,15507.8,9.35,150,101,2018-03-11,active
f341ad2f-381f-4325-b9fc-9c793708c86d,76d4b426-78ba-41a9-b217-ff461510b19c,personal,198000.0,191444.96,5614.33,14.28,46,2,2026-04-28,active
2e154515-d387-4cae-b978-9978065bc33e,6659593b-fe20-4a7c-a40e-f1f83c72e0ec,business,582000.0,138227.69,10564.34,10.98,77,63,2021-04-24,active
354ce369-d0f2-4e69-9720-b2e8b35fb936,626aee59-c148-470e-b1c7-9da1caed0a3c,home,1474000.0,1325628.89,13792.22,8.96,215,45,2022-10-16,active
7c9f567c-adb5-4f2f-81c6-327592e86709,4e2b63b9-f6d9-4627-b9e0-e64cd90768d2,business,3425000.0,2053736.94,72065.93,10.65,62,29,2024-02-08,active
cfa100ed-ceb2-4800-b37d-ddab90e77fa5,1ac6e406-d192-4cac-be9b-5dc6fda948bb,home,1729000.0,956997.41,20708.89,9.03,132,75,2020-04-29,active
c5be09c0-0cd9-44d3-afee-6784c1692d26,fb398e30-4ba5-449e-8f3d-d76fa970d6fd,personal,294000.0,264876.81,8191.24,14.2,47,6,2025-12-29,active
b2198f48-fbc1-4116-a32f-590f8fb62db7,b91799ad-932d-4949-a0c4-1e622d5bc4c1,education,1759000.0,1417625.41,23836.9,9.87,114,32,2023-11-10,active
13e08476-470b-4762-a2e7-96775c5233d1,ed8ba9a8-08d7-4ad6-9328-5a0df98604d2,home,6278000.0,5650576.18,60221.71,9.39,217,47,2022-08-17,active
90fbfd02-2e96-4f58-a765-809f36deabe8,695f1b81-a5de-488b-b444-88de046be7fd,home,3885000.0,594992.29,44791.76,8.5,135,121,2016-07-19,active
c2a0e7af-bf72-43ac-8fa9-49f71d5298cc,503f6cea-f39a-43eb-9f92-9943352adcfc,personal,267000.0,238090.97,6760.47,12.39,51,7,2025-11-29,active
a221988c-eeef-448e-90f2-d55a184d9d8c,c25ddeb5-543a-4af8-873b-ecb92febf31f,personal,91000.0,61859.26,4488.61,12.94,23,8,2025-10-30,active
3d05d6ac-30ad-4064-b962-964686f37d04,d910250a-c62f-47f1-bc3c-2de296515e84,business,1401000.0,1178843.97,46595.37,13.64,37,7,2025-11-29,active
59a776e8-8bcf-46d4-9b12-bbb458cbeae9,2bec2de5-70c7-46d2-8271-abd45acb971f,education,408000.0,69669.75,6600.13,8.32,81,70,2020-09-26,active
cffc756b-3485-4da5-88a1-158cd4dc7c0d,3a2f302a-a0a1-43ff-a6b8-c3832484b70b,home,7933000.0,7792206.07,73103.41,8.76,216,9,2025-09-30,active
d6b4def1-73bb-479d-b41b-dd7b1838cc8c,1b4f752b-2971-493e-87e5-23606f58db1c,personal,225000.0,34438.06,5137.89,13.16,60,53,2022-02-18,active
f9502d3f-7207-4e3b-9bf2-3421b6392d9f,535a5842-82b5-4903-8692-b58634ca3108,personal,415000.0,73430.87,18812.76,11.84,25,21,2024-10-05,active
a845e0b7-b32a-424a-817c-c837a152eb36,89c76391-7f8c-42da-8deb-e20f9e9fb55a,business,3913000.0,2833779.26,71267.96,12.79,83,31,2023-12-10,active
d3387c67-d3f2-4483-b235-faffe51dfa4f,a9e2488b-155b-4fcf-9ce5-338de1efdebb,vehicle,1881000.0,248286.0,36648.33,9.89,67,60,2021-07-23,active
28db72d3-ecb8-4338-b6ef-041b4704b1d1,a56f8648-4303-4726-a078-6fdaff75d7c2,business,3284000.0,3072990.81,89082.6,13.6,48,4,2026-02-27,active
fb3a26ad-d56c-45a5-90f7-14ea53391189,72505df1-f45b-40ae-9a59-fce0bed2f855,personal,52000.0,15383.74,1789.26,11.09,34,25,2024-06-07,active
b111c3ac-863b-4e1e-95b0-a1cce22fbe35,33888a90-df5f-4bdd-8bdd-d7e249cdbc5f,business,2195000.0,361809.12,74892.03,13.88,36,31,2023-12-10,active
a556a5f2-43f2-41d1-b158-a7616d84b425,7565ba42-aa99-4824-8866-79dab63046a2,home,6823000.0,6266506.14,64664.54,8.54,196,31,2023-12-10,active
eae88d38-d211-4d78-9d9b-8d9f688f01f7,f249ee78-a569-49d6-a8ce-991596c513f8,business,2472000.0,1146608.39,51370.43,13.98,71,45,2022-10-16,active
a1668773-f806-42d7-9fea-18a040919e95,f7f9f55b-4611-4fd8-a699-75cf08fabdc6,home,6581000.0,5244222.95,61883.74,9.17,220,83,2019-09-02,active
1078bb5c-cd5c-4598-a743-411b4a676416,d8e3af6c-d947-414c-80bc-88d96ad627f8,home,4528000.0,4089038.88,44282.18,8.09,174,29,2024-02-08,active
e988ec2c-cb2c-49e9-9dfc-f9c9711cba32,daf474cf-1992-4971-b85c-5a101f21ae8a,home,2752000.0,1057937.91,32045.2,8.89,137,99,2018-05-10,active
06180de6-6aee-4396-96f7-379f923994e8,859c79d6-5565-4685-b5d2-bbf4efae60fb,education,633000.0,592292.02,8219.27,8.82,114,11,2025-08-01,active
fca6e7e3-2770-473a-b02f-411e13898cbd,ff814ef0-8ca9-45e3-94cf-91abe95b850b,education,791000.0,505399.0,11870.75,8.62,91,40,2023-03-15,active
4d925a33-b1ad-4c82-a0bc-4140cc67666c,eae49a66-aa9a-4f77-b6f6-7392c8cef6fe,personal,62000.0,14006.01,2421.14,12.64,30,24,2024-07-07,active
0bc6bec0-6d90-43b6-ae18-6781d28a3053,46a86cc5-be91-420a-9681-6d5c1315913e,home,1531000.0,1415837.53,14988.9,8.71,187,27,2024-04-08,active
a067bb20-b5a0-4c9c-8419-b3e3fc6add1f,223843dd-1105-406a-b360-fe1ff64b1755,personal,93000.0,57020.43,3949.89,14.84,28,12,2025-07-02,active
ac6d58ea-6519-4d4a-bb98-bed6d3f3e14f,de3f25ff-2911-4b3f-a128-a86471d856d4,vehicle,529000.0,465894.28,13183.8,9.96,49,7,2025-11-29,active
e896cea4-4fe3-4c16-8663-96142ca41167,5616cc9e-d23f-4a33-9e01-e5541bda1ebc,personal,174000.0,84062.44,4026.16,13.75,60,36,2023-07-13,active
6f362aca-2c2b-4a2e-857c-4723144799aa,08346092-4f98-4357-8f50-abd9c5ea540b,vehicle,343000.0,33921.23,5817.4,9.87,81,75,2020-04-29,active
bc50c2a9-bfdd-4e50-b942-20c05f8fee80,ed32a0a4-5c86-4ff0-9420-1129a7a29700,vehicle,1183000.0,1002067.59,22225.19,10.14,71,14,2025-05-03,active
cfb1b86b-a90a-4027-8f19-c1152f989f47,fa1a6b52-cc21-443c-a745-e88ab246e762,vehicle,1554000.0,454008.47,47354.21,9.28,38,28,2024-03-09,active
adcfc63f-5657-4273-9735-00289d5141d3,b397528f-3117-425a-a7d6-9284e30595a7,home,2999000.0,2865431.88,25631.29,7.6,214,19,2024-12-04,active
856db1da-ffa9-491b-ae34-48194547b0ab,62f51d9e-ec47-419a-8d56-fe1f4ceb91e8,home,7585000.0,4325503.69,90868.81,7.71,120,63,2021-04-24,active
e1c795cc-d007-4c69-b8a2-4674924043f7,72eb4261-a777-4fde-8010-7d90e31f5075,home,6571000.0,4819085.7,66711.38,8.58,171,69,2020-10-26,active
14f5f991-b9de-4bc5-b74b-4d7b7be14682,f2d910b5-30a6-4c78-97ab-6cb9a2492368,home,7547000.0,7265779.18,68963.98,9.09,234,22,2024-09-05,active
7a99f9da-84cb-47eb-bba9-b675ba2d686a,9c18018d-6bcc-4fe6-8f7e-f196a6c9e335,home,1888000.0,220728.4,16630.93,8.64,237,223,2008-03-03,active
21d60877-4d3e-41bb-aca5-2e8242cf6542,3852b483-bb70-4ac8-ae71-59757c62a3e1,home,6592000.0,5864478.29,62768.46,7.94,180,34,2023-09-11,active
37f04316-227d-477b-bd10-404293deaf00,3e30a7c8-8750-4c88-a413-78f01ad268e3,home,7680000.0,6657949.12,69504.17,8.86,230,63,2021-04-24,active
b6e2a4a7-16a3-4667-97e6-e81b4d2765f3,7abd01ec-6273-455a-bbb6-58abe8939783,education,110000.0,28193.87,1690.0,9.75,93,75,2020-04-29,active
2644861c-d66f-4d7d-a5ec-bf0f8eb0df8a,32637cd7-93fd-42f2-af86-25c9d658a512,business,3926000.0,2743615.48,103328.82,11.97,48,17,2025-02-02,active
18e55451-c5f3-4676-86a4-da2a4cef54ff,8702b0f4-a583-4109-a487-a3ddc6c092a4,home,2083000.0,1029384.43,19017.31,8.28,205,137,2015-03-27,active
2a837128-67f4-4456-b060-183908fa6d58,6ddbe1f9-252a-4d86-bc50-1b67f793d47a,home,1522000.0,549576.67,14258.87,8.32,195,150,2014-03-02,active
caab54b3-a5ce-49c5-b5de-99f64b496d3a,1ae09859-58c4-4c83-a254-0fffd917cb37,home,2368000.0,868044.72,22098.9,9.28,229,182,2011-07-16,active
91a0b553-4d03-4a46-8c57-62b54c1f3e02,99309032-178c-47da-aaa3-2d52031eceda,business,3312000.0,2679781.36,64727.36,10.01,67,16,2025-03-04,active
3f79434b-3a90-4ae8-8ff7-d69b340c39ff,e015e314-29a5-4496-8713-08853cb5b994,personal,136000.0,43613.72,5751.47,14.46,28,20,2024-11-04,active
b0709eca-3bcd-4435-8168-8678442da9b3,ff596bec-101a-47e2-b22e-a4c647a4a30c,home,5306000.0,3430932.51,63911.33,9.43,135,65,2021-02-23,active
c461931a-918c-478e-b93c-15376907a48e,249e1762-1943-4a35-8d08-1af65696e17c,home,802000.0,740117.41,8887.98,8.99,151,20,2024-11-04,active
b57eac05-7465-464e-b3a9-6513c85fa8e9,496c5971-489a-478f-a1fb-7c8b56fd2109,business,838000.0,711034.92,21351.3,11.11,49,9,2025-09-30,active
1c11b6a0-f043-48f7-96ee-7ef09b746b8b,69d2bcac-6dff-4a1a-9918-68862cb66ff8,personal,343000.0,81529.31,7846.62,11.55,57,46,2022-09-16,active
5ca5085a-d78f-42fe-8e39-d8a70819e14c,9a9ec3be-d290-4b2e-9bbc-51a5b2559e94,home,1302000.0,1071745.64,14259.2,8.39,146,39,2023-04-14,active
1c7a4e8b-5a62-4a31-9803-dd77f4afa78c,1092db96-d9fb-424a-ae05-b03ede023ca4,business,3971000.0,2357237.16,88032.73,11.3,59,28,2024-03-09,active
c1863da6-35e3-49d6-bc82-c7d7e46941b5,dcf59e20-c145-4cb3-8db3-66b3e620eee8,personal,283000.0,213684.59,11453.55,13.22,29,8,2025-10-30,active
cf9600ec-b9c7-40e3-85b4-fde9a62c30b2,e3d495fa-33d2-4b0d-88e3-4af88cf00830,vehicle,463000.0,28641.28,9696.73,9.38,60,57,2021-10-21,active
c47e1468-34e1-4ced-bb33-9e9cefc1debd,aeae1c92-442f-47d3-885e-ea4007a49037,business,4744000.0,3249697.83,119107.74,11.96,51,19,2024-12-04,active
fac1b111-4355-4627-943a-e602d2a90f08,5c8a8820-c2cd-44ee-8da9-10592628714f,personal,163000.0,145809.06,5172.0,13.32,39,5,2026-01-28,active
1017e58e-15f9-48f8-97e6-88f8bb64f590,dac10ef6-c412-43de-9d44-33e32db47c24,business,4202000.0,2644504.72,74368.21,11.83,83,39,2023-04-14,active
c92b770f-f62e-4616-8c37-1c900762c667,d14f6e53-53d0-4045-a70a-728281894340,personal,100000.0,69843.68,3860.67,11.7,30,10,2025-08-31,active
73eb910d-ad96-435c-a663-1f179b2c2bbf,28b2c247-6e4c-42a8-8bd3-4aec2de6ac71,home,6268000.0,2336042.7,63835.5,9.07,180,137,2015-03-27,active
00b19706-40c7-40f4-be9d-f84edefdd4b1,7b127e23-7998-4673-888f-c386604a4be9,home,3908000.0,1476800.69,41829.42,8.79,158,117,2016-11-16,active
1de9b350-5925-4061-bc1f-41b76272f6ad,2cf1d0c0-c14d-4f12-a181-c96e6d7e5b49,personal,439000.0,269872.36,13678.84,15.82,42,19,2024-12-04,active
1e80554c-ebef-4dd4-b232-d1794ebaff17,25a96dad-7e92-4997-92bd-eaaeb077be90,home,2154000.0,543714.24,17867.91,7.77,235,201,2009-12-23,active
d84457e1-97ff-40f5-90bc-8a1aa4a54973,30514e40-f2fa-42d5-bb1d-458c3ddef3af,personal,269000.0,81717.57,12302.0,15.93,26,19,2024-12-04,active
0026e7f1-6082-48dc-a3dc-f9236a1a8382,2a724481-a9eb-4c5e-9266-6022b7ea6dd6,personal,470000.0,158402.08,27358.64,12.34,19,13,2025-06-02,active
f4e6cddf-800d-46aa-b11c-9661a512b23e,ff06e766-2b26-4a52-821a-026ea595450d,personal,360000.0,152320.47,14929.72,15.31,29,18,2025-01-03,active
1cbb2ea7-42df-491d-891b-db36fcfed567,e4d471a0-f9de-43db-8308-c3524d9fb62d,business,3783000.0,3062793.58,119681.87,10.25,37,8,2025-10-30,active
9aecc6a4-d6fa-4712-ae70-685f57fd6c7e,0cbf0c60-680a-4985-acb4-8ef39c5c218d,home,2621000.0,958279.69,22595.71,7.99,223,173,2012-04-11,active
76e00f89-fcde-4fc7-87dd-d401d4869ca3,dfe057b2-be29-4013-a017-769b3080dfc5,vehicle,1741000.0,96390.82,32694.19,10.5,72,69,2020-10-26,active
05ab4bbc-522b-4a62-970a-49e98cd0e118,132b3f52-0ba9-4e4e-8893-e95f3968375f,vehicle,1330000.0,1269320.69,24441.33,8.51,69,4,2026-02-27,active
4df2b2e9-c254-4e28-9dcc-8aafe1f170e6,11567b00-1a24-4f91-b99b-9f29f6fbd761,home,5672000.0,3900130.4,53869.5,8.34,190,89,2019-03-06,active
82f84f0d-8221-49fa-b3f9-d4f24c9a314b,d20439eb-dbc2-4351-b6a9-65bbe8283d51,home,1951000.0,488584.66,23200.3,8.97,133,110,2017-06-14,active
9f0a6943-6c73-44c9-9ee7-2602f82c63a1,741fb7ef-3cbf-46bb-80c3-af053ca4ca1e,home,6534000.0,4069794.39,59591.83,7.9,195,104,2017-12-11,active
b2ba3d3a-8b51-4506-8595-65fca6406db7,419c54e6-f5f5-4361-8a0e-bdf2a5c9250f,business,4811000.0,4129091.2,94707.72,12.26,72,14,2025-05-03,active
7e7720ff-087a-48fd-b489-0c9be2c5d753,2e18a667-7452-43cb-a976-cd93fb056aeb,personal,331000.0,195352.54,14145.95,12.62,27,12,2025-07-02,active
8607bad7-42b5-457b-a82a-eaab1c69c1cc,edc2232e-94d5-478d-bd45-5bbf004fcedc,personal,392000.0,276515.8,10802.07,12.67,46,16,2025-03-04,active
a20de08f-a67a-449d-90ea-b6d3ce901f8b,ae0e7330-8175-442a-b834-02b7f094c456,business,2900000.0,292774.13,50273.48,10.31,80,74,2020-05-29,active
67048284-8206-42e4-a4b5-025c415718ed,7fcc2080-d9c2-4174-985d-3daee10f40b1,vehicle,616000.0,179439.61,18693.29,9.01,38,28,2024-03-09,active
976a533f-ba5a-4511-80dc-d2412237eab6,d6ceca91-702e-44d9-9845-ed4124c7228f,business,3745000.0,537522.44,110947.16,12.72,42,37,2023-06-13,active
1a0c10ca-2a01-4bfc-8da2-2ea545bd3c60,85d20788-9d3e-4207-b7af-077b255f957f,personal,111000.0,71793.11,2503.66,12.07,59,25,2024-06-07,active
d1ac847c-99ac-4407-839f-9473e2371139,b8a0761c-4244-4a09-8233-53061491c859,home,2423000.0,2283750.27,21389.69,8.67,237,32,2023-11-10,active
132d1a62-0538-477b-a6f9-a511e8839f88,8c06572e-3ad7-4b6b-a71f-4341329a4ba0,education,1322000.0,1097978.7,17033.11,8.9,116,28,2024-03-09,active
95e6b3e6-73de-4cc1-a745-9e48c1847576,68f50ca5-bf22-453c-8019-016be937face,home,7427000.0,5900412.15,66532.68,7.74,198,66,2021-01-24,active
2439af68-589d-41c3-90c8-9843c926468c,a03fdd4a-0913-4b3e-b006-c7132646c019,vehicle,1166000.0,769631.02,21279.01,10.85,76,32,2023-11-10,active
de002160-48f9-4d45-a488-6aa17fbfcacc,f401fc92-ea79-4a88-8ffb-77443db403e5,home,5667000.0,455408.41,52266.11,7.83,189,180,2011-09-14,active
861ed6ed-113a-4e42-a4bd-18a429d2c3bb,6a7e4132-0279-413b-a253-cb20137e0300,vehicle,1867000.0,1190486.94,36983.24,10.54,67,29,2024-02-08,active
46979d85-d3b6-4233-b780-de7378e5b11e,45329f2e-90ef-415d-be57-0f01e999a96b,business,4460000.0,374625.05,127035.28,10.35,42,39,2023-04-14,active
46239c17-7495-4059-9d9f-1264a9c982b5,5273087a-820c-42c8-8d41-4f40ff87e314,home,4818000.0,3423561.12,59350.48,8.35,120,46,2022-09-16,active
8f59b4f5-8d02-4417-8c62-d12f21e64e6e,bd65bf78-6837-4e38-9c52-f6efdd2ef9f1,vehicle,1556000.0,1474452.79,29311.33,10.24,71,5,2026-01-28,active
914d01dc-cc22-4ee6-a19e-f4dfb6507180,5a2db7d3-6bb8-405b-8e53-b7706bf9de17,business,4907000.0,2753096.63,91129.15,10.09,72,37,2023-06-13,active
5e0cb0fc-bb2e-45db-a5f8-41302780ce8e,a2a091ad-974d-4b34-a56c-ee5e75c24333,home,6667000.0,5292793.66,74346.32,8.97,149,47,2022-08-17,active
90430b34-5205-4e03-9bd2-015d9cb24cb0,620629cd-5305-4241-a444-e0a89e672cc5,home,2068000.0,1900479.96,23275.13,8.09,136,17,2025-02-02,active
8c36f5c4-7c03-47d0-ba87-95971b9e43f3,4f7f532f-3a31-445f-8308-e3afcac03196,business,1283000.0,897748.98,35030.4,10.13,44,15,2025-04-03,active
3ea68368-f9d0-47cb-a667-3f818c74f70b,74d32646-5626-4c4a-93fe-f83c3cb4faa3,business,3832000.0,1569170.72,66016.84,11.2,84,57,2021-10-21,active
2fd8cdd9-773f-4be5-9996-b86f0aded146,008c4c69-d13a-4859-8e4f-ed34a2a94048,home,975000.0,734086.92,8117.8,7.82,235,98,2018-06-09,active
370b691d-28ce-49a5-a72f-f0f4e9e3f642,0630d35b-2d67-47a3-991a-393f2bc22f2d,home,3309000.0,1885509.86,30639.52,7.85,188,109,2017-07-14,active
3759a4c9-282e-497b-9b81-f4a1ed437dd1,bcee6353-962e-4140-b96b-ca239b4774d0,home,6233000.0,2253767.02,65453.22,7.65,147,108,2017-08-13,active
fc3a9272-9fc1-4f32-a0a9-06a5e544d136,7e33e05c-c419-4d07-b64e-c0363f8aad9a,home,2219000.0,662680.54,18876.64,7.83,224,184,2011-05-17,active
3c49e12c-bd26-40a7-9c91-6588edd6e7ef,3f0b3499-f25b-4171-a4c0-39296c58a781,personal,300000.0,107220.7,7367.54,13.65,55,39,2023-04-14,active
bc6c58f3-922f-4394-b2fb-e32eafb0ee6d,0737094a-2c82-4820-9d7c-f64a7f790499,vehicle,1851000.0,1535228.53,41581.89,10.72,57,12,2025-07-02,active
f5fc0cf8-22ec-4783-9a11-c3a7813f4157,6af30644-3852-43ab-bc22-eb75b027f9ac,vehicle,1270000.0,388099.97,22156.58,9.92,78,59,2021-08-22,active
535ce4cf-9e5f-4998-9bea-06d073f56681,8e39ca91-6b15-4278-9bb1-ec32e547db45,personal,325000.0,195118.22,9960.83,12.4,40,18,2025-01-03,active
6044b3a1-68e0-4e1e-aaf7-ca88b8813d70,96e38bd3-40a6-4627-8e1d-a5abb3491538,personal,467000.0,258940.48,38483.36,11.98,13,6,2025-12-29,active
f3e15860-3f2b-4384-8213-f05441a9d3e0,ff469e87-6ad6-4eae-a5dc-99bbca7abb9e,personal,291000.0,244112.82,19157.8,15.37,17,3,2026-03-29,active
74f5c182-66d0-4eaa-8c7e-e209a11e4845,0e52dfe6-f311-4f13-8ec9-020f50de55a3,vehicle,428000.0,37567.63,12712.32,9.07,39,36,2023-07-13,active
acbd1a78-b82f-4edc-a223-4b65f6a5bf3b,54e00bae-e34e-469a-9a59-7d3d922111d3,vehicle,404000.0,308341.89,7880.67,9.49,66,19,2024-12-04,active
22c4af79-5f43-4dc2-ae13-17cb7b33bf88,fb4b470f-fbf2-4faa-ac14-82fbdc5004fd,home,1848000.0,1719891.27,15629.8,7.96,232,34,2023-09-11,active
f88385c8-84cb-4e66-88b3-971a7e55932b,01e213ee-03bb-4f79-857a-1a0a56cabffc,home,881000.0,7846.11,7903.06,8.71,229,228,2007-10-05,active
cbb2f5d0-4ecf-474e-b45d-a93817b6ebc1,f39b9b6e-570b-4ef2-8d5f-5c3f5192ddb1,home,4543000.0,3950153.85,52799.25,8.18,130,25,2024-06-07,active
99a51c82-7ccd-40ff-9ac4-91cb37553c64,ad884e1e-b840-4f90-b8e8-38faae7ea6dc,home,2991000.0,2821568.48,35278.16,9.16,137,13,2025-06-02,active
6ce5bf86-7468-40cd-8e84-8d042ef27cf4,1be3c8ac-25e4-4986-bfd4-f271451cf834,business,4281000.0,3079535.71,107931.27,10.56,49,16,2025-03-04,active
a4a90cf7-749c-4a8f-8e1e-889f265d64bd,89ad5ce4-3152-4742-b955-7fcbada52e4d,business,629000.0,561084.08,17580.19,12.5,45,6,2025-12-29,active
f749147a-9c1c-4e95-b565-e404309d92a6,63377659-855e-4192-adad-74339bac4da0,personal,335000.0,205392.48,21947.37,14.69,17,7,2025-11-29,active
4fd791db-923b-4b0d-a66f-9844e0dc2bad,96378b55-9ad9-4575-8ea1-be33b2abb9ee,personal,357000.0,85086.52,12611.16,11.15,33,26,2024-05-08,active
642c4a1d-bedd-405e-845d-44fb25c32132,8d620c99-8088-4b59-9f88-77bd6b3119ca,home,705000.0,112416.7,6693.59,8.88,205,187,2011-02-16,active
4baee520-5f31-4405-b9c9-bd14174b9e02,19502b47-f212-4719-93ff-f3328311bae0,home,2919000.0,1153810.03,27298.37,8.98,216,165,2012-12-07,active
6f269373-0734-4db3-9751-7aff23579a40,884a7812-cf7a-46d2-97eb-c52b14eeda59,business,597000.0,516087.36,15697.86,11.92,48,8,2025-10-30,active
816325be-9ce5-49a3-be64-98c45ba854e0,05bdf74b-1413-4802-af51-3ca3a664760e,personal,452000.0,11103.74,11222.73,12.86,53,52,2022-03-20,active
27682e71-e075-40b3-ab06-6ea93f147259,98fb1cb1-5149-48f5-90c5-740a828386fc,personal,486000.0,233816.09,40645.51,14.6,13,7,2025-11-29,active
5bb9d799-8262-4e0c-bd2e-7e27e00f3c81,95a38af4-3fc4-43b0-bd72-eb4d609dd08a,personal,352000.0,214332.58,10314.03,14.23,44,20,2024-11-04,active
c6ec6445-7eca-4d9c-a18d-6f1152deb3d1,514b8e92-d0ce-4e4a-8eba-b6f6bf2f8b92,home,1138000.0,418180.76,9660.04,7.8,224,173,2012-04-11,active
ecef58a8-5023-4d78-9345-c11546569e13,11673639-942e-4e0b-8442-b5544fb78d73,personal,265000.0,235272.86,7821.43,13.61,43,6,2025-12-29,active
d6c20893-86a5-40f1-95d4-872d4864d89a,98c13ff5-2e35-4993-8a09-38fd38c30ddf,home,6683000.0,6388743.34,70918.6,8.5,156,12,2025-07-02,active
d8f3a82a-e936-417c-9280-9ba178d51a65,a2f8e3fd-67c7-4c44-8c60-3c45f4a5068d,home,4017000.0,3928411.03,38824.68,8.37,184,8,2025-10-30,active
e937be45-68ef-4244-bbba-e4c595a556d4,8f870a9a-c49f-4e67-bb0b-1f1aee88fda8,home,866000.0,706802.67,7789.23,8.02,204,64,2021-03-25,active
eb4a41b7-a64b-4766-81b2-e1c1a440976a,1d69dd41-9d6a-41d0-b9bd-6a0f66d6b327,personal,337000.0,146166.25,21781.97,12.81,17,10,2025-08-31,active
dd036cf5-953e-48ec-b4b7-d1b9810a6319,c50ae96e-8b72-470f-932d-02bf62883cad,home,1625000.0,1235378.74,16695.63,8.63,168,62,2021-05-24,active
d8bed33e-dcb0-4fac-ad82-790dcdf9745b,eb3701eb-4520-4342-be5b-903cb882a63a,personal,409000.0,227051.02,11563.47,12.14,44,22,2024-09-05,active
687117da-898b-4f42-84e6-71d6992ee7a1,ada1e1bd-c3b7-4526-94f5-cfa8fac954c0,personal,72000.0,10932.52,2819.71,15.11,31,27,2024-04-08,active
112bfa01-20ad-4a00-9876-d3020ea15b95,eb23029f-b446-4582-b61e-01bb226f8619,personal,378000.0,51131.75,10601.84,14.57,47,42,2023-01-14,active
eac38b4e-39e6-4d2c-9790-3cb19f038bbc,6dfdd8f2-b196-4abe-9ab6-613893e2f80c,business,2152000.0,509338.97,53690.56,11.64,51,41,2023-02-13,active
1a0a5bcf-b61b-4cb8-9e88-6b68f2337ae9,75330d92-d716-42c9-b0c5-0f88bb49c791,personal,328000.0,27135.64,27471.67,14.86,13,12,2025-07-02,active
33d3663e-01a1-4e72-a857-18c5ee7d3bae,18b79849-d9a5-4f6f-9992-5654c43e6cda,education,1727000.0,1590200.06,25301.91,8.37,93,10,2025-08-31,active
faabb220-b91e-4318-94fb-d444311ed9e1,d2279a49-3aff-4f48-9957-47ba568a7b87,home,6515000.0,4846792.69,53633.29,7.74,238,102,2018-02-09,active
a16143f1-771d-4599-8c3e-c5d119d733cf,c19565b6-0964-49b4-8cb6-f0333763da21,home,4464000.0,2733490.22,39495.33,8.61,233,137,2015-03-27,active
010f974b-5fb1-4f9b-a08c-75c3432654f2,cc1923fd-8c36-42c8-ad15-10948afafcc1,vehicle,671000.0,515742.02,11036.14,9.15,82,24,2024-07-07,active
8014247b-f561-49f9-ba9e-026d7f955405,5e585dd6-acfc-4435-be0a-af62c3cf905f,business,2473000.0,1369258.03,62211.99,12.06,51,26,2024-05-08,active
f1f5e1eb-fe4e-4380-a910-3adc0fdb1572,e6a49e1f-25e6-47c4-a682-ed9917136db2,business,1101000.0,674664.65,19577.13,10.26,77,36,2023-07-13,active
e027d5d4-8429-435e-9ee0-0748b69b0c0c,f3598b6e-d141-4110-a304-cb85acfb0388,home,5547000.0,3147528.4,64320.64,8.89,138,77,2020-02-29,active
569bf32c-f148-489a-a579-e06576e1f868,74f237fe-7684-4aef-ac78-228f0df4020b,vehicle,1139000.0,624489.62,20200.4,10.17,77,41,2023-02-13,active
e22d0662-a007-44ea-93ff-def9fb380fcd,0a3bfeec-0851-435f-9a95-019829fe9ef7,personal,121000.0,5263.51,5331.06,15.4,27,26,2024-05-08,active
e58e5e01-b078-4c3c-b99a-fbc5d1134d7e,1395c049-b627-48fb-86ae-cfdc6cfb5fb6,business,1968000.0,797860.34,36745.32,13.38,82,57,2021-10-21,active
c1f6f1f4-0e72-48e0-aceb-f22cdd895e84,14fae2cd-ed87-4692-ab4a-bac70c861ec0,home,2822000.0,1774307.23,24540.12,8.0,219,120,2016-08-18,active
2886a487-5848-42a7-a775-e329f2ba0f80,e589c937-6033-44e9-8c3e-339c37eff5f4,vehicle,1680000.0,446889.5,39467.66,10.86,54,42,2023-01-14,active
c902ab4e-d7d8-496b-890b-5b267ab298a9,44c7ab00-4982-4aed-8f94-b52f21b3586d,personal,210000.0,154297.74,4764.18,12.87,60,20,2024-11-04,active
f7b90355-bd27-48a8-8db1-80d594751d08,d0a95d9f-f679-4b30-b9e2-471764a700ff,vehicle,276000.0,71652.37,5854.2,10.47,61,48,2022-07-18,active
5df8c5b7-a8b7-4972-adee-29419a5e032d,77f836ee-a82e-471e-ab55-6ebb09db639e,business,1832000.0,1364633.25,32455.12,10.75,79,26,2024-05-08,active
4c3991ec-c5b5-4d57-ac7b-cd3dbf7ebf51,daae13dc-2792-47b6-95df-f0be7cfc17c1,education,1832000.0,978909.97,37838.94,9.34,61,32,2023-11-10,active
c0aca112-16e8-4f1c-a275-c05e84195568,6c0d7179-3c2a-4763-a587-ce16f8b4a1a6,personal,235000.0,99438.16,9746.92,15.32,29,18,2025-01-03,active
7b247b0a-4060-40c2-bccf-41e7cb47ec0c,75ea6e72-e2ff-416a-b6cf-56be17bb3aab,business,4111000.0,3946777.58,87191.83,13.67,68,4,2026-02-27,active
c086f1a3-a560-4f21-b9bb-91fc855aab64,aafe11aa-02fe-43fd-851b-666b5b6ad2b3,business,3708000.0,995816.97,81592.34,10.97,59,46,2022-09-16,active
176c12fb-652d-4bac-a566-a79892f74248,8437a365-d778-40ef-9e2d-a7d8173c5aea,personal,130000.0,106249.17,5226.84,12.66,29,6,2025-12-29,active
15d43cc5-0213-44cf-a7cc-0d88084fbfa4,9992920c-48c8-4bcb-b0b7-41228562c05b,personal,424000.0,235529.95,31049.79,14.37,15,7,2025-11-29,active
a6cbc967-cab1-44b7-88d9-927c4c872883,b5fa14ad-27b8-4693-8b47-c9f2c471c700,home,5651000.0,4469032.75,70681.76,9.49,127,39,2023-04-14,active
177f3599-1fb6-4768-919c-e3e62e79a720,21fe1236-79bf-473d-b905-58d0b802fa6b,home,7374000.0,3733275.24,85123.01,9.44,146,92,2018-12-06,active
4741045a-5b53-419c-9582-eff59ad2c198,a1122ba8-c09e-4c53-b1aa-bde52d98c070,home,4447000.0,472845.74,41160.53,8.13,195,183,2011-06-16,active
f1b9e595-4fde-4861-a6c1-a6af87912d0f,19455c35-d3ea-4865-b408-bbe18974ce9e,home,5963000.0,5596295.27,50646.22,7.78,223,28,2024-03-09,active
caa58aab-8f02-4a30-bdd0-73a772465360,986577d6-c478-4a01-87f2-6e33dcabb45e,home,5835000.0,5228182.6,57950.76,8.55,178,33,2023-10-11,active
5c3c77f8-338c-47e8-8f98-f0d739187f9b,d8bebe14-22c5-4bfa-a1f7-d51f1fb219e4,personal,323000.0,274465.89,15236.43,12.21,24,4,2026-02-27,active
eb6710dc-0592-4e47-ac11-c14e4db331e8,105d3ad2-1e31-4930-bd2c-1ca7609786c7,business,1150000.0,168670.87,28982.31,10.54,49,43,2022-12-15,active
0e458513-a5b3-4029-98c1-0eac1395a60f,dae902ca-bcb8-4c59-96b1-7b9c5a8c3d3b,home,2193000.0,2153415.77,19023.15,8.31,232,10,2025-08-31,active
ec56bf1e-e257-4013-95c9-3509bd9481a2,f6d96931-1141-4764-84c0-64e12ee26ace,business,4790000.0,1400748.98,85713.64,12.45,84,66,2021-01-24,active
afcc6061-1455-41ba-b34c-43f8ab9c22ee,35000c9c-a5e0-44b5-b173-e786d589d598,personal,483000.0,31394.41,15922.82,11.48,36,34,2023-09-11,active
7322c7af-60ed-4d5d-b85a-333ec10fe558,ced03509-c3ea-4e02-b8ab-040c96c718be,vehicle,1602000.0,1561562.03,27591.39,10.66,82,3,2026-03-29,active
37b599b8-167a-4c4b-b5ee-42e0a96d2a19,aaff483b-681b-413d-8be3-eb4c1e989c69,home,1886000.0,238149.47,15692.82,7.55,225,209,2009-04-27,active
ac992a96-8a26-4812-a902-25173404795e,4d992612-cf63-4224-a8b6-ef970682de25,home,1301000.0,688631.41,11575.59,8.33,219,142,2014-10-28,active
766e9c9c-448c-4063-bdb8-afe32119416c,305999db-cdf8-488f-9804-f05bfb8b0f20,home,4979000.0,2012123.5,40347.52,7.53,238,178,2011-11-13,active
e4e71d31-35df-4d29-8cb7-938dd45e2f01,e1c55330-fa44-4cb2-9017-33fe2aa12867,personal,263000.0,48356.26,6354.3,13.49,56,48,2022-07-18,active
bdf05f2d-a963-482a-9f6c-3e5551b86cc9,3f3c81bf-e43b-4422-9ebb-d9a73e8731fc,personal,491000.0,113743.59,29378.03,15.8,19,15,2025-04-03,active
b9a989ce-5abd-42b9-8d00-1f14720438d9,f2db68b5-11a3-44ce-a2a2-233c13e14f6a,vehicle,1788000.0,805778.58,30105.51,9.03,79,49,2022-06-18,active
0f2836fa-c85d-4396-b412-0686a3571f13,2e75d881-264a-44bd-ad36-0a603cd8f569,personal,206000.0,57815.52,14798.17,11.38,15,11,2025-08-01,active
87785c00-7dd7-4f43-a247-a2ee44bd2c25,ba0af8dd-8910-4e69-b812-76cbe132f14e,home,1424000.0,463004.4,14000.78,8.78,187,149,2014-04-01,active
ae7e6114-3ed4-4231-b5f5-b35de72572aa,441699b5-d147-44b3-b55d-7644d4c65e36,home,4544000.0,510693.31,48294.8,7.96,148,137,2015-03-27,active
e76b6746-a8b5-4b0d-9004-eadd39c7a368,5f68b5d6-6cc9-4449-87b5-cd85bb262bdd,personal,427000.0,208024.05,11002.65,11.7,49,28,2024-03-09,active
09de469d-52ef-4845-a2cc-9921c2027196,8615dc4a-b207-48e0-877e-50f806855ea1,home,6612000.0,674113.94,77859.34,9.38,140,131,2015-09-23,active
8744a044-c694-4beb-9634-02e24b64dea1,626adcc6-8fa8-4d9b-836f-73880390500b,home,2301000.0,948135.83,24076.98,8.17,155,109,2017-07-14,active
34ec9bd5-7b61-4bdd-97e2-b618c3d3e316,3d3335f3-3753-4a6e-b93d-f48b883da9c6,home,2414000.0,368365.62,29826.95,8.89,124,111,2017-05-15,active
aaf4b9fe-d7f3-4a6b-874a-3938b1a26ad2,a67e152e-3539-43d6-aed0-e26937057bd9,vehicle,434000.0,400586.61,8104.0,9.52,70,7,2025-11-29,active
173d9fd9-df4a-4dc5-8778-df002b625196,bd5b6ed9-25d4-45f8-843a-83850f0ff8a9,vehicle,1335000.0,773671.12,28927.34,9.09,57,27,2024-04-08,active
d48ed4ec-0dc4-4a54-9dcc-5c9a8a1863eb,76305cc1-097a-4003-8ad4-6118189409c3,personal,485000.0,130824.84,10734.97,11.23,59,46,2022-09-16,active
2a9a69c5-baa4-44e6-819e-61817f7127c4,0059b41e-3b0e-4367-bfa9-57c950cd6468,home,6098000.0,5993800.25,63081.61,9.06,174,6,2025-12-29,active
500a5f47-eaa7-417a-854b-e55447614207,e1f61cf3-0089-4f93-8991-9a202dc3272f,vehicle,1899000.0,1238894.02,57054.38,9.8,39,15,2025-04-03,active
73e26313-3156-460b-a1b1-2e82b0398fa7,3bf68d1e-08fb-42e8-832c-64fdcd6185d2,personal,229000.0,218108.17,5779.35,11.44,50,3,2026-03-29,active
cc232833-504c-44ef-af3b-16a4adbf28e6,9808e6af-b4ca-41ce-ad22-b56af45d3665,personal,358000.0,71760.07,24424.09,12.6,16,13,2025-06-02,active
15e7a407-6f4a-4804-8667-5e6068f7ae09,d66bf359-7de2-4f7a-8678-1dd490206971,home,7646000.0,5744615.29,66346.94,7.94,218,89,2019-03-06,active
75e03edb-384b-4bcc-8bd0-5f2bca3943aa,f16ad6d3-b7f8-476e-9442-6cf17a419a0f,personal,418000.0,166552.52,12148.37,13.75,44,29,2024-02-08,active
f5a49e01-206f-47c6-b2e2-bc473b517e9c,f65d2bef-8f3c-4a15-aa68-7a08f1104f16,personal,268000.0,45322.31,7845.39,13.12,43,37,2023-06-13,active
e6218e7b-f6dd-45c0-acb4-b3a4f9bddefd,0b85475e-7ca4-4b12-baf0-2d86d3d08e5b,personal,114000.0,72848.26,5387.83,15.92,25,10,2025-08-31,active
5c3bfc71-48e3-4092-8874-7aa61da8b910,b20126bd-c4ae-441a-9cc2-0d67b4cddbca,home,7723000.0,7614585.67,87256.8,7.98,134,3,2026-03-29,active
c6f8990d-b984-4a1b-9bda-14fafc216ad6,3930198e-0422-4a22-a424-22fc6f222882,business,4929000.0,3431907.27,128280.05,11.37,48,17,2025-02-02,active
1085c75b-72b2-49d4-88ef-ba8d8f9665bc,856d073d-7d25-4f96-a368-c2da9297366a,personal,350000.0,109157.59,9835.9,14.68,47,35,2023-08-12,active
b1d4f20b-21b5-40fa-b100-55fe991f71f4,42820328-3bcb-4ee3-924b-7bbdd3a2d7c8,home,846000.0,728856.59,9347.9,8.79,149,33,2023-10-11,active
9a24a87e-30ae-4adc-8c96-d4f753fa5345,7975955e-edf4-49e8-8683-a59af39472bf,home,5503000.0,5410390.37,55874.05,8.88,177,6,2025-12-29,active
b263bb58-b273-4808-9491-26e52226fe33,59711afd-9737-49bb-973e-972e98146170,personal,71000.0,61038.28,2550.79,15.97,35,6,2025-12-29,active
f929eb6b-7d10-4331-b261-c384deabdd2e,057239dc-aab5-44e8-aaea-270cd0cdb1ac,vehicle,714000.0,293647.95,18711.4,10.84,47,30,2024-01-09,active
d4492738-0b8b-4f83-a68f-42fc85232337,58f38fe2-df3c-4a31-8d58-c0de77923a7f,education,1208000.0,313260.67,22131.57,8.81,70,55,2021-12-20,active
b15f9110-5f3a-4ec1-9459-442eeda4b88e,5b675237-9485-4b85-ad64-63f2b81ca288,vehicle,1231000.0,394526.77,26562.78,10.67,60,44,2022-11-15,active
317703fa-e1a6-46ee-98bf-0a738e08c24b,663f5b6a-e8ec-4807-a6ee-dcc9db577175,home,4645000.0,221328.83,45268.94,9.02,197,192,2010-09-19,active
0c34e8d0-b9f1-413e-9192-794246fc5815,620babf1-0077-4adf-b6ba-1c62fd3dc50b,vehicle,1421000.0,739065.45,27507.32,8.72,65,35,2023-08-12,active
3dab90b1-7abe-495c-aaad-df958b05be91,3b1e2414-b4cd-4379-a4ba-b051235d280c,home,4514000.0,46409.84,46744.77,8.66,166,165,2012-12-07,active
eab57f56-0743-4b7a-99a6-04c680475f60,7945870e-ee41-4dc3-b4b1-e45064404c82,education,572000.0,339924.38,9485.81,9.13,81,39,2023-04-14,active
91f7d523-3242-4673-a255-9a16cd04f8b1,e781e47e-3e0e-4981-ad0a-180b93b03d6e,home,4253000.0,3370440.9,45005.01,8.64,159,51,2022-04-19,active
e56691ec-4479-4298-adbb-08daa3200c40,e2b71188-e6a7-459d-a3aa-119fcae88687,education,1792000.0,1078220.85,33971.86,8.37,66,30,2024-01-09,active
44ae3cdd-acc5-4cd0-b1c7-01f82ca3eb5a,b6691ffa-816c-4bb1-bfd4-292563e15d44,personal,114000.0,7085.69,3600.61,13.02,39,37,2023-06-13,active
16100216-89d9-43b7-840c-0715ba9fb5a2,063245fe-9cca-461e-bf3c-da363da562a8,education,204000.0,69607.52,2969.53,9.4,99,73,2020-06-28,active
2fa8760f-e196-465c-bfd7-1933b8ba637b,7e8ff0e2-1929-4681-b6a7-937daaa653a2,business,2110000.0,838934.69,60440.84,11.83,43,28,2024-03-09,active
b6bb3bcc-969f-496c-8086-d5f3f0bd1b2a,d66cc0e3-5219-4599-90dc-214d9219ae43,education,158000.0,116145.0,2406.96,8.35,88,29,2024-02-08,active
62f4b708-4ef6-490f-8c39-95978bb6dd79,acccab40-2581-462b-93df-2a6bc4d0219c,personal,474000.0,177622.15,10843.32,12.14,58,40,2023-03-15,active
074ded0f-f71f-4cee-88f1-adfd2e0b7a67,a7fca6c0-20fb-4e9f-bb79-d5de01fa8153,home,5526000.0,1419848.76,54869.94,9.32,197,168,2012-09-08,active
480c4db2-16ee-4ed3-acc7-bb4db2ab80b9,176807b5-5446-49c1-b4a0-5c238a3a47e9,home,7625000.0,7426572.48,88449.65,8.81,137,6,2025-12-29,active
b4b01bb8-2c95-4bbc-870a-db14a10798a5,c98a39c2-a4bc-4f3c-b2c3-5245c5611787,vehicle,1966000.0,492921.41,64122.52,10.74,36,28,2024-03-09,active
ef649857-c768-401a-a8f5-e1f0433f17a2,4750516a-7cd1-4576-8c5c-3e29fd405518,vehicle,412000.0,75439.17,11167.01,10.76,45,38,2023-05-14,active
7caadb6e-5f38-4ef8-b0f9-ede3be990f35,161e2163-0060-4d11-bc3c-76f15d36ab4e,business,1838000.0,1455392.89,37453.55,13.22,71,20,2024-11-04,active
8e3a3be2-4183-4185-bf49-15b638163c12,c03da731-269c-4f00-b812-af757a284d5a,personal,393000.0,170773.07,11163.27,14.38,46,29,2024-02-08,active
7daae626-2838-412c-8681-d496ac495f1c,7f08554e-d46f-4ee2-9c6a-b19459ccbbd3,business,649000.0,239579.06,12652.72,11.53,71,50,2022-05-19,active
55fb2ddc-b51c-41dc-b9aa-521dd1e467e3,4113fd4f-cf94-4073-a533-6d02a771a0e8,personal,334000.0,115329.09,15021.0,11.07,25,17,2025-02-02,active
ca5a7e94-8081-474b-a5e4-a770130a740b,7c32e6f7-6bdc-424b-a4da-f52c8b70e31e,vehicle,377000.0,280725.2,6671.0,10.71,79,26,2024-05-08,active
1b7377e5-95fb-432e-81e6-9da04291d5eb,e3a23879-79c6-4176-8d34-87049a24b820,vehicle,765000.0,116611.56,17272.36,10.95,57,50,2022-05-19,active
aca2278e-cc79-43d3-ae4a-192c809e0bfa,25335ebd-4885-4f05-ac24-e5b6dcec940f,home,6825000.0,3640077.24,59474.59,8.03,219,140,2014-12-27,active
b6b20d22-5032-45ee-8bbf-35cd07e1d387,708ccf8a-9909-468e-82e6-b599ceca03ed,home,4907000.0,2804143.0,43115.83,8.12,218,132,2015-08-24,active
7c9d152e-f559-4cac-ae14-4c8291322e03,bd9741e0-2ce2-4182-8ec8-81e0a9f68fcb,home,7242000.0,6524598.76,59824.61,7.56,229,44,2022-11-15,active
b3e61736-2feb-4e9b-920f-1a68bd48f75f,7638c665-6e3f-4eb2-8ed4-06baaeb3a92f,personal,151000.0,26684.77,13582.02,14.34,12,10,2025-08-31,active
3302fac4-cb90-42e4-8d59-401ac90bbdb6,cfbcb135-eaaf-4b06-bc86-f5d3b2aa7859,personal,226000.0,198984.93,7432.17,11.31,36,5,2026-01-28,active
26f8d872-46fb-441a-82b9-5a85edc6803a,6eb86020-2637-452a-a3aa-4529eb7d0f1f,home,7847000.0,7301469.01,79831.44,8.51,169,21,2024-10-05,active
0b01fdb7-cc35-4cbd-8bb3-22efa168a778,c8722cc7-ffdb-4d87-a44b-d3e09ef615be,home,1950000.0,1911595.45,17963.59,8.17,198,8,2025-10-30,active
5eb56453-880d-4682-b2bb-a32714977ee1,c8f7c324-ec01-4631-927b-effa5df6ddae,home,997000.0,170772.63,9118.58,7.61,187,167,2012-10-08,active
f5ba5d03-3f8d-4663-bad5-998e728bd115,1e88a536-6c68-4b54-8f8c-662e12479dfd,home,2698000.0,164397.75,24088.08,7.65,197,190,2010-11-18,active
69a05544-80be-4ffb-a89e-ed5661c5ee54,f486f50d-abc3-448e-9a0c-13d1e4418597,personal,254000.0,61682.73,12812.72,15.31,23,18,2025-01-03,active
3a492be3-0265-4f24-96a7-c6626140be13,1990c489-98b5-4580-b96c-7ae1a415276b,home,4868000.0,653448.29,49276.61,8.78,176,162,2013-03-07,active
31c3fd0a-7431-4e9c-ae05-a12c03bf8a61,568235e8-1d38-42b4-b33c-0b1c1cd51cbb,home,5975000.0,3888512.42,66234.09,8.78,148,71,2020-08-27,active
b2a7a970-d6c0-4b97-9263-cebc81b69e0c,f088f811-bb53-4810-8241-05b6e96a424e,home,4215000.0,2425548.77,42468.64,8.7,176,102,2018-02-09,active
24aedffc-46dd-4677-922e-5844ee210034,74575b91-9e73-4733-add3-c813a8cab622,home,5857000.0,3349382.52,60824.22,9.27,177,105,2017-11-11,active
bc080676-7668-4895-bb5e-2924b3296658,0af8bcd7-1776-42bc-b2c9-d474e4010a8e,vehicle,941000.0,470398.03,25629.79,9.99,44,24,2024-07-07,active
a78f278e-03d6-4844-9429-bd693515969a,b6575c43-2360-428e-8566-9bfb28b743f3,home,6490000.0,1552837.02,61863.97,9.24,215,187,2011-02-16,active
e1e9cbdb-900a-4a2c-98bb-8916aa935c48,7005d2b6-e3bd-4079-b217-81e205519a94,business,2476000.0,2105721.44,57215.03,13.69,60,12,2025-07-02,active
c05b309d-f1ea-4ecd-8994-a3c5c1258bec,3e11d592-1eb4-4947-9574-7709ea94cae3,personal,470000.0,304491.58,32559.83,14.85,16,6,2025-12-29,active
68d3cf58-59fa-42ec-aab1-8e3fefc7072f,266091a5-91ea-443f-9602-d2b5298b0dd8,home,7524000.0,7197048.04,69862.08,8.57,206,19,2024-12-04,active
fa77118f-3f6a-4c8f-b691-4b5f1a585d94,23593691-745b-4756-bf52-fd0311d39112,education,477000.0,402983.73,7233.93,8.46,89,18,2025-01-03,active
0885e90b-1b52-427d-b825-9c9682001560,315b7226-6f8d-43ed-86df-faa899a56847,education,697000.0,570406.6,9933.95,9.86,105,27,2024-04-08,active
c6efce34-2fa2-496f-ab89-eec0a0be6f07,83dd8a48-edf1-485b-b842-0b49c9abe5c1,personal,482000.0,383020.63,29694.26,13.34,18,4,2026-02-27,active
d1b7fef7-e74e-477f-b231-7464290a44dd,7c226c77-b04b-461f-ba5d-e31c66aacb33,personal,142000.0,118872.4,7381.75,14.39,22,4,2026-02-27,active
abca923a-eb81-4a37-a9ca-f9c192e780cf,0f23792a-4f5d-44c9-aef8-e0711a1f5770,business,202000.0,74544.48,5693.76,10.88,43,29,2024-02-08,active
a72babcb-729f-4391-bc8c-c0b0c8a9cd53,6071516a-6b05-4a4d-a641-8b1f41ea549a,home,4350000.0,2513319.01,39348.66,8.14,205,121,2016-07-19,active
aeb7b619-afe5-44ff-924b-e8c1fd9ca58c,ff804b07-e7d0-46ef-b52d-ed88a997bcdc,personal,308000.0,194536.43,10860.07,12.88,34,14,2025-05-03,active
94c75928-b4e1-4108-918f-7927e88c3adf,64d6e0c8-498d-4df6-9587-03edc22e7b61,personal,83000.0,56600.0,2068.96,13.73,54,21,2024-10-05,active
cfb04001-da6a-4a2e-be62-8a997d350f8f,ceb7bcd8-4b21-4052-afce-e82a8e3d8406,home,869000.0,465547.61,10119.21,9.23,141,84,2019-08-03,active
ba4db8d3-1b55-4a5d-963c-aaa28d461364,6f51ab8f-fff5-4b34-addc-e67c1e388520,home,6981000.0,6288774.83,73901.45,8.52,157,26,2024-05-08,active
a159d2b6-93cd-437f-a3f8-49290c91b73f,4caf2a65-0bca-4b69-80b4-ecbdfb742e60,personal,178000.0,121636.18,12852.94,12.18,15,5,2026-01-28,active
16058bd7-7b6d-4b7a-b3a7-a43a17e2339e,76baebc5-f7a5-4149-8916-018ba048bc9c,business,4194000.0,3776545.62,91921.01,11.88,61,8,2025-10-30,active
344cd660-693b-4a2a-b61a-6614fb984147,19ffc4a2-1168-4be3-943b-6a5d140c32e8,vehicle,1829000.0,462092.82,31071.31,10.48,83,67,2020-12-25,active
77040fa6-a18b-4df2-b564-f7854b32380a,c1286f43-3c32-49fb-8404-3239c59c9c6f,home,1900000.0,792907.28,24121.03,9.17,121,83,2019-09-02,active
c24186e1-b1e3-4483-acd4-cd986fa56d08,18b636c8-4feb-4b76-bd66-26e33cb53947,home,4187000.0,432321.18,37743.0,8.68,225,213,2008-12-28,active
b448b44d-30a8-4584-bb00-72e6df125520,29381948-3719-45f5-bcdc-27e85457060c,home,5212000.0,2109973.42,56022.18,8.54,153,109,2017-07-14,active
7e65f137-27f4-45bc-8f47-7372e73c9736,9da5362f-b64c-470e-af7b-f92de68d385b,home,4596000.0,498824.31,43659.94,9.16,214,202,2009-11-23,active
1d1b1a12-4d70-461b-b4a0-a3faf4b56352,797a5888-13b0-41ac-96cd-b01b41b3aab7,business,3111000.0,2291419.88,80960.08,13.03,50,16,2025-03-04,active
ecfb04cc-34df-4395-a0f0-954973763b31,ed501275-d30d-40fa-9d00-06b5134eb837,vehicle,1171000.0,862485.39,32860.98,10.62,43,13,2025-06-02,active
7b2fc4bb-22fd-4de8-9120-43200b4be77c,2b0e1b77-547d-4704-bfb6-ed02c6c96356,personal,498000.0,309398.35,15614.92,11.15,38,16,2025-03-04,active
30be905b-7075-47a4-93dd-5971abbc54bc,210d9ba3-8dba-420f-99aa-dcf8bb51c107,business,2358000.0,230653.46,39581.46,10.09,83,77,2020-02-29,active
385ab267-5504-4e89-9e1f-fc1a05386505,9328f029-d614-4aff-a9a9-370124bbbba4,business,3256000.0,2896881.46,72753.54,12.72,61,9,2025-09-30,active
b7c0ff7b-911e-4d8f-b40b-e3e6b94ce586,611cf88f-4335-4f5e-8b80-76745b8c3361,personal,365000.0,48196.51,12435.63,15.3,37,33,2023-10-11,active
9d864ae6-6f65-4cc6-9b10-8f981a1fdbc2,70f0c14e-e2c2-4661-b24f-852232a4b41e,home,3538000.0,469215.63,33216.52,9.12,219,204,2009-09-24,active
ad9e7c91-2e65-42f4-a952-860423e89fdf,6c6807d4-06bf-450e-9916-05f8b9878725,home,6234000.0,5753467.18,63869.43,8.58,168,23,2024-08-06,active
e8f62287-527d-4011-a835-65796ea72c2f,c06eb4f0-4a4d-4143-9f0a-07de892bceda,business,1021000.0,636008.14,26311.19,12.52,50,22,2024-09-05,active
0c4ae0c4-53ba-439f-97d4-fb2d32b4480f,5931ba35-6f4d-4a6e-9082-0a3245857991,business,614000.0,212365.8,13716.35,12.71,61,44,2022-11-15,active
f80442ae-36a3-4423-8f6a-21e02b3dbbc6,915ee1df-e257-4ffe-ba75-0589f1c50167,personal,400000.0,346659.2,11677.08,15.94,46,8,2025-10-30,active
1da99599-c3f9-44d0-8ff2-da28095ecb83,0646ed99-b4d9-4263-b00c-0372ce2697dc,business,2144000.0,569472.66,60376.35,12.93,45,35,2023-08-12,active
db50e1b0-8e43-4e8d-9eba-3d6e4fe7f335,e046b15f-1e74-443d-b4d3-41ff834d48bd,business,4698000.0,3718378.76,147489.03,13.93,40,10,2025-08-31,active
c9611fa4-cae3-414b-9f92-c7f70f490ffa,97e4f462-8380-4d87-bd68-ef2817718722,personal,229000.0,211367.04,7146.29,14.77,41,4,2026-02-27,active
6192bba6-70c1-4972-9c41-4f0db5929d5a,52d610f1-97c5-48c5-8d1b-3ad591f52f3d,business,2764000.0,980050.42,49425.49,11.07,79,57,2021-10-21,active
21f0a4ae-3d9b-454f-b3c1-c966f8c0b383,1ef64a2f-7acf-42e5-b789-e7050449bf3b,personal,294000.0,233011.32,8493.19,15.34,46,12,2025-07-02,active
95986b40-7ed4-418b-9058-dca2d3dcfb81,1ccfedfa-d404-455e-90fe-df19112abc04,home,7389000.0,7248541.0,63866.64,8.16,228,10,2025-08-31,active
e936df8c-eaae-4aa3-8eab-4ee364574214,2e206a6d-8a22-4c1e-bfd0-1a952a690d38,education,1414000.0,74424.04,25194.36,9.32,74,71,2020-08-27,active
d8139c9e-8bd2-44ec-ba7b-e3c0fb8d64a8,737375a0-e3c1-4e4b-a40f-5ba6cf047ac0,business,3652000.0,931274.95,67500.99,12.77,81,66,2021-01-24,active
f3673452-8a24-4a97-867c-2ce3147646e9,cf2973c7-4256-47ca-aced-f96c095e8f3a,education,1332000.0,678417.29,22919.86,9.76,79,45,2022-10-16,active
45f38b1f-58d3-4306-bde4-b97d3a01f28b,2c73bf43-3c33-4a3f-aa9e-2a27d287eab6,vehicle,1298000.0,1128969.49,24339.91,10.07,71,12,2025-07-02,active
87ed55e9-6275-45bf-a5a0-e6eeb868e4a0,a5fb7a1d-840c-4d44-a32e-19aee93f523e,home,3889000.0,3776919.15,37444.47,8.52,189,11,2025-08-01,active
840c76f2-c571-47be-9198-d9b28178096c,0fb89b84-cde5-4139-8e51-8c64f025fe2a,business,2319000.0,1789098.18,54878.53,13.69,58,17,2025-02-02,active
da06b5d9-695e-42e4-8650-2fe8b5ba4682,d1c90d3e-ec7b-4494-ab19-3533b4c0d7a3,vehicle,923000.0,423254.23,19470.53,9.69,60,36,2023-07-13,active
e8bd057c-cf36-41ec-99d9-a1af82aba86e,1c0beb12-018d-41ca-ae54-7e8f70041a7c,vehicle,1382000.0,297856.42,44100.81,10.83,37,30,2024-01-09,active
160de914-0947-4799-8b4b-bdd35dd4ce33,e86b8c7a-358f-48fe-8700-a9f23f361ffb,home,6352000.0,1812673.09,56493.69,7.63,198,162,2013-03-07,active
75aaa156-1211-4bef-b68c-e53dc6ac9489,99468ea0-60b6-48cb-8e58-a5f6b1bb1cd4,business,2415000.0,977813.02,46088.44,12.13,75,51,2022-04-19,active
79b79a6c-5f93-47ee-aea3-4c9b5eb0c24d,bec95d04-0223-4284-85fb-47bcf0989a17,personal,436000.0,156058.23,12262.78,15.58,48,34,2023-09-11,active
4f961997-015e-4752-9398-7edf052956b1,cbdb11d6-80dc-4c57-b9a6-30097027f8b4,business,4258000.0,688813.43,118608.68,11.28,44,38,2023-05-14,active
ae70971b-51d1-463a-91b5-52eecf54901d,b94c5712-c38e-457f-a692-ddd203105763,home,7956000.0,4380732.56,99126.32,9.08,124,70,2020-09-26,active
71ca7b5e-73bb-493d-81ba-4913c426d4d0,69a73833-ba6a-4c27-a837-3b9c2ec70434,home,4433000.0,395306.02,45547.22,8.79,171,162,2013-03-07,active
7cad34c9-3568-475d-b3cb-cec687a5a6c1,740d31e2-e883-4695-b575-9f9dd06e31ba,vehicle,864000.0,824028.57,14475.44,9.17,80,5,2026-01-28,active
264af65e-98da-4764-9c07-ab906489e87d,02cf7e19-23f8-4bba-9ebc-8b3e140cbebc,business,4365000.0,2284269.19,81751.93,13.98,84,50,2022-05-19,active
754ca379-a342-4101-b4ab-d51e09a7adef,425bf2f5-e476-438d-848b-897f48ac86ab,business,1793000.0,1733729.84,37904.28,12.28,65,3,2026-03-29,active
42885473-8724-4401-a0f3-3a18f3d52e0e,94266306-4ed6-4183-8434-e766c8ec04f3,business,1006000.0,432623.34,19382.03,10.7,70,45,2022-10-16,active
0d510331-27df-4c56-9d31-15b1faae5038,7c72fca2-b277-4c81-8491-005255ba263f,vehicle,683000.0,326162.96,17899.0,10.84,47,27,2024-04-08,active
e7fc27e2-253a-47f4-82e9-08b35339b2d1,1ec4b1c8-cdf7-4bae-b18c-4cd720ca856e,personal,227000.0,108112.63,12660.7,12.77,20,11,2025-08-01,active
1d61c01e-db6e-4341-ba4a-34ef86ca8d18,ffcb4b84-c1dd-4bc8-862c-a32588c94dce,home,2350000.0,1440438.11,27338.09,8.87,137,70,2020-09-26,active
0bf63847-803e-4984-9e80-d38a4b12734b,96088f6b-11a5-4ff9-a25f-0e100ad895db,vehicle,1695000.0,1293334.39,42140.28,10.67,50,14,2025-05-03,active
cc06ae14-ab32-423f-a6c5-e149747fe784,eb7f6d3d-a47e-4bd7-8be8-90bcc16777b1,business,4527000.0,2141450.38,92653.1,13.74,72,45,2022-10-16,active
6b8ebfe0-cc80-4423-a5fe-785fba6058fd,4c775a1a-57f7-4669-bdd9-6dda55c6d2d2,personal,167000.0,112951.66,4165.33,14.4,55,22,2024-09-05,active
eb20dcee-7aed-403c-bfec-d0b933d8de42,8d270ad2-cd24-45c9-bdb8-5cc42fb169f4,home,6211000.0,3794398.57,60470.6,9.48,212,125,2016-03-21,active
f7ae91ad-3718-4eed-b255-6b4d011a90f6,7bb29123-7717-4572-b1c4-303149b7d3f8,home,7588000.0,1388594.31,74290.78,7.84,169,149,2014-04-01,active
1a087d95-b392-4342-a19a-7669c8f1b187,4f5e5add-9333-49df-9764-521273ec2064,home,7595000.0,5579941.18,86172.86,9.24,148,58,2021-09-21,active
05e9ee5d-df3b-464c-87e1-d362816e742b,5efb42ae-4ce1-49c9-ab1e-3cc6893ffa2e,home,5060000.0,4254007.94,45871.53,8.24,207,59,2021-08-22,active
fc3944c3-6407-44c5-b756-e77d3b8edcc6,5ee86609-0a99-4032-a8b5-6ae0820b721c,vehicle,1891000.0,751323.11,53457.39,9.9,42,27,2024-04-08,active
cf1615dc-62e2-4d7c-9469-a64e15511007,2877daeb-731e-4490-92c6-d82bbd0476df,personal,62000.0,44895.57,1557.83,13.45,53,18,2025-01-03,active
b7027cef-cb66-4484-a46b-1e66f188d13d,dc87d742-0ab5-4a98-816a-e0098dd68522,education,1904000.0,393209.95,27751.0,8.65,95,80,2019-12-01,active
7f659b61-5eed-4b0c-a5ca-179b82cf9a97,cb7ebb33-d031-4aa9-9430-ea22b970bc5d,home,4158000.0,3358937.34,37269.49,8.07,207,68,2020-11-25,active
1c0f48cf-d3b8-4b9f-9694-655b8b12d80e,77a41462-f6c2-4cd1-82df-f3ca7967fdeb,home,1956000.0,439448.9,18615.99,8.75,200,174,2012-03-12,active
dc100088-f206-4c94-bb36-4e757d9314b5,e04cf9a0-c08f-4a9e-9741-36dc1ae158ed,vehicle,1684000.0,1355989.23,50334.9,10.82,40,9,2025-09-30,active
3b584083-a793-4a81-b385-e59dbd9eedaa,5e290d6d-7aab-4720-8ea9-af5635d48aea,vehicle,1278000.0,344919.1,32723.86,8.62,46,35,2023-08-12,active
73359146-a332-457d-8c14-b3a26e28646a,2e2734d0-0e9e-4d4a-9fea-771cd8207efe,vehicle,801000.0,748793.91,19023.84,9.17,51,4,2026-02-27,active
69b02f46-78a4-49e3-b705-ce9dbbd0e864,275fa8dd-3892-4327-8102-d0722feef152,home,3232000.0,2066889.9,32055.97,8.12,170,85,2019-07-04,active
50b9f7d0-d1e1-41e9-9e68-3239429c7bb3,8618beb9-d801-498f-b2bf-4151a20372af,home,1306000.0,1227089.33,11351.59,8.16,225,29,2024-02-08,active
525965fa-efda-4f5e-a826-c657be88efd3,7721f011-598e-43a5-bb42-ec74b7a0324b,home,1801000.0,1148294.5,17751.25,9.27,199,109,2017-07-14,active
267e6b06-d5fc-42fd-96cf-981b3cf9e9c6,0b04d66e-731b-4868-a302-538db8f6dac0,personal,431000.0,174780.24,11833.99,11.49,45,29,2024-02-08,active
59be551a-f1a7-40e6-b193-7fcfaacbc98c,633e858a-f945-4762-8b88-7e5c028b74fe,personal,193000.0,107989.93,16250.25,15.8,13,6,2025-12-29,active
aba8e918-90ba-4f4a-8a8f-07c06d7fe2a1,00c9e3e7-cfa3-4ae1-b274-a52af6ac2724,education,384000.0,351011.28,5055.32,9.29,115,15,2025-04-03,active
4b99b3aa-5f8e-4a73-93b5-70dd9bf7c763,d264e82d-94ea-4e04-944c-4b1e1c760ccf,home,6273000.0,2430938.51,70508.84,7.57,131,92,2018-12-06,active
5b9ae66a-e290-442b-b230-dd55ef46215e,fbcd7d3f-865f-4fc7-a992-380ed1ca2877,home,3372000.0,3072109.56,34412.92,9.4,187,33,2023-10-11,active
6dc3c61f-35fe-4daf-a8d5-3c84c6c9aab3,3b899c4d-b7c6-4584-803b-4924b296deca,business,2714000.0,2172386.98,51125.28,10.24,71,18,2025-01-03,active
8ce5de54-5cbb-40ab-b5c5-362ca817ea45,03c881fc-1a8c-4fa2-93b5-4b3c04f06de3,vehicle,212000.0,13130.82,4441.44,8.82,59,56,2021-11-20,active
5a3c1085-c48f-420c-aa28-2ea21a9e97fe,0277db98-8140-49e6-8097-9edeba18ebaa,personal,301000.0,223612.53,10632.0,13.01,34,10,2025-08-31,active
f223d995-f0e7-4a6f-878e-3ff74b12e4e4,618e3874-f6d4-4c44-b2b5-7c9d48508c64,vehicle,1203000.0,849081.43,24348.92,9.54,63,22,2024-09-05,active
e12c87ca-98b4-47a6-8cab-064b9b6a049e,ac6ecdca-f3fa-4dc7-b5bc-260b83c2f13f,vehicle,1250000.0,728563.31,26195.62,10.48,62,30,2024-01-09,active
d7557238-acf2-4e1f-bc54-565ac3c3e0c6,65d244ef-4371-42dc-9f6b-06657ab4b908,business,1542000.0,848349.56,40900.92,10.55,46,23,2024-08-06,active
e0e8a5cf-8016-4c72-be67-09072c708e3e,121724b9-efb4-4f74-abe9-95107e114cd6,business,4919000.0,2516390.33,88856.88,11.12,78,45,2022-10-16,active
180e7143-fc3a-4e99-b4c1-7440b1e6931b,2b28fa88-6a67-4efb-b9b9-60074169f769,vehicle,960000.0,658133.76,20895.75,10.49,59,22,2024-09-05,active
7c41d843-ecdf-4a51-b3b4-f7863d078892,3f65ddc2-cc6a-4556-9099-855febd4e2f1,vehicle,1715000.0,1446990.68,38691.41,8.94,54,10,2025-08-31,active
b38dc713-f3e9-489a-ae58-261c22d0dfb3,b1050a51-3b4f-4079-83f2-f90549251817,personal,326000.0,75537.89,19511.75,15.84,19,15,2025-04-03,active
7179dca7-e651-4b40-a9c9-b9a3da85c9f0,70c02959-60eb-40ab-97a4-1be619a828ad,education,148000.0,9473.86,1940.97,9.7,119,114,2017-02-14,active
664e2b9f-6d32-486c-97d8-85bf7796ab91,bc35a325-d320-4846-a41d-4bd71f3f3c0c,home,1670000.0,1239505.52,17302.07,8.25,159,60,2021-07-23,active
9541623a-6bfa-4095-9140-f2c880cbaa2c,8d06b99e-db47-4f2c-a8e3-8913af15da73,business,4416000.0,3493933.71,138419.4,13.83,40,10,2025-08-31,active
fd64ae44-d905-4a32-8faf-f2107c93687d,8b241d04-8cee-4da1-adfe-24b59885d266,personal,422000.0,167169.21,25090.21,15.0,19,12,2025-07-02,active
7de58b18-4c05-41c4-9f92-c66c51804f22,fa915779-2bb1-479a-9445-931519fcc4a1,home,542000.0,141951.44,5604.32,8.46,163,135,2015-05-26,active
ee271fa7-9aec-4ec4-9c1f-0d362d4ee617,7bc459a7-1150-409d-b5cf-5ae6b6a65f89,home,5248000.0,731337.49,51725.45,8.98,191,176,2012-01-12,active
042674df-48ab-43d6-ab60-e61be64dd142,20699dc6-ea2d-401d-8cd1-478e25dbdd40,home,2774000.0,1339279.98,24631.55,8.54,228,159,2013-06-05,active
d884fcfc-ce53-43b1-a94b-347b01d51952,477fb0d7-a437-428f-ac9d-9b551d514e3e,personal,314000.0,156729.64,7484.38,13.45,57,33,2023-10-11,active
fb99660e-e036-4c02-aa69-9e9e3d9213cc,f6ae0dc6-8594-426d-b266-dde8bc8fbaf8,education,1412000.0,856864.82,17555.13,8.44,119,59,2021-08-22,active
302f58bc-222f-4b4f-bb8b-ff2b92a668e5,2a84ad89-77c4-4ad0-9a40-614d49090193,vehicle,1620000.0,691675.11,28078.8,10.87,82,54,2022-01-19,active
bde0b24b-8d13-4ae1-8aa4-42791e01ff69,3cb5a394-fdcf-40ba-875a-45d0adaf5dff,home,548000.0,462216.0,5843.72,9.19,166,44,2022-11-15,active
bcb11239-6322-4e0b-b2be-1a7d26f0ffb3,c435cd84-d819-49b4-a053-b3c7032fc7c0,vehicle,718000.0,509762.96,21117.11,9.81,40,13,2025-06-02,active
f1903742-04f8-4e3c-a781-b80a66c09634,18f264db-8056-4ea1-8bf4-5235092bb4b0,vehicle,1654000.0,1167411.18,47103.41,10.34,42,14,2025-05-03,active
c357c5bb-c474-485f-a9db-b9e2947f4945,b0ff2f4e-d8fb-489b-8105-743529a66c37,vehicle,427000.0,418252.79,7510.2,8.86,74,2,2026-04-28,active
4c40b9b2-8808-4792-98c7-9f4f0c211d4a,a16349b0-a797-42bc-a3d4-3b64ee1e5838,personal,331000.0,289870.9,24010.18,12.89,15,2,2026-04-28,active
0dc385a0-6dfc-4f59-a7a7-e6ac9c5911a7,7a7efeae-1fd4-4fb6-bb7a-7ab7e848ec7f,vehicle,1135000.0,954964.56,23047.29,9.16,62,12,2025-07-02,active
7d0d7562-761d-4f00-bd8a-920d1d74381c,4461a900-d1ca-41a6-9413-1e4599fbfc49,home,4646000.0,3824413.65,45496.33,7.55,164,44,2022-11-15,active
0fe6bbd5-3b9d-434d-a554-bd5bed7a1a1e,613dfcdd-5a09-4b6f-a6f2-d64c5f190ad4,vehicle,927000.0,294686.28,15181.42,8.72,81,60,2021-07-23,active
3e1108c1-7e23-4b6e-871e-c269ab7a944d,d0d5483c-6c8d-4fe9-990c-8810c839d404,home,1855000.0,1165933.67,19118.37,8.46,164,84,2019-08-03,active
3161106b-b986-4902-913e-6d28d9611099,3dbe2dc1-1f00-4b1f-b28d-f79ce2a2d05e,personal,488000.0,185737.88,13581.67,14.14,47,32,2023-11-10,active
3c9ddcef-dd1e-4b22-889a-791491d8d582,72b1101d-d772-43c6-b14c-d4a6f8fa54b3,home,1661000.0,1214929.15,16699.38,9.38,193,85,2019-07-04,active
b3076c44-cbaa-4695-99a0-969769bc3588,f39bdd76-7611-419d-aad2-069a0b1c09d3,home,1177000.0,460156.99,10902.39,9.05,224,173,2012-04-11,active
699f68ff-7305-45d3-bc1f-f6ddc49646c3,7eac2b1c-9b6f-4552-b2fb-35365b0d5e54,vehicle,888000.0,758242.27,15474.06,9.88,78,15,2025-04-03,active
9c0e39d5-5358-42a8-b294-b89c184cac47,ece4953d-3e8a-4b6f-88ff-a53618779236,personal,297000.0,239266.03,14880.43,14.59,23,5,2026-01-28,active
26d56e2d-aad4-4140-b630-30df832dbbf7,3a12c280-abf9-4d87-9c08-3e84ef120e58,business,1043000.0,874599.89,22301.67,12.75,65,14,2025-05-03,active
929a2383-594a-4e7e-8c99-ddc1e931d798,f68543b6-a0d5-4c13-8e9b-eb6969f51e9c,personal,373000.0,51386.23,17576.87,15.63,25,22,2024-09-05,active
b8c7a899-9f4f-401c-af1e-c8f33523ad51,5e612a1d-1001-4a5e-8165-52eb75268693,personal,134000.0,94694.24,11083.01,12.63,13,4,2026-02-27,active
f886d4e0-465a-49b8-80d7-942d1d89f1ca,01cb2193-218e-434f-97a2-e9c60f9b396b,home,7664000.0,2603740.76,68056.21,8.73,236,191,2010-10-19,active
61663324-4e75-436f-a12f-96dc2329a775,af1c759b-f359-4b2c-b330-d688be827bc6,personal,127000.0,45452.24,7902.56,14.66,18,12,2025-07-02,active
77e3a935-4a67-4b9e-bff5-debd882677c7,d63486fc-890e-46a1-9d98-77980322cc64,business,3009000.0,216805.12,55472.99,11.21,76,72,2020-07-28,active
84bb3aeb-167f-43d4-9ee8-98562f8f2ead,288fa305-9fb0-44b1-b761-9ad5962e08fb,personal,156000.0,68186.96,7980.6,12.63,22,13,2025-06-02,active
e94642ba-8f80-4fb2-8690-118745d7e394,57c0d1c3-5264-4f44-9018-7629e4533af0,vehicle,640000.0,11958.1,12064.13,10.64,72,71,2020-08-27,active
a0e43a1f-c57f-4ae0-be57-7db909932ecf,114d1a27-b1a1-42ed-b53a-37897a3b2aae,home,4670000.0,4060925.18,47805.41,8.03,159,33,2023-10-11,active
b501b02b-5481-43f7-ab6a-006f553033ff,ecaa6374-f569-47e6-8657-70cdc20684db,personal,340000.0,180077.82,8131.2,14.72,59,33,2023-10-11,active
06697854-96ba-4ed3-9663-33955bb89744,0e9c75bc-3772-4f2d-830c-f823965a18ba,personal,414000.0,390147.31,16088.63,12.24,30,2,2026-04-28,active
23547fd5-6a7f-432e-916b-31eaead8b04b,a43b43ba-fa04-4c41-80a2-d82e7f193204,business,1453000.0,35826.68,36194.2,12.31,52,51,2022-04-19,active
70fce33f-2e7c-478c-8768-46ac4b3323d1,0088cd7f-0d74-425f-b8ef-fed87b70c22c,business,3634000.0,1248519.88,102152.49,10.72,43,30,2024-01-09,active
a9acf848-707c-4bf8-999f-ec1a919f659e,4d4ed401-af6f-47ad-a1dd-7d21306c2896,business,4270000.0,3134104.35,82164.15,11.76,73,25,2024-06-07,active
2bf2be5a-4830-49db-9978-807380814a8e,3fc64e7d-88a9-4202-86c7-422de0c86299,personal,248000.0,152671.68,12531.18,11.28,22,9,2025-09-30,active
a8f88a70-eedc-4d64-a385-42d695641c47,797ca4e9-c576-47f2-bd50-d5f4fb826575,business,3060000.0,932785.67,54197.54,12.11,84,65,2021-02-23,active
7567988d-8c49-4148-8c3f-c0a24028fee0,0173be33-3afe-4189-b1eb-4bb5affca7f5,vehicle,586000.0,327401.67,10201.98,10.74,81,43,2022-12-15,active
99648ab4-4b56-4916-a6df-f5eddce02e9e,ccfa6c5d-7e00-4a24-856c-d18175a2f210,home,7634000.0,7141772.7,66763.13,8.54,237,35,2023-08-12,active
c2bc62b8-633c-4530-a522-f3c465e68a72,e70c9573-31e4-42b0-9d4b-483dcf0bedb0,home,6592000.0,6107411.95,63554.17,9.44,216,36,2023-07-13,active
e84b932a-b98c-4296-b4c0-8dadf30f8f1a,91801f6e-777a-48e6-96b9-f08176670c74,business,2106000.0,370783.3,39402.26,13.45,82,72,2020-07-28,active
1b96c8b7-1420-4c2a-b6a9-436584eefd00,4d10125e-8d72-4601-a346-90e82b53783d,home,782000.0,411717.87,9252.75,8.03,125,72,2020-07-28,active
91ab06bb-d649-4e74-9b0a-bc352dd349dd,19a9fb7d-5130-490b-b7f3-81171c82ac78,personal,415000.0,185373.27,10569.75,15.42,55,35,2023-08-12,active
8777a169-b8e0-4422-a933-92e8ff865f16,ff45f864-7300-4509-9a56-7992fbf382e3,personal,439000.0,295667.16,13529.23,12.75,40,15,2025-04-03,active
18b0c5b6-1fd6-4349-99dd-9637287bfb48,81368c83-f596-43e7-8ded-d2debe13a697,business,3666000.0,2441524.75,83802.6,12.67,59,24,2024-07-07,active
2ba9d0b6-0c10-476f-b28f-a3bb7cb03585,ab9cc1d1-4b5c-491b-b196-f35d231b1581,home,5281000.0,5092957.29,56157.77,9.35,170,12,2025-07-02,active
da72de7a-ced1-40ef-bcd5-d84140923ab8,560269f9-5843-4b7b-a8bc-a0b0ef58c89d,home,2586000.0,1253095.31,26479.45,7.97,158,101,2018-03-11,active
c91e3db2-c374-4493-8814-15eed5fc0b58,d3797525-6604-41e3-ba90-b36cbe4866fb,personal,417000.0,172063.13,11104.46,12.6,48,31,2023-12-10,active
9bf5d0c1-7e74-4418-835c-0659a4fe4636,a745769b-99f0-4bf7-878f-9403a361f33f,home,6764000.0,6029114.71,79763.9,9.41,140,25,2024-06-07,active
b8d76ed3-d1e8-42b7-a1f7-be6eba55d353,013f35b4-87bc-423a-8d39-19b06a29e284,home,1619000.0,72450.52,14774.98,7.83,193,188,2011-01-17,active
114c1d6b-3f30-4303-a058-3c7509a581d0,7d9cc8dc-0c2f-404a-97bb-9bf9079d1bf7,vehicle,1549000.0,861491.57,25962.4,8.56,78,40,2023-03-15,active
6fb38419-fb6e-4acd-a545-d97b5c0327dd,347f1ec3-eb06-4c5f-ae7e-fecc00304866,home,2579000.0,2319199.05,23481.49,8.97,231,51,2022-04-19,active
2ab0630d-6918-4416-a3c8-18410ee5421d,5855e17d-caf8-440c-90df-f990a3f57738,home,6674000.0,4763567.56,54200.84,7.51,236,108,2017-08-13,active
b772434d-0612-4c6a-b066-62a66bc5fd7d,c551208e-6b93-4e0a-9da6-fba5da0a7b1e,education,257000.0,234561.09,3616.36,9.19,103,13,2025-06-02,active
3414a208-e7af-4a40-8e3e-d363e14ddea6,2b63aea3-4618-40d9-b0b7-a7cff738af90,business,753000.0,644256.64,15867.35,10.19,61,11,2025-08-01,active
2f5bc8f5-f8ef-46e6-9f0e-2b4729842480,eb34f770-c311-4e62-8b4d-75c4057b6acb,vehicle,408000.0,10405.39,10481.69,8.8,46,45,2022-10-16,active
1e79278b-50ed-4be5-8198-68a57ba4bfbf,96f0196e-f6ae-4287-bcc6-61a5d2260dd5,vehicle,1928000.0,661574.02,39631.75,9.67,62,44,2022-11-15,active
d1c63c8f-bf66-4d8c-a6fa-428593bdbed1,6e6d08ae-3ad9-4b90-8320-f2ad1c252d23,home,1364000.0,1298561.21,12717.64,8.99,218,24,2024-07-07,active
f9c500c2-7743-41d1-ad27-a1702e9c51ac,fd3e26d5-f5d1-4896-a03b-fbb6bd08e2b5,home,3369000.0,2468615.2,37843.44,7.76,133,48,2022-07-18,active
b82840f6-1fc6-4852-9571-8ead0c6bb8e7,70de2313-e94f-43b8-9a5c-00f7b03f952a,home,5131000.0,1672955.48,62011.87,8.39,124,94,2018-10-07,active
e900a829-d996-4a96-b9c7-ea728577da63,c04c6d4e-c497-4397-91a9-4de2b3b6df9a,personal,384000.0,263126.37,11170.45,14.8,45,17,2025-02-02,active
81175f73-f2d6-4fc4-8df0-cb5326c9cea3,984b9e60-2710-4503-83cc-51211b445405,home,5172000.0,4058093.77,45321.61,7.93,213,77,2020-02-29,active
2331a1d0-3f87-4b23-a98d-d2b8a9fbed19,ab456f4d-0deb-40a7-ab60-765f1b37bcd4,business,2271000.0,2209434.19,51140.4,10.83,57,2,2026-04-28,active
c9c60fff-5e99-4daf-889f-19d1d4dfa27a,1d559e20-dcc2-4a9f-aadd-98300e861d8f,business,2386000.0,431267.14,45788.89,13.25,78,68,2020-11-25,active
5cd9d25c-b6bd-46e8-adf3-b0d4eb274c39,85247dce-43f5-425f-94b4-09ac18c31c8f,home,6233000.0,5607900.16,63870.82,7.85,156,25,2024-06-07,active
3ddce9ac-bfd8-491b-a6bc-0de519b341c2,34b9d3a4-7ed1-4996-82f6-6d859380acef,home,6424000.0,3270211.6,58430.69,8.29,207,136,2015-04-26,active
5a518f45-42de-489f-89f4-5c4a8f5ca21a,c1237b13-6b8a-474d-ae23-be51724a4beb,home,3029000.0,2237462.74,37601.93,8.65,121,43,2022-12-15,active
7eaffda8-37cf-4e3a-9fa8-d09b569e7425,829a593a-24b5-4bbe-9ca4-e85675936c51,education,385000.0,370109.75,6489.38,8.75,78,4,2026-02-27,active
0d269ced-788d-474b-9b87-c7bfefcb6a11,522ef248-b301-4775-a577-3f782b2d1136,vehicle,1265000.0,647380.93,22132.22,10.62,80,46,2022-09-16,active
5238ecab-83bf-4f87-ae61-7808c3b8d584,5a72a3ae-47a9-4af0-a605-99500221d777,business,4230000.0,4059668.65,131369.42,13.24,40,2,2026-04-28,active
ba930b97-e363-4f79-adeb-78469f517ffd,70d752f9-0f7a-4cc9-988c-d63cbf703077,vehicle,586000.0,286421.91,10223.43,9.92,78,46,2022-09-16,active
f1760040-9b10-4bc5-a23c-d3b306be1596,c6b367e4-0d94-4998-8d8f-4882cb368264,home,5709000.0,5295570.64,57968.45,9.15,183,26,2024-05-08,active
02c155fc-07a7-41dc-8c70-e9a096035f4f,1d6b95ca-e803-462c-93a0-b8e6a4bf47ec,home,3903000.0,1105900.49,43453.82,8.05,138,110,2017-06-14,active
bf5d3789-2979-4e7d-a06b-37c225626553,108c8fa8-190e-475d-82f0-a924d3ed1d69,vehicle,1189000.0,572294.98,22142.75,9.42,70,41,2023-02-13,active
b8c85035-0b1d-4928-b44a-000b4699cc14,7c53b5a3-82e7-4e7c-bec6-163045ea9a5f,vehicle,435000.0,372495.05,13537.54,9.15,37,6,2025-12-29,active
7e1c63c3-49da-4c0d-90ee-7e98f14a60c8,bfe87a79-fb27-43fa-8a43-456ec0581fb2,vehicle,1601000.0,242608.5,49600.5,8.85,37,32,2023-11-10,active
67a62abf-e99a-45bb-9eab-8dd260a4faf2,7e3583e9-1bab-48f3-bff4-835f8bd0cee0,vehicle,960000.0,498000.77,20682.87,10.04,59,32,2023-11-10,active
f17981d3-5a5c-4412-90b2-2c9362139c68,d4d1521e-27bf-492b-8167-5f5067c1726c,home,4211000.0,1936763.04,48874.04,7.83,127,81,2019-11-01,active
f5d0ea5e-2bd9-41e6-bbee-c2205e637ff5,2c39e353-e403-40b7-81b6-4672f7061c4c,home,5891000.0,5690867.75,69038.95,8.36,130,7,2025-11-29,active
bf6d3692-626a-48d7-91da-0904ced2801b,4e8be5d2-9fc9-428b-b1ce-2f889229a5d8,personal,108000.0,92447.56,4269.87,13.66,30,5,2026-01-28,active
2e81c04f-b856-44a1-98ec-505eb3ee3541,80cdfe48-4689-447c-9ed0-03863e1a1b70,personal,167000.0,153649.16,8740.56,15.14,22,2,2026-04-28,active
a94b5087-12a0-441d-8789-925fbab535ed,907e8bb1-f77c-4205-84db-a372e176ccc3,home,5827000.0,5432375.45,58775.4,7.56,156,17,2025-02-02,active
470322df-a469-44bb-a2c7-cc8e9b7b9700,3f9aa806-373e-4c41-b744-0301408530b1,home,5121000.0,3435638.41,47376.8,9.31,236,129,2015-11-22,active
209bdd62-d0f9-45c4-87ed-9e1306ce2db4,9e3719b3-bf38-4e57-b0ac-6442b3ca8700,business,3888000.0,396047.36,81495.21,11.47,64,59,2021-08-22,active
e3cc181a-1551-4f93-a94b-621eb49b3caa,f6d7f5ac-38ae-4ce9-b27c-8b246d704bf5,vehicle,1321000.0,371832.12,28182.23,9.61,59,45,2022-10-16,active
84fcb642-7eeb-4c4e-9541-21d53ef612fd,2132971a-5078-46e9-8edc-de4867b96bc3,business,1871000.0,1505766.4,44730.79,11.7,54,13,2025-06-02,active
1a8660b0-909e-4cd7-b5c1-58bbf706aade,966f3a47-52e3-4b98-9815-e4281569f192,vehicle,652000.0,396954.62,18105.64,8.84,42,18,2025-01-03,active
47aba000-5abb-46ba-9a9f-05db44f82663,6d6970a1-7a21-44b9-a1de-e7deeceb2896,personal,51000.0,40746.56,3964.12,13.77,14,3,2026-03-29,active
885e9e4a-87da-4922-91fa-faaa0efdbf72,ed4c3b7c-31a5-4ea6-b128-365cded89445,vehicle,1126000.0,328037.33,34175.13,9.02,38,28,2024-03-09,active
46a92b50-1bd5-4921-9e1b-78e4c0b4453c,17f03480-9cb1-4e6e-ae6c-a42e96ca3324,personal,95000.0,79680.52,3101.77,12.38,37,7,2025-11-29,active
989af5c4-9a33-4c8d-b4b7-0e2602514f94,0b9ac8a4-4e4c-49e1-8852-64fded11c627,personal,241000.0,72813.92,18726.75,13.72,14,10,2025-08-31,active
54b1cb3f-10be-4178-bce9-872ad0ce0cbd,e080d11d-0daa-47bc-bda6-34d0e99b52dc,home,5951000.0,5098851.11,60735.9,8.4,166,39,2023-04-14,active
aa6e8961-9532-4dcd-8124-57493ffc7202,04605b27-6ae8-4fc4-9759-c1c48f1c9d6e,personal,441000.0,374547.76,27692.6,15.87,18,3,2026-03-29,active
0fd68221-f650-40db-9378-0c5b48b32bba,d7a53069-ee1e-4bf0-92be-01c5553eeeda,personal,138000.0,110160.54,10679.31,13.04,14,3,2026-03-29,active
d0677dfa-9cb8-4e5e-a10a-afa665794ce0,2952229d-3caa-42c6-81b1-c817f6ed5389,home,3965000.0,3738856.18,42413.26,8.16,149,14,2025-05-03,active
69a899a3-6cf7-437a-b522-debd348ece85,e2ade370-27e8-431e-b4d4-d9fd78fd78dd,vehicle,718000.0,68347.37,14043.52,10.88,69,64,2021-03-25,active
20069209-3d4b-40b6-8f1f-5cd0f7790dfd,0936dc95-5cae-474c-b8e4-bae1935e5f2c,personal,410000.0,277530.13,19961.07,11.57,23,8,2025-10-30,active
c898ff06-f98e-4246-9d34-6683684a87e3,2cf3d48a-a05b-4be3-8a05-67fcd08eb96c,home,4738000.0,304794.67,52020.95,8.2,143,137,2015-03-27,active
cb026dd0-e273-462e-a4d7-607f019ba547,8980be9e-0efc-43d0-befe-277961f49f8b,business,2345000.0,1578064.49,42030.43,11.72,81,34,2023-09-11,active
017a2031-9340-4355-a478-38221f5fd689,61220f14-e21b-4f1b-ae83-111ba11c524a,business,1182000.0,812259.67,22134.93,10.02,71,27,2024-04-08,active
67c38155-a799-4560-8c7e-13883bd6bcb1,d1cdf71f-a084-4594-99c7-f760e8b8d774,education,1627000.0,988044.19,21388.06,8.4,109,53,2022-02-18,active
b6c56cc7-f2b4-40c6-bdb8-25e769c86345,7a4097ee-eef4-417b-b142-f566d5976642,home,6574000.0,5668602.66,56552.39,8.38,240,67,2020-12-25,active
0ad034be-6986-494c-919a-0f479818f550,2d701ed4-02fc-4684-9a00-55c02582397a,vehicle,1801000.0,1646368.55,37362.64,10.56,63,7,2025-11-29,active
b1680ad1-e3f7-4738-856c-237c59c16cea,621e6ad5-53ad-46cf-8d03-4ec90bfa2d1c,personal,79000.0,10155.93,3471.15,15.15,27,24,2024-07-07,active
44400048-d164-4843-9351-dec876a9c1d4,e01d8ed6-fe2f-45a6-855b-70396aa50b25,vehicle,234000.0,81009.49,7157.86,10.95,39,27,2024-04-08,active
13be9b5d-257a-4021-bc66-d407ba3d5e21,5584bba8-5b7d-4625-90e1-68a845f6bef5,personal,95000.0,90227.44,3490.94,14.13,33,2,2026-04-28,active
d34249c7-449f-4e22-b06b-eb1191ef526a,3525bb43-629f-43ef-b4bc-ca61dbb3df70,business,4016000.0,721731.68,124458.74,11.79,39,33,2023-10-11,active
28baa455-a169-4de4-8b13-ea82cec273d6,34703a00-c269-4242-b0e9-c6a45156321b,business,797000.0,56071.48,19007.56,10.15,52,49,2022-06-18,active
69ade8b7-9673-4e06-8fce-85b380e31656,b78e4d0c-1701-4379-bf03-13efe6d28422,business,3011000.0,2707379.71,61698.27,13.07,70,10,2025-08-31,active
7155c1eb-79aa-43ad-bb5f-1e38e2bffcf5,23076d0a-965b-43e3-abc2-9a8cbfa47af2,vehicle,1213000.0,770850.93,21235.01,10.64,80,36,2023-07-13,active
c8eae1c4-66df-4979-b09d-3420d4109107,618f955f-7cf8-45f3-b86f-f36c70777ee0,personal,192000.0,176794.66,5009.51,15.99,54,6,2025-12-29,active
603aa014-6b54-445d-af74-8eeced11f5af,d645119a-4385-4670-bc06-315dcb8d4d24,personal,127000.0,50172.78,5346.01,14.05,28,18,2025-01-03,active
6c91a8c6-1b16-4b84-be22-3c12ceabbaac,84381c4e-0c61-4059-b405-f16ecbbb2737,home,4922000.0,2671777.15,47875.12,9.16,202,129,2015-11-22,active
4dfe7b83-166d-43d9-b468-b5e6bf3571a2,c90d81e4-61fb-41c9-a3f4-9c51e65b1b61,vehicle,911000.0,142265.17,16461.05,9.82,74,65,2021-02-23,active
f1dd4abc-f71b-472d-acfe-36014c52132a,9743b9ae-361d-4a28-a778-8b1647baea04,personal,342000.0,124202.25,16310.76,13.32,24,16,2025-03-04,active
17f64503-ca82-46d4-b67a-2c3c5bdd43ee,8d1f86e2-2ed4-488f-b3fe-f9fc4a6fa476,business,4106000.0,953873.01,92188.69,12.41,60,49,2022-06-18,active
220f0f30-b3fa-4399-ba97-6b4d7f4d5d2a,f89044fe-8772-4d97-8c5c-f7ba0555d438,home,3582000.0,3098041.94,38436.31,9.41,168,40,2023-03-15,active
84ecc820-c04f-48e3-ad39-5de09b1e0d23,ac2cdc63-38b6-48e9-acec-00fd545aeed1,home,2650000.0,1358937.92,31821.8,8.47,126,75,2020-04-29,active
def95926-ae14-4017-b18b-2ad70dbcbc9d,2a6d9912-57c2-4b55-8997-5b62355a4fc3,home,2250000.0,670848.25,25831.99,9.02,142,113,2017-03-16,active
3fc2cb2f-b384-4f6a-84f1-0a2906e60c4e,764958ed-3682-42ba-a84f-0832623a56dc,home,6027000.0,1651222.97,59773.66,8.84,185,154,2013-11-02,active
0669524c-4634-4cac-8eb9-49a82d7ed504,d32ce99e-ed53-4d11-82e2-04c4d3ac421c,personal,306000.0,53571.83,18334.97,15.98,19,16,2025-03-04,active
2ea01746-d4bc-461d-b105-f63632e13895,a3a4d700-9069-4931-bede-776614401f53,vehicle,321000.0,157276.33,7463.89,8.91,52,29,2024-02-08,active
231cd4fa-3ef4-402a-ac6f-f2f30fb17064,d3b79bec-15d1-4c46-94fd-c802c899bfd3,vehicle,1920000.0,631070.41,51005.2,8.57,44,31,2023-12-10,active
50adf75e-97c9-474d-9a6d-63201dd9ed2e,7cbc7d6d-07a0-4fe9-8caf-e996de5ea55e,home,3956000.0,3611075.59,34810.43,8.58,235,45,2022-10-16,active
a940bdb6-7cc3-4d69-a1b1-0777c3d09a49,69d12b80-df36-400f-94c1-c005cbff515b,home,3581000.0,1395080.11,30263.37,7.82,227,172,2012-05-11,active
28f32699-a277-4d81-8cd1-92e753ea817c,49162773-843c-4c81-a752-f322e7c05fa7,business,3228000.0,2823013.88,60670.08,12.51,78,14,2025-05-03,active
bc652f0e-5a55-4848-bdbf-ad88becb2e92,0aeb9bf9-96d6-42e6-8cf9-930e9466202e,vehicle,1823000.0,1586168.12,35270.95,10.86,70,12,2025-07-02,active
0c363753-0985-4c29-9ca0-20c53cbac455,b5ec15a0-1d18-455d-8492-83d0d567d3c3,personal,358000.0,186064.25,8344.89,14.08,60,34,2023-09-11,active
8b1ae490-5439-419d-9571-48bd131dd15d,029d25c8-8c64-43c1-8339-0e5f34131b67,personal,448000.0,367281.06,11885.08,13.24,49,11,2025-08-01,active
fce1205e-e252-464c-828d-b7b7fa2aa03e,d87fd59c-36a4-4dbb-b9f5-39cb91cdcf48,vehicle,350000.0,107316.83,7237.36,10.91,64,48,2022-07-18,active
707e632f-f8a3-4210-99a9-4196cde2811e,a71e2fcb-2f70-4d75-bf56-c2e6b9007dba,vehicle,1107000.0,121013.73,20815.59,10.91,73,67,2020-12-25,active
c496fe0a-a41c-4c86-8608-820f1044addb,8c9fd7d6-8694-49f1-bb4a-36b0fe461c1a,home,6653000.0,712214.01,82280.05,9.44,129,120,2016-08-18,active
8ef04662-ec1f-4e68-afd5-58b81cad86c9,cfd825ef-c204-4d90-8237-9100e29a3638,personal,167000.0,139907.07,4521.78,11.69,46,9,2025-09-30,active
7443389f-448b-4c40-b4bb-460225479f29,aa8a06db-f7d1-437d-be84-85de24e6f81a,personal,446000.0,257276.27,15882.33,13.61,34,16,2025-03-04,active
e35be0eb-0a8e-4955-866a-3b2c7d8afadf,260cc076-2cbe-4c05-85f6-a5322244cad1,personal,248000.0,239071.79,7100.09,12.87,44,2,2026-04-28,active
4be619e5-a2de-4b21-8d5d-6a2f09f9bed5,38bba28c-f266-48d2-9c3f-67e19239abba,personal,78000.0,66662.64,6439.28,12.3,13,2,2026-04-28,active
c973c1bc-ad74-4147-8466-152e905c3284,e1dbcd8f-ade1-43c4-84ef-ce9236a419a9,personal,194000.0,155966.24,4615.93,11.47,54,13,2025-06-02,active
ad960e7f-198f-4b52-b995-fe9588ff88bd,73fde098-e8ca-4661-be44-5121539763d6,vehicle,884000.0,333606.04,25229.53,9.25,41,27,2024-04-08,active
545a00ce-68c5-4c8b-9b18-5559fb008ba1,f9dd2f16-98d7-4f3b-a457-afffd3965164,home,5360000.0,65276.08,65785.78,9.37,130,129,2015-11-22,active
36545a5d-3e5d-4c61-9a87-475ebb1e874d,6ee6bfc9-9bf6-4fcd-bbc1-614662210767,business,3034000.0,1291094.16,83203.29,12.4,46,29,2024-02-08,active
3c982453-789e-454d-af00-cb0c825fe2c8,b3dc91f9-9cf7-4cd8-8cfd-ff982e8ea9ab,personal,277000.0,110391.13,8624.99,14.63,41,27,2024-04-08,active
a2e8672f-90af-4c18-a605-4f67aa83e0d0,b9edbefb-53d7-4986-a0e7-2c9bcf9d99e3,business,4995000.0,4557089.39,105446.66,12.66,66,8,2025-10-30,active
b0099fd3-f1fa-43fb-a8f0-a20e77ef2f13,08302f24-f79c-4596-ba5a-3d0b6d902ffd,personal,315000.0,205379.93,14200.94,14.57,26,10,2025-08-31,active
be0c2af4-1062-4b2d-97f4-a53802f6bd95,18d0ff49-41cd-423d-bffa-ab66cd11d95e,vehicle,359000.0,152210.6,6504.68,9.56,73,47,2022-08-17,active
499c8c13-948b-4b45-91af-04ddd77edadb,190f98d1-935b-473a-b9db-87c0291c8eec,personal,272000.0,211130.59,7579.66,14.21,47,13,2025-06-02,active
28195d9b-3d60-47ab-b1db-d9f2b008edcc,4272b527-c113-405b-8f6f-c6b6e572a3cd,personal,353000.0,273960.53,8579.23,13.77,56,16,2025-03-04,active
4751ec60-0a37-4504-96e6-029e91bd33fa,749ae998-d799-43e5-b51a-cdc9867d22ec,home,3330000.0,526409.57,39764.51,9.06,133,119,2016-09-17,active
26ad4dc3-179d-4f3d-9a4f-09ab702f8a1a,ec85824b-1f36-4917-9997-6deb147b10a9,business,4323000.0,1847598.01,81641.79,12.68,78,52,2022-03-20,active
3857225a-3822-48d8-bb7f-cdad16223e47,03b72e03-7a19-4a80-82ea-c227ac787b6f,home,5300000.0,3852625.05,47226.29,8.71,233,109,2017-07-14,active
f78a256d-82c7-46d4-8d45-07e519dd04f2,160fda73-2e18-4002-9ee8-0afe6b0b0846,business,1559000.0,114237.7,29247.53,11.51,75,71,2020-08-27,active
b878eeef-e653-485d-b23c-45da621fc1a7,17cdee61-d857-4d50-876f-22dae62d495f,home,2486000.0,1959300.27,23182.94,8.36,198,70,2020-09-26,active
1c721a97-643e-40ce-a5f8-a5c25b8b4fa8,c1348089-28d2-47b7-b168-eee37fdbde1d,personal,191000.0,146341.69,13085.95,13.22,16,4,2026-02-27,active
11436149-691c-4c41-a055-ca0da7babfe8,59aa513c-c990-45da-a9b8-fbaedac0fa05,personal,96000.0,38914.55,5082.02,11.8,21,13,2025-06-02,active
9de58fea-cb38-45a2-a1e6-cfbcb640973f,35c06b0a-5513-4803-95f5-b69c035a4549,personal,159000.0,58720.15,4017.88,13.03,52,36,2023-07-13,active
abdefae3-a0d4-4755-a372-45fda95480bf,a3a5b50f-fcc4-499d-b24b-83a660053130,business,202000.0,137370.75,4145.07,13.84,72,30,2024-01-09,active
c954e3cf-62c0-41ac-8d48-d20d3c982183,44a7f8e2-f65c-425e-93ae-18323426b5c8,home,3501000.0,1349826.47,32153.28,8.5,209,159,2013-06-05,active
2409e19b-e17a-4947-84a3-c9db309c0a48,f0715f3f-3750-4261-bb4d-db6f087ed143,home,3769000.0,3129059.39,39982.09,8.29,153,40,2023-03-15,active
d4ee832b-72fa-43ed-8bed-306fa3248906,31986a82-8321-49c7-b1d6-ac0e6e39d4a0,education,1531000.0,1404206.83,23985.67,9.2,88,10,2025-08-31,active
9d986d8a-79e9-4804-bc5c-166be05198f7,2e7718e4-8f28-4360-ba13-e8ac0b63352e,personal,330000.0,271882.81,22337.47,11.45,16,3,2026-03-29,active
7edda0dc-e5c5-4065-899d-bbdfdcf920a1,f428e243-02cf-4a12-8516-974d7e2141af,home,6723000.0,517203.39,66922.95,9.29,195,187,2011-02-16,active
ef401260-b7aa-4c8e-84d4-bea110793b1e,452fccad-28cb-4422-8237-12cfa32664df,personal,348000.0,282107.23,9260.79,14.2,50,12,2025-07-02,active
d896a0c2-13f0-468d-84b7-7c70329e5eb3,e676c983-d02d-4763-b42a-f020c586d90c,education,1759000.0,1371560.48,24089.34,8.81,105,31,2023-12-10,active
e511e5b0-c1d6-429c-8d3e-d3f77c97541b,7407ec11-02aa-442c-94e8-29c3392af498,personal,374000.0,223891.13,33353.8,12.71,12,5,2026-01-28,active
51e1448a-ebf8-434b-95cf-1870028f8f37,68003c50-d0cd-4f80-973a-3af1aabe0505,home,2409000.0,1494092.26,23079.11,8.52,191,104,2017-12-11,active
bd7d86f5-2f92-4177-b569-78d74597737f,d0abfd78-4bfb-4f82-bd9d-072c37c9a1f7,home,6725000.0,4798613.24,85500.69,9.32,122,48,2022-07-18,active
01beb3cf-7e95-484f-9439-4d2382c7562c,36260154-94f1-42f2-85e7-0faf38e5cf20,vehicle,701000.0,504894.44,15852.12,9.74,55,18,2025-01-03,active
8ef173ec-94b4-4ebc-b7db-e1c96f29f920,b27b6669-bbea-4070-9528-7cf5cb0d6f03,home,1230000.0,979694.63,13085.0,8.8,160,51,2022-04-19,active
fe6211f3-db98-474c-9ebe-d377e1f3d809,4194f519-a980-44a8-a2e0-a29d669ffa6c,business,1513000.0,1360374.04,29320.44,11.67,72,10,2025-08-31,active
2e0a34c4-5532-42ab-83ea-1e8379d5ff4b,bca09acc-22f7-487f-977d-b7224a83ae8f,personal,383000.0,181698.35,8496.43,11.33,59,35,2023-08-12,active
3b6ca3ba-6a0b-4ea7-afd1-9344e8829eef,9300a350-2ab6-4a83-9a69-abca743f943d,home,2440000.0,943614.3,23741.1,8.65,188,141,2014-11-27,active
75767f25-44ce-47ce-a6b7-6bb1a9405d1c,22287d21-a5c3-47c7-8268-c6054104fafd,personal,296000.0,177482.94,6604.05,11.01,58,27,2024-04-08,active
910f4811-aebc-400f-9b30-e25adabefe79,5f578ee3-51af-420f-8bef-0820ab43d97c,personal,298000.0,35889.61,18222.52,12.36,18,16,2025-03-04,active
002f3008-74fd-43ec-a873-0b8c6ec3b862,d2a9e974-aab3-4a25-aed0-b72565f68677,personal,283000.0,101416.64,17646.9,14.94,18,12,2025-07-02,active
8af6f004-d88f-43b4-b87d-3cf71f5c99a4,7d921aa4-687c-4361-83cc-4a13c90405f3,business,4612000.0,2895314.14,85744.45,11.51,76,35,2023-08-12,active
19631d19-31b6-42e6-867d-5bf5239a94f8,e40378d7-a988-4996-9330-a2d9d9520dbf,personal,327000.0,226019.77,9241.1,14.09,46,17,2025-02-02,active
fc0ebdca-4d29-4f6e-8d76-556d6dea4dab,03bc2da4-2dd1-4fd3-af1e-b43789dbd869,business,2992000.0,1081745.8,55258.75,12.47,80,58,2021-09-21,active
87931bbf-95af-4cae-9f00-74882c7f16e9,0cc31e35-3a54-4858-b183-01cff13584b5,home,4300000.0,4002053.19,40075.08,8.12,192,25,2024-06-07,active
e3498acd-9898-48b1-ac4e-67909c6d8696,5e574efa-1769-41c5-8699-59c1c0dfdeb9,home,4913000.0,4679867.38,53144.0,9.11,160,14,2025-05-03,active
73a43fc8-e348-4c4e-97d4-027d3b6162f3,fa287482-d76a-48a0-93c5-abdc72ef6f61,home,5103000.0,4519545.37,47203.03,8.7,212,48,2022-07-18,active
a52316dc-b913-455a-9566-bd4d77519f08,9e44f55f-6ca2-4fd2-8ba2-22b2c7f73e7b,home,5656000.0,4459600.93,58879.55,9.49,181,65,2021-02-23,active
f7d0e729-b84e-41a3-ad11-f039621f63f8,60aa6c7d-e889-4010-9fa3-ecc10e140330,business,2031000.0,1726604.66,35072.87,10.18,80,16,2025-03-04,active
4dd7e8bb-e632-4dc1-8376-70dfd421729a,cb4cb728-2612-4552-856f-f3e166a18bd5,home,1090000.0,922636.56,10359.96,8.96,207,60,2021-07-23,active
22e8912f-690a-41ce-b981-285861a3b62e,c93a70bb-a735-4ddd-8717-a2619da5b6c3,vehicle,1168000.0,791300.79,22167.89,10.52,71,28,2024-03-09,active
43155b0d-3c8b-4a00-b89c-643dbcfd289d,ccb2328d-b24e-491a-8f1f-8d489e54e6c7,personal,162000.0,145280.65,3927.05,14.24,57,8,2025-10-30,active
594492c4-7f7f-4158-9912-fc034b7fd0c2,cf86d5c0-0d1e-45ae-be8d-e1ce58ecfe92,business,1448000.0,916041.43,32901.98,12.4,59,26,2024-05-08,active
9dd3a404-2ab6-4099-bd12-cc177283bc0f,4fc991e5-14a8-4ae4-a3f1-04b7a59e6703,personal,72000.0,21340.77,1918.94,14.28,50,38,2023-05-14,active
15769d1f-fe1c-46c9-847a-e20fd7b51380,de16954c-429d-4cc7-a9d3-b7502cc7a7e1,personal,111000.0,74262.23,3288.27,15.86,45,18,2025-01-03,active
21239f1f-cb5c-4606-bd0a-5ca7ffcbecc1,444eafca-0163-46ce-9823-e07144fe5254,home,2700000.0,1952662.87,29115.94,9.5,168,72,2020-07-28,active
dda6a70d-2244-4143-b337-b4180f666675,906b3b41-5aa6-49eb-ad3a-62e0e19f98f8,business,3755000.0,972604.66,74998.38,12.45,71,57,2021-10-21,active
e15499fd-36e1-4d07-9034-9d2604db75f0,8d368b99-dec1-46dc-a8a7-5592ea70f648,personal,73000.0,69920.84,2280.58,12.31,39,2,2026-04-28,active
06ab053d-1b91-4b77-8a13-afeea07005e7,59fef1bf-1562-4e1c-bf0e-49af5e86fe89,vehicle,1877000.0,1140885.8,41679.83,9.56,56,25,2024-06-07,active
23bcbaf4-8e31-4bc2-b227-032bd409cd37,544cf299-5795-4475-9c7b-e74e3fadea40,personal,249000.0,54462.03,7208.33,15.46,46,38,2023-05-14,active
1a7f4323-9040-4a8f-b8ce-57cceb2d30cb,4c05d924-5d36-4f71-abf0-56761b461075,personal,479000.0,377364.88,18444.52,15.82,32,8,2025-10-30,active
c1775549-80ca-4bc8-ad97-652d1a0cfd80,e260af55-6d1f-41d7-9b9d-3426ae9ada00,business,4065000.0,2377158.58,131399.64,11.7,37,17,2025-02-02,active
e020eaea-fd77-4b7b-b576-1d007857a838,c2fc7b25-2e3f-4cfe-b0f2-867df69ce639,vehicle,865000.0,158819.96,18441.97,10.69,61,52,2022-03-20,active
7cce016e-6f62-4392-9e6d-0cc240776873,e7e63e3c-2234-46bd-b0db-b3ead14286d0,home,5252000.0,1523973.88,46853.19,8.34,218,181,2011-08-15,active
f1c6d138-777f-46ff-a052-998b5e129dd3,237dd344-1bbf-4a9f-a348-cbf05546baf0,home,1313000.0,447444.03,12038.2,8.17,200,157,2013-08-04,active
523d8186-34ed-4f2c-b4e0-1113eaaf72d2,c4e4ee92-37a0-4cc2-8f4a-132cb33f17b4,personal,466000.0,162837.39,41943.92,14.47,12,8,2025-10-30,active
b77f71d1-3132-4bce-bb40-774f5be7ce01,2958ded0-f719-42c7-b629-26c1fcf8d4f0,home,1901000.0,1441562.81,20543.28,7.8,142,48,2022-07-18,active
906f9f94-445a-4570-b68a-0045c641a3e1,431b8eea-222a-43e4-99ce-41cb416b5fa5,education,1617000.0,567003.65,26146.03,9.93,87,63,2021-04-24,active
2eb2ff2f-76cc-4f59-b43d-ebb618f26fcc,5961bbc9-125c-44c8-baa1-62b1581addeb,business,2475000.0,1730025.45,52582.89,10.54,61,22,2024-09-05,active
06060cbd-4627-41ac-9f60-c1c8f3c9e8b6,279446ba-051c-45d1-bdc4-bf3719685f99,business,2073000.0,1226793.7,59016.15,10.32,42,19,2024-12-04,active
f5d7f61f-e3ae-4791-affa-9f3d648fa954,2f91caa6-d13a-4a89-9fab-14d49e21d800,business,680000.0,46582.57,15881.85,13.64,59,56,2021-11-20,active
4887cda5-043f-4c8d-b12e-17f690fe6d18,402ffd49-3f59-437d-962b-b259882ed530,personal,480000.0,53438.73,13779.2,14.98,46,42,2023-01-14,active
9548ec9e-2707-45dd-b258-5be56f8e10e9,a98fd683-adad-4506-ba53-14641067a3b8,personal,77000.0,38020.81,1852.91,15.52,60,36,2023-07-13,active
3c2e9f5a-a4a8-4506-8d53-57b5e20adb48,fa679a4c-0957-4e1a-a492-a30e9c8de19b,home,4059000.0,2011794.09,41670.53,9.46,186,125,2016-03-21,active
c08dc49b-3e04-4323-8018-f8f87d63d1a0,3f52fccb-bdcc-43e8-aada-e7ae6cabf713,business,4960000.0,4295422.38,136968.88,10.78,44,7,2025-11-29,active
03caf2c1-2a5e-4e09-9e30-34b083456701,50baa271-5337-4438-8149-1b32a6e0981d,home,4966000.0,1375762.51,42220.12,8.22,240,203,2009-10-24,active
a8d6d157-d245-4231-9636-4d29fba495c2,a71d4f5e-d17d-49c0-a682-1aff4f680142,vehicle,1876000.0,254334.39,43586.35,9.62,53,47,2022-08-17,active
17b2cd70-0d9a-4e77-825a-b0c93b920861,705f3ff6-bb86-4c4e-b17d-9e4ba67015b2,personal,168000.0,58235.53,8717.49,14.19,22,15,2025-04-03,active
0d08e816-eaa9-4337-b3b5-38e57274c7e1,04e065a9-0fee-4ec5-95ed-8ecbbcc39012,home,5978000.0,5292811.54,49631.63,7.83,237,54,2022-01-19,active
2d07cbfd-06de-4de0-9366-c01933d026a6,28bf8428-dd2e-4851-828f-1a17c48691c5,business,1298000.0,753705.6,23995.89,13.54,84,45,2022-10-16,active
0ebf70f7-a7d7-4aed-92b5-691e6d5d2907,c2d8a593-baf7-4975-825b-9fa0eca2d666,home,3093000.0,29942.77,30166.35,8.96,195,194,2010-07-21,active
34a8c434-f2d0-409d-b1b3-12cb16d06c52,512ef0a2-9f97-4356-b08f-6cb8492368e1,business,2414000.0,833623.08,57374.98,13.89,58,42,2023-01-14,active
fe971bef-bea7-4606-9518-444fc5bf8d70,35c4d8f5-29c4-46e0-b4d0-fb3189cb7bf2,home,7876000.0,7041001.44,73530.88,7.85,185,34,2023-09-11,active
35bd9848-0666-4e97-90a3-b348ddd7caf7,4d416264-18b1-421f-9fe6-d4391a3b18f8,home,4681000.0,3568433.18,40872.1,7.97,216,85,2019-07-04,active
b430b5d2-536e-473d-9eb1-3cdb25dc1c1a,8f0b3837-836c-4ee7-a193-946589a7c5aa,vehicle,852000.0,564106.23,14565.93,10.95,84,36,2023-07-13,active
7af2ac59-d8e8-4486-9c47-26114e439f36,fe4c513d-afd9-4ee2-8b38-63c14b7c72cc,home,5569000.0,265692.44,54207.31,8.01,174,169,2012-08-09,active
a0140c13-67fe-4088-a7b4-2b2907d3fa9f,c9c6a865-140a-4282-acae-f7c2b2884513,business,3331000.0,2691012.75,78565.24,12.96,57,14,2025-05-03,active
e95a9a03-17be-4871-9d48-0b418d055823,0a6b821c-56cb-4bc8-b4eb-4cce286de60d,vehicle,338000.0,265617.22,9346.76,10.86,44,11,2025-08-01,active
1d198955-2f88-422b-81f7-cf68ee973d43,a0f8c365-918b-4ca6-8f17-70d4e608302b,vehicle,1973000.0,562266.7,45925.69,10.42,54,41,2023-02-13,active
4446f1c1-532d-448c-81f7-a81d5d9f3409,91a8dd46-cdf2-4aa9-bfa0-1afc3a4ed376,business,3709000.0,3221902.08,77623.59,12.73,67,12,2025-07-02,active
32a76076-d0a8-40fa-b736-70b928ede867,4c12e356-972f-4d74-9e58-ed83a35464f2,personal,456000.0,271936.83,15428.48,14.82,37,17,2025-02-02,active
6804238f-dd99-4a83-a3bb-18045cd5fc40,3a2848e6-3432-4c73-a9f1-cc7a421cb339,business,3296000.0,857727.97,62250.16,12.97,79,64,2021-03-25,active
50efcf2c-1311-4638-9d45-cda0db03de98,b97a0d17-22c6-4ccc-9216-2788cb93309b,home,1937000.0,1442386.58,17345.14,8.61,226,99,2018-05-10,active
aff0b4f7-3609-4761-979f-7cf7eb267d2a,e8a3e6f7-5a26-4f6a-bd77-d2a6fb58a02a,business,4134000.0,3996765.33,84620.13,11.41,66,3,2026-03-29,active
6a7c576f-921c-41b4-a554-3fa1cab7a8e8,9689007c-ed60-4133-ba3f-cff5a2252d27,business,492000.0,195668.08,15086.31,12.43,40,26,2024-05-08,active
5ea78d28-3520-41d6-ac96-967f4ea7b6df,f16ebc58-9fc1-4889-956c-33a6a2e71e45,education,1671000.0,1198605.41,28642.08,8.66,76,26,2024-05-08,active
11ef18f6-daaf-492f-8abf-587bee0ca63a,33439c75-d26e-4556-9bdd-f7d46c1c889f,home,5067000.0,4037275.2,48496.31,9.46,221,85,2019-07-04,active
78b1aeac-e378-40ec-935d-2f6d41dc5d81,285b557a-2363-4627-804f-6fb81e2d9805,business,2615000.0,1806168.18,71268.76,11.07,45,16,2025-03-04,active
d7613913-32d7-4f3c-a77f-aa50d0d23601,c8910d9d-5624-4fc2-a493-6d32c32fbc67,home,2221000.0,1971283.79,22104.97,7.52,159,28,2024-03-09,active
87a5d5ad-b44f-47f9-9c3e-51018ac41df6,208c9cdc-e7d5-4170-8655-d6b07040ad6f,personal,372000.0,36082.01,12292.9,13.2,37,34,2023-09-11,active
676637a2-fa26-4f9c-98e3-3dc9db25c244,63709a08-9073-4b36-a0be-0a94bcf974ab,home,7288000.0,6572360.05,63966.1,8.35,227,46,2022-09-16,active
c24fc174-110b-48b4-b60a-6fb44fa00005,9d351a6e-b13a-41c8-be58-05dc17270e08,personal,164000.0,121574.56,4261.01,15.78,54,18,2025-01-03,active
9a8fa635-a680-4b6b-932a-1aa4cb3b38f6,7cb02dd2-f1b1-4381-a56f-211e2574ec0a,home,901000.0,355867.44,8379.43,7.92,188,138,2015-02-25,active
a406a2bb-cf6f-46d0-9c53-7b91bc1d0344,bd5669a6-a673-4151-9770-cdd5b842a776,vehicle,1439000.0,902220.5,28441.38,10.01,66,29,2024-02-08,active
7eafd751-3e60-49c5-82ba-00be7db4a9a3,30e0284f-576e-49f6-a4fe-8ef3501a89db,personal,403000.0,141805.53,24403.89,11.08,18,12,2025-07-02,active
44346498-73db-47bb-93c9-dca3c505d9e9,8aed00b2-4e04-46ec-9f9d-c2d4498e407a,home,4968000.0,439566.12,56726.24,8.57,138,130,2015-10-23,active
40b40dcd-0a02-4414-8148-7cf266e43824,55087ced-ab00-463e-8d03-a25215ffecf6,personal,165000.0,22717.98,4711.7,14.68,46,41,2023-02-13,active
eda8b2e1-6d8f-4303-997b-202b36b9f7e0,177973f7-e874-4313-b679-e85ed1bc355c,personal,242000.0,198699.65,6468.47,13.64,49,11,2025-08-01,active
a8f34257-c73a-4634-8406-c87340dfb67d,e1d570a3-c4ce-4ec9-a0b1-9d65389757b7,vehicle,1576000.0,784938.33,27554.95,8.65,74,42,2023-01-14,active
78e89f90-6cd6-40d2-8a12-502c6619338b,063a0d21-e64d-49c1-9e49-31ba4c81cdce,personal,366000.0,119944.71,10630.03,11.52,42,30,2024-01-09,active
ef5d426c-0c5d-4469-807c-18a62689e80b,fa1877ec-8419-44fc-9046-64e48e24727f,business,1418000.0,1253556.62,34896.41,10.15,50,7,2025-11-29,active
d2648685-4b2e-4cdb-96a0-edf1ad1e1f5b,b45ab0bf-f54f-4c1b-9732-f6dc170c1aea,vehicle,1976000.0,690449.91,37740.29,10.37,70,50,2022-05-19,active
5317b67a-c8f4-4c68-9247-d38422a80a04,e2353c8c-3d97-4886-9441-3c3dee3c050f,business,1040000.0,201843.97,30158.73,13.62,44,37,2023-06-13,active
6a1e428a-1aad-4208-93f4-daffff710217,9c514a5f-9d2c-4070-9f5c-fa06cdee5298,business,3043000.0,2077949.93,82987.94,12.09,46,17,2025-02-02,active
c3b42a77-18c8-469c-809b-e757209997cf,2413e95d-2b95-49c4-b77a-01b0fd529a88,personal,96000.0,11274.75,5749.88,15.93,19,17,2025-02-02,active
f07bfa59-bed6-452f-b2f0-47d9e6958b3d,7686a2eb-a07d-4d70-8c2f-be3975bbb7e5,home,7400000.0,5397462.01,87180.22,9.39,140,55,2021-12-20,active
aa1f7b41-7df4-42e4-9303-b29b030ad1c0,a2f82715-ed7c-42b6-ad56-65072ed44602,education,1082000.0,265574.14,16801.23,9.85,92,75,2020-04-29,active
66f51afd-4eaf-4269-a617-2d4759912708,fb7d0362-c289-40e1-9cdd-7dc8d852da3b,personal,145000.0,113086.95,7663.17,11.61,21,5,2026-01-28,active
e29a2d2f-8df6-4b32-b2f6-8c1f819644e5,e5f318b5-28c6-4976-b30f-7fd3ae67c5eb,home,2225000.0,2144257.42,18158.35,7.5,233,18,2025-01-03,active
b9faff2e-cce9-4fd9-b44e-2e165b568f9c,ea6506b4-09c5-47dd-81af-a776969eb347,business,2053000.0,1956129.21,43580.54,11.52,63,4,2026-02-27,active
761f1aaf-8784-4da8-97f0-4b9eab8b9a55,b7b8a890-5640-4d39-9363-8c392d41c483,vehicle,1114000.0,58541.41,19839.61,9.99,76,73,2020-06-28,active
8b5b5954-2322-44a8-846f-85cfd70fca55,4d7d5ea0-3277-4e77-a905-cfce4c78cb08,vehicle,1418000.0,1379992.37,23760.13,9.47,81,3,2026-03-29,active
7ccf6648-8f96-431f-93fc-2ae4de90ffca,52441d6a-b79d-4293-b092-98da7c5c9665,personal,418000.0,355543.17,19845.01,12.86,24,4,2026-02-27,active
e464d5b2-e0cc-480e-9b58-ae9bfb241af6,6f72b10d-8b9e-4768-b72e-3a27a1416b13,home,7380000.0,4682659.8,83387.76,9.3,150,76,2020-03-30,active
3f2ef0fe-9905-4d35-b1b9-1d91ae0b14e3,70dea442-da8c-44a6-bd75-11539282f193,vehicle,1370000.0,235927.2,24782.92,10.86,77,67,2020-12-25,active
918e6ac7-db72-41cd-b877-5a8e7e26c963,3cea176f-7731-4c54-be7a-665da7a25872,business,3974000.0,283463.52,96333.14,11.68,53,50,2022-05-19,active
28ee6c96-924a-4670-981c-7478a6cc536d,607cfd9d-0da5-4fd5-be7e-8ad973d44de2,vehicle,1191000.0,671128.31,31874.48,8.99,44,21,2024-10-05,active
56309d98-8aea-4790-bc31-8c3069b4414f,09a00ce8-a692-46c9-ade2-410f8861d9f2,personal,492000.0,90478.39,18787.24,15.16,32,27,2024-04-08,active
fd9f71cb-d09e-4650-93f1-3baa103b2775,c0c65fbb-81dd-478f-b30a-d60a173c9403,home,527000.0,520855.27,4979.44,9.05,213,6,2025-12-29,active
5e1e70af-4eab-40d1-8034-30d08568e164,7e8a11d1-adc4-4e10-9170-44591414ff38,personal,388000.0,229273.3,18790.86,11.02,23,10,2025-08-31,active
c22d793f-554c-42f3-b368-e650379caaba,dcd47f20-dace-4694-a3f4-9fcdeb4ad054,vehicle,1914000.0,1690836.97,34574.01,9.45,73,11,2025-08-01,active
0a2d12c0-53f4-48d6-baa0-9dd188bed1f7,feca88b3-bf92-41e8-ad2d-95ab641a7d6f,personal,456000.0,69489.04,35317.98,13.18,14,12,2025-07-02,active
ccb38f61-9352-453d-8930-fecea29dbec2,6528226e-13f4-4c20-bed6-74d5ef3a287c,personal,171000.0,45133.39,11544.77,11.07,16,12,2025-07-02,active
db152fea-3b4b-4866-ae0c-cab9fdcaec51,53a6500d-542c-4f55-85cd-2238b7536d1e,business,1981000.0,1308756.49,59941.83,12.84,41,16,2025-03-04,active
caa0bb19-8125-4dee-9ede-8365f52d8dec,8c413bb0-8fe9-4b4d-9896-782d86303ed8,education,103000.0,90820.77,1607.33,9.08,88,14,2025-05-03,active
b8c8cb67-4c56-4414-b66b-5c837f16fbf8,06286f84-78a3-44c5-97b3-6d949bde47a9,personal,418000.0,83317.96,10902.44,12.34,49,41,2023-02-13,active
a015b449-82b4-434a-b0f4-67d940c88e04,963ad801-106d-42c8-81b5-802dbc8af22f,personal,285000.0,50063.13,25434.03,12.84,12,10,2025-08-31,active
c7490b75-2ec5-4e7c-837a-dfe57b6489d0,e9c9ebed-17af-4bc3-9f6e-8985bf471b3b,vehicle,974000.0,749713.67,17748.46,9.01,71,20,2024-11-04,active
753187a3-adee-4bad-a2d8-93122374426b,e5f19775-4b92-4cbd-88b9-3df5c345e7bc,personal,377000.0,301565.02,10322.9,14.11,48,12,2025-07-02,active
f62c3de4-ec15-4873-b68f-335320a0f055,0b706774-95ba-4f2c-b39b-3f053b4f6175,business,2404000.0,537884.33,79973.56,12.11,36,29,2024-02-08,active
a5a0f12a-d807-4b11-9d49-437e3e0139ca,581f9072-29c5-4815-9b98-f57d45150eae,personal,284000.0,129573.08,7291.08,13.83,52,32,2023-11-10,active
0f043c45-ed2d-4324-8f55-e7d8b0cdc46b,3cced7c3-2507-4e26-889c-340850bf9fd4,personal,357000.0,100162.39,8966.45,13.43,53,41,2023-02-13,active
ecbbdb08-040f-46e8-ae20-aa540382b5d3,c1e55f49-6233-4bac-aae3-a25c85656831,home,730000.0,653672.52,6616.07,8.68,222,48,2022-07-18,active
78d22f9e-8243-46c1-b43c-7a7574290663,70c07e9b-9345-404c-bf74-d165fba1d5e7,personal,430000.0,225303.8,11593.53,13.27,48,26,2024-05-08,active
f1b26279-3090-471a-aa0b-e57c8fe1edba,c0886d96-d033-4d6b-b566-d9d5b793ab0f,home,4960000.0,4361348.11,54353.79,7.54,136,24,2024-07-07,active
19f7f72d-13a1-4592-8c60-03961667565b,768435ae-d410-4a9f-ae54-f300ceaeecbd,home,7109000.0,4698975.75,68598.48,9.48,217,118,2016-10-17,active
3f45108d-f428-4e50-b17f-db3158133359,a781bd6a-e3aa-496b-8fe8-e87ed65d9490,vehicle,1336000.0,958419.45,24683.2,9.9,72,25,2024-06-07,active
b78e5503-b5b0-40c8-a16a-a5d4a3a502a8,41cd2b73-93fc-438c-86d3-1b09cff289d5,personal,186000.0,165943.31,12105.48,13.77,17,2,2026-04-28,active
924e60ab-bf3a-4c32-b265-7625a2495a32,902ee531-065e-40e5-8e1b-67c987996338,vehicle,1965000.0,1548637.97,35831.17,9.42,72,19,2024-12-04,active
2b056e09-4f1b-4177-8e9a-66e999021e4a,4e2fe49d-6605-4f08-ade6-55997f3be820,vehicle,1611000.0,1094440.97,34157.01,9.34,59,22,2024-09-05,active
6c86aa0d-a3d3-4c38-874e-c5b60d68776a,f0705497-9de4-4939-87f4-46d6411ad1a5,education,324000.0,289947.54,4910.44,8.91,91,13,2025-06-02,active
e09dc880-15b2-40ef-94d6-f29123dfdc8d,2f66c7b3-2889-4e48-a24f-5b457cd432bc,business,862000.0,693225.9,20539.82,11.54,54,13,2025-06-02,active
0247215d-9325-4cda-94b7-d3fc81043652,7b1c9c2f-9e1b-40c5-83a5-92fef85354cd,vehicle,374000.0,44459.69,6575.4,10.49,79,72,2020-07-28,active
1b015a24-5bcd-4b9d-8f44-5656d0720176,41163228-2e87-4fbb-8100-0baaa41b864d,home,1189000.0,1087375.43,11005.74,8.68,211,37,2023-06-13,active
8e527b14-5feb-415a-8436-777cbc1eba1e,37be5ab5-9104-4a28-8ec7-7bf5dc7a393f,personal,130000.0,27266.29,7016.83,14.02,21,17,2025-02-02,active
c79f406e-8972-4384-8c9b-929ce8ed29eb,b3b37b09-e5aa-42a0-a0e7-065b8d312e4c,home,4907000.0,3605480.07,46213.08,7.61,177,69,2020-10-26,active
e555a2b8-5e1f-4653-9e2a-90037ec3b690,73c1a9fb-5464-4793-80d2-fed902cdac6f,vehicle,860000.0,155875.32,22922.85,8.76,44,37,2023-06-13,active
8d2c6019-d751-4108-82ab-5c1100733bf2,6a2ae3ca-1408-436e-9c2f-b02b05309829,home,2702000.0,2608206.97,27537.71,9.17,182,13,2025-06-02,active
8905d7be-fd0a-463b-85c4-79a0af07cece,e6b86604-d9fb-46a3-994e-6b16abd53b58,home,6346000.0,5075290.68,69440.34,7.51,136,38,2023-05-14,active
6d939b95-03ff-426e-bdf9-c1b30aeb0aed,37ab94ce-a119-490b-8df1-c3aea232951a,home,7022000.0,2129323.8,71342.62,9.16,183,149,2014-04-01,active
aca45e43-4727-42a3-b2fd-2cd5f0b4e0c7,1a3f121c-0b21-41cc-bc02-b4d859a98a55,home,6007000.0,5054040.82,72380.3,8.76,128,30,2024-01-09,active
0b41ffe9-e079-4d35-bdb7-87074107048e,6e0e097f-0054-4b72-a8be-00864bacb809,vehicle,1817000.0,1700187.48,36922.59,9.19,62,5,2026-01-28,active
8fd6d4a3-3c73-4ec4-bcda-bb2a6059a7fa,6b02bb7e-f9cc-400a-9588-ff01d6da4ec9,personal,145000.0,23693.67,8061.54,12.39,20,17,2025-02-02,active
6cd533f7-7682-4955-a09c-94a07e312b4a,0954fe02-2392-47f0-b419-8fa6e8c0fe34,education,1056000.0,774478.2,13585.63,9.12,118,43,2022-12-15,active
11431b68-b9b7-445f-b07c-b571be829e04,545b5298-78bd-431f-bbad-ed25459ee913,vehicle,1794000.0,1593752.8,40726.32,8.51,53,7,2025-11-29,active
0a0f70a0-80b7-48de-ba65-b70efe1ae787,7bb733cb-da04-4ef8-a1f3-26afc0f9b58b,personal,343000.0,223751.09,9487.79,11.91,45,18,2025-01-03,active
38fb916d-f57d-497d-86c8-d26149fa8e9f,4183db30-8e13-4923-aaa6-8fa41481eb16,vehicle,633000.0,560873.48,17540.98,10.98,44,6,2025-12-29,active
8ed64f3f-23f2-40da-ad1b-6d93389ea6d7,b9e81a2c-0601-4f46-9837-3a0c1d2104f5,personal,470000.0,399731.06,15765.33,11.03,35,6,2025-12-29,active
b54dcbb4-51d0-480a-beef-d3191a73e546,b1726e6f-ca6b-446a-bb73-05818bec83e0,home,3136000.0,2999197.94,30531.52,8.78,191,17,2025-02-02,active
cca971a8-480a-4240-a2f5-ee04ce63ae24,430f7638-4e05-447b-8552-92a81b9c9b9c,home,4808000.0,578426.43,60179.53,8.72,120,110,2017-06-14,active
a91c3d38-37cb-4d4a-8c25-6fa2808f69a0,5626b7a2-de9a-4d80-9452-c09f91441f25,personal,413000.0,331970.61,9818.51,11.43,54,13,2025-06-02,active
5a6a2d17-0bf0-4482-b4e9-8c403fe2dd58,c2890b62-071b-4886-8173-ddcbdfceb35f,personal,386000.0,255640.64,30174.97,14.72,14,5,2026-01-28,active
1aa32869-1786-4d11-9781-6ccadfc8bc4b,7300f712-2ce4-4735-a30d-226083f7b4b2,vehicle,1752000.0,809629.58,34253.08,8.63,64,38,2023-05-14,active
4867f278-6b1c-4ac6-b437-941ac55a6ae8,1b765b41-8f5f-4585-b6e1-983df6fbf3e4,home,829000.0,422946.86,7774.23,7.64,179,112,2017-04-15,active
854bd334-bd50-48ab-95f1-b27012af9195,44f54234-b125-44ab-a62a-981535bb13e8,personal,356000.0,184972.76,32263.13,15.78,12,6,2025-12-29,active
52583209-f1fa-49ec-ac1d-2688b22d7c7c,d7da0061-6512-48b6-8eac-0f38f924511b,vehicle,1694000.0,303450.22,28803.66,8.72,77,66,2021-01-24,active
9e7066c7-0708-4995-adcd-81e64fe22c55,0b122ce2-f688-495f-90f5-b0dc35f6d124,business,1699000.0,1039463.12,30084.87,11.31,81,39,2023-04-14,active
038f07da-1fc4-48fa-b4a8-7ae18fc00e2e,02cfac2a-b929-4ee3-a75c-433572fd007d,home,5344000.0,3456920.55,48266.89,8.63,222,121,2016-07-19,active
c7e6d0f3-bc39-4a1a-8785-ccbf1a58f527,2519b75f-d563-4957-90a5-905657682ca7,personal,300000.0,131522.23,14093.92,15.33,25,15,2025-04-03,active
eefdb682-0281-4d37-a5d1-19838bde9ff1,31c6626d-e365-4765-b022-406bd9462b94,home,4964000.0,4386714.62,55448.88,9.41,155,31,2023-12-10,active
c05fc73b-6834-47ea-8c7c-d005533bebfc,939e58ee-6640-4422-801a-42e4dd98e37b,personal,380000.0,154095.03,10115.74,14.97,51,34,2023-09-11,active
31f2bc55-298a-4d7a-9ee2-1b069487bf2b,a0de54db-7daf-4052-8dab-6450b40acf48,vehicle,1959000.0,569082.55,50166.48,10.51,48,36,2023-07-13,active
d6a47b56-1bdc-4cc0-a720-353d05fc6919,6898ed6a-06d3-459d-86c1-958612bef498,home,7263000.0,7103270.17,68756.69,9.05,212,11,2025-08-01,active
d9647098-c4c0-4814-8505-584190b602b9,37f92068-96a3-4c9b-9e8a-c85a4a7c4965,home,841000.0,60642.27,8926.48,9.05,165,158,2013-07-05,active
e95f73bc-eb3b-4687-893f-62f15f277fe1,514bff83-bc13-42df-a274-87011047d840,personal,358000.0,231111.71,24547.65,13.34,16,6,2025-12-29,active
8de8207a-2f47-496e-b42b-58059fbf7f2d,dc0cbefc-e6e3-4912-9888-0cbac67a8104,home,7112000.0,4838222.18,65819.61,8.96,221,114,2017-02-14,active
1e6802ab-8eb1-4756-9d75-9f2a990be5a7,b50a74f1-05af-40d1-ba92-868822070b5a,personal,394000.0,315850.32,16851.38,12.69,27,6,2025-12-29,active
88ba6329-90dc-47be-8a34-6c59e33f4889,08e2ee29-dba7-4131-9036-52d7ccbe9a69,personal,77000.0,40839.09,3215.23,15.9,29,15,2025-04-03,active
dd80dbda-314c-451a-8fef-2d6c338ec486,ffd2eae7-befd-4402-b133-f63387bf0842,home,3720000.0,2661105.48,41667.12,8.68,144,58,2021-09-21,active
022b040b-6a68-4fc1-adb0-35172cddc5cd,a6fc5111-38bb-49cb-ab10-3e9c52f82c82,education,1993000.0,985299.86,25219.83,8.6,117,71,2020-08-27,active
9f378d29-4609-45bd-a661-ab93514b5fbf,7fd99c92-3824-40d7-a3ac-9687b14ce137,business,2826000.0,1999608.04,74648.61,11.27,47,16,2025-03-04,active
731c4032-1ebb-46e3-ae3c-16d5f67c2859,5dc98c99-6b03-4fe2-8089-a2e57bf9038d,personal,492000.0,332474.18,13139.82,15.85,52,21,2024-10-05,active
6a81b5ee-ff9f-4ae5-be5f-331ff2cab74f,8dcb9dd6-ec21-47a3-87a0-a75d98dfea7d,personal,112000.0,98064.75,8111.76,12.65,15,2,2026-04-28,active
3d523182-c849-4f41-9056-e43418523421,b81e8019-c050-49ba-9809-98c079eb931d,personal,250000.0,140147.97,10272.99,14.52,29,14,2025-05-03,active
3df69376-9dc9-40d1-b294-4b1f0117abaa,ced640e2-223a-4bf8-aff0-07085bce644a,personal,329000.0,76641.0,11368.7,11.4,34,27,2024-04-08,active
4432d428-3a49-449a-8ca1-08a25d305a7a,b1e9ddef-48bd-4f0f-9f5a-73736f5cc3e7,home,4734000.0,2132891.46,45025.37,9.15,213,154,2013-11-02,active
ffbd7e64-5fd5-4c1a-9093-a4487d07954e,09c43d29-3f6a-42ab-92d6-123d758591bb,home,7527000.0,7147967.29,68385.41,9.03,235,29,2024-02-08,active
ecfb682d-fe65-49c4-aa8b-9ddbf710b8f8,a1d088f5-6090-4fe0-8ad7-5c9938ab50fb,home,5217000.0,220521.55,56163.32,8.96,159,155,2013-10-03,active
2c69d46f-291a-4786-a775-6aeeace813bd,aa858ff1-080c-479d-9629-d30635ed3b78,home,2252000.0,266186.8,27790.16,9.49,130,120,2016-08-18,active
0eeff3b2-9661-473c-af50-2b39048586e0,a0efd462-ac65-4a2a-8ae5-cee743e3b2ec,vehicle,1895000.0,1780444.53,53660.37,10.0,42,3,2026-03-29,active
c661fb74-cb90-4420-9537-270bb592ee2f,10b7015b-a79d-4879-98c9-86dd1668cf26,home,6541000.0,1889731.89,63508.49,9.38,210,176,2012-01-12,active
f866d4f9-8027-4647-892e-c372af1b3c98,06b2462f-b987-495f-8f3f-04a5772d90d8,business,3496000.0,3313652.49,91330.5,10.67,47,3,2026-03-29,active
cb49cfe0-1330-4b61-b043-198232bd1c56,d82fc993-453d-46d3-9443-bd1b1d85f078,personal,329000.0,212893.51,14522.4,12.58,26,10,2025-08-31,active
abdba0da-2297-422a-af86-163995699ba3,3e8b5835-b165-4875-b088-7e76886cf0ff,business,599000.0,529094.44,16625.97,13.99,47,7,2025-11-29,active
5c04e650-1082-4efe-b1b4-ac50e6b4ab8b,635ffe22-24dd-43b4-9ff1-cc74ee05f140,business,1075000.0,419123.72,25781.53,13.14,56,38,2023-05-14,active
22377e1a-fb95-4b8a-bdd1-96a1e100b74f,959f09e9-142b-4886-9fd7-4b2427c43ec6,personal,483000.0,167335.84,42866.53,11.79,12,8,2025-10-30,active
08ade908-6d63-433b-9f7d-802a395909f5,1aae8652-4ef2-4ba7-9bf9-1aabfa7b40b2,vehicle,1459000.0,1157827.57,43082.59,8.7,39,9,2025-09-30,active
ca9afb96-7780-43a9-947b-11bec11f5a33,fac60e86-ef1c-4877-9ec1-9a01d35227f9,home,6971000.0,718569.47,57845.31,7.87,239,226,2007-12-04,active
94eadde3-f945-499b-b274-ae94f83c45dd,719950ac-671d-406f-b16a-c917e2ae43e1,home,6485000.0,5311659.36,61277.63,8.87,207,68,2020-11-25,active
b40f7ef2-c92f-4872-b67f-affa5c5f7bd0,65b053f7-045d-4227-8046-5a7a44113300,business,4475000.0,3142174.04,99230.57,10.13,57,20,2024-11-04,active
e5275308-fa27-479c-8eed-1ceed94eae43,3bdb3681-f3b0-4330-8abc-23cb2d7db7b8,home,6761000.0,4941804.39,80979.05,9.03,132,50,2022-05-19,active
fd13f353-1ed9-43f9-8d20-f33d836c7ab6,58bf292f-14d0-47a3-bc8a-9056d16ed333,vehicle,1035000.0,410028.65,18660.65,8.62,71,47,2022-08-17,active
fb155fa9-f77e-4e1e-a2f3-c63914a255a6,c0b0d37b-19d5-4538-b2ba-4c2f85e29bd9,business,3031000.0,2383631.67,69148.25,12.58,59,16,2025-03-04,active
9b749ded-29ba-460d-9233-efd3750595b5,a34e550f-ac5a-4291-8b33-8ae1ee46cb42,business,4180000.0,1433554.79,126058.91,10.04,39,27,2024-04-08,active
fc1faf9e-9821-456e-9fe1-f7831cece204,7dd130e3-526f-4480-82ff-4dc3e9c43924,personal,355000.0,330686.39,16766.01,15.85,25,2,2026-04-28,active
f600e51a-0833-4572-a09c-4268583b85c5,a0cadd97-2a21-4fb7-a971-8d25dcf053f4,home,7229000.0,3048457.83,79474.72,7.51,135,91,2019-01-05,active
79c0dc74-1102-4539-811b-05e7a9cb5f77,5c4200b9-c550-423b-8f32-9938978e6b1e,home,736000.0,120978.0,8016.64,8.36,147,131,2015-09-23,active
26bbee1b-6f34-4231-85d9-bb08c046023d,2b33799e-3e2f-4b03-ab3a-abd98bda0295,personal,488000.0,195068.48,18752.92,11.32,30,19,2024-12-04,active
3d159697-abcd-4344-8f29-7c521b958a6c,8ee04ceb-af2c-4a63-afa8-d248ca5f9ca5,home,5101000.0,2306011.1,62172.94,9.41,132,88,2019-04-05,active
f3f4850c-7ceb-4f8a-a53f-a88d19cf2137,e03bd7c7-0694-4543-a7ee-3e07a945df80,vehicle,1310000.0,710468.17,34368.48,10.9,47,24,2024-07-07,active
63d1421b-8384-4ca2-a9e0-c0f523dd51ca,646da347-48b5-4520-8aa0-39ca0e7102e6,personal,388000.0,151653.98,13647.28,14.43,35,23,2024-08-06,active
2edb92de-5d0e-4472-b1f7-5a1b7f50d9d2,a7503c43-776a-43cf-84af-876dff31f1e1,home,3210000.0,2172148.97,36441.13,7.57,129,54,2022-01-19,active
98ab4031-6d98-48ff-8467-58b1833b6ebd,5d0479da-7ea9-4a0f-9479-a83752d913b7,education,1182000.0,1146372.24,16727.58,8.03,96,4,2026-02-27,active
b99c1df3-2eeb-45e5-904d-d7b7a1115593,2984257e-5e5c-4afc-b5ce-810691fafd40,business,2257000.0,778683.39,42516.49,10.24,71,51,2022-04-19,active
5f438e9e-430d-4c3e-8e66-22b5a1a11bff,584fbbe5-8c1d-4983-9828-1ca32a1f296f,vehicle,1060000.0,628617.31,32884.43,10.45,38,17,2025-02-02,active
e692899b-c798-44f0-8891-c4ab8f0e2302,1b35355e-8d2e-4ebd-8f80-2b0ecaea9c53,education,1052000.0,155475.82,14804.21,9.36,104,93,2018-11-06,active
c9008883-0d9a-4b29-aa06-fbe3d91d5f94,4b19dc59-b21d-4495-ad9e-070c9634b4ae,vehicle,592000.0,373390.94,14994.76,9.93,48,20,2024-11-04,active
b22c2d0e-fdf7-4654-9351-de82164262cc,061e024d-63ad-4b1a-a938-684e62c95703,home,5742000.0,5619989.28,61150.14,9.22,167,7,2025-11-29,active
036204e9-0ea7-4546-8ca7-74c86b24194b,c4a3c030-0e77-43c3-9889-2934a8cd71ea,home,4181000.0,3567456.64,43904.97,9.02,168,42,2023-01-14,active
ce574ca0-2007-42bb-9bbe-c2d4fd86b061,9daf6ba0-b0e5-43e0-836a-285bdaba425c,home,560000.0,550657.9,6402.74,8.77,140,4,2026-02-27,active
d6720cb2-8ae8-4226-89c4-14e5233f7476,97bea26c-41a2-4e2f-a609-ab806a7cd5f7,home,2094000.0,1829333.36,20913.06,8.13,168,35,2023-08-12,active
cd1b87bd-1f80-42c1-b127-0d0b715113d1,3a587b68-4460-4c72-b726-d098d18aaf50,vehicle,531000.0,325076.39,14948.17,9.65,42,18,2025-01-03,active
8e15f9d7-24e8-48b3-a145-87d11ea18d0a,cf07e88c-418f-49a6-98c2-5f4becbbb35d,home,959000.0,782543.4,10859.39,8.82,143,40,2023-03-15,active
3182cad2-89eb-4b07-9d44-b83131b82d6b,f39b22ee-084a-40b4-8b13-fbdaffc28396,home,2160000.0,2022201.37,23342.35,9.21,162,19,2024-12-04,active
1fcf8783-0e4f-44a6-96bb-51d347fd31c0,43d9c9b7-0d42-4f90-bc58-b4b08116d65e,home,6406000.0,3741061.35,57529.25,7.58,193,109,2017-07-14,active
cdab5e8b-115a-4d2b-bec2-8fa8366507c9,19dd097d-c768-4bf9-92f7-ec667a82df88,vehicle,284000.0,6608.86,6655.72,8.51,51,50,2022-05-19,active
f59572fe-372d-49b5-97cd-07228c88655e,3f581b63-ff89-4244-b86d-aaa7c868e5c6,education,1156000.0,797562.03,18300.09,9.02,86,33,2023-10-11,active
cfbaf294-d8c2-44b6-82bb-fa99eb5f4325,0330a7b2-c824-4351-91f2-eab6160b59e7,home,7148000.0,2296894.41,79607.37,7.68,134,102,2018-02-09,active
51f74a3c-2db7-4df5-8a31-2737e60c8163,6c14b240-58dd-4dfb-81c0-7cfd3c0f5042,personal,408000.0,279085.59,11001.36,15.64,51,20,2024-11-04,active
3478601c-d39c-4791-b22d-f0f4cd33dde1,10a4ae89-05bc-496e-a5b5-d2d10da3d6f5,vehicle,802000.0,107022.28,15768.58,9.34,65,58,2021-09-21,active
85c1ff17-d759-467c-8ba4-351cbe16bb6d,112a13ba-4187-4836-b9aa-701587d0e7d9,education,1157000.0,317448.24,17137.39,8.9,94,74,2020-05-29,active
2f6ee4ff-f6e7-4200-9098-8387d6545784,d3c51168-2b75-4d3d-86f9-deaabf72fef6,vehicle,358000.0,104387.97,6627.55,10.34,73,56,2021-11-20,active
6d764457-ab04-4bbd-befa-9fc4acfd92c3,10647c0d-8872-48ea-bff1-1b90f53a79b9,home,3464000.0,2464010.14,39498.03,9.41,149,63,2021-04-24,active
cde27f19-360c-45fa-a453-62a447861a3b,ed9931fb-7623-467a-baa7-614ceaaed045,personal,412000.0,315590.6,20720.27,14.99,23,6,2025-12-29,active
bfeacb28-34b8-4f18-a2e4-e2ad799f797e,c3b2f41e-cc1a-4f83-9410-3f68a8080384,personal,209000.0,68479.97,10157.78,11.39,23,16,2025-03-04,active
5e40db1f-fc22-4d0f-8ba6-5a4e535169f8,a70a9087-0a54-4ef7-8903-7736bf48289c,education,1791000.0,1768260.26,25042.57,9.19,104,2,2026-04-28,active
0277cba8-a077-47d6-ace4-b2d961ae773e,160c77da-7343-4fb9-8446-fff78b1433f3,vehicle,406000.0,313812.87,8975.83,10.6,58,16,2025-03-04,active
eb8cfbce-09c3-4e62-a223-758c38d29dab,2e29f95e-c83a-4213-b548-d801ddadb25f,vehicle,1191000.0,29921.86,30145.53,8.97,47,46,2022-09-16,active
23bd58b7-759b-48b1-aea3-0cfa5808e1c3,bf865937-29eb-408e-b285-4a29c28b30b5,education,288000.0,84918.92,3888.08,9.22,110,86,2019-06-04,active
f101aaf5-7c2f-4703-ab65-6fa7adba24e0,1add9450-e076-41c9-b080-a15037e3ed81,home,3144000.0,2952816.37,27560.54,8.55,236,33,2023-10-11,active
934e07b0-aa26-4638-b471-ea07b2e97876,2e49fd96-a763-42fa-a42a-38be1fcbf812,personal,459000.0,290465.75,10243.02,11.02,58,25,2024-06-07,active
b49e978a-fe09-42e7-9898-cc8fc983a3ee,11f7b866-556f-4445-8c44-8ae26bb6a7cc,business,2282000.0,1594172.41,65566.93,12.01,43,15,2025-04-03,active
91f44adc-31a3-458f-aaf8-41eed6ee250e,af667e0c-233f-4fe5-b47c-b6ba66efe5cc,personal,200000.0,40615.81,5296.61,11.41,47,39,2023-04-14,active
20b22de7-4d62-43ca-9158-4bb329b1dfd7,4e55c569-e05e-4c59-810e-11091cdeb363,vehicle,1224000.0,705167.65,24605.6,10.23,65,32,2023-11-10,active
4d25df2f-e23b-4ef4-8127-caf4a933739a,c7929d42-e360-4a35-a505-2ca643bdc210,home,5680000.0,5441928.39,58291.97,8.61,168,13,2025-06-02,active
3b39e6f2-6b86-41cb-91d9-14bf2d11c304,011e907f-7480-4461-a7a9-c2adeedfa8ed,vehicle,1551000.0,778185.73,34896.14,10.79,57,32,2023-11-10,active
a0c16d5d-6326-406e-b3b9-0e5203013b47,537d7e65-57f6-4052-b84a-9ea34569bc73,personal,414000.0,377009.76,11246.61,15.29,50,6,2025-12-29,active
fb23274a-49ed-4bd1-af46-7016a7f6f9d4,a17906ae-dc13-4365-806b-d36225c6a711,personal,219000.0,11639.96,11771.3,13.54,21,20,2024-11-04,active
cc6b577b-f28d-43c2-ba8f-949c1287b830,b69d99fe-5f0e-4df8-a625-2b2ee75bebab,personal,128000.0,74064.94,3633.87,12.38,44,21,2024-10-05,active
44bad574-228f-488d-8c0b-f3235e7754f1,d5ad0d71-5ed1-4434-9c6a-c51d858ed103,vehicle,1383000.0,126858.95,25935.89,8.85,68,63,2021-04-24,active
37829dab-51f1-4544-924a-6bdcffeeec24,69c0ee9c-40fa-4428-9bfd-e77f9e2404d3,home,905000.0,665430.44,8377.15,7.93,190,77,2020-02-29,active
b842fc86-8dbf-421a-ac51-a5c73d506922,ddd999e3-0d48-4b42-9e06-c93b4a994841,business,3201000.0,2611664.47,79379.68,10.54,50,11,2025-08-01,active
cd3b9d19-aaa8-4c91-9cde-785fdec2b2e0,bc8d5508-b017-457c-9fca-58350856a25d,home,1165000.0,769142.1,12386.77,8.47,155,73,2020-06-28,active
50cbae49-80f0-46e4-9bf3-419e1de21dfe,63eac951-02fa-495a-ade8-2fc9a7c5f4ec,business,3709000.0,3233143.21,68862.4,13.44,83,16,2025-03-04,active
766934d4-a0d6-4e11-ae26-c1105621ee9d,7abea331-08fd-411e-9b18-113382be5c08,home,7805000.0,6264850.6,80779.7,8.65,166,52,2022-03-20,active
927a0295-ceb3-48d3-906a-5e6c4875da9e,a732adf3-b1ee-4410-ab36-84ac7d655a22,business,3431000.0,3351568.71,61971.16,12.51,83,3,2026-03-29,active
c135fa6d-a12c-417b-87eb-ff7ba1623b45,aacf7239-26bf-41d2-be5d-1ed5e9647776,home,5255000.0,1827468.74,61918.23,8.05,126,93,2018-11-06,active
46b05e6b-bc38-46c8-b82d-0cb8ee0eeb21,b870046b-78df-4f13-b669-de570c4c9e2a,business,1251000.0,451229.97,34389.95,10.52,44,30,2024-01-09,active
34d9c58c-1352-4ef6-bd48-32224b3f1813,44a932e4-a3ef-46af-be01-00206e6f3a3c,personal,433000.0,334284.87,24497.14,14.48,20,5,2026-01-28,active
ade9aae9-292c-4160-b97a-4d4853a616b5,b80e731c-0e14-4cde-8ecc-0389d3ca2baf,home,5884000.0,1728645.82,73666.12,9.3,125,99,2018-05-10,active
2c69e1be-1448-4ad9-975c-abc7748d1111,1be416d1-bf72-4f2f-ac16-6eecb519ab22,home,1202000.0,590599.91,13031.64,9.27,162,106,2017-10-12,active
d297e655-f744-4db2-8acb-3464811e7daa,49f6af6d-eb8d-400e-9c0d-6af4f0134875,personal,139000.0,130105.12,3576.46,15.92,55,5,2026-01-28,active
3efe0be0-76c4-428e-91d9-b0c7804d3b3e,170380ed-3aee-460c-8d03-e0e1a0e3f7a4,home,6448000.0,2239504.93,73374.96,9.37,149,114,2017-02-14,active
16706ceb-78f5-4f02-a112-ae4ab05a4a1d,2dde5ce6-0a0e-4409-ad51-ebb3b9d9283f,business,1908000.0,104274.04,35361.05,10.38,73,70,2020-09-26,active
11303308-f04f-4b83-8ec3-b5f22c7f1ca6,40b23d38-7b7d-49d4-b66d-1ccf9f8af534,home,6259000.0,5531427.1,54166.95,7.55,207,43,2022-12-15,active
1f4b268f-7d60-462b-b5a0-387642fb3546,207a0b2b-a616-490e-829b-950253714009,education,270000.0,51173.76,3882.39,9.77,103,89,2019-03-06,active
8f9686ca-f062-4392-a9c4-3811ca3fdc84,8d718915-07ed-48f3-94a5-7d186001cb8e,education,241000.0,224787.18,4025.19,8.76,79,7,2025-11-29,active
7c58db40-5584-4d5b-991e-e4e64c030b45,cc5e06cc-cfb0-4dca-b4ee-9fd2edb3a14d,vehicle,486000.0,355642.03,8360.22,10.89,83,29,2024-02-08,active
47403cae-64e7-4859-acf2-68a77660cea5,e1fef0ad-abd3-486c-b700-322e48abbde2,home,6389000.0,828465.75,66741.63,8.0,153,140,2014-12-27,active
888f623f-2903-4f26-8a79-4297b26760d5,469ef916-ff98-475e-8a73-b5c1697d182c,vehicle,320000.0,272051.69,6717.47,9.48,60,11,2025-08-01,active
0b75a0b4-c0ac-4602-859b-3413475cd95a,332ed628-379d-446d-b9cf-ba3234ed14fa,personal,411000.0,169307.01,20063.01,15.69,24,15,2025-04-03,active
f94590c0-2a5c-4289-90a1-5477a283d9f0,86ed6b46-e5a2-4d1d-88fe-77abd58c62c7,personal,275000.0,89437.98,9486.58,13.03,35,25,2024-06-07,active
336f7e42-32ec-459b-8c15-0d4dfc1ebb51,a46e12f2-3e58-4dc3-b8e4-2c7be5369961,education,894000.0,210301.86,11342.52,8.79,118,98,2018-06-09,active
ed0cac8a-4b7a-48d0-b2e7-597b40159d65,ce40eaa6-8ff1-49c3-93bb-6e6fb1b03f76,vehicle,273000.0,222482.02,6731.61,10.25,50,11,2025-08-01,active
d8b0a6e4-7b9e-4e33-be09-085b588d4ec3,4f08ab21-446f-49f7-92c6-ec1f1c15e4f6,home,4341000.0,4097261.36,43303.81,8.22,170,17,2025-02-02,active
a4940f9f-a89d-4108-ab07-d3c2b865ed6c,a885733d-cfb0-4df5-b658-e241041dd73f,home,2652000.0,2138108.32,24904.86,9.07,217,78,2020-01-30,active
aa4b4957-a09a-4aee-8035-65fa22f8fc42,01ea6ec1-4b89-414f-bb41-71653919c06c,business,2317000.0,1915810.81,49243.26,11.57,63,14,2025-05-03,active
d3b9d7c7-8263-4385-8368-aff48a2ff9d4,2bd5f0d9-ad21-488d-b5e8-d7661ab83dd6,business,3102000.0,783247.83,83018.88,12.87,48,38,2023-05-14,active
7a55e60d-5892-4914-81d2-ae8bfac18ae1,217f7c79-cfdf-4e70-b0cd-1495dacce41b,personal,54000.0,44507.08,1372.42,14.02,53,12,2025-07-02,active
6c7a9417-6647-4e58-9417-458293c5b6b8,627f029c-74fe-46cd-adeb-5946c3ec286e,business,821000.0,346163.19,22169.88,11.54,46,29,2024-02-08,active
118050dc-4a83-4f59-830a-5128e4c8a744,73d69068-5445-415d-b509-7980ad15270c,vehicle,411000.0,295637.6,9667.6,10.92,54,18,2025-01-03,active
893e1c19-59b4-47fc-91e5-d64cba05f871,aa497247-3fae-4d76-b50b-71ceeb65ffc2,personal,235000.0,101337.65,13419.4,15.6,20,12,2025-07-02,active
30416834-1fe0-41e2-b832-eb070b19b328,336880e5-532c-4c11-aa60-aa79853035c2,vehicle,1199000.0,1001994.02,26398.11,9.17,56,11,2025-08-01,active
504f58cc-bae5-4725-ad8f-5db4f3f348fa,edaca0ae-358e-4acd-b73a-6249b1cfd5b0,home,4360000.0,4220128.86,43059.13,8.77,185,12,2025-07-02,active
993e3887-2ead-4872-a9ee-0e3ac70c2531,1398d3b5-7a01-4e23-90f4-75f19b4a2c8c,business,2566000.0,2231219.09,51685.51,13.8,74,14,2025-05-03,active
f285fc6d-3d83-4169-90d5-05474c1f5852,ca26d843-9847-4441-b359-ce56dc739ebe,vehicle,1875000.0,1087379.14,50227.23,10.1,45,21,2024-10-05,active
5db02b40-8c9f-483c-8fc4-fbf7c52b6eb4,7e1581d5-0c84-445a-9a0c-5e32e632408c,vehicle,1480000.0,643945.34,25880.66,10.0,78,50,2022-05-19,active
721f2c89-9687-4ecf-8bde-5848543c0c98,ac792220-c54c-4de9-b6a7-b198c6c26e24,personal,140000.0,15231.7,5204.86,15.02,33,30,2024-01-09,active
bc7536f1-6b2a-4007-893b-dfe3a2cd9ef1,f96a2df1-c795-4081-9952-303afb64c1c5,home,7743000.0,6225669.85,86116.32,9.39,156,49,2022-06-18,active
1fa22652-0462-49e4-8552-42bcac097405,c7cf604c-95b6-4f50-b675-57264cc10045,vehicle,1400000.0,1084250.19,30018.28,9.83,59,16,2025-03-04,active
64fe89c9-0b9e-4d92-8923-909e4655753f,711163ab-64cc-4bda-a7c3-88bdbc5c3210,personal,477000.0,316106.52,37360.53,15.04,14,5,2026-01-28,active
2ef60854-c415-4031-8042-e7f5dedee67a,023533d2-435e-4d3c-9485-9c0a3dbecb3f,home,5798000.0,1603085.07,61862.25,9.2,166,137,2015-03-27,active
22800bae-c154-4978-9c0f-f2bf202a7a20,6da9d02a-cd80-4cf1-bcf6-93cce3c14db1,personal,63000.0,1432.82,1447.56,12.34,58,57,2021-10-21,active
04350df5-c27e-4f45-a32d-50ad29693511,2ca52585-63d5-496a-ac7a-99245471a28c,personal,377000.0,275059.61,9172.17,13.82,56,19,2024-12-04,active
07bc6c9b-7cbf-464c-86f7-aea4041d25f7,b14184b9-4f6e-4a99-a291-cc4f4de8ba22,personal,408000.0,220208.73,13627.04,13.93,37,19,2024-12-04,active
f9d809bd-a531-4c48-aa1c-0add0122215a,e3bbfa55-b0c4-481d-b1f1-c138bae10ee0,vehicle,1897000.0,1346636.48,33160.88,9.34,76,27,2024-04-08,active
14c1c1dc-e776-4e6b-b2ab-326ebc558ece,2bc4d878-69df-40f7-a18e-dd91f43b51fb,business,1352000.0,90028.61,30624.81,12.26,59,56,2021-11-20,active
6b0526e4-2859-4362-ba16-a7e8a2ae0af0,4cca0a30-d1de-4a0e-8fee-0538e756de21,personal,224000.0,111110.76,5333.17,13.97,58,34,2023-09-11,active
3280e2ea-8d75-4353-b22a-7794ef2c3552,e0019261-2321-4111-b434-442412f03c80,personal,413000.0,231785.42,12848.77,12.04,39,19,2024-12-04,active
b00522c4-12ea-4b6e-a50b-b9e0d25b8f3e,c2e25ee8-434f-4591-8d8d-db2533968fa3,home,1828000.0,305961.48,19130.29,8.24,156,139,2015-01-26,active
9ed64aa6-3a15-4b96-b01a-f4b67fad31eb,9a55a483-0afa-4662-9953-05c6675197bf,business,238000.0,82972.82,5703.31,13.7,57,41,2023-02-13,active
351fd6f5-a2d2-41c6-ba17-17c4b4207f42,ca5575e8-6937-4418-8ac0-7208ff2a5728,vehicle,751000.0,541328.73,21892.21,10.54,41,13,2025-06-02,active
fa5da8c1-d0ca-428e-b559-0a7758d9d1d4,5dfdfd96-e4be-4613-8640-38fb8f6449c1,vehicle,1273000.0,780188.03,28833.14,10.47,56,25,2024-06-07,active
a3e2da35-e04f-4340-a931-98c6fa3dedbb,74e2f83f-b454-4755-a421-30058743ea4f,personal,229000.0,142585.0,6964.4,11.91,40,17,2025-02-02,active
7de275f9-37d7-461b-a832-56f8c476aa43,578d1425-d5e0-4d03-ae17-f96b64a460b4,home,7026000.0,3519101.55,71953.1,7.77,155,96,2018-08-08,active
1a301da3-e2eb-461e-9b78-78a84844ce83,adf41707-a427-4b56-bca7-d36d1421665c,business,3025000.0,1340079.98,85526.94,11.06,43,26,2024-05-08,active
303c6e53-b6c3-451b-b77b-8bf4445844c9,b77d7f3a-8629-40bb-aa0c-6c069e71f6eb,home,6602000.0,164039.07,82994.8,9.5,126,124,2016-04-20,active
c179b73c-6674-4193-ba21-1a7149cc8288,5b758e93-8449-4bc3-bc41-8a63d459880c,personal,295000.0,216247.45,13919.76,12.24,24,7,2025-11-29,active
e38c28eb-6032-41d8-bbc4-b2ab7a00ed14,f37ac061-3023-48ec-8f16-63c5b04fab34,vehicle,1670000.0,1124094.27,38334.7,10.44,55,21,2024-10-05,active
7944a475-6fc3-43ed-b598-1c85199a0993,077cf89a-d5dc-4603-b7f2-2e5083ac56f4,home,6572000.0,5246525.39,65761.75,8.63,177,58,2021-09-21,active
0ca4a0a3-e28c-4ade-8ee8-726088e07be5,d02189de-f70b-4cc1-92e1-94793c98cc3e,business,2398000.0,2262343.94,72358.09,13.84,42,3,2026-03-29,active
fb59d434-f884-4102-a054-01ab82528ecb,047653f4-747a-46fa-ad89-152639b376b0,home,5342000.0,2768821.89,46203.0,7.74,213,137,2015-03-27,active
6a7d7e4b-532b-4842-bf5b-3fe216446d42,0b6686f1-0215-4ae8-8366-db7c177f5ba7,vehicle,1856000.0,1614206.54,50368.3,10.83,45,7,2025-11-29,active
6522fb14-6287-4b4d-aae4-c4188040ec15,c02fc225-09f6-4d04-b468-0d13e6d45273,personal,297000.0,130225.11,19582.19,15.58,17,10,2025-08-31,active
204a79be-204f-45ec-b3e7-7309535992fa,3a6a85f3-65e4-4da6-a93e-07c9961ec418,personal,120000.0,61380.19,4258.82,15.08,35,19,2024-12-04,active
5d5044f4-10a1-4716-b99e-5f26b907d6a7,dabd8cb3-b22e-45ee-b990-50c5b1dcb597,vehicle,517000.0,288945.82,10117.46,10.49,68,35,2023-08-12,active
716acb64-292d-4f92-9c04-d75b10d41473,3321da2b-1ceb-45e5-9a58-5cca914817ba,home,5602000.0,5468474.66,50449.65,8.86,233,14,2025-05-03,active
a437e236-c6f0-4684-8128-b960c3bc566c,a2e28724-4dc2-4c40-8971-e5751bf30c76,home,1955000.0,1890784.05,22866.66,9.24,140,8,2025-10-30,active
0e275b84-a883-4b9e-a46e-5ccb01422f6f,4a78a9c4-65ee-4047-844c-1f9f9ca0dc8f,business,2172000.0,152045.55,51826.45,13.5,57,54,2022-01-19,active
37ed5501-db02-4f90-92ff-11a8d460b4dc,ff6e991d-99af-48e0-b7f7-8eb054fc3868,home,7287000.0,1930430.35,71573.49,8.41,179,149,2014-04-01,active
a567ffe7-abbb-46dd-af20-b16430d605aa,b973fcb6-5bbb-485d-b3fb-b6fc47374caf,personal,357000.0,76235.84,11328.58,11.94,38,31,2023-12-10,active
54184eca-9855-49c0-995f-9cc4b8b158e4,0930192d-bc53-4e78-a065-61010f621dd6,home,2590000.0,2501074.12,31399.0,8.79,127,7,2025-11-29,active
26e2fa21-903c-484e-af29-ffb577c37bf0,abf1d014-9fef-44d8-8ce2-c081e95c3f3c,vehicle,1333000.0,115181.36,29430.4,10.54,58,54,2022-01-19,active
daa1c516-cc9f-4f0f-9e5d-5929c9f38096,4a5e7013-6304-477b-b929-a55cffc00a85,personal,292000.0,140886.83,24563.83,15.64,13,7,2025-11-29,active
7e5c4d7e-f9db-4129-9ec7-acb191e3d4e8,c473c868-4076-493f-999a-8a5d9408286a,home,4394000.0,298883.16,50919.47,7.57,125,119,2016-09-17,active
43cd4d33-56e7-48b3-9474-6b73287a9d5c,45026efd-e50a-48f4-a0be-fdcab2b82633,home,6923000.0,6394197.78,79249.03,8.96,142,18,2025-01-03,active
5f9bbe0a-f58c-489d-b85d-6e887768d118,9f6b5a69-01c7-4c02-9f20-9b4542085d74,personal,194000.0,155612.09,4985.1,15.23,54,14,2025-05-03,active
b418fa3b-1640-47c0-9838-51f4ec6825b2,a8c11dd5-97d9-4ad2-92ff-01c88e46c5b3,home,699000.0,68958.66,7149.62,7.95,158,148,2014-05-01,active
cd6d801f-bf5c-4343-bcce-5b82697318e3,87033f11-6b0f-4c90-b433-c6c9eac5c7b4,business,792000.0,270524.31,20936.13,13.05,49,35,2023-08-12,active
33541839-335a-496b-ae4b-4e1999bd4313,62088b03-e4f0-4555-88e5-0996e216a2ad,vehicle,1449000.0,1352209.91,29024.94,10.98,67,6,2025-12-29,active
4dba63b2-bd52-428d-8ca9-75136e872b6d,183cae19-7c14-4611-99f4-d0a28ab0481f,home,1986000.0,276114.42,18275.3,8.19,199,183,2011-06-16,active
9ee0ef04-a51a-4ab6-824d-ef46cf2187c3,33b21b9d-1da1-4009-a5b1-3486cb4fc82e,home,6317000.0,6115198.63,73557.53,9.31,142,8,2025-10-30,active
5cfb4898-862f-45b5-b15e-e0369df05cee,81825541-c0d1-4f88-a73b-c01a9c93f95a,personal,134000.0,69006.37,3203.52,14.16,58,33,2023-10-11,active
86593ea7-0415-4f80-81d5-8208de29d215,fd7f5536-3955-45a3-be20-23fdbeddf46f,business,1851000.0,64443.48,32685.26,11.49,82,80,2019-12-01,active
1fcb2dff-87e6-4915-b7b1-6b92394ee541,5277dd30-afe6-4395-859e-66922781b7fd,personal,452000.0,339658.53,11423.97,14.41,54,17,2025-02-02,active
13b914bf-0d61-42c8-ac37-b842e6315786,66098eba-ca8d-4329-9f4f-26f077a4465d,home,1631000.0,1037135.53,15551.29,9.04,208,115,2017-01-15,active
47884fa0-55bb-421a-a57a-fe0b212c0257,8c43c178-4101-4895-9252-dfe5f69b80cc,home,5120000.0,2660464.21,44998.4,8.54,234,157,2013-08-04,active
fcfc1fa8-341d-4772-b207-77e993615fdb,448bbdc0-0792-4346-b34e-a43cac8ee54f,home,2655000.0,982678.83,23384.44,8.45,229,179,2011-10-14,active
3c58f603-f5f6-46dc-8b2c-88b4aff6c06f,4bc82a2d-0fb8-4657-baf4-bbcc909edfdd,vehicle,1607000.0,1166340.67,39780.89,10.45,50,16,2025-03-04,active
e16d04d5-0946-4196-8ec7-3a623060ef9d,673cd321-20cd-4bf6-98ea-7d37a64128db,home,3674000.0,3497442.83,43154.36,8.51,131,10,2025-08-31,active
f38b406d-2d55-4cd2-ab0e-35572397ed59,96cedfdb-d512-4038-9e8a-006fb3aade5b,personal,91000.0,38277.1,6637.98,13.76,15,9,2025-09-30,active
82620ee8-3d45-4c5f-97ee-e44f4753b09d,746919ce-7005-4ff2-9521-011c0ca35aca,home,1906000.0,1745899.5,17975.98,8.5,197,32,2023-11-10,active
56a06344-b1ac-4526-8ede-05a47966a4af,002f320a-c492-412a-8a02-82e5f9fc376e,business,4073000.0,3516989.64,106300.32,11.52,48,8,2025-10-30,active
c20e5c61-ec30-4adb-a30b-49d16d78e169,5a7b4f90-22cf-4510-b7c8-cdea915207b8,home,1435000.0,41142.52,13890.55,7.7,170,167,2012-10-08,active
68a31a66-fe02-4a95-9ffd-4c82f4719137,2a617769-faa2-4e37-8c79-c62f0a5491e7,vehicle,1683000.0,1189684.34,30709.74,9.06,71,25,2024-06-07,active
c0304ae6-7688-4a92-a3a3-16728efa0e77,53cea719-a643-4a42-98fd-c13cfbf8558b,vehicle,1935000.0,362594.62,37971.0,10.17,67,57,2021-10-21,active
a55a82b9-720b-40bc-9f96-82996b967543,d6eb30ff-806b-40f1-b493-90190bf232a2,vehicle,1572000.0,475336.4,30246.95,10.65,70,53,2022-02-18,active
69e63be0-d9b3-4287-bdf7-a3c01b6c8d66,0d2f1cf7-37b7-45c0-91a0-47f2825324dc,business,1757000.0,1452162.3,30130.33,11.05,84,20,2024-11-04,active
d4d7fccd-8f10-43dc-88b5-fe303c7d7e0d,286b0d16-0f67-4397-bc00-5b298209fb62,home,7774000.0,6414459.01,89503.3,9.46,147,41,2023-02-13,active
93b8a42f-5cbb-4c3b-90b1-b343cd195790,faf2add1-055b-409b-b7b3-e6c147e5cc9d,home,1710000.0,623966.49,15660.57,8.52,211,164,2013-01-06,active
b80dfe82-088c-49de-8f85-296c18f57cd0,454d5d5d-5e33-4772-9fcd-208dfae10127,home,5056000.0,2798789.95,57284.18,9.49,152,90,2019-02-04,active
1826d51d-b38c-4ac4-814c-1316a45c38fb,62cfd0a6-2625-4fdd-b501-5ccedfa83332,personal,352000.0,92028.96,8255.66,13.83,59,47,2022-08-17,active
9cfd6110-1085-4efd-af10-19ba7c1cfffa,ed8e0fc8-1276-4465-8ac2-db33fd1beaa8,vehicle,1983000.0,1493635.16,35984.81,10.65,76,24,2024-07-07,active
68c0f21d-2fab-4648-a188-b26f7e373163,8401989b-8c14-46f2-b553-a051676287a6,business,1898000.0,864857.7,58565.68,11.51,39,23,2024-08-06,active
8785b070-8559-41f9-bf22-5c8f830c5bb6,b3d1bc38-dd67-4a9d-b713-2abe9dd417c2,home,5421000.0,869262.8,46680.59,8.28,235,215,2008-10-29,active
777303cf-27fb-49c9-835c-bf01dfbdbc39,1ce72868-2ee4-43f3-8488-3361b6c085d6,vehicle,1623000.0,929086.92,32606.16,10.66,66,33,2023-10-11,active
517b5720-7a93-436a-afad-5515ae7e3291,b72fc31e-db74-44f6-844b-4cb77798646b,home,5358000.0,3203332.27,48868.17,7.61,188,103,2018-01-10,active
854e5e86-b20c-4202-995a-7923192cd338,c9c55ca0-9c0e-4c37-aa27-1473f333742e,business,2561000.0,2464058.11,76609.37,13.31,42,2,2026-04-28,active
2b373335-18ab-4950-afbd-31fc6cf27cd7,5e9e3a8e-6f3c-4fc9-a964-ecb51854b751,personal,192000.0,163730.25,5499.76,15.75,47,9,2025-09-30,active
325e0f84-d2db-40fa-9293-12d86fe48a11,f7bdef70-e64f-494c-a3d0-bef162fa7349,business,1755000.0,1509467.58,59598.88,13.55,36,6,2025-12-29,active
df6029e2-e0d8-423b-b7f1-e40de069eacd,df37c04d-7937-4730-ba18-e17447c29cef,home,3390000.0,1179327.54,34890.21,8.82,171,132,2015-08-24,active
02fa7ce3-7d3d-4a6b-9c75-b3fde9f43081,7ae5c64a-5b3a-4639-8d84-76eba4f461e4,business,3387000.0,171129.15,86880.22,12.28,50,48,2022-07-18,active
d1373edc-6400-424e-b88d-7ac2c0c7ec7f,78ac3b87-ad17-4f98-bb39-df5021b82ca9,business,1954000.0,1116324.33,58815.83,11.26,40,19,2024-12-04,active
13964e7f-ddc2-498f-88fa-549a61db2a26,097813bb-4178-4963-8611-3e333063b1d4,business,416000.0,380906.6,9532.97,11.01,56,6,2025-12-29,active
cc86bac6-8fe9-4c2c-a687-227968c45282,534947fb-fb65-4757-8bcc-70d8561149aa,vehicle,1886000.0,1640389.47,31714.21,8.67,78,13,2025-06-02,active
62715b74-d3d2-4ad4-92bb-fbd451a80f9f,6ae57363-a748-4dba-8039-0cb2229d4d5f,personal,374000.0,49899.24,25305.4,11.39,16,14,2025-05-03,active
12dc4c9c-cca3-4725-99eb-4aefd5005cb2,af3d129c-6119-4229-902c-7b8869495e20,vehicle,816000.0,371250.87,16371.86,9.18,63,38,2023-05-14,active
f6a8537f-4241-48d5-baff-61ac2f5cb19a,5cf2ff50-4ecd-40b2-83e9-ed0c3a63ce0b,vehicle,364000.0,260963.18,6040.48,9.44,82,29,2024-02-08,active
7d74d805-07d6-481c-b093-ba373c663642,dbad3972-b595-4ecd-b4ec-1787ede0700c,personal,253000.0,188267.95,7365.39,12.79,43,13,2025-06-02,active
e7d5ab23-36f4-4b3f-8529-cfa5b81048c2,c0101ae8-0d9f-4868-93e5-c3d364cc373c,home,6526000.0,5448861.88,55388.5,7.77,223,66,2021-01-24,active
b442d2ad-def5-4e49-8676-23d1cc6b24dd,8e541fa2-3b03-4beb-bf20-e298b143b317,home,7823000.0,2604806.72,67932.71,7.53,205,161,2013-04-06,active
d0f2252d-2570-4712-ac74-27df3501f691,a2f88e2b-dc8d-41dd-a00c-7042b73570af,vehicle,1093000.0,945441.64,29941.92,10.32,44,7,2025-11-29,active
edec9563-116f-4594-b866-243547f3f794,1a5811f6-f340-4154-9b12-fec3d7d2da7b,home,1050000.0,342310.97,11691.26,8.64,145,112,2017-04-15,active
738be341-41ab-439c-89c6-0ca086760e29,03fb8098-04d1-4f30-8b02-2d08ea268e27,vehicle,1317000.0,525748.28,26213.16,9.83,65,43,2022-12-15,active
67c03fe5-b2d4-4e5e-a5d7-e8fea60a7828,bc225897-8883-4eed-9d30-d91c226e44b7,personal,66000.0,58981.58,1872.93,13.37,45,6,2025-12-29,active
27f44d8a-90cb-4cbc-90aa-95d01f3258ca,1c61ed89-7a16-49fc-af26-89af2f77bd2e,home,4179000.0,912387.28,39725.81,7.96,181,156,2013-09-03,active
2fc82b2c-c0cd-46ec-9734-f6853c88c816,d5e02c5d-c0f6-46de-bc52-2b5e9659d1c1,education,452000.0,433710.95,7104.55,9.3,88,5,2026-01-28,active
ffbc48ca-743a-4794-8331-73ee446de21b,5a0dbebf-2435-4f10-aee0-afd3d6ba2c87,personal,203000.0,63261.47,5734.38,15.82,48,36,2023-07-13,active
f7954e2f-64df-4f3f-8773-22d1f9876e46,9b1ed1c6-6893-4714-9e0a-ab0245bd92a9,business,3314000.0,478573.92,70992.56,11.41,62,55,2021-12-20,active
62b0196e-380f-4a41-8069-f0e508782410,ecd98321-91e3-4470-bd33-40ef6d992487,business,1198000.0,670823.15,23047.76,12.74,76,41,2023-02-13,active
8021eaa3-07c5-4b9e-9b62-fbb45f18f708,1b26bd59-a9a7-4d2f-8c66-c401197367f1,home,5020000.0,3714231.36,48664.86,9.04,200,86,2019-06-04,active
27798c89-8a3b-4fa4-8f28-773de1bb02b9,61921b10-b1f1-4d56-a112-5e29177f052c,home,732000.0,223256.4,7259.72,8.84,185,150,2014-03-02,active
0b66e762-0e6f-4f79-aec1-ea7ad91710a6,b61c5436-b2d3-478c-b521-ef7ec7bee378,personal,132000.0,86179.58,7645.67,11.72,19,7,2025-11-29,active
895b80fb-c705-40f7-8e2a-299c993dd7a9,64024baa-6c70-4d3c-8b1f-d1f6e81372d3,home,1019000.0,770248.81,8444.84,7.55,227,91,2019-01-05,active
514bd357-4756-425f-b6e2-108c88394873,a7d73c8c-cf74-4411-b252-de99dcff174c,business,2015000.0,994342.92,48725.3,12.25,54,31,2023-12-10,active
e050a985-7c5b-48e9-85e2-4da92cd02b35,e0debdb3-afd3-4446-85f3-7711814062b9,business,1564000.0,1491932.31,52576.89,12.84,36,2,2026-04-28,active
1fcf0fb7-6047-49d6-a2ce-d0549eba5a8e,c2eff3f2-f4b1-499c-bc54-3f4efd25d3c0,home,7761000.0,5375858.49,75686.46,8.29,179,81,2019-11-01,active
13605837-4b2f-4116-87f5-ca6c87faf87f,9852bd55-515b-4361-b70f-c226e65e142d,business,3860000.0,601823.58,78537.09,11.6,67,59,2021-08-22,active
0dceb164-bdb0-40e8-9134-2688a046a161,5b67e860-7fce-496f-8411-2ce3556740b5,personal,466000.0,337751.63,30182.9,13.1,17,5,2026-01-28,active
45c18206-5c0a-4dd7-96e0-8305bf6a6a7a,e8e87332-4abd-44bc-93f4-8ef9bf2fb490,personal,206000.0,155514.2,5239.21,15.95,56,18,2025-01-03,active
7f5a3004-4073-4263-9c70-77e5d9fb0ffc,d6abf3eb-bb9f-4c64-80bb-e680c1eb9dd4,vehicle,259000.0,180626.58,5252.93,9.11,62,22,2024-09-05,active
61bc12e9-c6bb-43e0-a178-b284d0c5f6e9,81bb989d-3554-4b81-a9c1-326fd0322285,business,2457000.0,881435.61,78463.01,12.36,38,26,2024-05-08,active
bc630020-38cb-4505-9a07-ea728834fc5d,09573f1b-827a-4515-876a-c17713fe8282,education,1174000.0,547788.77,16460.13,8.37,99,61,2021-06-23,active
ee207db1-6cee-4585-9d22-e2e3780afcb1,4a4205bd-3add-4cb6-bdd4-cf89d1c6d5a8,business,728000.0,345368.16,13820.79,12.26,76,47,2022-08-17,active
f6c12702-6056-43ea-89b4-de04a135acc0,b08c9ec4-3f4c-40dd-8ee2-a40664034c42,home,5720000.0,5389824.57,61362.34,8.14,148,14,2025-05-03,active
a5399707-53b1-44ff-af97-7b1270d46697,d0413d90-872d-4825-86bc-8e7aeb671252,business,3049000.0,1480435.08,51518.76,10.03,82,49,2022-06-18,active
c4aae73a-555b-495b-9baf-c948bc46b0f0,7c66e1f5-93a0-4d07-8198-5b50f50be2b2,home,1711000.0,1238802.65,19240.51,8.43,140,54,2022-01-19,active
78c3baaf-6992-496c-b341-5e9e2d9e20e2,fc08c36c-ff76-4095-81d6-17e1b0b89ab6,personal,156000.0,58924.87,10262.82,15.27,17,11,2025-08-01,active
d23f9339-bc7a-430b-95ed-9bc0c6adb3e1,13a63f07-32b3-416e-a551-6a3aa90c62e5,home,4434000.0,2425056.74,39593.33,8.62,228,147,2014-05-31,active
8a683cea-b37e-49ee-aace-13b978e09b11,7e7d6b3a-0990-4799-8457-9430f68907ab,vehicle,1301000.0,756695.84,28897.56,10.81,58,28,2024-03-09,active
ce8a79e9-1884-4ca1-b9c2-228038fd1025,7acef41f-4309-436c-832a-0436c09426f1,business,1390000.0,995943.7,32819.95,13.01,57,20,2024-11-04,active
cd35e3dd-d648-4cc6-a381-e547b4616097,7aafb7c9-4823-4245-a65b-95c6b2a0890a,business,1675000.0,1109960.28,42419.17,13.14,52,21,2024-10-05,active
952dac82-25e4-4b56-ac68-c02d7c8df7d2,90fe54e2-6131-456a-a27e-ff2b528ac993,business,2099000.0,1354655.81,40673.82,12.36,74,33,2023-10-11,active
243b02c9-0ba8-4f54-8148-7f6da7bdef4d,6571df76-ea47-4a8c-ae6c-028a7def6a40,vehicle,1901000.0,896946.18,44456.79,9.19,52,30,2024-01-09,active
5e1f4b58-7d54-43ee-9bc9-c05980d6bde2,333500d1-1734-459c-a685-b4ac3cb44a6d,home,4812000.0,3326150.27,53486.08,9.25,154,69,2020-10-26,active
0a3ac82e-19d8-4afa-88e8-63c82f9d6522,b72770e4-dbee-450a-b7d5-3dded0cfb883,home,6193000.0,3449086.63,56135.46,8.81,227,145,2014-07-30,active
9d80be1c-999c-4b2f-abd0-d54a7e9e493c,b57c40d4-d01e-4dff-b39e-909fdcc01a5a,home,2184000.0,1315516.12,20253.43,8.16,195,109,2017-07-14,active
1917ec9f-aa1e-45b3-bb9c-72256a804870,38246691-76f0-4f03-a68e-c8ab0372102c,home,5922000.0,2840099.47,57246.9,9.37,212,149,2014-04-01,active
146d3eda-bfa7-490d-bea0-8e01fabf2470,03f0deed-483e-431f-84f0-b4b746659cb4,business,2759000.0,1561064.21,56017.62,12.33,69,36,2023-07-13,active
f7837488-3657-4fce-9906-b801b8b7cfaa,cfa94455-29e3-4e8a-b2c6-ade2fc50f980,home,1683000.0,435947.32,21669.62,9.5,121,99,2018-05-10,active
53d347e2-3365-451a-983a-872848b15813,3aa61232-c81c-45e9-bd6b-05647aadc3eb,personal,108000.0,53625.18,2521.07,11.87,56,32,2023-11-10,active
a924c564-64d3-4117-a9e8-4be00924c07b,34cda2e0-1dc8-4e52-a8a7-df8bd7636c19,vehicle,1062000.0,447511.04,24539.66,10.75,55,35,2023-08-12,active
8b979ec2-da14-4fff-9b42-ff470515f7cc,02eefdcd-b077-41d5-b15a-f176e1686cb5,home,2653000.0,1924444.54,25245.55,9.07,210,96,2018-08-08,active
50480244-bf84-406a-96aa-297b0e377123,76bf8ca1-fdd5-4d26-9e1e-2ee427a3835a,home,6503000.0,5447842.78,77239.88,9.22,136,34,2023-09-11,active
656e5b8a-d401-4395-b52d-7da500067b0a,e43f0392-1c7c-40dd-9552-1637c6a8aa42,home,576000.0,233876.27,5927.0,8.06,158,112,2017-04-15,active
ee38cd85-a0e1-4490-b5b8-d8cbad86b0ba,fefbf664-dc0a-487b-8916-c04e296392f5,vehicle,887000.0,563193.6,25695.77,8.87,40,16,2025-03-04,active
07342c63-1861-46f7-aedb-8ff576892541,1be219e2-5726-406b-8b8f-42caca1dac45,personal,420000.0,173462.05,22961.1,15.49,21,13,2025-06-02,active
00666c30-605e-442d-9616-691eae602a11,641b0066-da05-4c5e-880e-94ef7b6e8257,home,6341000.0,1683942.95,71505.52,8.97,146,120,2016-08-18,active
9d17fe8a-3caa-42d4-a38e-6023c2f966ce,ba21f921-6f09-4844-b09d-83ac088e6918,home,3451000.0,375880.29,35650.78,8.56,165,154,2013-11-02,active
72a14ecc-2714-472f-8232-209a9746a0bc,cd687aab-046a-4f7b-b714-62a16cd6c5f9,personal,199000.0,35309.83,7313.56,14.14,33,28,2024-03-09,active
64e8da32-187d-4c89-9102-c9bcafa8c77b,d18c4ad3-2084-49e9-adaf-5b4bc1c0cda8,personal,51000.0,43657.44,1681.72,15.85,39,7,2025-11-29,active
3169c458-c511-4669-8bec-499b6ab1fc55,6a48d6ad-532d-4195-8d59-351f53b4226d,vehicle,1297000.0,533056.83,37743.3,9.15,40,25,2024-06-07,active
c1cac701-bc78-4cac-9038-51248b8aab80,5e7c1d82-8107-46d5-b4e3-b5626cd1a2f4,personal,135000.0,82035.01,3203.53,12.64,56,26,2024-05-08,active
dde30636-8253-4ae7-a988-301b22947181,a1f78b02-32bd-4599-a440-bcc3ec79f80d,home,1044000.0,815692.89,9127.42,8.58,239,96,2018-08-08,active
6fa07471-610b-4edb-9c63-988689d54890,b723cee3-c9e1-47e3-9b52-d5c161430a6b,home,2035000.0,303957.37,17067.51,7.87,233,214,2008-11-28,active
5eedb449-0d7e-4ff5-a2d6-3d4d72ad65a0,5d3984fe-eb48-403d-b215-6944ce56c70a,personal,470000.0,30922.58,10508.83,11.68,59,56,2021-11-20,active
4762a7b4-d1f8-4b1d-a1f9-4045b543f19e,287e1c16-6221-40bf-8e30-2d850e87cb64,home,2825000.0,1248151.64,28873.62,7.87,157,106,2017-10-12,active
cead3edb-5e41-41a2-bf3b-4365e377b926,188ca63d-e330-423c-9789-1dfb333b41d5,home,1308000.0,479143.25,13386.0,7.96,158,117,2016-11-16,active
d0597d79-a1cd-4db6-9644-01617826a519,e4583224-1ac8-40ed-8cfe-58b0516cff4e,vehicle,948000.0,433761.94,15981.79,10.23,83,52,2022-03-20,active
1fc78227-193c-4ad5-8996-0dbfe2e2a340,32c4af7a-cea0-46ea-979c-69ef7016532e,vehicle,1172000.0,512628.55,36162.55,8.58,37,22,2024-09-05,active
24e72971-7e55-44a0-afe4-7f1bfc008b68,e0ae0401-49c8-47f9-8b14-ddd2bf946bb0,business,4506000.0,1775492.2,91503.69,13.44,72,50,2022-05-19,active
cedb412f-213e-43ea-af00-11890aace878,ba981daa-9145-4fc6-8a73-61574d1ba79a,vehicle,1927000.0,103003.86,52193.08,10.72,45,43,2022-12-15,active
4631ac75-7b32-4a45-9acc-f5aacd6eac06,c9843ef0-661c-4bfa-8946-9ea50e4ae15f,home,5470000.0,3999199.36,53187.07,8.38,182,75,2020-04-29,active
b677967e-4738-4f6a-92ed-716ec3e29611,f43f5fa8-18c0-4ef8-b07a-b2471361c23e,home,2476000.0,420062.39,29540.12,8.1,124,109,2017-07-14,active
ff98358d-f7f3-4057-8ba7-7082fdff57c7,e2179ce1-8411-4acd-ba25-9daecf4a1c36,home,1664000.0,1107133.67,16629.47,9.09,188,95,2018-09-07,active
3c5449e3-b140-43b2-89af-593c0b2210a8,3b88d009-8188-42f1-bb76-209689e7be19,vehicle,494000.0,272843.05,9250.98,10.02,71,37,2023-06-13,active
ab1b42aa-b87f-4139-a91b-2290d89fedcd,de727ece-25b4-471a-a746-5e644c935c5c,personal,202000.0,151392.57,6424.14,14.76,40,12,2025-07-02,active
29519890-6937-4c12-b4c1-8c800695f2b5,3e6c5a6f-1c4e-4ecd-84d4-ce797b8e45ff,home,1501000.0,1021388.48,17216.06,8.75,139,61,2021-06-23,active
5e0b79a4-a5ec-41c2-914a-3bcb5a3be355,fee48cb4-d019-4cfa-b4f8-cb27606dc38f,home,622000.0,555012.6,6396.1,8.3,162,29,2024-02-08,active
d517fd73-943e-4027-974b-0f1e4999ca01,f055108e-c438-4017-8b46-e2c323182705,home,7084000.0,5316207.85,73360.97,7.54,149,52,2022-03-20,active
74cd9c29-ab59-4097-ab61-abe04da1e10d,872ee6ed-b38f-4f7f-a713-0cc8a9fbdd73,home,4013000.0,3673237.46,48814.74,8.97,128,17,2025-02-02,active
cbb40fb8-b012-4974-b9a7-ebbcbc4ae980,c0cd3223-70e3-4e75-935e-aecc27d3a2cb,business,2253000.0,485293.93,46685.61,11.46,65,54,2022-01-19,active
8f6a1355-9ab9-4874-bab3-d7b4611b46ea,950b536b-4fa7-4874-9f2b-ef203516cff7,home,6919000.0,3245711.48,80846.75,9.05,138,90,2019-02-04,active
314db949-ceaa-4cfe-98e0-286d6f4ad421,1d400f40-56bc-4ef7-b002-5f073aa98be0,business,1713000.0,1095090.27,28878.48,10.23,83,37,2023-06-13,active
a3a501ac-7c8f-4650-9f66-57149f4e539a,a659f4f3-f38b-4eb1-9e04-f94bbd5d2ce3,business,1211000.0,886378.85,37193.59,13.77,41,13,2025-06-02,active
53aeff24-00c7-48cf-8fe9-444218a2a6f1,e1f1b0ca-f773-457d-9a73-92f01eec806f,vehicle,1522000.0,194840.03,28809.43,10.42,71,64,2021-03-25,active
b37f7df9-2ef9-4563-a289-68593161c9ed,f329570d-fa23-4eac-bd57-5c8121c327be,home,718000.0,618237.84,7848.89,8.93,154,35,2023-08-12,active
86dfe837-0817-483c-8a34-c3a8ef35e4f5,e23ebf7d-badc-43da-8149-5dfa01106db7,home,4551000.0,1094667.34,42807.43,7.64,178,150,2014-03-02,active
14ffec7f-80a0-419e-8810-2130a95743d7,7ed9acfa-486f-424f-88bd-ac9156e02489,vehicle,1635000.0,1151960.52,50562.57,8.73,37,12,2025-07-02,active
5176ebf6-8286-48cc-b7e2-799fd40540e4,35a81399-1c2d-427a-8660-29942a72123a,education,1358000.0,447839.97,25293.88,8.59,68,49,2022-06-18,active
ca2efc21-85b8-4178-bca9-81f4cc63786d,ea1cf551-aecc-4e58-81f1-4ecd4e880852,home,6607000.0,5416802.73,59618.88,8.33,212,68,2020-11-25,active
512d66d6-88fe-48ec-971d-28c05598365f,8746c8b7-668b-47b9-8f61-91b794e598dc,business,2823000.0,2475260.86,52280.09,13.1,82,15,2025-04-03,active
79dfd03a-937a-43ab-8904-06cb490382da,75d296e3-3ce4-4459-a1a3-324536092638,vehicle,1057000.0,543190.23,18953.68,10.23,76,43,2022-12-15,active
a2dcf859-ad15-40f5-be0f-21f5f0b2c710,5c99b297-f3a1-4778-a2b9-fd6d8880e956,vehicle,945000.0,695431.64,17221.98,10.47,75,25,2024-06-07,active
c4804943-a0a5-4ec0-a61f-ebdcc1cd763a,b00bc687-e101-4c88-ac34-9ec27c7783ed,vehicle,290000.0,224939.86,6256.5,10.1,59,16,2025-03-04,active
e09c09e8-831c-4ef8-abe8-68077d861db2,f5b21bb3-b9fe-4e44-ace1-5acb4080ce5e,business,4618000.0,1573751.47,130546.29,13.15,45,32,2023-11-10,active
713dc0ae-edba-44e0-802e-362edc80f697,4f3e3308-3ab8-4a1d-bdd3-5de736eef861,personal,203000.0,118116.26,13783.32,11.9,16,7,2025-11-29,active
2db37499-e19c-4e1e-9719-b47375aadfd9,4d831a64-fc71-44b9-a22f-419ac429724f,personal,411000.0,248628.38,11249.03,14.91,49,23,2024-08-06,active
c1abec0f-6232-4209-a8a5-8302ebd0c2f9,b120ed18-531c-407f-afa8-709e03eb18a4,personal,391000.0,173535.77,15627.04,14.56,30,18,2025-01-03,active
870dd605-3e66-496c-aa30-6c86581906b8,0eab9e97-1b58-45d0-9f70-11bebdc8d64f,vehicle,465000.0,96531.34,11164.31,9.71,51,42,2023-01-14,active
abf8e158-d1d7-4690-a60c-f5cd2b0b4748,8bba6ef0-17db-40ce-bb55-02efacb577d4,home,4801000.0,4313246.39,39118.07,7.65,240,49,2022-06-18,active
63fcbe39-ea0e-4193-a3e3-77c11faa0fc8,31380366-743e-4624-82e3-51817114004e,home,1134000.0,706309.53,13174.6,7.74,126,60,2021-07-23,active
adee70a9-c751-4f0b-8b76-4a3b8865bbd7,35299831-7011-4fd3-8384-5c7208daef26,education,180000.0,32766.1,2469.54,8.69,104,90,2019-02-04,active
c1ee11fe-a67a-4e3c-8d69-bf819e63653b,0755ea2e-16b4-4480-b961-459d5f486f66,personal,413000.0,133226.69,9737.54,14.07,59,44,2022-11-15,active
dc030e6a-2155-4cd0-a456-ea05fe22019c,e0c2ad9c-33e2-4518-ad80-043a202dc921,vehicle,1957000.0,1745228.66,57400.45,9.64,40,5,2026-01-28,active
fa12e7b4-99fe-4a5f-9725-e1d7cf6a6e6f,b5f15fdb-3ab2-4024-9e2f-d3637e4aadbe,vehicle,1073000.0,740233.8,17664.17,8.59,80,30,2024-01-09,active
9089644f-4682-465b-89f7-7005a12d871a,0b1ba5d5-3bb8-4a47-9d88-51e8d44cd51e,personal,209000.0,43921.06,5821.66,15.86,49,41,2023-02-13,active
1074e9a1-d33d-4594-b351-af58b798ab09,cc150b59-3385-4ff2-9d83-028ccd40d1f9,home,3162000.0,2904627.13,29213.62,8.14,196,30,2024-01-09,active
0872b19c-3ccc-4081-97ca-79a1d9ae73d8,c18eabbc-3072-4118-b8ac-39b7339637f8,personal,128000.0,46559.43,7000.09,15.53,21,14,2025-05-03,active
f27b0ea0-40d4-440d-88e8-1e4971b70583,fa7d7a78-cd44-4887-a1c9-99c2b770fc71,vehicle,650000.0,486439.25,12048.36,9.64,71,22,2024-09-05,active
897e3637-c9a1-4d1a-8ae0-5c136c2e0d16,6bd09c9c-a3a5-4f5a-96ef-df9566b76592,home,6929000.0,2721887.64,75827.73,7.79,139,98,2018-06-09,active
3582ea65-c7bb-4a06-99b6-f1e1f88eabc8,394b9e30-c55c-4d2a-8b7f-1835838ea8b4,home,5593000.0,2371706.97,53712.09,9.12,207,153,2013-12-02,active
c1857edd-5c8e-4f28-89f3-1bb305829255,71fc69f4-73c8-4bee-996a-d04cf732d4de,vehicle,889000.0,859068.84,22877.5,10.77,48,2,2026-04-28,active
45d54d5c-a7fb-4a07-aaf1-1fc18eb78ad0,a0f4b554-eabc-4ff9-b2f3-dfbd3382e73e,business,4119000.0,2673556.94,112351.24,13.9,48,20,2024-11-04,active
9c4e082b-54b8-45cf-ab20-3b6bfd22b733,4c927155-34f9-4971-b282-835d8950ebae,home,7079000.0,4224754.64,58740.98,7.54,226,130,2015-10-23,active
e780b5af-bcf0-4200-812f-febb76539c42,eb4c1f06-fa74-4f09-bfa9-984b6fb5d96d,vehicle,1098000.0,526940.95,19912.13,9.95,74,44,2022-11-15,active
b933614e-d7b3-4631-8acb-a96340023083,b773ca55-de74-4fd2-8e2f-7ab2d16b5210,home,3985000.0,2902567.73,34035.02,7.83,222,97,2018-07-09,active
f3be9edf-48aa-4605-9f66-7946e46f4e76,69554b8e-901a-4afe-b6fa-51695c5a0961,personal,220000.0,196359.24,6467.07,14.42,44,6,2025-12-29,active
555c7d9d-99c9-41ba-b793-0beaee5a3bfc,ee2007ce-84cb-4f30-bc09-510d6d92ec18,business,4400000.0,1924145.59,118368.82,13.15,48,30,2024-01-09,active
7d16c9a9-a222-43ee-b939-e184dd8bf1fe,93cd87e9-4ade-46fa-8f40-6b21074b9169,personal,331000.0,16159.53,16334.46,12.99,23,22,2024-09-05,active
114c31aa-054b-41bb-b554-90f318ae5b6c,e76e6d25-13f5-43e5-9f06-c2b556854d6b,business,968000.0,325889.13,19064.14,12.96,74,55,2021-12-20,active
ead48f07-d2b5-4621-8984-f22a90d08767,cecd8487-8b23-44f6-b913-6c3874d09c30,home,1887000.0,1539663.02,16455.12,8.5,237,83,2019-09-02,active
00cffe67-276f-47ff-80bf-3cc7806fa929,a71d65af-261b-4c3f-9c88-9c0aca26163d,vehicle,488000.0,468061.97,10625.51,9.92,58,3,2026-03-29,active
28edaa89-ca72-40f1-a744-40173326fb98,834688fb-1d98-4ff0-ad06-cba55998f27e,personal,449000.0,322232.19,16010.8,13.71,34,11,2025-08-01,active
5a6a084c-9566-4303-b4a7-9f43bf959cb3,a76337ee-e353-4a1e-a6fe-d9e9c3244b17,vehicle,441000.0,340774.44,7653.3,9.42,77,22,2024-09-05,active
f19ca7db-0421-4661-bf84-8876ab48e0b5,6176c907-db7a-45fe-9bac-c94496a66fb1,home,2644000.0,493479.12,30834.55,8.15,129,112,2017-04-15,active
05088bb2-1840-4445-9022-16f750031c4b,0edebce5-6e2e-4d92-aab2-f0b8e47af11b,education,1560000.0,756511.67,27120.84,8.08,73,42,2023-01-14,active
b9e083b7-ff96-4c24-ade6-4c99ff4e3464,1dc1f69e-3e4a-4fd2-9e26-92040940d80a,home,5486000.0,3182813.25,51455.94,8.3,194,113,2017-03-16,active
d4c2f02d-a00f-464b-a59d-19c3448196f0,41f31739-3d47-410d-ad5d-c8ecf0f8b182,home,5513000.0,3834720.0,46924.38,7.81,223,106,2017-10-12,active
0024d11a-645f-4bc9-87da-2d5e87a9a378,210bc5e6-75f5-4cf9-bca3-cb276b39b194,home,5168000.0,4159535.53,55621.6,8.83,157,48,2022-07-18,active
08ef3a30-0549-4de9-afbd-1feb42d5cde5,aabc00dd-a352-4b48-9593-235fa6b2dcbf,home,3327000.0,34963.7,35220.97,8.83,162,161,2013-04-06,active
7209c4b5-e532-4907-a807-fe9f7d4ce9af,5b624cbf-d970-49d0-83a4-f157655aceee,business,3302000.0,2339413.72,64086.05,11.36,71,26,2024-05-08,active
80d51957-8e8f-4fb7-a505-7525b50169b5,edc9f7ac-777c-4b72-9991-41e408f0d5f2,home,1302000.0,1266213.12,12176.07,8.58,203,12,2025-07-02,active
2820dbd5-2887-45cc-b186-ed77d44807ff,a6821857-6ecc-4275-a1be-135f6ba43f38,home,4804000.0,1753982.65,44586.64,9.2,229,182,2011-07-16,active
b98fc4c1-ebc6-4aa6-a674-1bd1a760ee2c,225835fb-b24e-486c-a886-760bfa40bd92,vehicle,316000.0,246450.91,5371.48,8.71,77,21,2024-10-05,active
a8707ed8-d4fe-4b1a-85ed-1e441e8bdcb2,12305a12-e81f-4917-9135-5909dbb39913,home,6716000.0,1406368.57,56864.51,7.65,220,193,2010-08-20,active
5b8c1cc5-03c0-4508-83ed-d500256e948a,f03c1ff5-96b4-49bc-92d0-5089e35e5dc9,personal,348000.0,246590.96,20618.44,14.56,19,6,2025-12-29,active
362a684e-a317-4b62-b490-313825503a08,12e67402-8b34-49ee-a45c-ae95d2b8092e,vehicle,1178000.0,350089.36,22131.88,9.75,70,53,2022-02-18,active
21646532-2f1d-4a7e-8189-04d084bff1ce,bd3a0f6f-ba19-4dde-b07d-9628febc4b96,personal,54000.0,27080.51,1253.97,13.91,60,35,2023-08-12,active
1d1c3958-508d-4a2e-9bf8-6ba13ebf9ab7,27ab7884-e472-4494-ba48-6cdc048a00b3,home,4672000.0,3581077.35,55349.29,8.28,127,41,2023-02-13,active
1bc8bec6-e00d-4e20-b865-7ccbbc1ffab1,765a975a-fc67-493f-a87e-a11033ef85d0,vehicle,1707000.0,716187.93,28288.62,8.5,79,51,2022-04-19,active
970d7108-97d8-4449-8024-8c710f773604,f60cb8cd-5147-4949-9732-166a213a0a64,home,7461000.0,5430749.45,69164.69,9.36,237,115,2017-01-15,active
a7d50106-0a7c-45b1-9ccf-ae39152f32ab,3542387f-8c33-47e4-8f2c-63b79f98d026,business,2506000.0,285138.56,58761.45,12.08,56,51,2022-04-19,active
6380e6e6-f63b-4346-a294-182e51b19f50,276f7831-e3d9-40ac-afa3-fbfce5e47dd2,business,2061000.0,173532.16,44393.63,11.13,61,57,2021-10-21,active
0c69a7a4-08f3-413f-b6f4-9f6785f7adf1,0ffec0d2-56df-4e42-bf82-e420b1e257cf,personal,190000.0,109964.26,4239.67,11.59,59,29,2024-02-08,active
1b3ad3a5-36d2-40c8-ac25-b8c50f390071,6142fa82-ffb7-445e-b51a-e836669ee7ba,business,1245000.0,1002901.55,22231.58,10.72,78,20,2024-11-04,active
c2d2ad5b-c3c4-4e5e-8a1e-88698d43cfea,476096e0-d5bd-4a4e-844f-ea63de1db58d,vehicle,985000.0,713039.25,25847.97,8.95,45,14,2025-05-03,active
b28cff7d-4b50-455a-a08c-c97b0986093f,9cda20ae-a2b7-4cad-a368-d294cc96612b,home,2792000.0,2457323.31,31886.08,7.59,128,22,2024-09-05,active
ca3c63d1-4fd7-4c42-8390-80d9d39d82c3,c9326ed6-7e1c-4400-ac01-4dcacbd6c2a0,business,2753000.0,740970.45,77929.26,11.13,43,33,2023-10-11,active
9de54576-d43e-42c0-a3f6-495bbd5b5545,03294689-dc4d-4a30-a6e7-2c37b9a68ef2,vehicle,1851000.0,1533091.84,34694.06,10.43,72,16,2025-03-04,active
41b46d55-177b-46bf-bcbc-3835e5c5802a,61d3e7d8-73cc-402d-b58d-9428ae274ed6,home,6970000.0,3767639.49,66436.25,7.81,177,106,2017-10-12,active
f5142e80-118d-408b-988c-a35299c19bb4,63f71715-9e12-41d7-a8f0-73d4f36e6729,business,3051000.0,328895.35,56605.79,11.11,75,69,2020-10-26,active
3118bf16-3b2a-4442-862a-1279cdc91a74,0511340e-68dc-4798-b7f4-58b3069a678d,home,1707000.0,268121.4,15058.95,7.9,209,190,2010-11-18,active
2458b0d9-ca67-404d-941e-efd85b6a26a1,55f273fe-6c2f-4169-851e-c5a55d8baf01,personal,76000.0,71227.96,2403.73,13.11,39,3,2026-03-29,active
372f1753-271c-4d47-a9c9-74552a68ec10,e21b086e-cf27-4f88-9c7c-53d7e6fdb524,vehicle,1541000.0,1512606.89,25074.65,8.51,81,2,2026-04-28,active
b67cb442-ab50-43fc-b893-7298744b7d31,221e182b-aaea-4a88-8027-5255e46d2fdd,home,1975000.0,1469350.44,22372.88,8.58,140,51,2022-04-19,active
8f6bc34d-be6b-4c7e-988e-1b453cac3f88,b772e156-2db6-4424-97d1-f0f3a08b88bc,personal,135000.0,114013.95,8171.25,11.02,18,3,2026-03-29,active
47303a03-f1d7-4e66-bd13-15fe92ee2574,e4cf22c2-49fb-4862-b84e-1e56b36e7552,home,1846000.0,1332106.22,20753.26,9.27,151,62,2021-05-24,active
6a2a322c-33a0-43fd-831e-7e34f1069da5,2ef8c2d4-3899-444c-a15c-573d101fe3a8,personal,51000.0,35209.89,1820.07,13.77,34,12,2025-07-02,active
a81f6fc1-6c6a-45f2-a850-793788df7d65,e1438999-b4f9-43d0-b48c-edcfd172b058,vehicle,1716000.0,29717.54,29938.68,8.93,75,74,2020-05-29,active
2608bef2-15c2-42ab-88d8-e3a266ee1ae1,f4f316a7-7ee9-4d8a-8942-53faea8bb59c,business,500000.0,172897.85,10510.77,11.59,64,46,2022-09-16,active
7d4aeb00-4774-4b60-a407-c0bdfb6daf15,f4d7cd30-c87b-493a-93a4-87eb0f81713e,personal,420000.0,327438.71,9595.04,13.18,60,17,2025-02-02,active
6735c71a-e6ab-4c66-9e87-42dffe908213,de37ff3e-7638-4f63-af66-8439d3886deb,vehicle,519000.0,353173.61,9971.83,10.98,71,28,2024-03-09,active
ccda5f00-a10a-4e6f-9985-e2b7a85ebd5c,1c33dc6b-4e05-47b3-8796-ffded0dcaf02,vehicle,1103000.0,46474.38,23533.3,10.18,60,58,2021-09-21,active
392340a7-021c-4461-844e-9b953dae2662,4c96a168-64a2-42e9-a76d-b9fd77b895aa,education,508000.0,457987.95,7735.67,8.82,90,12,2025-07-02,active
4783bcfc-4d71-47a2-83a7-2098eb55bc42,007d6064-ec67-49c0-b41b-b7f2295cb125,business,3248000.0,1294739.18,64417.27,13.85,76,53,2022-02-18,active
e2a0e115-1529-469d-8742-98938d1e2367,4cfe0181-5164-4096-8e1b-035266da4f87,home,3912000.0,2344616.75,41984.5,8.37,151,80,2019-12-01,active
475dcc87-b5b0-4a03-93b3-dc40b19fa880,edd9a00c-e425-40ee-87d8-63dc015fc0ea,education,306000.0,110618.7,5945.43,8.38,64,44,2022-11-15,active
a7caa64b-7398-4f29-a4e8-93217f6fea26,4025e856-d05a-4cf9-bb62-66c2c0978abf,personal,121000.0,96349.44,5455.54,14.58,26,6,2025-12-29,active
8bb4adc7-bb4c-4207-a832-4ea51697f8ad,3a686c09-e434-4d30-a998-9e87f14ad3f2,home,4554000.0,3706238.58,45491.42,8.96,185,59,2021-08-22,active
da6ee329-8113-4ee7-9ca2-12659cb20c6f,27218173-171d-4c63-be8e-4d6563cb696e,personal,134000.0,9247.03,3154.54,14.0,59,56,2021-11-20,active
6ee70a20-e92c-49ba-80cf-48294609f5cd,07f736d1-1b57-4a2c-a60e-a64acab54e1a,home,4077000.0,730280.76,39584.79,9.38,210,190,2010-11-18,active
acaa7d11-87bd-44cc-ab04-e110b9bd80aa,07701183-8742-4f8b-86bb-fcd076b18a9b,vehicle,236000.0,195875.32,4631.61,9.73,66,14,2025-05-03,active
c634f6f2-2cad-4215-9534-adf46c91f117,a4cb2425-7e58-4c9a-9859-a1e8735da3be,business,2228000.0,1732446.64,43041.11,12.89,76,23,2024-08-06,active
562a8e81-a180-4fec-a99a-3f468cfdb634,df204869-d1a0-487d-84f4-bbce78fa52fe,home,7241000.0,1240212.18,70024.15,8.55,188,169,2012-08-09,active
d5e63ee5-5448-416e-839c-2f03fe0dca72,14e08d4c-2664-42da-8e46-d1302fe70813,vehicle,645000.0,164427.42,19043.26,10.05,40,31,2023-12-10,active
66eb5872-daa3-45a8-90b8-7d26ec2aafe1,0ca80690-c5f1-47cd-965e-e7984687626d,personal,480000.0,27847.04,28155.68,13.3,19,18,2025-01-03,active
9fcaef0a-d388-4780-98b9-bf5ae7f0857c,2a8e03ba-b34b-4774-812d-68a6c6b5deb8,business,1891000.0,106838.87,36308.46,11.68,73,70,2020-09-26,active
afa9c0bf-9881-49b8-9018-268064ba17e0,36e79403-73de-480c-84b4-b5c1c5328ab5,business,2797000.0,1295408.66,65527.82,11.4,55,33,2023-10-11,active
8eaccc9d-0676-4429-b5d6-afb6f517251d,441c41e8-36ec-45db-bb29-39c7112e1c97,home,5567000.0,5068252.47,53114.63,9.14,211,40,2023-03-15,active
abbf74c5-5b7e-4629-8919-dbbeeac54f2d,ac92c97f-682f-49ad-84fa-a686d3abb088,business,2009000.0,890453.52,38556.4,13.81,80,53,2022-02-18,active
6c4334cd-e145-4c49-bd5d-728fa290271b,a1b75530-fb45-4526-abfa-a3034805702c,business,3866000.0,3366913.25,76546.81,13.48,75,14,2025-05-03,active
629fcb88-fec7-4abe-8956-d6cac5bd95ad,fcfb837a-49a8-4624-b187-fc42580bcf6e,home,3862000.0,240242.74,41066.15,8.73,159,153,2013-12-02,active
7a68785a-8efb-4a69-a252-d009797b6103,f0cc8e12-9984-48af-9ac7-4c0f40a0a42d,personal,479000.0,193586.26,17257.01,12.63,33,21,2024-10-05,active
3385c2da-c16f-48fb-a1de-ee0160fb8ddc,2a7d7a09-b7be-4835-b310-638e238b3d07,home,3764000.0,2187758.61,32984.53,7.52,201,115,2017-01-15,active
7c02cd97-d5a0-4728-bca4-75ba15ace5b1,cb6b6420-c7eb-4ccf-9ca7-582fe3ed7a83,business,4456000.0,4294265.88,89704.39,13.45,73,4,2026-02-27,active
92059db7-8a63-44bc-a806-a7f713fe4309,99e4b19e-a982-414b-aa34-a1fbcbc6937c,personal,332000.0,103740.11,18045.02,14.82,21,15,2025-04-03,active
bf53b1f8-7ecd-48ed-83b0-c8d55ee24acc,d09bdb95-6a40-4852-b3d9-88ec2ae889b9,personal,495000.0,257487.54,18488.46,11.31,31,16,2025-03-04,active
d26c7b47-71f7-4165-8c1b-bc30630c1d82,eaee3e6e-ccfe-4c3e-97c3-a5ef1e0f4eb9,personal,228000.0,55664.85,18983.65,13.81,13,10,2025-08-31,active
51065ac3-635b-46e5-874e-bc6299b997ca,b648f750-3c9f-48e7-a527-23f43af347bf,business,2395000.0,1600740.97,44912.57,12.72,79,34,2023-09-11,active
b0687685-4b91-4b5d-9ccf-84b8cd464391,c1a93829-cb57-497c-9d28-ab796c0b4ac7,personal,359000.0,237648.26,9528.05,12.42,48,19,2024-12-04,active
83c44bf0-eedc-4027-a409-63d8fe8231d9,282d763b-5777-4ad7-a95e-02f291e0f171,home,4318000.0,2606007.16,39242.17,8.72,222,131,2015-09-23,active
2002f737-6560-4f22-bd5e-1c437fc0c444,e932d05d-edaa-40f7-b70b-894a413dc31f,vehicle,403000.0,75588.63,7878.06,9.11,65,55,2021-12-20,active
0b6a6b7d-1abb-4400-8c77-3fc7a4ba6218,ceec0a7d-0752-4b87-a603-54a56f095d14,personal,475000.0,129890.5,16977.3,12.03,33,25,2024-06-07,active
33a34776-999d-4230-85e6-de3ab8429ed3,be62fc78-f59c-4d01-9e8e-b708a96b27af,personal,414000.0,172811.48,26020.6,15.99,18,11,2025-08-01,active
e955a2e5-2d6d-4c32-b642-f51db2f4cc8e,0bdd4f1e-5758-4a7e-9c00-692bde2501fd,business,2762000.0,2678523.39,67231.72,11.16,52,2,2026-04-28,active
a9f4c1c3-2fbe-45da-ab6b-e07072066f18,387f750f-ccc7-4ae9-9ae1-928f3a80f6e1,vehicle,500000.0,192275.67,8853.92,9.79,76,52,2022-03-20,active
d05db74b-1ee0-431b-b3fa-ed39fb7f2b36,84eba3d3-efa2-4d0e-bbbc-2638b0ac5e26,vehicle,788000.0,729498.87,20244.05,8.8,46,4,2026-02-27,active
3014c4b3-407f-4788-98b9-3f728387ad9f,13a882e6-0cba-4f9f-a5d9-4da55886f6d5,home,1547000.0,854923.11,14498.54,7.58,178,104,2017-12-11,active
8cd14471-58ba-43dc-994d-27b67e45637c,9df450bd-0d4b-4dc2-8307-839d1e71b0f2,home,5014000.0,2703781.61,57423.3,7.54,127,71,2020-08-27,active
f490c4a1-1d6b-4a08-b2f1-424c6660de8e,e3b615b0-d08f-49a8-89a4-cc5f19bf8c80,home,4510000.0,3988776.53,47843.96,8.22,152,28,2024-03-09,active
57942de5-1035-4df2-9b25-e89346a9e663,4071615d-df7b-4eae-b576-018f2aa5dbdf,vehicle,201000.0,139459.83,3794.45,9.93,70,26,2024-05-08,active
7d4147d6-a6dc-46d9-b02a-6755961be511,d754f594-68ee-4aa0-a4d4-1d3a1457688d,vehicle,1648000.0,445054.31,36205.32,9.71,57,44,2022-11-15,active
654ce58a-42c8-48a6-9f16-d37337fe94ba,d36fbd62-bc03-4805-b2f2-775313b18299,vehicle,1192000.0,263033.66,21432.0,9.99,75,62,2021-05-24,active
39dba30d-8ea5-466a-ae9c-1ae3f8b1475f,6590ca88-2e01-4c45-9e76-9db0c125b89f,personal,435000.0,78842.41,26886.24,13.77,18,15,2025-04-03,active
e3f70c72-164e-46a8-8397-89a106e9a6b3,a8d2b3b6-f11e-4843-9e22-a068de30001d,education,549000.0,99962.08,10453.03,9.85,69,59,2021-08-22,active
c98d0663-377c-43d0-960e-258e21c00172,41e12fb0-a470-4142-8502-3101d47c8151,vehicle,1847000.0,1680097.94,54367.7,8.5,39,4,2026-02-27,active
eb1f7949-5cd5-4a92-97ee-36a050e4d6a1,876017ee-4845-4a6d-8317-3437aeda2732,business,3657000.0,3217154.93,65972.59,12.72,84,15,2025-04-03,active
bc41ddf7-c261-4a8f-a3ad-be3bbac4a138,df505154-f3f5-4289-b742-fcfd7968f3a8,business,4373000.0,3065282.89,82594.62,11.42,74,28,2024-03-09,active
0bb86ffd-faf4-4bab-95b0-9f9e77a68af6,6155f7d6-e67e-4b11-a96d-f9cc92acc19c,home,7762000.0,7041316.77,78897.62,8.27,165,26,2024-05-08,active
09b9abfe-93da-4a26-a925-4c5cfbb7417e,e4d9e77c-8c26-453e-a861-c35e7666208f,business,3883000.0,1170942.39,104750.26,13.3,48,36,2023-07-13,active
bcb339a6-c18c-43cd-98db-16d528cf3f64,2232b99d-3d4f-4122-90e8-b43842933e7d,business,4507000.0,1589783.88,107817.88,11.73,54,38,2023-05-14,active
457b6a31-9d23-4485-aabf-710aba25afc2,da6d1f58-34c3-4743-92a2-f16e94d304e3,home,6209000.0,6149649.54,55966.15,8.94,236,6,2025-12-29,active
8af5fb66-7fd7-4f17-b448-06a9803e699b,b67718af-c9af-40a5-9a81-c742ba29222d,business,2748000.0,218831.96,74366.1,11.66,46,43,2022-12-15,active
260d213a-fd39-4e75-bb23-836fe1b1b7de,6941fc30-4f25-4275-bec0-25f26e5c9327,vehicle,256000.0,84333.69,4610.11,10.38,76,56,2021-11-20,active
03c71ffb-a561-4f6d-b462-1715bbbef0e4,8e185b63-dfbb-48c2-b407-a1a3c9749848,personal,360000.0,222492.17,25989.68,12.15,15,6,2025-12-29,active
5323cb6c-0261-484e-966d-631e7b55bb3e,84a2b99d-75df-449a-9e19-5dbf951e2f1e,home,7767000.0,7309335.27,90010.12,8.7,136,13,2025-06-02,active
ebcb6d1f-b7b2-47eb-845e-7b7783dc0dba,252a4443-1a38-4896-a5d1-971c7872db8c,business,1516000.0,647325.16,36421.95,13.82,57,37,2023-06-13,active
87e348c8-3bdd-4b6e-b99e-963e5120e690,5b6d080e-e7a1-4eb4-bf78-e9dedaae0a45,vehicle,922000.0,871398.52,19356.19,8.91,59,4,2026-02-27,active
d009d0f9-f106-4ec2-b348-db22ac00b8c5,6659f37e-8ef5-438a-af24-b19d3efbd94f,personal,404000.0,150305.31,22308.97,11.58,20,13,2025-06-02,active
0b5169f3-65f6-4e14-bb52-7b02a85c6fae,254f61b1-8b79-4670-8e8c-3676015da55c,business,2294000.0,438134.0,45959.77,10.55,66,56,2021-11-20,active
88861841-4512-4536-b515-565e109137e6,4f5738f8-6322-48d6-a2dd-1ce9f1cfdbc8,vehicle,532000.0,512891.22,13425.21,8.81,47,2,2026-04-28,active
21e3edc6-2cc7-4d00-a39d-c9fd258b5091,da15366e-fc93-4f02-881b-ffb46a601386,home,2116000.0,1637994.14,20158.73,8.8,201,77,2020-02-29,active
6bc2e331-0857-40f5-8e59-c4f36f1d3a78,2113b192-2088-4a49-a442-5bae1b2af6bc,personal,63000.0,28311.89,1826.38,12.54,43,26,2024-05-08,active
fd4c33e4-d0dc-4230-abde-22da4b5514c3,6ef21110-bef0-4cd7-9d72-1f8898a5ea82,home,2664000.0,1239370.23,23363.05,8.15,220,154,2013-11-02,active
077eeba2-4570-4971-beab-124fd9a54945,fddb31a3-e284-4ca8-bda4-7d667230203c,home,3778000.0,2546127.41,40778.52,7.69,141,61,2021-06-23,active
b87fd8f4-5c69-4d78-9381-8715bd90d98f,89338c9d-1d85-4fda-bf62-3e0ef6209590,personal,191000.0,155297.94,5783.41,15.15,43,10,2025-08-31,active
660fb1ea-0e81-4d74-8065-2d77b5d546b2,6c872d69-e7a4-4177-82cf-2e722e64df47,home,5965000.0,5553116.62,62801.71,7.7,147,16,2025-03-04,active
760136f2-dca0-4861-b597-6429e9c1af02,7851d751-7a1b-4b7c-87fa-441dc0278a6c,home,2369000.0,2090222.47,27610.92,8.82,136,25,2024-06-07,active
1fda5354-7a66-4624-8143-f9c16a50df68,56342fa3-a10d-4410-83d5-303f8583f040,vehicle,322000.0,220896.49,5557.41,10.45,81,32,2023-11-10,active
474c8d34-f475-4770-a955-6fbb20f9d22c,6f6e8e31-6a42-43fc-ae0c-b763645d6eda,vehicle,1352000.0,257663.9,24722.25,10.92,76,65,2021-02-23,active
04accc0e-7719-4d9b-a36b-efaeee13cfda,048c2e09-50ac-4859-9129-e00a441caf5b,home,6293000.0,4995226.41,61756.31,8.79,188,65,2021-02-23,active
81836958-bba3-41c8-bdb3-9648ad795a86,c1a47f29-329c-4d83-9d07-4597ee514713,personal,300000.0,129032.59,7294.0,14.38,57,37,2023-06-13,active
70df4347-21f7-404a-a49f-a4518cd12aa8,4e79a54d-0822-46bd-b2e4-e892fc9c84b8,home,1857000.0,440147.06,16764.43,8.11,205,176,2012-01-12,active
f040206e-bfef-4e04-ba5f-8355071a26ac,359be502-f7b7-409f-8ecb-9fa9b77b959c,vehicle,452000.0,391168.17,9860.17,8.75,56,9,2025-09-30,active
362c0256-464d-430d-a28f-72301fbffa01,e063ecbb-2762-4308-afd8-1c7eb7605314,education,723000.0,258080.44,11817.59,9.23,83,59,2021-08-22,active
1f8ed64b-dced-44df-af63-c53903fd6f50,e6b47505-47a1-45d7-8593-e3a639dea555,home,3020000.0,1344263.15,36411.7,8.56,126,83,2019-09-02,active
07072222-d6d3-442b-9a95-472998787ade,7d6ae798-cb45-4128-8638-01faadfcdbf2,home,2814000.0,400976.92,32306.6,8.02,131,118,2016-10-17,active
7422fce3-331c-477f-99b5-c8159a08b9fe,1fb3be65-1b41-4d6e-8bbb-a464e25a1c91,personal,262000.0,211249.75,5938.53,12.83,60,15,2025-04-03,active
1d29ccd5-9bed-4da7-98cf-06acefdb1a73,96718093-1367-4204-b950-c0561b1b7ec6,personal,114000.0,64215.47,3659.97,15.37,40,20,2024-11-04,active
c2dfed09-f982-47c6-8c04-781744e6dacf,9898cda3-6372-4cb0-807f-572dbd33653d,home,6421000.0,1597660.18,60581.68,7.74,179,150,2014-03-02,active
5a6d2751-94de-4de9-97ac-76d97f70ce40,974793ce-b968-4572-8ec6-2bcdeb6dd64f,personal,413000.0,283032.25,11141.35,13.3,48,18,2025-01-03,active
69459671-cebc-498b-9274-fcfee1c889ce,b5b95356-3e91-4c98-866c-fa544c7db811,personal,456000.0,303874.63,20531.04,11.18,25,9,2025-09-30,active
a63be1d6-18b5-483d-af17-064db89dbf7c,9ba40366-1310-4bfa-8470-d6e34b0113af,personal,290000.0,97330.81,12719.26,11.98,26,18,2025-01-03,active
0925833d-86c9-45e7-bda0-0e94db156835,0ea57bb8-96ff-468a-a7d6-83cf15e40dfd,home,1124000.0,976157.91,9510.18,7.64,220,53,2022-02-18,active
5a77dee3-45a2-4fa6-88c6-3fc9e73690ab,1703943f-cc4d-4c38-8f3a-f6341c108057,home,5332000.0,4845276.88,47171.17,8.7,237,48,2022-07-18,active
53e8cfc6-5391-4f92-ac1a-a0303246a79c,c48df6b7-4519-4b08-b4bb-f5f9d2df1c59,personal,67000.0,49519.92,2011.46,13.53,42,13,2025-06-02,active
0d2a0746-46e1-4eb3-ba19-f70a9e43002d,3f51612b-46c5-4c31-a6f6-fc24efc840e0,vehicle,1202000.0,614120.78,26508.49,10.49,58,32,2023-11-10,active
5f6cc400-c8df-4d99-96bd-3544b7a4ff83,152de87e-6876-44ca-9ba6-b54ecd3f50ce,personal,138000.0,75469.22,5553.95,15.14,30,15,2025-04-03,active
a2a902be-7b08-4667-b159-d80b18315f90,ebd89da1-d584-43b5-91ee-b2c234a75031,home,5632000.0,2211974.67,56914.22,7.86,160,115,2017-01-15,active
1b1716fd-3979-4380-9d88-4b4eb75356f4,b8e93f05-6ce4-4004-ab6d-b86304ce2985,business,2161000.0,1157670.7,38733.59,10.85,78,43,2022-12-15,active
8a33c048-c73f-469a-b8d5-6c704e5463ed,21a434a4-9559-4ccc-8e6c-2b5d482651a1,vehicle,1069000.0,19789.63,19931.95,8.63,68,67,2020-12-25,active
2e77115f-0cec-4b69-8071-3f90d22ba557,1424efd1-8aff-4cd7-a948-75221c78e2cd,personal,98000.0,67940.61,3162.74,14.43,39,14,2025-05-03,active
2f3d0739-4cbe-4c32-81f9-7a850c8767e2,485370bf-39ae-4eea-8f44-6e244d9d0fff,personal,441000.0,130461.56,12549.27,11.44,43,32,2023-11-10,active
36e64368-a067-498b-b955-b43e8c9c724f,5abbb531-fb52-4287-8ca6-f6347cb6388e,personal,221000.0,86937.15,11443.71,13.96,22,14,2025-05-03,active
5cc83e6b-0256-41a0-b988-b823c991e7c4,f3713795-be55-4c6e-9184-cce71c71471b,business,513000.0,11784.73,11891.77,10.9,55,54,2022-01-19,active
1e0e1327-a920-40ab-804b-b6920107d11a,357582ce-f24a-4999-ad5c-b0dd0cdacf3e,business,3021000.0,1141537.59,57548.38,11.03,72,50,2022-05-19,active
5b80a865-f0fd-4da4-a8b3-62d98298f9af,90eefb3a-a8af-4ea0-9968-d3182b39a4a3,business,2264000.0,836051.29,50291.68,10.21,57,39,2023-04-14,active
457a5dee-8829-4852-b9a5-98d17dea0c9e,4eb7ecc2-9816-4d6e-a5b0-35ce644d770b,business,3993000.0,3703592.51,68892.63,10.15,80,8,2025-10-30,active
6cdead1c-267d-4ad2-ab51-255696cfaa47,2d1fe98c-40a5-4742-b47e-65e81c6f12d2,business,2860000.0,2730991.32,57817.81,10.91,66,4,2026-02-27,active
bcec6b21-b735-43b1-a380-39800d22df4d,79b9747e-e8ac-453b-bf69-2cf6cccf9e44,personal,155000.0,129345.74,3877.18,14.54,55,12,2025-07-02,active
a68ce368-9e4b-463f-9d43-b11b9a5e9506,17f0a021-f6f4-43c9-beec-9e2ef8cddb1a,home,1137000.0,527106.6,10626.3,8.32,196,135,2015-05-26,active
5a198af4-b365-4aba-b298-26ea0a1c3291,f99eeddc-fdd9-4657-956c-dcb4fc881b3e,personal,179000.0,125754.38,4409.44,12.47,53,19,2024-12-04,active
d814039a-e59c-417c-af63-13758b57e2c1,a7d2f88f-86e3-4eb4-ab34-3d145c22d8ae,vehicle,1126000.0,182767.35,21097.32,9.24,69,60,2021-07-23,active
32f9a27a-b65b-460e-8c48-fc451e7ffeb9,8d6315cd-0387-4e97-ba39-a7e72ad6d2b1,personal,247000.0,134202.7,7050.08,15.55,47,25,2024-06-07,active
d8c444fd-41e4-4811-92d0-e9dbdde58f11,1f295d20-3aaa-4dc6-8507-67cf4fc5f3f5,vehicle,1802000.0,698343.93,39923.02,10.09,57,38,2023-05-14,active
3d9dcbbd-5c1f-40d5-b94e-8f3b24755cc2,a9561d0b-5e58-4574-954a-8dedabeb7985,home,4399000.0,1279058.58,43886.05,8.98,186,153,2013-12-02,active
2509fd3c-820a-47a2-9dbe-5027f8d1ed95,ffe52eff-5bcf-42aa-a29a-ef525aba4c99,home,1576000.0,736355.36,16148.25,8.99,176,120,2016-08-18,active
4911dc65-a0c8-4317-a871-5045b624541e,0d305f86-d53b-456a-8272-7285db804eb1,business,3124000.0,2829216.29,60170.23,13.38,78,11,2025-08-01,active
8edf73c0-dedb-4de2-b8c3-5ff4dcbfd878,c42b9430-821d-4ff8-9247-92681b0a3f5c,vehicle,739000.0,143075.47,13597.46,8.97,70,59,2021-08-22,active
bd48e5d0-aa53-4bcd-9b50-3a9aeed0fa96,a5c423c9-0fa1-4d0f-942d-12ae5d8759ab,vehicle,1032000.0,459180.16,23010.6,10.38,57,35,2023-08-12,active
56ea2c39-7e6b-4166-ab51-9c5be4a4a017,72f15431-82b0-4d36-bec2-42a5b2947d13,home,7741000.0,7354111.71,65741.33,8.16,238,27,2024-04-08,active
b77f020d-ecba-4f3a-ba76-9b38b4381ae5,e7e4817c-c072-4e90-8f29-7522724c666f,business,4015000.0,3200526.57,103455.86,11.7,49,12,2025-07-02,active
81f57948-a2e1-4d1d-8271-5b823bf851c1,a5869dd5-f15e-433f-9eb6-a5d204b25c45,personal,226000.0,170359.74,6208.59,11.52,45,13,2025-06-02,active
995e43d4-a22f-4971-be1c-4fc899e12d18,bb39749e-b3ee-432f-bf24-3f1d7e477227,business,3263000.0,1929320.22,84736.55,12.11,49,23,2024-08-06,active
db7e8663-d80a-4909-81ef-c38c2058c15f,862a6db1-fc38-4862-a38e-1aaa3b9a3a42,business,4275000.0,605543.87,125103.79,13.1,43,38,2023-05-14,active
e2fe65a1-9f56-4202-afa8-c10a97b08bfe,4b35a57c-d5c1-4e29-b01a-b31d37192b77,home,7896000.0,7415626.03,80472.88,9.17,182,22,2024-09-05,active
385403f2-4976-4999-a779-c2b3103b2944,fb11cbd0-2892-4d6f-ad00-4346c07f16ea,home,7373000.0,7232100.8,65957.33,7.52,193,7,2025-11-29,active
183e8263-a894-49c7-906f-8dac48765458,560108c8-ec46-4fb1-866f-c87e9552e434,vehicle,1311000.0,1027629.92,22084.44,9.93,82,23,2024-08-06,active
e600ecf5-9a10-41e8-af69-4d957af6cd67,5883559a-31ea-4d9e-94e1-9e15ceb93bab,vehicle,1002000.0,480810.9,17873.19,8.62,72,42,2023-01-14,active
68923cd2-14c9-4cb9-b772-e1e6434d49cf,81eecfbd-953d-4edc-8ce3-5dac0fc595df,home,6961000.0,6193071.98,59945.47,8.35,238,55,2021-12-20,active
d61603ba-a948-4b6b-b69b-65136fbe50bc,ff30ac49-356d-4f8c-a110-f0ee4ff55a1c,home,6420000.0,3133011.83,76285.44,8.76,131,82,2019-10-02,active
98d9001b-6010-45eb-acc7-4bf524dec30e,7718dd61-20a3-4650-aaff-aabbb63a84ec,business,2785000.0,530412.2,91789.29,13.02,37,31,2023-12-10,active
39f84ccd-8927-4c7e-9b7a-6c39fae45f2b,cbed6fe4-a189-4182-8c2e-99347392868c,education,123000.0,103399.77,1640.42,9.34,113,26,2024-05-08,active
20d5da2c-f744-49df-bcdf-cb33df9af782,944adb6b-edbe-4b79-a192-27835161b351,home,3459000.0,3216051.89,32430.56,8.99,215,33,2023-10-11,active
c889bf60-1461-4bc4-bb38-84d53f4fbf87,f7cf5abf-d2d9-4ea9-8131-c2c8be75cba2,personal,404000.0,50861.06,25782.33,11.05,17,15,2025-04-03,active
dd38aac5-a323-4217-a99e-5467bebe4d1d,2e6ca4c3-9b9e-4650-935d-2190af174b7c,business,4294000.0,1873131.7,87502.77,11.23,66,42,2023-01-14,active
366d48c5-08a3-4cd9-98e9-640863182711,d315c5f1-d4bd-40fd-9c55-c409913dc61d,personal,160000.0,142580.41,4914.1,11.21,39,5,2026-01-28,active
894ab9a6-fe5d-402a-adbb-081db1879659,1232a014-b3f4-4314-b977-751fd0c0db65,business,1775000.0,142010.38,36483.51,13.19,70,66,2021-01-24,active
c7cc0099-27e5-40fa-a90b-0b959121a2fe,b012696b-fa99-4be9-9792-4ce36a8fc7e2,business,405000.0,346057.01,9127.48,10.24,56,10,2025-08-31,active
9c5a9253-f9d4-4042-926f-7c52f355ff95,4ace45ae-fc9f-4c04-8b3b-92c3527839ec,personal,372000.0,205904.73,17065.81,13.0,25,12,2025-07-02,active
87583cdf-3fe7-46c9-a199-5d238857d43e,74f4f444-24be-4afb-b1cf-18a0095ecc6b,vehicle,1631000.0,543174.8,30964.8,9.74,69,50,2022-05-19,active
0c44e615-097a-4487-9add-f6e1a5c5775d,bcf316c9-5c43-435d-91cc-2b8c0596d535,vehicle,452000.0,148878.93,8852.38,8.7,64,46,2022-09-16,active
05f70424-85b9-41f0-a321-d34d461f9547,f5da7596-54e1-4539-a14d-68ac18c6219b,home,5905000.0,4719809.47,60155.58,8.64,171,55,2021-12-20,active
2f961224-f9cf-4be7-b273-4c46b1428929,8a1fd2dc-f4ac-49d2-a8fb-8a6295d07dcf,business,4033000.0,1858560.15,126988.4,12.82,39,23,2024-08-06,active
6f285c88-09c6-490d-ae18-60de77378ce9,5b191a5b-5ccb-407f-8a9b-dc71303cdd35,personal,489000.0,298060.87,11687.25,15.21,60,29,2024-02-08,active
f6b74e77-2320-4651-8d1d-9db95918522c,2deafdcc-9741-4bfe-8154-e01df1c04df4,home,5247000.0,3734163.57,55188.61,8.4,157,65,2021-02-23,active
3d0d1915-88e9-4726-8706-25eafef5a77f,99bb5876-8f15-47db-963a-13d63f446896,home,3007000.0,2299538.98,31695.16,9.14,169,63,2021-04-24,active
d394731b-01be-4ffc-8dac-86b94e307ff1,6d4594a5-1285-4345-b15e-7c442d802d5c,personal,306000.0,235362.49,10767.58,12.73,34,9,2025-09-30,active
697e2288-4499-45f0-8219-a78a4d0f743d,8163d6fc-ed39-40bb-98f4-f4a4cbc07926,home,2676000.0,299778.62,28551.53,9.41,170,159,2013-06-05,active
2a4b296d-7946-4a62-bc86-2e6a91b1b614,de637a1e-baf1-46f5-add4-9fe8a8f30d4d,home,1505000.0,762953.48,15359.88,9.32,185,122,2016-06-19,active
c66118ea-4cfd-405f-a2a9-970e7848ea12,59a60619-7339-418b-b9ab-dafd2a24185c,personal,256000.0,88496.9,13227.17,13.72,22,15,2025-04-03,active
7abc9413-a6cc-49fd-9429-c853ea7a618d,da6279c8-ed92-4181-919a-0eadff946f92,education,1335000.0,910482.97,20453.14,8.01,86,33,2023-10-11,active
0e2fe04d-d126-4228-992c-a65a6afbd33c,ac574dff-e938-4f96-810f-429df3776737,home,4409000.0,3273880.87,46531.58,9.11,168,67,2020-12-25,active
696ec046-a6d6-478e-926b-4a2d19e2fa8a,e9b5e94e-26c5-4b33-94dd-60a814c5c334,home,5786000.0,5217847.55,55484.21,7.65,172,28,2024-03-09,active
679b4c81-cd4a-406c-9b88-ca6846bf1cf9,edbde0cb-2def-4ee0-8299-a9f397098a9b,personal,363000.0,284607.12,13687.68,14.17,32,8,2025-10-30,active
b9bcbb1e-7692-4ce2-89bb-dd0188e25059,6446ad14-fb2a-4023-89be-41174afe2050,home,7041000.0,4648414.98,69411.84,9.34,201,106,2017-10-12,active
5e6c5ce6-2e46-4085-bf05-4ee5b71b28b6,59dee355-b762-40d8-b0d9-7a5aa93a2b15,vehicle,277000.0,262529.89,6086.96,10.91,59,4,2026-02-27,active
32bc1ee2-052b-461f-8999-49bc0c36ce4e,a6944987-2026-4246-b625-096b67b17dbe,home,4702000.0,3874446.22,56478.4,7.77,120,29,2024-02-08,active
f5b6918b-c394-43c4-a840-ef39da174119,e9efe668-1043-4d0a-9d4a-60695f4c0efe,home,1570000.0,1372174.5,15248.19,7.92,173,36,2023-07-13,active
d397bd67-68a0-4e56-b2bd-0d4efd950f18,adcef696-599a-4c7c-bc85-16c48a100a2a,vehicle,1116000.0,680937.35,31158.46,9.16,42,18,2025-01-03,active
dd58ea5f-04ea-4ef6-b886-1e123d37faab,d463801b-56c6-47f8-840b-f10e7c8673c9,business,2376000.0,1522217.02,49096.13,13.02,69,31,2023-12-10,active
89e70193-d8fa-4cb7-a9de-31248f3ee0f5,f9d72836-3572-4c82-9f88-014f04a0b3bc,personal,407000.0,66643.23,33900.85,13.88,13,11,2025-08-01,active
780021b0-ca5d-461b-aa0c-7bb71ebed7c2,ce576c5a-bb0e-45db-8935-56e244e85062,business,2208000.0,494360.84,47460.55,11.04,61,50,2022-05-19,active
a544a4b6-981c-4052-9f32-24a896e2bdc2,402215a6-7e4e-40ad-88af-9a193e6b13f2,vehicle,1387000.0,1359689.55,25237.41,10.07,74,2,2026-04-28,active
14d758ef-7c05-4c62-b33a-6c9aa33482ce,bb29c69e-47d8-4723-84ee-30702b13d5f8,business,1031000.0,582849.08,21115.34,13.05,70,37,2023-06-13,active
3635acaf-e873-49df-abfc-abe6e445ca86,964dae37-00ac-458f-bfc8-58ba923ebf22,vehicle,1116000.0,646452.41,18051.84,9.17,84,42,2023-01-14,active
c42c55a0-17d1-4cae-87aa-7a201ecc908d,f365acef-2722-4684-b876-f00a4fadb3ba,business,1883000.0,1031919.82,32988.15,10.95,81,44,2022-11-15,active
5ea389cf-2cde-46be-8238-1d8fa1b25af4,d6cf34aa-2396-4f86-b930-d147af5030d4,business,4485000.0,3736553.26,129528.06,13.38,44,9,2025-09-30,active
c4c5ed97-65f9-4a1d-8c5d-464ea77a0d28,5df235fc-220a-49cf-9638-aa962003e854,personal,450000.0,181271.02,37552.24,14.21,13,8,2025-10-30,active
8835f7fa-5538-457d-9e98-3b08cd43a14d,99c9654a-3941-455a-acc0-d0045f9e3fcb,vehicle,1928000.0,849192.58,53965.86,10.47,43,26,2024-05-08,active
fa69c366-0960-4f8f-a4d9-e7b59c2da255,c66bd1ba-2b49-4da7-9c45-bc5af7b24adf,vehicle,1677000.0,1590437.25,28665.36,10.41,82,6,2025-12-29,active
d264f33c-ee99-4ce4-ab20-fe363aed8436,a5bcbadb-bfe1-41b4-a333-bb592d0c49da,home,7603000.0,3512968.67,72090.86,8.51,195,135,2015-05-26,active
1025b978-be1f-493f-a4ea-eb4b2df2ffa5,9fa4c665-875a-4c2a-ba70-a4466a3ace7f,vehicle,1113000.0,485223.13,27690.16,9.87,49,30,2024-01-09,active
35cfa7b2-3b65-4fee-9243-5be7da5e98a5,dd4ed63b-d765-4e7a-baa2-e135854ee6ed,business,1924000.0,1191032.42,38040.73,10.89,68,31,2023-12-10,active
35b2dde7-3ab3-4f8e-a99a-7705996c4bde,ebf0cc67-769e-443e-82be-719c60f13a61,home,2630000.0,2017349.1,25744.72,8.4,180,66,2021-01-24,active
14c81158-68a1-4c9c-8b67-67aa06e4d039,5c595e07-5700-4e02-9b66-a2072c48db09,home,5881000.0,5380816.3,52060.93,7.52,197,30,2024-01-09,active
17d68d7c-37a8-4dd6-b05a-fac24d84837b,d3d61545-72a4-4d17-b8b0-68022f031dab,vehicle,828000.0,198579.66,16232.81,10.56,68,55,2021-12-20,active
9e68710c-e86d-45a9-b53f-8e74baa6f106,4345bff9-b5fb-4717-bb24-24393a1010c9,education,454000.0,172142.98,8500.64,8.79,68,46,2022-09-16,active
72a4f700-f3b4-44cd-9185-7e0b9f1294df,1167c55a-926b-4327-adb1-d536fd7961b8,personal,125000.0,100085.84,9824.63,15.62,14,3,2026-03-29,active
d0cf2cda-5938-4663-a300-4406c4a7328d,27821ffe-6aa9-4ec4-a47c-3ec4cdac4ec8,business,1018000.0,227865.75,26772.51,13.58,50,41,2023-02-13,active
59c75d2c-dec1-4068-9b0d-44236d887d39,a93ef71e-a9da-447c-a325-4c78d8c82c29,home,5393000.0,5346288.3,53302.71,8.42,177,3,2026-03-29,active
16c0a483-0444-4c21-8fbc-73d112685415,37387cfd-c1b7-47e8-882c-94254544a567,home,2596000.0,884443.17,30625.3,7.61,122,90,2019-02-04,active
9cb69bc9-b238-4130-bf94-b78cfdaad181,2aa2fa25-f6ee-442b-beb3-b6638063f1e4,personal,316000.0,126372.35,7357.29,12.36,57,38,2023-05-14,active
3f15614f-e2bc-44a7-911f-6a71fe25456c,3bcf1ac6-8116-4911-bda1-0c7639382206,home,2530000.0,1307392.86,21970.18,7.98,219,143,2014-09-28,active
af5bdc3a-e906-4b48-a01d-b84ecde7cb45,df7dd1c6-1714-4d61-a1fc-11e5e2a71720,business,486000.0,225060.84,10310.04,12.86,66,41,2023-02-13,active
3b4a7ef5-f460-4056-98c5-a430c040ec87,ccc3bd69-2d56-47bd-9bae-a5f8ade08e04,home,5257000.0,3094073.41,57787.41,7.79,138,72,2020-07-28,active
3ef49d4b-856f-47a8-8513-166fa239684a,e66d26b1-2fcc-4482-b6e6-396c27f417e4,business,2435000.0,498878.33,48334.63,12.92,73,62,2021-05-24,active
89cfd921-ab04-42e6-aa85-e6bfc2d096b1,c2d50bf5-fbac-451b-9b3a-4f65f0733fe5,home,3423000.0,113065.86,38269.88,9.23,152,149,2014-04-01,active
1016b636-7cb1-4a91-a201-119490c207fe,d867ea88-4c18-4e24-a463-595460182d93,personal,132000.0,8775.28,4450.21,11.39,35,33,2023-10-11,active
2bd1596c-a1f1-4db9-b09d-b99dfe7080b4,7b3a19a1-15f7-4e59-bfe3-7f11f7153175,vehicle,1628000.0,1072563.86,41399.6,9.22,47,18,2025-01-03,active
8c758a84-355f-4317-9e83-adb294f8e076,6a31ddf5-6fa2-4264-86ad-1c4fb02748bd,vehicle,1449000.0,533881.39,24397.58,9.03,79,55,2021-12-20,active
d44a59b7-4e45-4375-a86e-61e7b7e96e6a,a765f305-eaf3-4b12-a976-fd531d49ec06,home,4502000.0,3821382.3,39860.5,7.6,199,51,2022-04-19,active
b93834f5-f255-4978-93bf-a41ba2ac5427,8cb15ef6-84e4-4b31-9bae-0de1fb9bfd46,personal,287000.0,167035.58,17828.89,14.44,18,8,2025-10-30,active
499b64d0-76bd-485b-a094-f0514815a638,cdd1e0de-511a-48e7-b4ee-007cbe8c183c,home,590000.0,53964.6,5603.87,8.3,189,179,2011-10-14,active
f3859eb9-a495-425b-8e08-dc1d89c3418f,5abf2cf8-2a5b-4921-9912-a8ea849428dc,business,469000.0,435969.23,13251.23,13.12,45,4,2026-02-27,active
34a6f9f1-8d63-45f3-854a-a13f4a5cf456,40d2c06e-38db-420e-9458-5a64ea761805,business,3941000.0,2016589.88,98169.39,11.56,51,28,2024-03-09,active
db31061a-8efb-42e1-af9a-5780497aafd0,7638d90a-e22e-4048-9bb2-d1216381426b,vehicle,326000.0,144367.51,6856.57,8.99,59,36,2023-07-13,active
ac2fc302-369c-4c9d-9688-5080a438258f,9922eae4-730e-436b-8773-2241c80ab251,personal,54000.0,28080.46,1648.18,13.38,41,22,2024-09-05,active
dbb51ec5-7a96-4fd6-97d1-0826dc498c3d,ce2fbbc3-e85d-4721-b484-79d4737528c5,home,1218000.0,62119.01,12666.17,7.77,151,146,2014-06-30,active
1bf1d400-e682-42e8-ba2e-5a748d58e39a,74591cd7-7568-4820-bae0-fce57a3d6721,education,149000.0,57197.27,2257.39,8.43,89,61,2021-06-23,active
26f82bea-5092-4e8e-9ca8-9a828556d949,01d5814c-a884-4da8-bb82-eeb2e4e744d0,home,6145000.0,5382701.8,75659.61,8.81,124,23,2024-08-06,active
179bb7c0-dc16-468a-83c6-3e8746368948,79df4171-b245-4d50-8fbc-835acb1150e8,home,1319000.0,481892.3,13181.98,9.13,189,146,2014-06-30,active
b13cc60a-72c3-4465-9d51-db641c81fc95,1b609c3b-9bf8-473b-b2a2-1851503ae27b,home,4320000.0,3175126.85,35649.9,7.65,233,101,2018-03-11,active
d31e279a-8ac3-40c0-9d3e-92aa4c2e646b,22135d1b-e019-44a0-9616-ad96bd93823a,business,1091000.0,615198.98,36063.13,13.22,37,18,2025-01-03,active
a0479c83-194b-4c91-b016-03d8b03c5551,4c82e1ee-5824-4b83-948a-94ad78f969ab,personal,465000.0,37611.23,19152.34,14.72,29,27,2024-04-08,active
cb4427cc-dd08-4c92-a20e-361a8135623b,e90aa53d-96b9-44d7-a7ff-904324158384,home,4220000.0,3996716.32,38612.11,7.83,192,19,2024-12-04,active
79a97e5b-3a42-4f7e-a313-da0dcf96a6b1,e5c06417-abd9-4045-a7ed-5d5461a933b7,personal,53000.0,26527.47,2192.82,12.53,28,15,2025-04-03,active
baedf4e0-905e-46ea-8df8-a1d018d248dc,313008d2-5734-4f03-b93f-039fefa1aaad,home,7838000.0,6267684.64,67118.46,7.95,225,79,2019-12-31,active
60ece2f8-738a-47f2-a68a-1da5a3115d7e,2eadb9f4-9ae9-46a2-a291-3025eaa48e4b,personal,404000.0,291069.73,22372.76,11.92,20,6,2025-12-29,active
692a4efb-2cdc-474f-af61-7badb2fd6716,f80c7357-8765-4493-b634-092a82cdfda2,home,3480000.0,2443073.21,38990.95,8.18,138,56,2021-11-20,active
1f82c881-6fe6-43ee-8738-957037906fe7,52b8f1c4-eeff-4021-995d-39849bc13736,vehicle,686000.0,642509.24,19449.78,8.85,41,3,2026-03-29,active
462df6c2-5b7c-4b40-8c68-cd8b6f61a365,af328b73-2853-42ac-9ea2-d5849a50a6d5,business,1664000.0,976056.72,36345.46,13.19,64,32,2023-11-10,active
e7a77ed3-102a-43fa-86aa-ab38e0b49241,9a131cba-407b-408e-a8ba-6595b790371d,vehicle,876000.0,595455.34,27208.69,9.02,37,13,2025-06-02,active
e50131b1-d26b-400a-9c95-99d91af055ab,5b538480-4fec-4504-bf07-0c4e9335c830,personal,331000.0,11941.01,12055.15,11.47,32,31,2023-12-10,active
6b151a9e-19c2-4fe4-ac5d-5fa2f94d72c0,a6758703-9bd5-4456-a819-01d8525fc5d4,home,3567000.0,2742254.68,33034.35,8.43,203,78,2020-01-30,active
1c1025ae-2f9a-4493-9002-bda64f4f821a,24ee6de1-0753-47f1-abad-72e21cd94cab,business,316000.0,158792.14,5563.84,10.54,79,46,2022-09-16,active
63223ae9-3a6f-45d0-b268-b34b49bf4630,83b3a343-b738-4374-aef0-c33cc9212dbf,vehicle,846000.0,290346.83,15738.22,9.38,70,50,2022-05-19,active
5044f4a3-2b02-44e2-a202-252581a62efc,16894156-3074-4d77-b509-3cb592bac321,home,1293000.0,945434.49,12567.39,8.83,193,83,2019-09-02,active
f263141b-e5b6-4cce-b78d-3ab9492b9f58,22e216c1-04a4-4fc8-bad1-ad661aac154e,education,1120000.0,978056.48,14676.1,9.68,119,23,2024-08-06,active
1ce7cc5f-781e-4dfb-98fa-77eedf20e248,c737f2fa-79f1-42e6-aa1d-3dfc7dd62a48,vehicle,1173000.0,351404.19,25178.23,10.98,61,46,2022-09-16,active
db433dfb-9d9f-4e09-ae1e-8f1f89c800c6,2c356c23-2145-4ce3-a967-b9bba65668d3,personal,323000.0,218572.16,9344.02,15.42,46,18,2025-01-03,active
5e04d0f5-9423-4512-8963-37f5fb6f005e,4118f257-5fbc-47ff-9ca2-fa36b74a59eb,business,2254000.0,1804396.92,46660.67,12.7,68,18,2025-01-03,active
49f9e827-8313-48ee-b4bb-6ee0d8c76ff9,023a1b21-8308-4187-8da7-5c1c2a6b6ac7,home,3345000.0,2011376.61,41524.22,9.32,127,66,2021-01-24,active
0538fb59-6dfe-4c50-9097-51d551017edb,875a7e6d-4ab2-4de1-96e4-26425a05e4cf,business,1697000.0,119255.52,40422.2,10.09,52,49,2022-06-18,active
6ad295de-457d-4393-baa6-aef4a21175d6,5d563295-a482-4ff5-9919-fabb45990c0c,home,6656000.0,2549450.12,67505.04,9.45,191,146,2014-06-30,active
03a220c3-c934-4b5e-add0-99cc18bfc059,62b5cc1d-5a49-4425-b974-64d1a845171a,home,744000.0,76590.32,7969.18,8.74,157,147,2014-05-31,active
4708637c-289f-44b2-bbdb-62f38571dd6c,2f9f55c5-e3b8-4be8-93e4-0f962cf0c9cc,home,3779000.0,1874331.47,43852.35,7.6,125,75,2020-04-29,active
ef46556e-89c3-4556-8be1-b96d52fc4fc7,83644fb5-de68-4335-ba6e-de8a0a49e17e,vehicle,1575000.0,230897.22,39553.9,9.48,48,42,2023-01-14,active
ef61b66a-09e4-4f48-b082-15e8004bd1a4,c352fafc-6092-439f-8403-92987d66c5fd,home,1980000.0,1376754.8,21753.31,9.46,161,73,2020-06-28,active
35f2da32-4f16-4da9-9420-0b33cf5e5742,ae69a002-b800-49a0-9d04-0eeed2d07d43,personal,279000.0,254081.85,11295.63,13.25,29,3,2026-03-29,active
9fb827de-ac8b-4293-b811-87a04bc9ac77,39bd61d6-9e6e-424d-95fd-96be90d316ce,personal,103000.0,50864.38,2910.09,15.83,48,28,2024-03-09,active
7345884a-2f9c-4685-8c48-95bc425301f8,34b74039-05bf-4d43-a6ee-0448f267687d,home,3738000.0,3674857.5,43427.46,8.93,138,4,2026-02-27,active
31076cc9-f2cc-409f-8b31-94b65fa045ff,94b3a54d-a4a0-49f6-b7f3-e405f536dadc,home,7984000.0,1518074.58,90466.74,8.99,145,127,2016-01-21,active
96477b5f-1aff-4baf-a5b6-9d1f3b00b72a,3d0d59d4-b053-4f0e-9359-5fc64548fa16,business,3764000.0,1509538.35,124014.31,11.44,36,23,2024-08-06,active
9e8d68ea-7ee3-4378-9994-8bbf344047fe,09701b10-8421-4a70-adf3-8894e279d496,home,2061000.0,1999707.73,21474.48,7.5,147,7,2025-11-29,active
eeac840a-6b2c-4c16-b21b-b13ebfe82762,03a90343-2268-400b-9a30-5b9775677e28,home,4392000.0,1894245.93,48923.74,9.09,151,105,2017-11-11,active
4d772e03-55c4-47a0-bf05-9f99db267cad,800ec3ea-d93e-4890-8669-4ca1be7d73fe,business,3050000.0,371677.95,54885.03,10.02,75,68,2020-11-25,active
64cf8187-cb39-4962-a4b9-03882c59efa7,fea4eb23-530e-4d62-ad79-e9ef69c822cb,business,3887000.0,3237833.06,80094.51,14.0,72,17,2025-02-02,active
e9a4e6c3-5c5c-4b61-976c-688ec0b097dd,860f7794-05da-4444-84fb-c198692b0ff4,home,3546000.0,367985.17,42184.24,7.55,120,111,2017-05-15,active
766d5dee-192b-42b0-a6ff-2becfc126290,6d3e0ee8-3b34-4389-8cae-ef081ce07b59,vehicle,892000.0,725263.67,14970.07,10.35,84,21,2024-10-05,active
11d31c21-1550-478f-bc37-2ce1358837f0,93c212f0-4cef-4316-9dbd-695e17cede67,vehicle,450000.0,58225.22,8569.29,9.0,67,60,2021-07-23,active
51c8c68d-6bb9-48b3-8552-b464d45deb28,62a04fa9-6b4d-4d61-a606-8d479d1afa9d,vehicle,1248000.0,229863.88,24146.0,10.86,70,60,2021-07-23,active
b72bac7b-eeae-430a-8d2d-1948eb739123,39444beb-c8dd-45c9-a59c-7f82d06bff90,vehicle,1312000.0,208719.09,26930.34,8.52,60,52,2022-03-20,active
fed0e8a9-8a8c-4ea6-9b7f-9e7ccf1435b8,ea45a50b-7daa-4c18-9b87-926e3a7e44ca,business,1641000.0,195947.63,50400.24,13.77,41,37,2023-06-13,active
c7066907-59b9-4e7b-b3ed-6fcda938f170,b240330d-1ab5-4fd1-97fc-9f908e9502c1,personal,500000.0,440969.55,16659.74,12.22,36,5,2026-01-28,active
b48294ed-3c5e-4bbd-992f-749877122137,16e57ac0-9765-4d0c-914e-b8ba5f1a2897,home,4975000.0,3120026.06,47087.35,9.44,227,133,2015-07-25,active
00804dbc-9e71-40ff-912c-db6b5dc97018,82a8c609-c0bd-4bc4-aaa2-1b63d9dbb911,personal,149000.0,122813.65,4603.33,11.59,39,8,2025-10-30,active
78b17c8f-7ec6-485f-b96c-c921519ee156,ba79aaa1-ebf1-4202-800f-584d0037e0c6,vehicle,640000.0,575235.59,12537.45,8.71,64,8,2025-10-30,active
15e45d6f-9584-462f-a7f2-41c675fb0d26,7745d6da-635c-4d7b-ab6f-8e1557b202cd,personal,88000.0,38394.0,5749.59,14.31,17,10,2025-08-31,active
49fb484b-27e5-49c6-b067-c006b1df22a4,e5f6b143-99d3-40ad-b4c2-e63cda610619,business,3533000.0,549140.5,81617.81,12.0,57,50,2022-05-19,active
81a9acf8-38e8-4a01-ae74-c6bbb2274595,e5ba571f-b4cb-4999-b23a-ebb1a79f00d5,personal,412000.0,268276.58,22596.01,15.86,21,8,2025-10-30,active
04ed2ff5-4eb0-4a61-89f8-12640abfa441,6604903c-ff3a-470c-b869-0fd27c15ddfa,personal,412000.0,246351.07,9719.5,11.06,54,25,2024-06-07,active
ff745cce-3984-48dc-a98b-b4750a0a740f,29bc0e65-be6a-4438-847d-6b3d6e65a705,home,6220000.0,6012103.21,65642.8,8.33,155,9,2025-09-30,active
65dcd118-f023-40bf-b28c-6237d72cf6f1,de9b3ddc-3c41-4373-84d1-645221e1ea43,personal,219000.0,150787.25,5988.89,14.04,48,18,2025-01-03,active
0662bf68-70b8-4a83-954b-bff986f29899,5a5f807f-5600-41ab-b238-14a496cd5425,personal,451000.0,238424.75,18705.79,15.32,29,15,2025-04-03,active
e1186ac7-a9b2-44f3-bab5-c1570076e5b5,62f8cf70-14e5-48d1-a094-8b946feaf944,personal,372000.0,254898.22,22562.82,11.29,18,6,2025-12-29,active
f7558fd9-5b95-4fc3-b3f5-3149ced7db14,d4559769-9ec1-4b30-a0cf-110d17a62c86,home,5330000.0,1796164.29,67182.96,9.12,122,92,2018-12-06,active
a90637ad-949a-40bf-8a20-42b7cdbfec4d,01cd94b6-61e9-4c52-b7ae-e11785842ca4,vehicle,1838000.0,1502693.01,31353.92,9.77,80,19,2024-12-04,active
bd00e86c-d5bf-41cc-a86c-51df41605d3f,501681a5-4107-469c-a5b0-e52b066b63de,business,2664000.0,1572336.65,53502.31,13.69,74,38,2023-05-14,active
d27ee41a-083e-4af4-be25-fc263642067a,df8e2272-3f4d-4baa-b839-4abda8a27d83,education,384000.0,371249.37,4896.16,8.78,117,6,2025-12-29,active
2d456626-02e3-4220-a169-5502624c93e7,aefedb63-2717-4bd2-bf21-09d6d5d597fc,business,2604000.0,1300380.56,79293.83,11.99,40,22,2024-09-05,active
eacb8fb1-92ec-4480-8337-a119df809e9c,2892235a-8538-4d5d-bfc7-9366784df6c1,vehicle,1042000.0,834720.9,22774.88,10.09,58,14,2025-05-03,active
63318464-c3ad-4bde-9eaa-1c7190bf3ffd,09a2c30e-efee-4295-8e2b-20f0d79a475c,business,967000.0,421993.69,24376.07,11.38,50,31,2023-12-10,active
de6e5d28-1dc8-46cd-a357-e370087011db,23a503fa-0beb-4a45-914f-930c1b199147,home,2710000.0,2236285.39,30939.5,8.74,140,37,2023-06-13,active
6058b900-52c3-4ecf-88d9-441773892b41,6b30349f-e223-4d60-8840-22974605f830,business,1794000.0,505634.25,33994.38,10.46,71,55,2021-12-20,active
6377b8ed-e1d2-4893-af73-0d7cfbd57ee9,62894d2e-7faa-413a-ba01-2805c7c60a28,vehicle,1331000.0,636653.78,24351.99,10.94,76,46,2022-09-16,active
20519cd8-95d9-423d-bb2b-e68139c418c8,35ee556f-e246-440b-a9f5-928a2f4bc022,business,1577000.0,1497181.87,33441.7,10.46,61,4,2026-02-27,active
cac27b45-71bc-423e-b217-60afbf45b38a,3caf869d-dc86-4536-a17a-4214bda3c9f6,home,5012000.0,1720233.01,52307.07,7.61,148,111,2017-05-15,active
2ace22c6-3d77-4d7d-a862-2945bbdddb56,1832b9ff-40e7-4907-a7b7-73def094ccf6,personal,74000.0,8185.01,4163.29,13.81,20,18,2025-01-03,active
69dea575-fa59-49b0-95c6-4b34a6e94aef,8430ecce-746c-4b18-8aae-9f07eaf566ef,home,1150000.0,865467.33,13784.87,8.95,131,46,2022-09-16,active
0e099707-4303-4154-9779-645eb30dc2e9,26909e91-8194-41dc-aaf0-6e3fbf2774bf,home,7281000.0,1916480.89,71550.5,8.97,192,162,2013-03-07,active
283a8815-9773-4ba8-8708-24c7c375a4b8,06a24971-a6ce-4618-9243-7ed6e01787d8,personal,208000.0,108805.93,11444.35,11.15,20,10,2025-08-31,active
ffd8d44d-5647-434f-a6d2-08547d8b3327,e763ba95-92f5-4cde-a48d-3822ae410779,vehicle,1488000.0,324213.76,47832.14,9.74,36,29,2024-02-08,active
4dee124d-87be-4b6c-864c-02745406f86c,1ce3d618-64a2-43b1-af0f-6b96043c1194,personal,196000.0,36476.13,4829.74,15.57,58,50,2022-05-19,active
d6815a47-11dd-4021-88ea-8248e7825bd7,67ddbc58-7bd4-4c58-a4a5-6bb772032482,personal,222000.0,131825.69,17472.63,15.85,14,6,2025-12-29,active
ab0f19d1-d6a7-4206-9068-6ba0711373b9,79819cc7-3a69-4814-9a37-fd6d0b863373,business,4490000.0,3613547.85,94591.81,11.68,64,16,2025-03-04,active
8bbbb736-c647-4065-aada-af5ea12186f6,f586eee8-6e6d-4b84-bcb4-7f2d8cbea037,vehicle,740000.0,614851.43,22898.36,8.77,37,7,2025-11-29,active
ff2388eb-aa67-450e-bb3b-ed5605452327,d154cc4a-6d01-43b8-a410-20648abe757d,personal,53000.0,1571.16,1590.28,14.6,43,42,2023-01-14,active
a3cd4b33-8293-435a-bbac-a5ab28b42458,14307cc4-4dca-4258-a91f-6fa466d3db05,education,1932000.0,1523788.49,32481.53,8.98,79,21,2024-10-05,active
7b7e5828-8dbb-42de-ac29-3c0bd71077b7,a4deb11b-107a-4ccd-a5b6-865adaf26c1f,personal,207000.0,61886.56,6517.18,11.42,38,28,2024-03-09,active
b599ca1a-5157-4eb6-a3cf-e00869d571ea,f649aa26-8bd0-4716-9d17-720b68d13050,personal,123000.0,31165.04,4674.18,14.78,32,25,2024-06-07,active
66818bee-7dd5-4de1-975e-798f8efb2f94,be7f6119-d49b-4c18-882e-8d18fca0e47e,business,4165000.0,1815431.55,81188.81,13.81,78,52,2022-03-20,active
103165b7-eca3-4e2e-a94e-2cca4b4a864c,78696915-6166-4009-bbba-ad6c2d6c7347,business,218000.0,63779.65,4946.11,13.39,61,47,2022-08-17,active
9ccba425-c9bf-433f-be55-0baccfd33fcf,5bb6c15e-a546-4e8f-9e40-c0f5b7cf3bcb,vehicle,1883000.0,1507421.51,32788.81,10.46,80,21,2024-10-05,active
7bf30ac6-5157-434e-81b9-d6b692538e8c,7b0876d4-1f5b-452a-af7c-678dc7a85cf1,vehicle,697000.0,198523.42,20856.65,10.89,40,30,2024-01-09,active
abcf5405-faba-422e-9abf-2d5676e72a02,0882b2e8-e0db-405d-b47a-701f41201175,vehicle,936000.0,519587.21,17515.1,9.6,70,36,2023-07-13,active
563b05e5-bf7c-4d05-b305-89d75bef748f,decebe03-0efd-4cd6-b56f-f1a1feb3d90a,business,1609000.0,650171.12,34879.79,13.32,65,44,2022-11-15,active
61d56e8d-800d-4d96-b6e5-c510306c910a,224017d6-4b14-4087-ae73-11a938f23c70,home,951000.0,907611.9,10325.47,8.22,146,11,2025-08-01,active
156c4367-b857-4182-8164-a0bb53361eab,a8d760a0-b09e-48a8-b65b-a9d1d34cf769,personal,470000.0,77400.66,13375.25,12.52,44,38,2023-05-14,active
dfb6435c-6e0b-4c4f-ae04-4202b2fe1306,e9e6a4ac-3727-46ea-af39-2521de938308,personal,186000.0,84345.72,9831.72,11.63,21,12,2025-07-02,active
9019c417-b074-437b-a315-3bcc4ce710bb,85ea174d-3455-4c00-b5d5-883dc8cbed3e,vehicle,1661000.0,249479.13,36672.46,8.63,55,48,2022-07-18,active
219040eb-48f9-4b47-b5f2-23649e67002f,9c10344c-72c4-4f0c-8ffb-0a9574a1b0a3,personal,383000.0,301427.54,13041.72,13.74,36,9,2025-09-30,active
3d956244-3dac-4cca-a058-7ad1b0cd6c61,50b4a7d9-8437-401b-b8f0-186e4607461f,home,3022000.0,2444011.99,28004.2,8.37,201,66,2021-01-24,active
e4785417-62ed-4f51-b584-a92128f15cab,c70adea3-26fb-4b4c-b839-7ce27542d5b1,business,3806000.0,786491.13,102571.86,11.43,46,38,2023-05-14,active
cb89fcd6-f505-4516-a986-359fba195976,2c7906d4-cafc-4f85-a079-97316e3e13b2,vehicle,231000.0,171308.08,4863.11,10.15,61,19,2024-12-04,active
9e65f1dc-e017-4fae-a577-d5c64f3e6b3b,8e640f97-3f16-40bb-b12a-bbfd556603c3,vehicle,1357000.0,1128573.67,39480.05,10.42,41,8,2025-10-30,active
a6ce9c78-b9ca-4ecc-bca3-691ade5a9225,45c9a7a6-15eb-462d-8253-cd5b259e1926,business,3140000.0,2771325.92,82981.47,12.19,48,7,2025-11-29,active
ddc8c42c-ea9e-462a-843d-8554c33c4351,90c5a60c-572f-4332-9285-531cd84f8b29,personal,259000.0,90740.67,23412.36,15.29,12,8,2025-10-30,active
46765d15-a3be-457d-bcc2-79dfdc89e400,ae18a173-48f8-4f8b-b531-5e35674d8397,home,2190000.0,1729719.45,20468.11,8.67,206,75,2020-04-29,active
41059a8c-1baa-4b6d-9f1f-47c3788196b7,3a33d7f7-583c-4d34-b4ba-630c927ce4a5,personal,439000.0,106096.93,22001.21,14.62,23,18,2025-01-03,active
5bf5c017-8432-4d23-b019-0a1df55b7889,96fd185d-6a47-4823-88e0-ae30eda85dc6,business,3016000.0,1929223.62,65738.71,12.15,62,27,2024-04-08,active
fcb6ca69-7c10-40c1-aa3d-95bb83bd212d,d9c0868b-28e4-4356-bf00-e806d2f7ed76,personal,440000.0,343755.61,36414.6,12.74,13,3,2026-03-29,active
5294c79e-4fbe-486a-8aa2-55f48c985894,65b7b201-f350-4ebe-b635-136f40559f17,vehicle,1987000.0,1014460.59,50067.51,8.73,47,25,2024-06-07,active
a6456fb9-65b4-473f-837a-9b1ad638bb5c,1e2177e5-7dc9-4f43-a51e-58ecc3e4078f,personal,345000.0,53397.24,13668.14,11.41,29,25,2024-06-07,active
50018d92-361e-4b5b-9610-49a690cfc4a1,414193e1-6d8b-4d17-9627-702f0442faa5,home,6974000.0,6496971.75,82019.86,8.92,135,15,2025-04-03,active
a4356a8a-136e-45ef-899f-52bdefe1ed75,f818a356-a3a2-434e-9007-3d5243206fa5,personal,385000.0,261155.75,10877.87,13.12,45,17,2025-02-02,active
18893f1a-4ad8-45fc-bfb7-03c98cae61ae,d48de228-2f17-459a-8ac5-f0286da6bea2,business,682000.0,182307.47,12435.15,12.57,82,66,2021-01-24,active
41925f41-d806-4cbb-abc3-5fed233388de,9aaa81c3-69e4-45d0-9b07-b753d2334e62,personal,494000.0,342063.87,23212.79,11.82,24,8,2025-10-30,active
be9a8de7-869b-41d9-bd9c-4537a0ed39c5,2d1b0e0c-18ed-4841-bc0e-a2cc65e6c0cc,home,3850000.0,1879988.84,34705.17,8.68,225,156,2013-09-03,active
a35187c5-8992-4929-bafb-10fe049c259a,5e8cc0b7-7187-4ca4-977f-d15ba083f1d8,vehicle,289000.0,265135.48,8421.81,10.52,41,4,2026-02-27,active
f98beae7-e5fe-4e42-876b-5ceb19c0a525,84de09d1-47b0-4b6b-9069-2a1909de8751,vehicle,578000.0,338974.65,11574.3,10.53,66,32,2023-11-10,active
57e21f13-98a7-4d05-b668-d4711fcb7418,b4c30725-b504-4567-be1a-2dd69dfa59e7,home,5674000.0,144321.37,48725.81,7.7,215,212,2009-01-27,active
ba914f05-74ee-4e86-882e-b6d1b692ca7d,a185756e-23da-477a-b267-3f84f654439c,personal,344000.0,281335.74,10799.32,11.23,38,8,2025-10-30,active
e4cdf33e-5db0-4a92-80f4-152daae8593a,b5253298-acc1-4e26-824a-b4da608e9bce,vehicle,1564000.0,805534.94,42120.81,10.4,45,24,2024-07-07,active
e6b2b519-a9c0-4f80-90ee-c04e1a13b647,c0850ba7-9018-450c-b4b2-a0c8424952d6,business,3161000.0,955908.92,59167.35,13.96,84,66,2021-01-24,active
768d59a7-8638-46c6-b959-fbb84407894e,2e33cb67-5039-4dbe-8e5f-7a0cf30027aa,home,4864000.0,1638119.22,53533.85,9.19,156,121,2016-07-19,active
57fd1871-93d7-4230-b066-e6610440acdd,609de3b4-b324-4a93-9466-a0fc6d11fb4e,vehicle,792000.0,272528.13,17360.6,10.8,59,42,2023-01-14,active
010a7670-156f-45ce-b277-7255a0fcbc4a,c3cf5adb-db46-42fb-971c-a7d3a797ec40,home,2045000.0,1319352.2,19985.88,8.18,176,88,2019-04-05,active
e372a04a-e9aa-40ab-94cd-164d8f3d2f0b,2712a7e7-0232-4117-be72-884da39cd105,personal,368000.0,260356.65,30562.64,13.36,13,4,2026-02-27,active
83841e55-0e2b-45c3-ad66-ebb74167504b,2da0e2a2-d725-493a-aa6c-7dc02a0fc2b3,business,3445000.0,3367435.83,73296.08,12.09,64,2,2026-04-28,active
70d7c841-dfda-4dd2-8d04-70f9738b33ff,9b7173b2-354a-4ec9-8fc3-416eabc32836,personal,401000.0,31597.08,10793.22,14.8,50,47,2022-08-17,active
626150d0-d5c9-4c80-b71d-d3f8d6981ab5,b79762d0-5fc8-4487-825b-7b640bcbf9c9,home,1340000.0,1300799.28,12854.39,7.71,173,9,2025-09-30,active
ba3a35b0-3e81-44c2-86ce-a11acd6421bd,c8eca0b0-2a56-4384-9825-214b6767eedd,personal,280000.0,232202.45,7223.88,13.35,51,11,2025-08-01,active
5c0c18d2-8877-4ff4-a70c-620beb95d088,ef022db7-fcd2-493c-8a1e-8ca1b1fc4851,home,2021000.0,745118.45,20036.44,9.26,196,152,2014-01-01,active
6de54bc3-c921-47d0-a804-8f8f414776d3,1fe798be-d52b-45f7-8821-7bfd88e06306,business,2044000.0,1637881.79,42413.04,11.96,66,17,2025-02-02,active
66f0e6a4-60b6-4161-b689-309459519031,1f7749f9-fd8f-415f-a188-374168ab8378,personal,268000.0,121324.21,11656.69,11.2,26,15,2025-04-03,active
b52677f2-b28b-4e3d-9b41-706938fb2f0b,2f016387-4a1e-4c21-82c3-75b0652981af,personal,98000.0,50451.36,8703.06,11.91,12,6,2025-12-29,active
1f3218f1-1e23-4f59-b11d-2cc7e8ea7858,44cb8381-4949-48e4-a4d0-5c7c797748d3,personal,353000.0,40923.39,8468.16,13.75,57,52,2022-03-20,active
12aaf429-4917-4f1b-ace1-865ec7ca1b5f,7a27369b-c0e3-454b-a1db-1bb857364ed1,business,4362000.0,3155460.79,84573.28,10.13,68,23,2024-08-06,active
79afff35-60ff-43c0-a644-ceaa2a2979b6,a0a2c51f-5893-489c-ab22-3a576a362bc3,business,3412000.0,235819.21,80022.91,10.78,54,51,2022-04-19,active
b14f80c0-9871-4510-9e55-b1f6f679d1c2,2598c3a7-2670-43cf-9b18-fe508f236e79,home,7073000.0,5969029.45,76186.23,7.82,143,33,2023-10-11,active
4756aaaa-8570-4486-80cc-a19be8db67c8,25aa693b-b691-40eb-83f6-1c91540aaf3d,business,383000.0,81296.46,8599.19,12.41,60,50,2022-05-19,active
02558e66-a375-4483-90af-56900c454d2f,2b0c2431-8c41-4b4b-9868-a892d8d78e53,business,1892000.0,737908.08,38802.98,11.04,65,44,2022-11-15,active
8ffca016-1e03-475d-a875-fda16e26f020,52447944-052c-47f2-9bdf-5ac82e721947,personal,225000.0,103037.15,7116.74,14.41,40,24,2024-07-07,active
2c2f0fca-48c4-4ef3-9d63-f6238af4c30e,6c3975ce-cc2d-4f4f-85a3-d28dc46c446e,home,5148000.0,2028198.19,57924.16,7.99,135,95,2018-09-07,active
936520a2-1ee6-4742-a82d-817a346765ee,a094c60e-0d93-4485-b8e8-e002815e539d,business,4710000.0,4272033.34,126756.89,10.36,45,5,2026-01-28,active
817e742b-1434-47e4-9ca4-f6647350e555,f1f2bdcb-1bf9-45f9-9237-71cb3df8c053,vehicle,1710000.0,1003393.02,39353.46,10.56,55,26,2024-05-08,active
f602ffb8-53ff-4857-95f1-f4cc5ecbf5b8,ca66f115-0622-4905-94d0-11d2ec4e05c7,home,4103000.0,2851684.93,49381.68,7.94,121,48,2022-07-18,active
69fb781f-de82-4558-8608-1bce504997f0,26fd8c1c-d6d6-43fb-9234-b3cc9a58058b,home,7558000.0,1623670.7,68819.42,8.8,224,198,2010-03-23,active
b7f307df-1d03-4cc1-8b5b-6c23f55b230a,792be718-911c-420e-b32e-0c2139b826aa,personal,402000.0,93011.96,16198.3,15.24,30,24,2024-07-07,active
61d79750-0213-4952-9a53-7418951b4a6e,a353af8b-1361-4c3e-b188-a1c9ede9a9fc,vehicle,403000.0,316977.15,7756.19,10.66,70,19,2024-12-04,active
3afd6afc-619b-4e9b-a509-adbb05564c2d,49b55313-6bbf-4d79-96a1-4ca8893f7295,home,6915000.0,6752243.13,63864.04,7.63,184,8,2025-10-30,active
d94e2c1e-669d-459d-88a9-dd8ba0cfbbf6,9b6b3998-890b-4831-9c0b-076aa3090250,home,7347000.0,323779.44,66113.92,8.35,214,209,2009-04-27,active
e22c87e6-3324-4d3f-9961-a9e374e9296d,2b3c96bb-0fcf-450f-8cf1-ec72ead2a77e,vehicle,1665000.0,1571434.44,37859.16,10.65,56,4,2026-02-27,active
23038661-1d03-4a33-ae69-d1ac98e0352f,8fa90cfd-45da-4206-92ec-297480e1d3a7,home,3262000.0,1185246.5,38217.43,8.25,129,94,2018-10-07,active
e908856c-9634-428d-83fd-519095efe34e,204c5c22-ca1a-4546-821f-ce6f84b6a8f4,personal,413000.0,11716.59,11872.32,15.95,47,46,2022-09-16,active
1b08099e-4a68-408d-8272-0794807cafcc,3715c38e-b819-404c-879f-6c3c7201cba1,personal,371000.0,91382.67,15775.16,12.16,27,21,2024-10-05,active
67bb7763-a492-410e-8940-5b1ab3a82f4f,115abbb8-4abf-4d96-88da-9621fa217f30,vehicle,619000.0,605570.01,11193.88,8.73,71,2,2026-04-28,active
4224c315-266f-4a4e-80e5-58cd2b2987a9,2f9f2beb-b2b6-4059-955e-c3e0d402de66,personal,419000.0,220558.23,9401.08,12.38,60,33,2023-10-11,active
7ce3843f-2c41-4ebe-8ed5-908399f6efce,39908582-99b0-43f1-8f3c-a3ff40f4f2c0,personal,396000.0,21032.63,21268.37,13.45,21,20,2024-11-04,active
a475cb8d-27aa-42e1-9829-237c681c3525,4cf2be00-9d7e-4e22-9df1-964bf64fd9d0,vehicle,1740000.0,1120184.34,47736.58,9.3,43,17,2025-02-02,active
64749772-db9b-43b7-8e41-3a1fc5910ccf,49ee81e4-6b90-43fc-84e5-4384f03cd269,personal,194000.0,173554.58,4673.49,15.57,60,9,2025-09-30,active
61e30f21-152a-4e4b-8830-1d4c18941246,744cf02e-36cd-43de-97ce-6ff7fa3ade0b,home,6278000.0,4097095.71,54531.82,8.4,235,128,2015-12-22,active
64c2b381-7bdf-4e24-8302-4abe95f8b3a1,c61da434-81ac-4ad5-9196-c880b32a7622,personal,94000.0,24265.49,4210.5,13.96,26,20,2024-11-04,active
28fa867a-f040-493e-8157-452e419d02f5,55f72059-7eaf-4d26-a439-077d0a00c71b,personal,94000.0,27461.68,3209.8,12.3,35,26,2024-05-08,active
2da76d84-0d84-4385-8d91-d5a7dee0b9e0,1dfc436d-813b-439b-8b60-dea10b78ca1d,vehicle,1351000.0,131395.48,22554.05,10.18,84,78,2020-01-30,active
9aac76ea-3171-4824-89ba-c9010cb1acd2,92164f47-2c23-4b4d-a11f-191890ed139e,personal,152000.0,73794.15,4982.77,11.09,36,20,2024-11-04,active
83bdb413-157a-4095-8099-462f089d99f6,52ebf587-7fbf-468f-bd23-4c3b08e58853,business,2289000.0,1194835.24,42410.79,13.37,83,49,2022-06-18,active
020a3d79-60d0-4f2e-b5c7-6663be28a900,1d598a0c-859c-488f-bbd3-dbfe5f2c21c5,vehicle,961000.0,915221.44,19051.29,9.67,65,4,2026-02-27,active
b55911ca-bb17-4734-929b-4098590a1258,fce8829e-894c-4ddb-bf9a-0428a8ab389b,business,2319000.0,2052619.41,75115.92,11.84,37,5,2026-01-28,active
7459fc22-4154-4d70-874a-582617085cb6,017c4e59-c765-46ba-8e6f-229a6f024e89,vehicle,1035000.0,768354.19,22004.94,9.46,59,18,2025-01-03,active
a5455ffd-835c-482a-9289-56de9126a8b1,ff9aa2e4-082a-4d3e-a426-2ecffb6af57d,business,2507000.0,622756.26,48184.05,13.01,77,63,2021-04-24,active
e3888e07-1585-4653-81c8-6372455ed9ed,14cfde94-ea0d-470c-a060-b0cc8f93ea48,business,494000.0,272606.85,14450.2,11.95,42,21,2024-10-05,active
ae556046-a4d9-4b38-8bc4-d36ac6d9d722,497b5084-335d-408c-ae77-64e545265feb,education,1107000.0,621966.49,14534.9,8.37,109,58,2021-09-21,active
66e9bf77-738b-4e01-b1f5-50d02fd0a1df,a926ea68-a722-4564-bf87-af90b3fe37ed,personal,83000.0,54237.94,3187.05,13.52,31,12,2025-07-02,active
71d86269-157e-432d-9993-431ac2937d13,f010d667-c3c4-45e0-b90e-d007c399affe,vehicle,1409000.0,587977.57,28989.35,8.62,60,38,2023-05-14,active
1ec76287-b5d1-4aaa-a5e4-8e8e3e710451,893e2209-7226-4e9e-8d4a-19ffe0e553c9,home,2447000.0,1326337.19,21841.65,8.29,216,137,2015-03-27,active
f0f62af9-5973-4a72-97a8-abf2f56650f8,5ef2831b-2066-4717-a544-5aef73b3a774,personal,116000.0,17130.4,3528.94,11.93,40,35,2023-08-12,active
90eaf003-7e9c-4b38-9589-67564b82b5fa,3b064d3b-d281-4e16-93a8-865f533a27af,vehicle,1995000.0,1531906.61,39892.71,9.54,64,18,2025-01-03,active
ea47c605-4e90-4b31-a30f-2e326012a487,db8c713e-1e28-4f3a-aee0-ad2d2d7b17f0,home,3840000.0,3406860.5,33051.33,8.25,234,54,2022-01-19,active
ae29d6a1-eb5d-4030-ad32-8057edb27cf3,febe7692-19f0-4ded-b3d1-6615fcadf4c0,home,7592000.0,6781011.88,70204.2,9.17,230,54,2022-01-19,active
d92d6539-9d21-42a7-807f-39ab6b742dd6,b62c71c9-51c6-430c-b3e0-495adf7338bd,vehicle,575000.0,182372.51,11030.17,10.92,71,53,2022-02-18,active
fc9b589e-f8f1-48ac-820b-bc1b1ff5d458,69924336-7a4b-4ec6-8550-3704d9e12fc3,personal,361000.0,219118.3,12926.84,14.02,34,15,2025-04-03,active
0df4b8bb-475c-41a4-bd40-f72109a3e154,7a50776a-901f-4120-93c7-5bb5b48edd37,vehicle,976000.0,889062.97,19149.09,10.59,68,8,2025-10-30,active
d5a4fb6e-e816-44a1-884b-61ec63dc670c,b692b6a9-1f78-41ab-a1f0-e803b9e9615d,personal,352000.0,86343.92,29503.33,14.99,13,10,2025-08-31,active
17d5e375-cc74-4a47-bb4f-a1e2ab50ce89,6b9ed1df-3741-4f8e-ba77-079eba0bcb56,vehicle,1142000.0,895830.84,23946.04,9.98,61,16,2025-03-04,active
04438e35-d95e-417f-b74b-d0132b6df4c5,2042fc3e-e6ed-44f5-9eec-5a8786acc886,home,5704000.0,4836693.18,50436.44,8.24,219,62,2021-05-24,active
3d30b966-fe7d-4818-b6b4-4b2372dfc063,320b89e9-c0f0-43ee-80ea-5270a7d73da1,personal,206000.0,33814.13,17212.85,14.44,13,11,2025-08-01,active
053af498-85db-4025-a4fd-845430f53103,15fc651b-df1b-40ce-95a8-6b715a204fc3,vehicle,1054000.0,917322.43,19287.9,9.55,72,12,2025-07-02,active
717efa93-ff7c-4335-b947-0c3880d76606,670e0703-1786-4d70-aa10-987b75be4c0c,education,722000.0,566000.95,9405.74,8.9,114,34,2023-09-11,active
f15dbbeb-8b98-41cf-90ea-3b780aaeeed5,b85a6e56-faa9-4b79-9051-6f4f89e688a9,vehicle,766000.0,412254.49,13329.41,10.14,79,43,2022-12-15,active
e4e1ff51-0cec-4a9e-abfd-91ddccb30087,61508ef5-9e78-48ae-a20d-9b19e7940662,personal,76000.0,23472.03,2280.54,13.5,42,31,2023-12-10,active
c40c2b6e-8d84-4319-aee3-5c66f1487653,8aec7a0b-7cd2-485f-886e-931b085add02,personal,203000.0,177289.12,8328.24,11.79,28,4,2026-02-27,active
b0ffe335-7923-4ac7-8aab-acc2f635f718,33644fa2-e22d-49e6-8033-186df64ea91f,personal,438000.0,162770.87,19247.18,15.16,27,18,2025-01-03,active
1f7699e7-9d28-4ed3-898b-c9088f6f8dbe,54c5c4ab-2075-476f-b1be-4e860e76909c,personal,430000.0,174628.53,12598.93,12.05,42,27,2024-04-08,active
fb71cb6e-c8ab-407b-85ea-04b37283e7b3,b18dbb9d-2871-4c27-acfe-5b9ffc80224f,vehicle,434000.0,398314.5,7109.56,9.02,82,9,2025-09-30,active
6295ce3f-b081-449d-9016-65c776442f2c,5a20530d-00ac-44c5-b447-ae40a2846767,business,1042000.0,890210.97,18704.44,10.59,77,15,2025-04-03,active
295cfe57-474b-46c8-b2d4-47622f378713,e85e34a3-c26b-44a2-b7ac-91ec0f557dc8,home,1063000.0,114706.23,10911.49,9.16,179,168,2012-09-08,active
3d4141a1-5c79-42a3-a765-87689084c3e7,95f4fd0f-8c0d-4986-95db-a146cd51edea,vehicle,967000.0,814400.83,27275.32,10.92,43,8,2025-10-30,active
f5bc86f2-fc7d-4a1e-8f7d-c5f30670bee1,32433b37-1761-4e02-ae97-a99f22c9eff6,personal,76000.0,30484.34,2937.33,11.79,30,19,2024-12-04,active
1ea1b9a9-307f-4f31-b9e6-c2a5bcc1e4d6,dd747692-67aa-4049-b5a8-0a62aa3d157e,personal,180000.0,46285.43,4909.22,13.02,47,37,2023-06-13,active
caff0371-b32c-4492-bd1c-f84bbbb47869,9f4b31ad-6f74-4ba5-b949-63152195603c,home,3311000.0,2383418.9,27099.96,7.71,240,110,2017-06-14,active
9071ce2d-8812-4df8-80c1-f026529542be,ff051fa2-9173-4189-bb2d-dc37a45cac34,education,115000.0,94295.7,1715.64,9.71,97,24,2024-07-07,active
d6dda4b1-1cf0-46c6-b4ae-94391f0f2f2d,fa570b5c-b9ed-451d-b8fa-2ce0e97c6e66,home,7239000.0,3509514.86,64921.87,8.33,215,147,2014-05-31,active
cecfae67-b2af-4097-b16c-aa59d5ec8605,a2b984d5-c788-46e6-bdc8-cd54647e26a8,vehicle,225000.0,121440.0,5156.17,8.96,53,27,2024-04-08,active
e7d904d7-ff29-4b70-8382-209ea7746ff6,2216c1a3-d257-4e53-98f6-937545f7593a,home,6716000.0,6548156.25,79781.58,8.34,127,5,2026-01-28,active
8e345a87-4c11-4e13-a804-8e325bf44f31,8bc7b4b7-c774-4f56-b3ea-b2ab7ac32f3f,vehicle,1011000.0,727582.41,16036.12,8.55,84,29,2024-02-08,active
a84c597b-935e-4762-a343-07d980643172,15967dc9-81ac-4019-ae54-ebea1bb7bf14,vehicle,345000.0,321022.93,8685.62,9.61,48,4,2026-02-27,active
c72dc155-9bf5-48d1-83d3-3126e07d8182,f4d06a1f-dde0-4d17-a2e1-8f4e6b4eaacb,vehicle,1433000.0,952897.66,43633.51,9.23,38,14,2025-05-03,active
99a9a15d-7074-4517-b799-da8a21a29be8,92ef35f0-4102-4e41-af4f-c25289663d75,home,3600000.0,2599897.77,34335.25,7.87,178,73,2020-06-28,active
6fc84a2d-094a-4d34-b5ca-19cdcfb326c3,1d90a8d1-cfa2-46e2-97db-8382c44ea27f,personal,151000.0,26326.63,9000.56,15.32,19,16,2025-03-04,active
25206653-e17b-44c9-b102-7d2f0599b210,167d37da-eac9-49ce-8a9c-10dcec8ed6f1,home,2590000.0,1996685.47,25597.1,8.37,176,63,2021-04-24,active
00fc132e-0aed-44eb-a4ad-1cc1c7e28a7f,f40916b7-6af6-4cc1-87db-99a4435c7e49,vehicle,210000.0,196466.57,5243.4,10.89,50,4,2026-02-27,active
7600c700-4f3b-469a-b467-734f55906813,3a212a24-4f01-4988-b3c2-89cace247fc5,vehicle,1561000.0,1280003.79,34353.11,9.15,56,12,2025-07-02,active
50e16bde-f67f-4bd0-9ac0-6e70cf114564,c7d8d9da-65a1-4dfa-84fe-2e2ebef3cafc,vehicle,1308000.0,70412.22,23884.25,10.54,75,72,2020-07-28,active
ca5f79ae-88a2-4374-90a4-f335f0139bb3,28d235d5-6547-40d6-8a65-41d6f642bf13,personal,364000.0,250795.87,16430.78,14.69,26,9,2025-09-30,active
dfc1a894-d016-4f67-a81c-67fd0b69df75,f371ebd8-25c4-42ec-9fee-89a34ecfc04c,home,5755000.0,3077279.04,51971.85,8.49,217,140,2014-12-27,active
3fda8390-ace9-45ac-be62-330200abb6f2,4a3c5dbe-c81d-4ea4-a9c6-ee1a68ae3eab,vehicle,488000.0,169656.88,8745.69,8.79,72,51,2022-04-19,active
d72d44d9-715b-4566-9759-3fb8ce11e265,b082e9da-7993-4f47-adae-9204601bcecd,home,5392000.0,681825.17,59768.99,9.45,158,146,2014-06-30,active
d87e74a8-0185-40d9-89fc-857bfe70a51a,48fd4cc7-332a-405d-88c4-28be14658bf9,vehicle,307000.0,181214.69,6329.11,10.3,63,30,2024-01-09,active
1912d05d-cb26-426b-9e10-40b6710a2cdd,a6b5be1c-5d8c-4fe4-a180-b4d98b6471ad,personal,199000.0,140822.47,10240.01,13.27,22,7,2025-11-29,active
ca55ee22-a99c-46ca-b571-2f00ff110ca9,d9d70c22-8f39-4427-9f07-e29c430f06d0,personal,187000.0,118606.39,8661.72,13.94,25,10,2025-08-31,active
4a8d199f-9536-421d-b4c5-9875cf55cd95,d4f935df-9d95-4e8d-8dfe-f08e556f55e1,personal,332000.0,315777.27,11150.49,11.12,35,2,2026-04-28,active
d306ac85-d608-4330-a63c-a89fd73b0535,71476e26-21b5-4588-8569-ff7fbeefdfca,personal,296000.0,167009.32,11587.83,15.08,31,15,2025-04-03,active
a4988492-52b6-4880-9bec-7f06e26d3967,13618573-f683-4055-b728-aebcd607f56a,vehicle,1989000.0,1921226.89,32538.75,9.53,84,4,2026-02-27,active
cd4449fd-1ad0-45e8-ad4e-17cb3f4d866f,401b7843-b53b-4aa0-a387-dce2ea32f0ab,home,4592000.0,4295381.73,43739.5,8.93,205,28,2024-03-09,active
9b1e6aea-4998-4645-a921-706d1491728a,f40700a5-61a9-4950-9a02-fbe53df5b322,personal,429000.0,304161.05,22218.31,13.98,22,7,2025-11-29,active
f4874db4-2698-463b-8eef-355fb689ed20,f3a1090a-9a5f-495f-9325-179134308dc2,home,1083000.0,738748.87,11425.68,9.05,167,78,2020-01-30,active
37944310-4e1c-4421-864c-bbbab98f4b30,9dccc05c-c8fc-4cbb-b8bf-16c28b2390b8,vehicle,629000.0,37851.42,19143.63,9.2,38,36,2023-07-13,active
ddcc16c0-eb0d-4ce5-b2e5-54061fac7fd6,3a92c19d-8721-476e-a661-e470d753e54d,personal,66000.0,49857.92,2891.33,11.87,26,7,2025-11-29,active
7f31d453-9d5d-45b6-b072-dd07e1dd63a7,de6ca842-ca9a-4426-91fb-2a56a68e59ff,personal,137000.0,101973.54,6212.4,11.87,25,7,2025-11-29,active
c7d9de93-a781-4f5f-bc32-9f1bb87d0a55,9010499f-3b5b-457b-be2e-d4f73e69cd6a,home,1004000.0,509841.74,11722.79,9.12,139,86,2019-06-04,active
c17cef78-78c6-4b50-a79b-19dbaf15ebab,7b28c5d8-f7cb-48ca-b449-1990eaf08e1e,home,7801000.0,5265613.2,91370.07,8.74,134,59,2021-08-22,active
cfe0393b-4d75-4cde-8c9f-8a8a549f5772,72a92e1e-7d68-4b9e-90ca-391fc1335d8a,education,639000.0,616510.63,8701.99,9.44,110,6,2025-12-29,active
09e6e606-0c31-4666-8727-ebc78da9119e,22f8a298-c66c-43ed-aa00-2ff5738bd461,home,3536000.0,1203229.41,35771.72,9.13,184,145,2014-07-30,active
6e7bdaef-e517-43aa-b4dd-fcc39daa1569,fd35bc6a-1e51-4a77-b03f-ced599a389ae,home,6375000.0,5137573.77,57529.41,7.89,199,64,2021-03-25,active
12e23801-26c3-442d-b09e-6251131e698e,1f0a4df3-32a4-4d28-b142-47a0df6db8b8,home,1717000.0,1556853.3,14661.25,7.99,228,43,2022-12-15,active
d9cb06f8-8691-4b6b-a760-6f95802d7152,5c7bd647-236b-4376-9a8c-78833cda8108,personal,110000.0,22633.18,2948.5,11.13,46,38,2023-05-14,active
e37ae08d-f4e6-45c7-ab35-54bc23b7d91a,a0c1b6a7-7cb2-4b23-b71f-d9d976ca838d,vehicle,1169000.0,953089.89,20087.37,9.08,77,18,2025-01-03,active
c20741c8-7d64-41af-9be0-b66082eb249e,e8212dd4-1b41-4537-9cab-3ad279cabac2,vehicle,1620000.0,1290257.0,26212.54,9.18,84,22,2024-09-05,active
2baf8138-ef17-4e46-a235-d74bd31b2585,f790a8b5-94e1-408e-8ebf-22ded114dea8,vehicle,304000.0,178431.5,6778.32,10.38,57,27,2024-04-08,active
d1ce88a0-1913-47dc-afeb-6bbf72543e5c,f6fa3838-fae6-45b3-8515-547438a4ba4d,home,7059000.0,6782563.74,67708.16,8.73,196,16,2025-03-04,active
7fab211f-a6a6-4b1d-8989-b48f0c603bf5,c04a87bd-2728-454a-a309-136e3e3ecd09,home,2320000.0,2177196.23,22388.38,8.3,183,21,2024-10-05,active
9b1dbb59-2a31-4fb5-acfc-b7a22d2cf9eb,93a908a1-009d-4d37-9f40-adcaecbbd761,personal,189000.0,161229.01,6461.88,12.39,35,6,2025-12-29,active
8e3e50bd-eb6e-4aaf-aecb-f81eca47feef,9727fe89-b495-45b6-bb57-80b9402dcb42,vehicle,891000.0,528073.89,16379.96,10.44,74,36,2023-07-13,active
e17ed2de-f922-4189-8d38-7ddf1958c827,9554fc5a-3f9e-405b-9623-14694a69dc91,personal,305000.0,253827.37,9393.66,12.71,40,8,2025-10-30,active
20ba6352-a8a7-4519-b6ed-a1b84749c0fb,1b6404f4-2064-49ee-8fd1-43ebd6b4e1dc,personal,131000.0,84443.77,3950.66,11.38,40,16,2025-03-04,active
9d49d723-9626-472b-aa3d-9a54ddab5829,97f63fa5-1ede-425b-83e3-0d04449592f9,home,3293000.0,2164876.2,29654.61,8.3,212,110,2017-06-14,active
55c46baf-bf5e-44bf-bfbc-dcdcf0e6ebe8,5e1ea508-0706-4796-9d83-7254e8d65948,vehicle,693000.0,306758.53,15160.77,8.88,56,34,2023-09-11,active
067e5f64-aeac-4c46-90fb-2450a4f2aed7,38344fd2-ad8f-4460-ad98-c297961fa967,personal,229000.0,167174.41,7552.59,11.51,36,11,2025-08-01,active
056d899e-b8d9-4d44-995b-859d7aed336f,f38820d8-2c5a-4caa-8232-11f92272959c,vehicle,1803000.0,344361.19,35840.26,8.8,63,53,2022-02-18,active
f9dd281a-80a4-483b-9583-e835a9631fbb,b1a5e917-060c-428d-b7dd-b1f49a498968,vehicle,248000.0,9070.5,4591.91,9.98,72,70,2020-09-26,active
512bb788-3e26-4996-b871-1174f116e77b,a1e76c28-2835-409b-998d-a0a37052c8ba,vehicle,768000.0,550947.81,20622.69,9.18,44,14,2025-05-03,active
579d6a75-67fc-4afa-a367-db71e76db6e6,6bdea5d8-44cc-41c3-8e61-936836f487af,home,1294000.0,811756.99,13606.81,8.88,165,86,2019-06-04,active
8346ade3-c0ba-4c8b-b1aa-6eb5e3905124,545f14fc-67d7-4348-bcff-1acf4f2f6d84,personal,193000.0,22656.32,7704.28,12.05,29,26,2024-05-08,active
d52cd92f-d0b5-4860-a638-666ad73dfa9d,3c4dbcd9-684f-4b73-9b78-418cbbd101ab,home,4864000.0,4531951.13,55526.66,8.1,133,14,2025-05-03,active
b4df45ea-bde8-4eaa-bbb4-a2946b7e6c2b,8f29a6c9-6b35-4ef8-8aa6-3bd610af5726,personal,249000.0,208485.38,6613.23,13.3,49,10,2025-08-31,active
975e54b2-015c-4f71-98ad-b65c937da0d0,4aec2b54-3720-4705-967b-50450e95ef33,personal,322000.0,169579.52,17974.26,12.87,20,10,2025-08-31,active
1910fd08-b76b-4589-b497-1f4f61b4c65f,610f37ea-b77a-4e54-8d97-5257ad11f0c1,vehicle,476000.0,297576.64,13697.34,9.75,41,17,2025-02-02,active
015ad5ef-7e98-4452-9b8b-2d50d8b2e91e,a08ec97f-21c4-47ad-98fb-574a2a2d1564,vehicle,658000.0,86312.21,11168.68,9.3,79,71,2020-08-27,active
4d5b50e2-1670-4b20-8eb2-09fbf85e304e,f4998bbf-321b-4e35-8d0d-de51ab7c3248,vehicle,1263000.0,1242323.36,21679.97,10.82,83,2,2026-04-28,active
d10b3967-77a5-4c8d-ada4-f4f440d19a3c,e5676e64-0481-402c-98c0-c8a0dba1671b,personal,294000.0,79209.39,8333.59,11.21,43,33,2023-10-11,active
f0028a3c-d69f-44ff-9ba2-360ecbf232fc,18f9a648-c6ef-44d5-b369-d459fa74584c,business,4182000.0,2955817.67,113964.9,13.85,48,17,2025-02-02,active
9e24f02e-d6ba-470b-b4ec-9cec28f1f928,fb5a257e-05ab-4c9c-a16f-50c8f2bfe403,vehicle,1260000.0,1064383.59,23311.18,9.57,71,14,2025-05-03,active
588b39e8-ce59-4245-a832-a56f4f2e95a6,4eb41e26-c043-4f44-9a05-8e956901016d,personal,328000.0,137017.74,23630.68,11.83,15,9,2025-09-30,active
7cf755c3-e0ca-48cb-b263-d180753fa64c,036ae653-4918-4756-9109-5187b70f392a,vehicle,1398000.0,137112.3,28055.69,9.19,63,58,2021-09-21,active
f36f707e-06b0-490e-9d35-fd78a417e666,567e6bc2-f40c-492e-a7e5-e3e87d4d6247,business,3255000.0,1536340.17,75780.57,12.94,58,35,2023-08-12,active
cc33e1e6-9b59-49ee-9594-497dd2e13490,a71568e4-da11-454a-b2d9-6b8110d4f00b,home,6041000.0,3254929.12,71096.75,9.45,141,84,2019-08-03,active
b8897c6f-b584-4487-afb0-bb9507c0fcd0,29f63e2b-3e63-4b82-9700-7bd9752c23cb,business,3611000.0,2531247.29,72327.44,10.54,66,24,2024-07-07,active
856c6f88-b949-4ac1-888a-480c2db07658,f167f18c-2a98-4f36-8ba1-da93dae07e09,home,4309000.0,772406.84,43579.41,8.46,170,151,2014-01-31,active
72ff0321-5d77-4a9f-9974-2482ba7fec46,2f03c2bd-bfd8-4c2a-9b35-0642fa9de9c7,business,1940000.0,346005.51,51670.14,13.45,49,42,2023-01-14,active
d294bc7d-48a1-4322-a2f3-0ed2712764e8,eb4cdfff-d691-4a71-9811-abd3ce859c0a,vehicle,1527000.0,583506.46,44455.02,10.46,41,27,2024-04-08,active
d492e426-f526-479c-8f74-66b56e357b09,1ae65079-e7d8-4dec-946c-402bd424f50e,home,1693000.0,1666556.56,19571.09,9.24,143,4,2026-02-27,active
13d80c5c-7083-4703-9db6-067c7234e0de,7451e30b-15ad-4113-8ccd-d1e3a2aaeec6,vehicle,1160000.0,334796.28,25485.09,10.32,58,44,2022-11-15,active
935dd4de-4466-426b-8b09-858918041234,beb7eacb-7be4-4401-bea1-45c174b838cb,vehicle,930000.0,572218.85,15782.41,10.71,84,40,2023-03-15,active
9858b1f5-4530-4c13-8b12-bae6811c16e0,44b2aaee-453f-4876-b65f-4f8cb4b7a9d1,personal,299000.0,184395.95,14347.38,13.94,24,10,2025-08-31,active
2766694a-4ac4-48e2-9091-f04a81b665a6,c4194e52-b7a1-4d72-a04a-f735835492c4,vehicle,1363000.0,1013703.04,39790.91,10.63,41,12,2025-07-02,active
2f74618d-d976-477f-8c05-cb69e44a78db,84a972a2-9b77-413b-abfa-c3617730ffdb,business,1379000.0,455829.3,32527.44,10.35,53,38,2023-05-14,active
598da06e-5fb5-4666-add7-de78d2ed9171,7aa1060b-c454-4516-9605-75d906951e34,business,3051000.0,778887.42,101949.98,12.42,36,28,2024-03-09,active
6e846512-8af4-42bc-ba47-c04c4bb9650c,31f3a834-6a8d-4843-89bc-ba5dac1830f7,personal,424000.0,144112.18,12750.32,11.2,40,28,2024-03-09,active
dfa11b0e-1335-4cc7-ae84-b4c2a076bc82,74e8414c-ede0-4c06-b397-9469dbe13b50,personal,168000.0,155434.7,6255.63,15.14,33,3,2026-03-29,active
76d5dadd-2dbf-4576-9c3a-2450d2cd9e00,6c12739c-c15e-4086-abb3-181e63692639,education,786000.0,121051.26,13923.56,8.37,72,63,2021-04-24,active
12f0dbb8-cf58-4772-85c9-d64a525e6c2b,5f98b207-b2ad-420f-97f2-10881454c184,vehicle,1365000.0,1171870.77,43209.92,10.29,37,6,2025-12-29,active
6de23b8c-7799-4d74-b843-a0209665b384,5c78a36a-5499-42bf-8c19-9f69c10f9395,home,6202000.0,4070745.54,56998.67,7.94,193,96,2018-08-08,active
f77b7a48-445e-42bb-8699-1936a6967eb8,e75093bf-017a-49f9-a058-f8de0621851f,vehicle,1170000.0,696688.16,29541.98,8.84,47,21,2024-10-05,active
5f86859e-c027-4bc1-aea4-c0ca156a5136,8ea393f6-163f-4bdd-92fc-43becce50a08,vehicle,369000.0,361355.82,6593.67,9.06,73,2,2026-04-28,active
8e7b8e74-3f7a-40f4-a25d-147a055148c9,70a07dd2-ecc7-4187-aabe-3f81e3d642be,business,2215000.0,1650822.84,73764.72,13.73,37,11,2025-08-01,active
8029af77-614c-4f9b-b294-b17d9d58db6a,c214d4a3-b8b6-4b5a-a62b-62cb792981d2,personal,347000.0,209768.44,12889.77,13.0,32,14,2025-05-03,active
13001b91-db14-437a-b68a-9484c43a3a62,f5780b94-0023-49da-ad37-54f674ec8830,home,5638000.0,5370489.69,58819.56,9.16,173,16,2025-03-04,active
817d8f6d-8961-4901-a179-eca2982799b4,af7ffb7e-de85-4afe-8a7c-131da2d5c0c0,personal,246000.0,153886.14,13741.08,12.95,20,8,2025-10-30,active
78589432-c970-486d-ae60-575f9e5d5a0f,44ed2427-0fa6-41af-aa2a-f0682915c68e,business,3623000.0,1451129.56,79098.66,10.04,58,38,2023-05-14,active
53c2ad14-b0bf-4311-8a1a-536beb349511,071cfe43-472b-4dfe-9977-8f6916308c1a,personal,258000.0,219283.03,12188.38,12.36,24,4,2026-02-27,active
dc8a83fa-3c15-4667-b3a5-4d98e879d7e3,57ac7be4-9c54-4b25-9dd9-2c64436d0835,personal,242000.0,190075.7,13207.05,15.29,21,5,2026-01-28,active
76dcae67-7ced-4625-bbd7-405b573dadf3,7af50f93-c6da-4934-a313-1c77179258ab,home,7005000.0,6074696.98,79690.05,9.07,145,31,2023-12-10,active
be61951f-ea41-4108-b32a-c5b7d03d322d,27e4d391-0a9e-4e88-8d70-56d4b7c340d7,home,7526000.0,974507.01,68494.69,8.02,199,184,2011-05-17,active
03a1d970-09b0-4a10-8179-fd17a1576f1c,a0573f6e-e3ff-4b0b-8c12-62ce7f7d23ab,home,3765000.0,3302806.18,44871.7,9.38,137,27,2024-04-08,active
c7b1d599-6eb7-42e0-8c5a-c9c6b44afc82,ed298ae3-32ad-4fe6-ba1c-72f3161bf545,personal,174000.0,32589.24,6707.75,11.58,30,25,2024-06-07,active
cc021407-a36a-4361-ac94-2d664d673470,4bad8f19-7822-4e81-b909-d4f2e5148d09,home,1840000.0,1103628.48,18466.0,8.82,180,101,2018-03-11,active
416f29c8-8d52-465d-a8ac-637f5ba3ea12,2c279c95-e285-4589-af92-f31592f72019,personal,264000.0,241865.08,8831.26,15.47,38,4,2026-02-27,active
442e0513-9d6f-4d59-98fd-0beb9732aab7,1a2f0d1d-6012-45ac-be1b-ce4b28adc608,personal,362000.0,282221.2,15233.06,14.02,28,7,2025-11-29,active
486dccfc-7f5c-4ed3-aa91-e0d21838f493,7ffdf294-0521-4105-86b1-df8c4aae8ca2,business,416000.0,380326.56,10467.23,13.52,53,6,2025-12-29,active
09e43b2d-57aa-404a-8088-d2a2f6fd325e,7990881c-60c3-4f65-9e0f-1e6433c2d548,personal,436000.0,52911.88,26905.21,13.56,18,16,2025-03-04,active
12623112-7315-4926-b8ab-d4cfb41ceb07,d8712d47-40c1-4445-8f34-05cc6219e152,home,1149000.0,553521.12,10166.6,8.49,228,159,2013-06-05,active
e611d258-b9c8-4005-9843-21a1fb911722,70e62131-a5cb-416d-871f-357c7ab2c707,business,1028000.0,803059.49,18044.34,10.73,80,23,2024-08-06,active
b41faec4-f0b8-409f-9fb9-b84278644b53,663dfe2b-7137-4528-8ba5-46c5215d18b2,home,2144000.0,1468215.68,21947.49,8.03,159,70,2020-09-26,active
4a398b0b-8563-4a6e-a0b3-a88a3523fa0a,28fa1331-2a6d-4543-a9fd-38a1d1b86904,home,4222000.0,1472256.27,45058.81,8.04,148,111,2017-05-15,active
bd721334-bf75-4c21-ae1d-268424815255,99d1d058-fb3a-4d44-8c96-09f699ef531e,business,4021000.0,2382879.76,84500.37,13.3,68,34,2023-09-11,active
750af2aa-df8c-48d7-b6d6-4e457d969339,c653c3d0-53ff-4d59-8f1e-610c556968ce,personal,392000.0,201766.65,34797.56,11.83,12,6,2025-12-29,active
b1534e6d-c860-46a9-b0b8-034a78ad006f,dae5064a-f441-4889-8c27-68be91edb15f,vehicle,866000.0,718854.92,21020.31,9.45,50,10,2025-08-31,active
cf591646-55ff-4162-8234-65116a415a18,ebfa6362-d3ed-414d-9304-0ab9b163e6a7,personal,306000.0,241548.93,12562.41,14.44,29,7,2025-11-29,active
9c4fd6ec-c0ab-4074-9d97-f76fd9ad14f6,249db778-fa40-45da-8d73-e3f9c17668b3,home,3754000.0,1191872.05,33336.53,8.03,210,169,2012-08-09,active
f7e97c28-980d-4b7e-991d-c31a10a7881c,b738bceb-691a-4bd7-ab73-33d5c56b5385,home,7680000.0,3770809.75,71137.39,8.18,196,130,2015-10-23,active
f0c52469-344f-4051-9804-fcbd7ed1f987,66c88385-f3c8-4c03-b117-19dc38ef7a0d,vehicle,1326000.0,941251.95,29534.74,9.7,56,19,2024-12-04,active
a423bf40-b728-4597-8c1f-052e4c5fa78a,f2c5c556-567f-4780-94f8-74f727d49226,home,3431000.0,70334.08,35517.78,7.97,155,153,2013-12-02,active
b309fdcf-f8ce-4beb-912f-5f649f42a85f,c2a20bcf-55ec-4c19-996a-a278d325f8b9,personal,426000.0,281683.14,33139.98,13.91,14,5,2026-01-28,active
eaf4ae96-9fd8-47ba-839b-2d6dc24952ef,db325c5b-7139-43e8-80a9-fd22c962c651,personal,85000.0,58371.66,2065.46,13.14,55,21,2024-10-05,active
041682bd-cfca-4c8f-9baa-4f5acbb65516,16b6073f-e737-4b3a-bc17-fdf6bf9df5d4,business,3308000.0,2470166.4,73456.97,12.95,62,20,2024-11-04,active
e21cbc14-6ec0-442a-bb2e-5f2a947f7155,ccc8770e-3bb7-41b0-8e82-0c674774b5aa,personal,277000.0,198388.58,7716.23,12.31,45,15,2025-04-03,active
7aba3a53-0baf-46b7-a71a-95236cb9e501,a830dc54-a73b-4f8c-bae7-7dd352a60d77,personal,228000.0,43590.55,7508.77,11.41,36,30,2024-01-09,active
df4a2840-1daa-409c-b966-c02ad371bb20,24c90791-cb6c-40f5-bb0f-986118fabd41,vehicle,1933000.0,1435668.64,42830.19,10.7,58,18,2025-01-03,active
5f2e0e58-67a4-4097-bdcd-41b4f2a928ec,eedf7c39-d59c-4362-8a39-d478638e74cf,vehicle,1728000.0,785350.18,47238.19,10.2,44,26,2024-05-08,active
c44d2d65-1151-42c7-b345-f715c76c5730,9589cf2a-113d-4419-8306-cdafdc10e07e,vehicle,927000.0,476497.72,27093.68,9.42,40,21,2024-10-05,active
41f6eef6-3384-4e76-b035-b72cf8e31d01,5932134e-f904-47b6-b794-ca228dab078e,vehicle,357000.0,74164.58,7779.43,10.54,59,49,2022-06-18,active
bc5de91f-72c7-410d-b113-a615a3cd7692,6ead2927-ea4c-4789-9f02-17a4c851a937,business,361000.0,74232.37,10982.62,10.6,39,32,2023-11-10,active
66957911-a153-4b7d-964e-5b60f9735d43,01893a14-4b68-4f2d-bcf4-cab8da66e9d1,vehicle,500000.0,104907.27,13536.34,8.53,43,35,2023-08-12,active
7fd0bd98-4e40-4025-83d5-18a870028464,1b5963cb-4960-494c-be86-ea1c0dc807b3,home,808000.0,237917.29,8143.4,8.8,178,145,2014-07-30,active
6b0fce96-c443-42d2-ae6b-99403cb1f17c,d0856bfa-5aea-41ff-8929-4738c90baa7a,personal,181000.0,7670.52,7752.46,12.82,27,26,2024-05-08,active
99263a03-ba6f-4e08-ad09-4c9885b83a1e,985ea8e1-df55-4ef1-9a1c-cec7944e4e85,vehicle,260000.0,152819.07,7897.31,9.07,38,17,2025-02-02,active
6fa2f5b0-d3a8-47da-9229-24ec00ff1e98,4f5d01d5-166b-4041-8e7d-25fcb625f2d5,business,4591000.0,3153712.16,89009.95,12.04,73,29,2024-02-08,active
15332b31-6e0d-4bdb-bad4-fc3a7c062789,0dc9a0d4-0ef6-4fb3-a679-e1d7e64f28d4,home,4123000.0,4040571.2,41856.55,8.83,176,7,2025-11-29,active
979e38a8-b459-44ee-b400-0aef92caf829,52218472-1adf-4bfb-8eff-5d00d20c0ce0,vehicle,1048000.0,836128.08,29034.58,9.87,43,10,2025-08-31,active
b2fafc53-e1dc-4ba1-bc40-595b20868800,0a0d33b8-a146-481e-a20f-5eaf04ebd374,home,1876000.0,803367.19,19759.88,9.28,172,123,2016-05-20,active
eb1e8a27-a7a1-459f-9a85-702c960c9061,0d541f33-9bac-493e-b478-a997349f7df9,vehicle,1356000.0,265485.0,39206.27,10.04,41,34,2023-09-11,active
1aa8586a-9e4f-47ce-af9a-fbd7c3d38d69,bd19a6e3-5689-40d8-b124-ae58c1ce5f1e,personal,341000.0,51893.01,10709.12,12.65,39,34,2023-09-11,active
0f416134-489f-4a98-8b1f-48539a862e4f,41b037bf-04b5-4b5a-94b6-693df323089c,business,3446000.0,2233280.42,108707.68,11.55,38,15,2025-04-03,active
5d88c35d-a896-4f33-aca7-a729e16f069c,f76ac78a-3693-4869-86f6-f5a4ff837b4f,business,1181000.0,251389.78,22482.95,13.25,79,67,2020-12-25,active
c14d67af-8114-4c55-92eb-7a2112f9a6a4,ee7df93f-c6c5-4c65-aee8-b68b814bdc58,business,4369000.0,1255842.76,91172.9,13.02,68,53,2022-02-18,active
b64b32dd-108f-43a1-b30b-cb3e482ae9a3,750bf61d-0796-4891-b67a-88395b79b7a9,home,6829000.0,5479623.19,65381.97,9.49,222,84,2019-08-03,active
8d74b70e-cec1-45cb-9a32-933d497df29d,d583c59f-8aad-448c-96b5-7cad47aa83db,vehicle,1719000.0,1378358.51,29980.21,9.26,76,19,2024-12-04,active
1819195a-38f9-4cca-993b-17c840a7e903,a13f3a7e-39df-45fa-81b8-cf4d97448846,home,1385000.0,137822.97,13011.76,7.62,178,167,2012-10-08,active
1b7ae3f5-5aeb-4035-98e8-5451ea6965d5,02b38312-a8b7-40c5-8237-6168789c5a03,vehicle,961000.0,144061.7,16709.15,10.41,80,71,2020-08-27,active
5456559a-eddb-4d6d-944c-4f6c673035b3,d58ffd97-191d-402f-b253-15245529f1f6,vehicle,1429000.0,904239.22,27896.48,8.57,64,27,2024-04-08,active
c0434d4a-cb26-4c37-ab6d-1cd2fa3aa67d,2b97c398-87a3-4be1-be53-e32e541e1e76,home,6792000.0,1082817.27,57832.9,7.64,217,197,2010-04-22,active
77375af8-965b-4905-9039-fcf75ffbeee2,60ec5e63-9d38-45dd-84d1-9832e34c95fd,home,7482000.0,7406524.57,72786.32,9.29,206,5,2026-01-28,active
743fd01d-8207-4f81-b623-a06fc1b06ca6,4db13f7a-2c41-441a-bed2-be1afd0a82f6,personal,475000.0,174768.4,12760.72,13.91,49,34,2023-09-11,active
af665dd0-55b3-4b27-9ffa-11c2088f86ed,a525f0fb-970b-4e51-8a91-d5ca8f8100c8,vehicle,344000.0,260781.4,6466.96,10.54,72,22,2024-09-05,active
96c94438-c835-49ca-b223-18fe4901abde,c9b18fdd-ec75-44e5-a967-d2c7c465ad3e,personal,303000.0,199594.93,9992.65,14.51,38,15,2025-04-03,active
65013a6d-a4ad-4519-aa40-f9bdffb31d6f,36a69c0d-1d3a-4e87-8888-2606fa09efff,vehicle,620000.0,594240.56,17808.86,9.64,41,2,2026-04-28,active
8bf9a0c5-ef45-4dc9-a4e9-f0ebf183f97d,f751655f-5075-4533-a4d3-8b61f5d0b088,business,4147000.0,3431311.16,99306.75,12.44,55,12,2025-07-02,active
a0be9c11-af7b-4d60-85ab-2d0682d89262,9b6e356b-154c-42e4-b96c-a3acdd1723bd,personal,181000.0,29396.45,14919.62,12.03,13,11,2025-08-01,active
a769d781-22e6-45d0-b07d-030ed82349c0,89549bff-360e-43b0-bd2f-bb5abe9e2722,business,4778000.0,4275984.05,124569.77,13.89,51,7,2025-11-29,active
9da72a6c-fa2b-4f5c-a8e9-4544f7a0adc8,5ebdd6dc-f53a-4201-96c5-fd15ccb91c94,business,1340000.0,402956.68,30839.82,11.21,56,42,2023-01-14,active
78af4ddd-eeb7-4973-b5c6-fe76f75a46bb,46a1ad69-2356-45df-a776-1ce83daaf399,business,293000.0,102935.08,6967.13,11.44,54,38,2023-05-14,active
8f6e1efa-b84c-480c-929d-abe5a759235e,f0453f4f-0454-46a2-ae18-067973ffacee,personal,238000.0,39329.71,20058.28,15.97,13,11,2025-08-01,active
eff9a175-2ec2-475b-b112-81cdbfdbd435,7b63237f-7878-4ade-89c5-5225405d876f,home,5127000.0,4569120.73,45979.22,8.58,224,50,2022-05-19,active
4b669d4a-a311-4ca1-9ef1-9c3b0e1222d0,c1a28089-d3cd-42c0-aae8-637606aff832,home,2438000.0,1914367.48,23081.25,8.56,197,71,2020-08-27,active
188fdab4-b518-4825-a7cd-f8715b9b1899,718b41f6-2bc1-42bf-ab88-64ee06317714,home,7343000.0,2629283.5,69120.79,9.05,215,170,2012-07-10,active
f00964d0-8b77-4544-9b93-6c0e12de625e,65f12457-dc07-4b39-8c60-be6fd4a1a021,business,4096000.0,3688355.77,71599.29,10.59,80,11,2025-08-01,active
5a781b9f-c36c-4290-8dae-83f5ec6d70e6,b89e3104-099b-4586-a1b1-ba9e9c706387,personal,292000.0,279500.63,9466.02,13.36,38,2,2026-04-28,active
9bfaa1dd-6600-44d0-a4e7-0de71a71ee8f,6741990a-c72f-45f8-a830-089a0ddca9f6,personal,220000.0,165662.82,5407.34,12.36,53,16,2025-03-04,active
9bcd6694-28a6-4950-9b70-85047b79ab68,2e89c035-d8e4-4f9a-8057-aba4ad4e790b,business,1850000.0,1717359.33,34672.86,12.11,77,8,2025-10-30,active
1668e4bb-7bd4-438f-97a3-36f41f807464,40f593df-2e53-4f57-9bf4-887b466de490,home,5379000.0,119081.91,60231.02,9.26,152,150,2014-03-02,active
80c4f6ba-6ebe-475d-8a5f-79840faa38f5,5a88735e-dfd0-482a-b1aa-c3f73740aa88,vehicle,1385000.0,700290.25,24288.2,9.78,77,44,2022-11-15,active
171e9ed1-f74c-4c78-a8fb-30c09985c305,9cd60f70-570c-430b-b2cc-1f790e193009,home,7546000.0,4577063.62,63754.75,7.59,219,123,2016-05-20,active
3daad9f2-d72f-431c-af84-406421fa9a8a,0b32bd6f-a380-4965-bff6-7912460ba9b2,home,4993000.0,2781952.65,56083.26,8.32,139,78,2020-01-30,active
54fd6dbb-fda2-4d5a-b064-aa7afbf3b5f2,05bb8c0b-4d3d-415e-8f2b-dd9439818ecc,home,7099000.0,437356.89,74508.51,7.56,146,140,2014-12-27,active
c63a1f01-2109-4530-ad9f-8152a8bf8849,41cb6cf6-59bf-4147-91f4-33d4049228c3,home,5305000.0,5145927.4,49906.54,9.42,230,18,2025-01-03,active
9cd22839-0dda-4386-879c-3094071e7972,21a5ef06-328c-43ac-819c-5e38709e34a1,personal,231000.0,99420.77,6380.74,11.83,45,28,2024-03-09,active
e2716daf-846a-402c-b0ca-7d49d90b91f2,80ffaa23-11e7-43ae-aef3-2c3de382c067,business,3326000.0,1401580.38,82233.09,13.33,54,35,2023-08-12,active
8cdfe7f7-6002-4100-8dbe-53d86247f403,a28bfa8f-04d1-497d-9b28-96c5f088e7c5,personal,476000.0,242712.4,12236.41,15.25,54,31,2023-12-10,active
0d8815df-dbcc-4875-9c6c-c13d1d0d8fb3,ca89bc25-6ddd-49e9-ae93-7fa1a0e21397,home,4307000.0,1727323.78,43338.07,9.43,194,146,2014-06-30,active
78b19543-3f83-45c6-a1b7-5523e6d69dce,e3e9fb16-cd7f-4f91-820a-f7a79ba17a2c,home,5351000.0,5063779.3,48678.44,8.05,200,21,2024-10-05,active
e2885c36-bf83-43c8-95b9-8ebd99458e1a,6de6f1d8-fad0-498c-9c54-6631fef87d86,personal,51000.0,1367.02,1383.46,14.43,49,48,2022-07-18,active
4fe53603-2755-473c-9433-8e2b55fd1ffa,463d8ad8-7258-4bcd-a621-6365a8f0d4cb,personal,452000.0,51652.98,26210.0,11.86,19,17,2025-02-02,active
258b3abe-24f3-49dd-a771-f987be1f4cdc,c9342efc-a024-43bd-9e0a-00709f148cd2,personal,110000.0,90430.37,2900.3,11.17,47,10,2025-08-31,active
aa1e2de1-7236-4cf8-90de-c0f47313f8ba,cb6b132b-3e42-4972-97ac-617361016b4e,vehicle,632000.0,17301.46,17440.44,9.64,43,42,2023-01-14,active
73ab1c38-441d-4752-b472-490098047bd2,cece6ab8-64f3-4b79-afa8-a5a91059ee0f,business,1041000.0,64747.32,21971.36,10.78,62,59,2021-08-22,active
f855c635-82e2-4e5c-82e3-e01b681a5dfb,e340e847-6b29-437c-90ab-cbb92ffd9238,vehicle,705000.0,150288.44,17353.87,9.32,49,40,2023-03-15,active
51a9ed8f-f9de-4c95-b009-68e5dca743ae,f623abf5-b6f4-4bd5-b671-754baee4a5e6,personal,343000.0,137710.31,8415.14,12.27,53,35,2023-08-12,active
02c38b48-b974-45ee-ab10-9368dababb87,27d9645c-c617-413f-922e-bb05843c27c3,business,4400000.0,4189503.56,142637.59,10.32,36,2,2026-04-28,active
7dc186cd-d55f-4bcb-9a8a-31171436e891,db2aa99b-0a58-4372-8c05-d3b6a057f915,vehicle,731000.0,589280.31,13094.82,10.83,78,20,2024-11-04,active
718f53ca-2dc6-49e0-bde4-3e80d20775b9,48c8cf2a-f599-4345-8463-78e33b04ef50,personal,346000.0,320858.9,11776.82,12.07,35,3,2026-03-29,active
a63e36e5-eb01-40a3-9002-24dcad6494b3,a48eb92f-0238-4e7a-a32b-2dbeb9066c67,business,4706000.0,1731289.16,134617.95,13.83,45,31,2023-12-10,active
13eaeb18-c9d7-41db-bd83-56d3952149e9,b76fa3c0-c324-4f2f-9451-1a298870a8cc,personal,54000.0,13014.13,1541.31,15.55,47,38,2023-05-14,active
7dc224d7-c45a-4f2d-9943-4e8f6a12ccff,83c79cfb-e4f1-4a91-aa52-d3c5fe430176,business,4150000.0,70572.6,71174.82,10.24,81,80,2019-12-01,active
da0c6698-8f1e-421d-9eb5-4ce1cdb051b2,7a319524-10d1-4538-9e24-f3375ffde572,personal,392000.0,201684.23,34766.41,11.66,12,6,2025-12-29,active
9ed3b39f-e009-4ff0-8e57-59002e9da47e,24f937ec-c1d4-4ea2-adad-09935fd437d0,home,2887000.0,1101926.08,26525.75,9.03,228,178,2011-11-13,active
19608406-b998-4b1b-b3f7-9a1db0103c3a,98acb5d3-8a5c-499a-bf30-fa7b9c24a708,personal,208000.0,95969.32,9369.21,14.49,26,15,2025-04-03,active
452cdc86-c6eb-454e-9d42-f443b162b633,08b5a43a-9840-4ca1-abc1-c834f944bf2e,home,6154000.0,3906792.08,56781.33,8.57,209,114,2017-02-14,active
0114acb7-d8af-4557-8465-f3dbdf1f51af,c2d1543e-9c80-40dd-ba47-2df9bdea317f,vehicle,1602000.0,1164066.2,37670.54,10.2,53,17,2025-02-02,active
e5ac2a11-1d95-4d6a-8343-888e1e74b183,1a478653-11a0-46ef-9b49-24b2c4c858da,vehicle,1689000.0,697619.11,40045.64,10.6,53,34,2023-09-11,active
8e702d1c-1bd1-4ed1-8ab1-c6b7f2a06d2f,8fe94ea0-6060-40ff-9dc4-d0423f7e8a66,business,771000.0,206365.22,14048.27,12.28,81,65,2021-02-23,active
268ed67d-eea2-4531-a8eb-92e712613dc3,d800e9bd-2387-48be-a98c-051432d36b49,home,3271000.0,2466476.15,29261.95,8.92,240,107,2017-09-12,active
d95d4f78-0cc6-4347-8772-ca8bbaa0b760,7edc3b6b-066c-4280-b03f-3ac070c5fcab,home,1982000.0,1879419.73,22167.54,7.96,136,11,2025-08-01,active
05030608-6483-46af-a613-c915c0c301b6,948f33ac-ebbc-4bcc-848b-85c4696aaa79,business,4073000.0,389732.46,80517.72,13.1,74,69,2020-10-26,active
65ccec2e-8d10-4875-ab96-eab839d895d2,f66be7c5-4f5a-4d8c-883b-b8549f435150,personal,313000.0,149129.34,17470.42,12.86,20,11,2025-08-01,active
4b22bb31-e98d-47fd-812c-4f05fa611ce6,d0189bb7-2a5b-4e02-ae9f-6e06f8290eb4,personal,268000.0,231314.65,6928.29,15.53,54,10,2025-08-31,active
d983ec9f-dbbc-4046-9d7e-a52c30ab1b43,780926f8-c684-4b48-b1b6-9d8dd5bb8c11,business,4766000.0,2415601.81,128573.81,12.42,47,26,2024-05-08,active
5e93d9c0-b6aa-4c9e-a644-8055354e540e,542bd877-88d6-40c4-be1c-1cccfb59c35a,home,7709000.0,7634021.24,74688.36,8.74,192,4,2026-02-27,active
7f4c590b-aa4a-41e1-996d-559885722452,e3f487e2-6877-4c8c-a3be-c3e53fbc1f4e,personal,229000.0,21211.77,7256.88,15.74,41,38,2023-05-14,active
cc5e2f9b-8d10-47d1-8f5f-65c9df599754,0c12fc92-76ee-4acf-b104-3afb63f2d789,personal,130000.0,92982.75,4583.79,12.88,34,11,2025-08-01,active
053dbce9-4be0-4cbc-8f94-b88691365b6f,3e1dc232-1867-49bf-aea8-301816157963,personal,382000.0,305952.06,9049.74,13.74,58,15,2025-04-03,active
fb0766ed-c924-46ca-a982-4f428750011f,a6785c1c-459b-438d-8b55-5007e4bc31c3,home,4646000.0,2760242.47,47638.26,9.23,181,104,2017-12-11,active
c7b21f58-ef4e-4be2-a079-d0b683d545d9,03830174-e3d5-40dd-b369-69acb1ef335d,personal,259000.0,193146.27,7598.46,13.25,43,13,2025-06-02,active
d572fb4e-b64c-4c51-b07b-5d517e882425,7bb0a01c-65c3-4e95-9a46-9a7fa5a1c3a9,personal,401000.0,239958.7,35724.11,12.51,12,5,2026-01-28,active
bf318f8b-4e79-48a1-b858-91fbaa526ce2,35101e12-7001-4520-b5ec-85227d6276de,personal,128000.0,85571.52,3784.1,15.74,45,18,2025-01-03,active
8626271b-dbe5-4ec4-a87d-f40f06929d9c,d030b269-f8d4-469a-9beb-20cb3d99b7f7,vehicle,1664000.0,92093.54,46583.91,9.32,42,40,2023-03-15,active
af5a064f-2448-4597-9f09-4d2d60c1086a,32703f2c-cc80-4782-9cbc-4f5fda7b38d3,personal,135000.0,116730.65,3141.21,14.0,60,11,2025-08-01,active
af6c6a73-f6da-414b-a61c-5c14f1efe326,8c8314ef-d135-49d8-9f65-3849ef814d76,education,865000.0,794622.32,17309.27,8.01,61,6,2025-12-29,active
d7a66e74-73da-4ceb-adcd-6903d6d1dfca,c7591ba4-1922-4a81-a4b3-8b4050ceb782,home,873000.0,585770.9,8316.76,8.9,204,104,2017-12-11,active
ffdb983b-4b5c-4129-964e-a7fdf9c72b26,8b898274-53bd-410f-8ae2-9ecc1fc92d37,home,5127000.0,518266.21,49355.9,9.39,215,204,2009-09-24,active
eeef9d99-7f4b-48aa-a3b8-1c3283643442,e0bc1505-db16-41b2-9764-63e875b3b1ca,home,5390000.0,3459553.76,60842.12,9.21,149,74,2020-05-29,active
0a63e44e-4baf-4ba3-a204-02c095edd19b,4f1ccf2a-fd71-4333-9822-3e05c2954838,business,2907000.0,2764490.18,74194.66,11.2,49,3,2026-03-29,active
463eab04-03ca-40d0-9979-36c1b314a085,cba670fb-817b-4841-89de-8768620bfac6,home,6586000.0,1118470.84,62940.99,8.14,183,164,2013-01-06,active
f20be63e-af0d-4727-9855-d59a5d804531,4e182c2e-e563-4f04-87c6-9c8e976f20e5,vehicle,1046000.0,63641.02,32218.02,9.98,38,36,2023-07-13,active
feacf133-d5e5-4068-8a56-9767093dae1a,656d87e7-f32e-437e-8575-b9a2c3c15716,personal,197000.0,162497.66,4829.92,12.92,54,12,2025-07-02,active
ceeb5de0-1e1f-40ed-b87e-480ccdf52bb9,438da3a1-b7ef-40ee-9311-ea6d095c79e4,vehicle,1401000.0,1361957.69,23239.4,8.84,80,3,2026-03-29,active
d4b6426f-13c2-4540-9327-3e891e4ccb48,da706835-9fe8-430a-b8e4-5c4be9bb2ac2,personal,486000.0,193858.86,11800.31,11.76,53,35,2023-08-12,active
0e7b4f8b-67b4-4ca6-8dbe-33be54c000b5,3ebf80c4-351d-48f5-b54f-f0935488a49e,home,3026000.0,669711.26,31369.87,7.56,149,126,2016-02-20,active
6597681d-078c-4432-b3fe-e7809820db56,380d6585-482c-4a30-a0ab-d2345527652d,education,913000.0,396124.39,11864.04,9.6,120,81,2019-11-01,active
f0d75b91-b242-4a31-ae88-32c47026d3f9,eaaba3d0-4b6b-4a61-a369-c51863b87542,vehicle,1206000.0,21217.17,21385.14,9.5,75,74,2020-05-29,active
52d43a15-9988-4233-bb04-9ffa841d04cc,2e25dba8-08e0-4cae-aa05-112d5af98220,vehicle,1689000.0,1582064.23,32626.81,10.8,70,6,2025-12-29,active
d9e80e1e-e515-4f1b-a9ef-4d50d34d2505,06753177-3aed-4969-b838-6b644b7bd437,business,4315000.0,279744.96,95141.38,12.14,61,58,2021-09-21,active
00c4549c-5633-4854-9b03-45e63827f59e,4e4e3914-7b30-41c6-bddd-1a19938db74a,home,4054000.0,4027039.07,40428.62,7.99,166,2,2026-04-28,active
61590485-5479-4eb5-84e0-20534f92ff20,f5fcaee6-262c-41f6-b7b8-87c991ce78b8,personal,234000.0,42893.31,14673.04,15.68,18,15,2025-04-03,active
f85d1bd5-ce93-43a7-baca-82d9895fa25c,09a5abc9-235d-40f4-8c36-9d963d167676,business,4895000.0,271740.52,138087.23,13.03,45,43,2022-12-15,active
3c6f52b1-773a-4afb-b44b-00be9b8d0c43,246bcf40-fa0f-42c0-8af1-09a007c887d4,vehicle,1356000.0,1316434.09,31696.4,10.62,54,2,2026-04-28,active
315ca451-6df3-4736-a1d6-27511fae6d3e,f2ca2781-a8db-4716-98d0-d3444cb6c0b4,personal,408000.0,351345.02,15652.82,13.45,31,5,2026-01-28,active
b15a5b80-2221-4c00-8206-d44ad294564d,c4f34c89-9d99-4a96-be29-dcb77298072c,business,1726000.0,405304.58,53091.91,12.63,40,32,2023-11-10,active
5e4a4d5c-47e8-416f-a33d-ee263b7aa1b3,34ae0b50-15c0-45a5-9151-b9ad5e9bd63c,business,1716000.0,1606764.48,36329.75,10.39,61,5,2026-01-28,active
8c9a74e4-d5d7-4794-9ce0-8f5bce6710f0,3bf3700c-a79c-4f17-bc38-f716c8f4122c,personal,273000.0,119986.95,6640.75,11.85,53,33,2023-10-11,active
d428fb34-829f-4119-887c-56aaac527d57,05e2c3d8-d941-4839-88dc-1aad8c3f7e0b,education,764000.0,560004.89,13429.87,8.84,74,24,2024-07-07,active
b95b7420-c5ab-4baa-9920-15ee8af1efb8,cf147fb1-2c55-4cbc-b596-c49fe47b5c40,education,379000.0,31187.99,6389.2,9.67,81,76,2020-03-30,active
c76f0443-e7ac-4969-b5fd-7d79e6220d83,25ec1bba-07f2-46d9-8411-e2ef1a49850a,business,541000.0,409038.05,14262.55,12.06,48,14,2025-05-03,active
174ead95-bf02-42bd-b83a-d8e0809164d8,6bd5a1eb-eb20-4d46-bc25-72327c1ccaf0,home,802000.0,525070.22,8662.46,8.96,158,77,2020-02-29,active
ae38a6f5-2392-4db7-8083-b0f6989ec1de,fd918cba-955d-40f6-b64e-573adcd500ee,vehicle,759000.0,328875.47,15057.81,9.22,64,40,2023-03-15,active
dcdde17b-0b23-47aa-b4e5-f1c6ce87c5d2,cebb6cc7-b273-4d6e-958e-b31f2a6a60c6,home,2532000.0,786980.05,23907.95,7.55,175,138,2015-02-25,active
c0ea7b96-ba61-482f-bbcf-88aa2c6c41c6,b2516f6a-6cfd-4364-b058-0a62dee28450,business,818000.0,738783.15,20572.03,11.26,50,6,2025-12-29,active
46bceff6-b51f-42c5-8b6c-1f70afa1ee1b,57ebbe77-af24-4c8e-87e4-be1519c3e373,vehicle,1793000.0,725322.49,31342.17,10.59,80,54,2022-01-19,active
854be6e5-dd62-4e11-bdeb-ed1586c53989,f6c3605b-1929-4af6-bdb0-677fd7bb94c9,home,6330000.0,3359659.18,56478.07,7.64,197,122,2016-06-19,active
38846f2e-6b79-4df3-a73f-dea46108d03d,5afbfc15-9aec-4e80-8e1c-2b56839a7971,personal,490000.0,57569.48,11913.86,13.79,56,51,2022-04-19,active
7aedb42f-c045-435b-9c4b-34b794d431ed,4f73ec1f-c44d-4c15-b89e-ba77c7a6ddaa,education,271000.0,62135.58,3688.34,8.48,104,86,2019-06-04,active
10533843-f105-4daf-84d6-39eae1eacea3,2b5d1aa7-d9da-43ac-8fd4-463a4dbf4b7b,home,4537000.0,2574169.32,44707.38,7.66,164,92,2018-12-06,active
f09ac6c8-50f0-49ad-98e3-5d70789d0d77,830d37bc-b13b-4c55-ae31-e145660932e4,personal,487000.0,389208.72,37912.77,14.03,14,3,2026-03-29,active
ee0c35b0-9946-48b2-86a7-61ca448118c7,3680f3ce-d89d-49b0-9340-6b67e1b591f3,personal,209000.0,36695.25,18639.87,12.72,12,10,2025-08-31,active
03af1c47-2105-4d0f-a7ba-826af341e696,e9dd6c60-edec-42db-8571-3cbfa8474237,business,3699000.0,1208935.79,107005.71,11.28,42,30,2024-01-09,active
2cb06d0b-f4c5-4137-9f3a-e8e6b8bc0951,953ae895-0ef1-457d-8aa7-7f0dafe768b8,home,5887000.0,4034323.79,54488.63,8.28,199,95,2018-09-07,active
8052e0d5-6a60-45aa-8022-fdd5396798da,91329073-76f2-4e85-8fb8-873ef932bbf7,home,5498000.0,2614918.47,47252.7,8.3,237,167,2012-10-08,active
a13d7f6f-10f6-4557-8551-113d2a28c877,191237e3-4af5-422f-a0dc-b1597b45c114,personal,263000.0,74154.55,19021.18,12.43,15,11,2025-08-01,active
866456e5-06ab-420c-96c5-72c265f3942f,1d3f254d-6245-4f70-a44f-4534f6060253,home,6717000.0,5027574.05,84399.23,8.93,121,42,2023-01-14,active
46dc9dbb-8435-4243-b2bc-6ad2f6579635,0c3a1a41-fcd8-4656-a218-d2ac31034c1a,vehicle,411000.0,28921.5,9817.13,10.96,53,50,2022-05-19,active
58a1dc50-cda2-4cbc-ae91-2fd54d27ef5f,28a5c5e0-7bfa-4549-8618-66d5d9113e4c,home,7423000.0,6579335.76,68299.57,8.59,211,47,2022-08-17,active
071532ff-27cc-4083-af0a-526f49c33cd8,7357c6a4-7edf-4308-abe2-83b02de84fa0,home,4547000.0,3109150.03,40348.33,7.92,207,99,2018-05-10,active
6fb8d33e-70e7-4770-a5b7-ae1c7be9e31c,f87361c1-95b8-444a-b7c9-c7dd10883908,personal,122000.0,95286.17,2913.85,14.66,59,17,2025-02-02,active
b9d04d1c-65dc-4792-88de-ebf429e41871,ec8904d3-b865-4399-ba2c-1d88dddbc5d8,business,4594000.0,2570202.13,92095.32,12.22,70,37,2023-06-13,active
5a472e03-db32-4898-8a9f-dbfc7f0cfab7,2288f9eb-8947-470f-8316-75b0652e47a0,business,3528000.0,114425.79,115631.08,12.64,37,36,2023-07-13,active
eb580f2f-5814-4c42-a0c3-b1f7535f2c13,88e533e0-f0f0-4ac9-ae91-8fa5d9067567,business,927000.0,200780.61,21069.22,10.63,56,46,2022-09-16,active
ef3a7478-84cd-4167-91a5-d9383ea6658e,f1a52a9d-6796-4fb0-95ce-ba19c2e706a2,home,7781000.0,3549348.03,77399.78,8.06,168,113,2017-03-16,active
6c5fcf49-9186-46fc-baa1-59ddcd2cd661,67c55622-2041-449f-bdd0-5198418d78ab,business,1192000.0,709353.12,31415.06,12.89,49,23,2024-08-06,active
0ab7e6e9-32ab-4dfc-b804-872d13ad189d,f9be9577-3a79-4bf2-8a79-e675c0ab3107,vehicle,438000.0,102766.93,13373.04,10.83,39,31,2023-12-10,active
42142590-0845-4ade-96d5-99801fa0077f,74976348-3358-4c75-9268-c5bfed8230ad,home,6875000.0,6606588.96,70337.13,9.32,184,15,2025-04-03,active
d1a857df-93f1-46b0-932b-5f7dc019cd33,2a72ffef-23b8-4f24-ad33-762d7ed6f6a0,business,4234000.0,325415.61,83084.86,10.17,67,63,2021-04-24,active
afd67379-496c-40ce-85d2-dcb971fc9085,5a613931-94e0-4d9d-b226-16342785ace1,education,181000.0,144520.72,3251.31,8.08,70,17,2025-02-02,active
f6e5100b-e5c5-44cd-936e-07b5c9056ba9,c1ec6b57-13d5-426a-9822-d99ec0dc90cc,business,3153000.0,1744173.24,65089.63,13.36,70,38,2023-05-14,active
0f22eb95-656a-45de-acdb-5bb422c1fc6b,79e840e8-64e0-470e-b56a-2dd14c6904a5,vehicle,342000.0,275419.44,8706.89,10.2,48,11,2025-08-01,active
74d88472-a0b7-449c-9478-efaed1ac6868,0f980d07-0180-4f58-8c50-801eb278fd52,vehicle,881000.0,517726.91,24672.02,9.34,42,19,2024-12-04,active
3f963c9f-47b6-4920-b13f-4bbdb758922e,27a3b291-aa5a-457b-82f7-7fa9432d3422,business,2892000.0,1701920.97,64867.61,10.65,57,27,2024-04-08,active
c360c3eb-e8a2-40f6-99c9-283407a27b7b,231e6245-ee1f-4802-a313-e923eb523ddc,personal,346000.0,98551.96,20404.09,13.97,19,14,2025-05-03,active
2861b2ce-0944-4cc9-b753-1ce9f1c1e903,6ae61e05-0fce-4994-a641-6a29049623c9,home,7956000.0,7257551.56,73050.72,8.87,222,42,2023-01-14,active
c4239646-42e9-4998-b85d-63b69dfba45d,9f3f8f6c-4ec8-4e98-8140-90dd0d230978,home,2852000.0,547670.95,28362.55,9.31,196,175,2012-02-11,active
1f6802ea-d308-45ed-b601-3795d84c4ea1,387ac820-d8dd-4974-8106-3ff33ef4797d,home,4081000.0,2665275.28,42996.07,8.23,154,73,2020-06-28,active
508c63e6-aad6-4787-a568-7ff5cb974234,e70d44fc-4c20-42c3-9308-8113c6a56adf,personal,377000.0,81245.42,27776.22,15.32,15,12,2025-07-02,active
14dc22d8-827a-44fa-ba46-6f6947184589,3e3096dc-520e-4bfc-8b52-2eef0421e0d8,vehicle,1591000.0,1405583.01,28944.95,10.74,76,12,2025-07-02,active
135ecb5a-e8c0-4f66-84d9-7a4e1a9f5e24,73e20c96-1dbd-43f4-9a98-9df2069f709f,personal,79000.0,32596.49,2728.13,14.73,36,23,2024-08-06,active
55de3b74-92d1-42c4-9311-8afd2dae3f3d,6b045acb-345e-4cc5-96fc-d58ed1eaff03,business,2968000.0,1644058.09,66764.77,13.51,62,33,2023-10-11,active
97e0f18f-70b0-4b4d-a57b-5823c4ca1b9e,4e8184f7-4e24-4bcd-b504-33f293633496,vehicle,1996000.0,1484908.81,55023.1,10.68,44,13,2025-06-02,active
4e9c8986-46ea-4124-a029-5921714411eb,bf725a0b-00a3-4d0b-8a8d-425ea84c137f,home,5773000.0,5744058.63,54110.49,8.25,193,2,2026-04-28,active
98f636fa-0dd4-4266-8a6c-57ff006cf10d,557b17e9-61d5-421c-aa09-5fd013c9d497,personal,489000.0,400517.58,27727.53,14.75,20,4,2026-02-27,active
15170e55-d6e7-4d94-a245-f54419a36113,a0468a22-0768-4854-8511-7bd38cee6daa,business,1646000.0,310172.88,46025.18,11.5,44,37,2023-06-13,active
a6cea0a1-76e0-4f22-aba6-dfdc111a99c3,d937c23a-a802-40ba-87ac-7ca75220228d,vehicle,211000.0,197074.9,4461.36,9.79,60,5,2026-01-28,active
4f66e02d-1d44-416e-9c99-51d89b1ce988,c63872fa-b8d1-4132-b3bb-896ddef59f70,personal,416000.0,128162.74,13542.58,12.18,37,27,2024-04-08,active
44e989a9-9ef2-4abf-9c32-698c65bf0f3c,fbfc3b44-4128-4373-9a00-d14818f0d9a2,business,2283000.0,1725187.18,75262.51,11.48,36,10,2025-08-31,active
d0625556-347f-49a1-9bdd-f212e20563a0,912b98ed-16f4-48b7-9132-ac059c5cace9,business,4458000.0,1507430.98,134349.83,12.59,41,29,2024-02-08,active
f37dcbd5-c787-45d2-85c4-3c45917d091f,26d31308-de0b-4622-845a-61eef1f09e58,home,560000.0,554361.09,5445.19,8.68,189,4,2026-02-27,active
b57d3ee8-4c69-4d8a-b552-bf48daa4628f,2c467185-54da-4f0e-8d81-1210977158c2,vehicle,1256000.0,929833.42,22281.29,8.8,73,23,2024-08-06,active
c3fa229b-4cb6-4441-bea9-c2a451ed90ff,2480a95e-2000-4ecd-9e27-8bbcb5c0a76e,home,6056000.0,4105624.16,53211.31,7.56,201,95,2018-09-07,active
c8de30a4-ca62-438c-96bb-1b1677f07bc9,ce208baa-ab9b-4a55-91fb-2665fe961cf0,home,5062000.0,3957156.79,50507.52,7.82,163,53,2022-02-18,active
719c796f-551b-404e-a40f-0f83bed796cc,8d8daeb9-5ad2-4c7e-b30a-c2349df6ba65,vehicle,1028000.0,271184.68,22087.35,9.92,59,46,2022-09-16,active
335bb939-95c6-4059-b631-988b93a6657e,8e3cfeef-c67c-42c9-8a2e-5fa4cdcd4b2e,personal,154000.0,101134.27,9074.37,13.87,19,7,2025-11-29,active
65bcd356-03c0-46f1-aae9-8b24581d3f10,a2dc808c-dcd6-4811-b308-c53968fce073,education,179000.0,93002.31,2608.44,9.43,99,57,2021-10-21,active
5a7f7972-6620-4c21-bf91-9a81e102e410,a8026ee5-ec09-4dcf-a022-34361080d759,home,6973000.0,2904280.78,67637.24,8.2,179,128,2015-12-22,active
90494518-4b51-4457-8593-1cc17d34cbbc,a492aeeb-1dc1-42f4-903a-d45f10a99c56,vehicle,1391000.0,318723.4,33430.73,10.53,52,42,2023-01-14,active
48660b84-59cb-444b-ba38-b034ccf48524,804f2175-6c71-4081-a95d-f168179ac31d,business,858000.0,341993.72,19716.94,11.14,56,37,2023-06-13,active
70f5b269-70dd-438c-b062-03457aed451f,25a7d06f-8558-4d43-a811-daf64caf6fd8,education,635000.0,437144.17,11055.64,9.85,78,30,2024-01-09,active
c08aac2c-b83a-40d4-a90f-c294bac88e01,62939e91-3526-431c-932f-97fa66b796a8,business,797000.0,630319.73,26075.86,12.52,37,9,2025-09-30,active
fffcf5be-c006-4f15-ba02-0d594bdbe544,963f26c5-d380-4b06-ae0b-b1d7ec4ebe4e,vehicle,1271000.0,578605.8,27767.64,10.07,58,35,2023-08-12,active
a44d66d2-e3ee-49d1-8b1f-9734b9bce0a1,e11cefdc-abab-4eda-9c70-2855d71f016b,home,7147000.0,5603356.03,61378.61,8.07,228,86,2019-06-04,active
596a06a5-b919-44ce-877a-25feafe91346,492f33dc-aaf4-4778-bb18-d2dd2b65578b,personal,233000.0,102545.53,12068.38,13.99,22,13,2025-06-02,active
77eaede8-bbe4-48fb-bd62-abe97dc97b28,ff358ee8-cf37-4886-b079-4da8b902fcf5,home,4200000.0,76926.85,38829.21,7.6,183,181,2011-08-15,active
e7471216-fad2-45fd-9c2c-835c4f51f367,fcc59bc4-88da-46b7-9aa4-358a73cbdc31,personal,55000.0,16459.1,1733.98,11.51,38,28,2024-03-09,active
549c8d9b-0fb7-45dd-83e4-b4a0ca18b39a,96d34d07-242f-4181-9478-e5ff421ce076,vehicle,757000.0,737823.13,14966.83,8.58,63,2,2026-04-28,active
d00c3658-171a-4082-ba11-7a663b7e19c3,af25f7fc-a437-4a63-9029-63acd9286f52,home,6978000.0,2424809.78,81085.18,9.02,139,105,2017-11-11,active
b5897b96-39e2-4ac0-a2f5-484943ed60df,6600bf17-4c25-4df1-9f12-364649f9ebd1,home,1976000.0,1512536.22,18918.55,9.49,222,95,2018-09-07,active
4570a020-f76b-4716-8f1b-1696720600d5,7faa3830-7e52-4bdd-802c-6520b974067d,personal,62000.0,59168.37,2221.35,15.77,35,2,2026-04-28,active
ae45b920-1c0a-4305-8599-5424c4448c17,86f64852-12ce-4aa0-81d5-063caa8b8820,home,2228000.0,2107181.48,20705.24,8.77,212,25,2024-06-07,active
22eb245f-0cda-449e-8ec7-3e9503b8b6a4,24c437a9-33dd-4587-a6e0-1b61a1bc39e1,personal,414000.0,262956.33,15402.29,13.12,32,13,2025-06-02,active
e9dcd098-46ff-41a7-9069-9e6013ed65d2,85873873-eb1d-4e0d-91b5-926f9b6c82f3,personal,307000.0,162059.31,10386.54,11.64,35,18,2025-01-03,active
61ec946b-e28f-4102-b0ce-11681cc3fcdf,7ef5c3be-33c6-4434-b039-9816d6b47d94,personal,144000.0,64727.59,3776.53,12.63,49,30,2024-01-09,active
edf73b9f-38e8-45f7-8db0-f0cd946af9b7,2e23d987-4636-4ba2-bb38-c577c6709a2d,business,472000.0,122047.5,10950.83,13.87,60,48,2022-07-18,active
87936173-c0e9-4e38-9b19-64e77baf92d4,c0173af3-ef78-4cf1-a402-409c1aae7caf,vehicle,585000.0,170761.05,10297.13,10.53,79,61,2021-06-23,active
3882b57e-d0f4-41ea-bb05-927f585af37c,3e775a07-8822-4dce-820e-e41dca37d6e4,business,1733000.0,137239.64,35062.99,10.49,65,61,2021-06-23,active
23a62861-ba14-4559-b1ba-bdfc1551e734,ace88392-405c-4d84-b354-1fedf4a012a6,vehicle,1565000.0,473155.98,29985.96,10.09,69,52,2022-03-20,active
4c50aa87-37ab-44df-8c7b-5169dbc333fb,e21d34f1-c84c-4220-ae0a-d77e60c25af7,business,3769000.0,2203465.63,92062.53,13.39,55,27,2024-04-08,active
b4d0f95b-d560-4eb4-bb67-836dbad6d3f2,a5708e96-c1f9-45f5-9edc-8a03d9fac265,business,2262000.0,1050149.15,52094.9,13.54,60,37,2023-06-13,active
c068cbe5-8e6d-430c-b971-ed10a371c08c,e6653fe6-241d-4d0f-9ece-125bd61437c4,home,7108000.0,5830207.48,65924.86,8.71,211,69,2020-10-26,active
a2a487f5-0b5c-4c04-8e41-60293fa7f4af,ad1a5b41-3d44-4a07-8153-9288404abf3a,personal,302000.0,288720.61,10057.31,13.73,37,2,2026-04-28,active
ff40d255-9c2e-44f5-810e-683a7604d276,e088bafa-5f7f-4a75-8d44-cfd7d2a766ed,personal,261000.0,75852.25,13232.86,15.85,23,17,2025-02-02,active
ebbf6810-3f76-4927-8c62-f6ac8fafdd8a,5d0f7512-7ee4-4ed5-a470-011cc1300ec3,vehicle,1642000.0,1027238.22,47335.48,9.86,41,17,2025-02-02,active
2ecfd38c-9701-417d-a29b-ab566c6ef27b,4c100f27-bd2c-43a1-8f63-5a43b6d27c0d,vehicle,1650000.0,1235181.77,46652.29,9.91,42,12,2025-07-02,active
c1afd75e-1ff2-44e7-8740-f3825e9dc129,a7dd9456-000e-459d-9950-c7f942e08987,home,3199000.0,2662094.37,30360.34,7.98,182,50,2022-05-19,active
f7cf8b98-d25d-4b58-894b-1aae39626000,6031afce-51ae-4aa2-9078-be2f79015a30,vehicle,459000.0,130162.37,7817.77,10.01,81,63,2021-04-24,active
862413ec-3c3d-43db-997a-c50576f50fc4,e8539b82-7cd3-4136-85af-46d747652747,home,5620000.0,2205388.34,62301.12,8.63,146,105,2017-11-11,active
54ebc64c-16a1-4222-b986-a81e2657ff45,70153dc9-f701-4244-926d-431ac5a49080,personal,68000.0,41240.61,1942.99,15.61,47,22,2024-09-05,active
0ae155c5-6358-4e08-afbb-6aa10333ba93,794ccb5a-388f-411e-a4c5-e47d5bf313c7,home,1729000.0,771895.22,18406.54,9.37,170,119,2016-09-17,active
a8cf7d75-522b-4481-9c6a-2a36e191cb10,3b2fada0-a2b4-4d3f-98a6-e3933948ce6e,personal,437000.0,357089.33,10647.41,11.93,53,12,2025-07-02,active
626fe220-04ac-4d87-bdae-a27e1a8a92c7,95c6fd68-b487-4fab-a79f-799b8cbc6eca,personal,463000.0,379849.44,12491.54,15.67,51,12,2025-07-02,active
77e60909-dc4d-49b8-bdc2-39ccedd913ab,f002a2d7-3623-4651-b499-70cd491313b2,home,4512000.0,4315696.8,47535.16,8.8,163,13,2025-06-02,active
aaf75aa3-0281-45ec-ac7d-16a4493858cb,e69e6432-574f-43ba-acac-2a9f9ea4539c,home,5645000.0,4531204.71,69716.57,8.65,122,34,2023-09-11,active
c9c45306-2252-4623-93fb-f894f31a5668,ab9520eb-6c3b-4f82-8076-2ea598be37c0,business,201000.0,161616.69,4363.96,12.47,63,16,2025-03-04,active
076ca096-271c-4cd9-8089-e982f269259a,726666de-75f8-4314-886e-a10f05b3720b,business,1041000.0,796202.25,24972.72,11.17,53,15,2025-04-03,active
1ec73fb1-8a9b-45bb-9673-f26694f00798,8b37c98c-b411-4731-a62f-2870a774bf89,education,1040000.0,534471.95,20627.47,9.21,64,35,2023-08-12,active
2fdf33f3-3615-4262-9ba0-dc8cc5a550f1,b180e2c9-db86-4c5a-8a18-802dfac0f716,home,5061000.0,3975930.0,46405.87,8.85,222,86,2019-06-04,active
62d79205-de37-4f09-90b1-5d867f079593,d12d9b51-8f9d-4531-8c0a-7609a23cfb3d,vehicle,1752000.0,409830.76,39262.84,10.61,57,46,2022-09-16,active
342147d1-5468-4282-97e4-af2cc2261836,c5510e11-50d7-4e17-9059-9287f59e6c0e,personal,454000.0,192194.93,33502.79,15.57,15,9,2025-09-30,active
725dc829-3152-421c-a062-486ed2f9f44f,0f99cd4e-5444-4fb9-958a-e006f5d3ef07,home,4763000.0,4059811.9,45609.45,8.74,197,53,2022-02-18,active
43e6ea3c-915e-430b-8c90-5991e47a7979,2479e74d-af58-48bd-b433-24d9a86b87a7,business,1261000.0,379908.93,39757.38,10.02,37,27,2024-04-08,active
50abb3a4-586e-4934-a9f1-5c87e84762db,fc42803a-61d1-44f5-ad14-70fdff8a10eb,vehicle,1972000.0,1525584.48,49355.35,10.18,49,13,2025-06-02,active
a4067277-dbb8-4ef0-a321-ddb0c51370bb,9c68ef9e-5e2a-43a3-9fdc-83cbdd1a6711,vehicle,978000.0,767848.34,17577.04,10.31,76,21,2024-10-05,active
ac93ece6-1ede-4c0e-af7a-bf71715bcbae,bb2c06f2-a93b-4ff9-8ea4-1b0187260615,vehicle,1087000.0,883944.74,21549.16,9.67,65,15,2025-04-03,active
e121d13d-468c-4a44-965f-673f49d1459f,357ba2f1-5e3b-49e2-a485-d107dc1666c2,vehicle,946000.0,896056.27,15858.15,9.77,82,6,2025-12-29,active
0e87c316-5208-49e7-bb0d-6d2ab47577bc,0c8f7d90-9e72-4fef-8d98-71aa2960ddd0,education,863000.0,822796.82,14718.17,9.46,79,5,2026-01-28,active
dda9edd4-3043-41c9-b6ec-e733605733f5,ead91449-adfb-435e-a4fb-13a917856325,vehicle,997000.0,912653.02,24818.59,9.9,49,5,2026-01-28,active
6620ce06-03f7-4c77-996b-976a14eab983,2dfef032-a88a-4fa2-8e9c-b3c7f63315cf,home,6482000.0,5363858.43,68247.9,8.73,162,45,2022-10-16,active
77c7e15c-4274-4646-a8da-b17e40c996d0,5d5e0d13-ae36-4813-9316-1adc496ecaac,personal,408000.0,333867.79,23019.45,14.15,20,4,2026-02-27,active
9505ca47-642e-44df-9fd6-f3d224b218f3,32219b26-dd65-4f2e-be8c-dc42f150abf4,vehicle,268000.0,124185.96,5359.9,10.48,66,40,2023-03-15,active
0feb59a5-a9cd-40d5-beea-59c918fcb12e,9d1c5e79-3b47-4490-96d1-659c1ce9bd8a,business,835000.0,159471.97,16768.21,11.08,67,57,2021-10-21,active
0672eb33-3804-4e5d-8242-c1e6d433003d,529a05d0-0eb2-43ab-85ea-0fde80ff2ccf,personal,391000.0,133561.98,10997.52,11.84,44,31,2023-12-10,active
8053b988-f032-4db7-a437-f737f22c5e43,4339d374-5692-4498-8ee4-847b93c1d7d9,personal,217000.0,76006.63,19607.56,15.21,12,8,2025-10-30,active
187f4796-ebd9-4795-9432-6d46d8d6254f,fcae8a28-6f0b-4ae0-aa94-630497c5255c,vehicle,225000.0,71905.96,6838.41,9.11,38,27,2024-04-08,active
f1b8be60-ae71-4212-ac40-7c9b151e6348,6dbeee42-96d3-4669-94f1-d313d2a62c0f,home,4313000.0,2183271.38,45077.8,8.77,165,105,2017-11-11,active
e45c7c21-a405-455d-b885-4f5394f12847,2b36a236-752c-49f9-9059-a61c685d3f6d,vehicle,1632000.0,1196786.79,34071.27,10.32,62,20,2024-11-04,active
c024529c-4798-46fc-bb65-1b9720475910,d098e78e-a45e-4435-8dc7-b8955ef54ba2,personal,170000.0,45899.35,4458.06,13.43,50,39,2023-04-14,active
49dc7505-930f-4866-861c-2a0dec1cf2e9,77fc4ab2-7838-443f-a0dc-a15e9602f219,personal,285000.0,13290.75,13466.85,15.9,25,24,2024-07-07,active
da7aa822-db76-4c43-8f60-ca697e4302f9,10554f21-b19a-462c-8ab0-5893805b3a7e,business,3461000.0,698091.86,62122.63,12.3,83,71,2020-08-27,active
b3fdc2b1-fe6f-4c9a-ac36-8e229e9b5f7b,ab15d52f-8209-4256-b998-b012305d22f8,business,4242000.0,2707941.18,83993.89,13.16,74,34,2023-09-11,active
2403025a-9f88-4581-b84b-fadf5d4fff1c,e777b67e-46a6-4817-957c-5b9c505917df,personal,368000.0,176841.11,11295.4,11.17,39,22,2024-09-05,active
5ceb33cb-2fdd-4306-a660-e7eb3b97e776,bb80d770-41d9-47a4-9c72-90677abd9569,vehicle,226000.0,5170.22,5213.27,9.99,54,53,2022-02-18,active
d90aeff4-06ef-4c72-bb21-cdd0c570f9b9,57b0a663-7e72-4c71-a229-a26198f7cf3b,business,886000.0,544602.86,19742.79,13.1,62,29,2024-02-08,active
14ed5a16-7cbf-4368-bacc-583c42fd0e6d,f517a61b-7285-4127-a9e2-95c39226df3c,personal,107000.0,43550.61,2415.6,12.11,59,39,2023-04-14,active
73226118-ada3-4647-b1d2-e7e6c0472016,c3542c19-2209-4032-b786-1580963b58ba,home,3358000.0,3009858.81,37086.49,7.7,136,21,2024-10-05,active
18ebcc4a-a917-431b-bf9f-ac51d5d6061f,1925ddf2-946a-4fc5-80fb-bceae374b694,business,4569000.0,1916404.44,106608.5,12.46,57,37,2023-06-13,active
584dfea5-fa0c-441a-a1e3-e5ff484b874f,55d7080a-30f7-4171-a410-b9c60eee7251,vehicle,610000.0,521589.07,18801.98,8.51,37,6,2025-12-29,active
2ad5c8d8-d728-4e20-a2e4-11ec7ffb5f11,0b7489c1-1505-4e69-bf15-e746d4f35364,home,3878000.0,3502365.52,36210.54,8.9,214,43,2022-12-15,active
311eb6d5-48c3-40f9-a3af-1dfa10ebff99,93a67d9d-49b4-4fd4-9539-158457d0031f,home,1948000.0,240940.35,19570.46,9.44,195,182,2011-07-16,active
9c815f79-c93f-4d95-80cb-48e546438d46,c022b42d-1162-46b9-a154-38f5c99a6c2e,vehicle,1890000.0,518589.64,42000.33,8.93,55,42,2023-01-14,active
ea6e7bc0-7bc8-4adb-92ad-8c94facdd71f,be8b74f4-deb6-4357-a07c-be391aef0bf2,home,3483000.0,1519942.1,35399.82,8.99,179,127,2016-01-21,active
0e2c034b-e3bb-48d3-b14c-ead4a924188e,345d2d88-8fdc-4e69-9544-e9e344820fcb,home,4350000.0,3908940.15,42504.14,8.55,184,34,2023-09-11,active
ec656b7e-ad48-4a6e-a552-2f4f6d4cf89e,c8e7e039-3d5b-4505-978a-08f56c4e2e18,home,4444000.0,4258978.9,43530.31,8.8,189,16,2025-03-04,active
28397eb9-3841-455a-a008-fe5268a2b634,b92aa21c-c621-424d-a8db-c6aad1f3b0ec,home,4600000.0,3367484.65,39533.22,8.08,228,101,2018-03-11,active
6ded6f71-d338-4f71-871d-2695d064417a,1d916097-195f-43a1-a04d-5c02530fb643,business,2045000.0,1433889.14,64220.8,13.95,40,14,2025-05-03,active
33713725-d391-4b90-80d2-c08925c59e7f,5589ef5e-91a1-4f6a-ab96-ea83ea69be67,business,1426000.0,796415.85,26255.04,11.48,77,41,2023-02-13,active
cafb6c5f-f5c6-47f8-8ba4-0a99870cf44c,5942e19a-4a43-42ea-8ccd-cd188afbb225,personal,491000.0,336260.57,12937.54,13.68,50,19,2024-12-04,active
547ced94-9d66-475a-82db-8fd4fa24b5b9,b7fed188-d24a-4899-9b50-bdd55987e99c,personal,389000.0,123904.24,14557.81,13.58,32,23,2024-08-06,active
88462153-97b2-4339-8707-4480e699b649,ea5dee22-447a-4ed0-a43f-2be2e8e53753,personal,171000.0,97812.7,5676.38,11.96,36,17,2025-02-02,active
04d3ccf0-fb83-4e71-8301-6ddfd4da2019,a21f5a75-9364-45fc-89d4-61297a0f63a9,education,1727000.0,1516793.94,23374.97,9.84,114,21,2024-10-05,active
f9726dbb-cfbc-4677-917a-830e50a6d98d,a7da6881-db29-46f0-90e2-8a18ee7380f2,home,6530000.0,6242463.04,80937.84,9.18,126,9,2025-09-30,active
e223cd59-b6ff-429b-bb9f-84f96b51d840,a9ac05a3-480e-4cf1-ad04-9673d6ec985d,business,875000.0,692113.66,25925.66,11.54,41,10,2025-08-31,active
7aa754c2-a516-4558-b579-f2233847e356,89565670-9c93-40c8-9981-fa6a06062551,home,3640000.0,1564965.48,39167.54,9.3,165,117,2016-11-16,active
df87a3db-f0be-45b6-b642-b245cf10e77b,93314f52-95cc-491e-9954-edf9f26145e5,business,2150000.0,444396.51,51735.51,11.32,53,44,2022-11-15,active
c31e4234-3110-416e-8177-65bad04d3373,97b65ead-2acb-4510-955c-136e4a701bdd,vehicle,1905000.0,245756.79,42080.06,9.32,56,50,2022-05-19,active
b797bf7f-0aa1-4644-9449-353f40cb3a21,9be042ee-cc0e-47dc-8653-de65e5fab0e0,personal,272000.0,173832.67,17091.81,15.96,18,7,2025-11-29,active
23c20d3e-40a2-412e-a9c8-eb7674e81383,41e59349-8bff-41b0-9345-a62bbbe959f2,personal,244000.0,84327.52,21568.54,11.03,12,8,2025-10-30,active
69afe91c-8498-4c7a-9f96-02751f9e4f35,866fba39-ba03-42b1-969a-9deed2a262c6,business,1820000.0,234915.44,40677.18,13.23,62,56,2021-11-20,active
24d0ddc5-43cc-4393-8fe3-0db2c712bb38,45c29d0a-c30a-4a6a-8017-6512b2b4f331,home,5625000.0,2965664.7,55175.05,7.64,165,99,2018-05-10,active
9b11c408-8ce4-4a83-b678-aecb788bed75,612a3075-b581-4b4f-97c3-2819e5bff477,personal,196000.0,107710.89,10383.09,11.88,21,10,2025-08-31,active
1ca3d146-aafa-49b4-af5d-db73e4ff2703,2bb25d0f-5d74-469c-80f6-d048d1020d3f,vehicle,668000.0,75187.25,12898.12,9.97,68,62,2021-05-24,active
e1d8ce0e-7577-4f2e-b351-a9ac6a1fecc8,6f8497d8-fa19-463a-b59e-3f98ce4fae46,vehicle,209000.0,96259.73,5200.97,9.0,48,28,2024-03-09,active
9642debc-89a7-46c4-b17c-364c69836425,e57e4cb9-3106-4945-89f0-a0b2a4f01054,vehicle,1997000.0,1206400.69,62737.11,9.78,37,16,2025-03-04,active
84b358d5-0c78-4f11-871d-fbe2781ff652,9a5faa33-f26b-4021-a941-88c1a0d60a15,vehicle,1677000.0,399801.78,51930.5,10.33,38,30,2024-01-09,active
f6fd4701-e23f-42e0-aaa7-9cbcc6c79f82,b3dd1b7c-470f-4d11-aecc-d4f26ddab3fb,home,2339000.0,1334495.72,24795.72,7.59,144,78,2020-01-30,active
49cc6b62-de35-4b4d-978e-fa910a225403,3c968368-a582-4498-a72e-80e0ebb0e464,vehicle,682000.0,325706.64,16937.9,9.78,49,28,2024-03-09,active
92acee00-3860-4262-9d68-691245bdca8d,c87729ea-a0ec-467d-8a03-d45354efad42,home,839000.0,812042.09,7553.99,8.17,208,14,2025-05-03,active
87558777-aa12-4b2e-8fbe-e2833930339a,409f0459-7bc2-4448-8314-3319d8e6cb83,personal,381000.0,80554.48,16562.76,11.15,26,21,2024-10-05,active
f5d159d9-0975-4f8a-ab51-f54070e7fb8b,32b09626-19bf-4e4b-9708-06bfce4bcc2d,business,1534000.0,45462.27,45873.32,10.85,40,39,2023-04-14,active
6960631d-d1d8-4c60-8b2e-fa55594617a3,f9f7f655-72c4-4ffb-ac3b-bbe6335b7ea8,home,6276000.0,2120540.39,55401.65,7.63,201,157,2013-08-04,active
93eb33c7-3df6-4f11-af6a-a2babf988b5d,d8de7a25-a827-40af-a5e4-e93fad98c9f2,personal,268000.0,224819.88,7511.73,15.39,48,10,2025-08-31,active
e456c924-3b50-406d-aa75-a1dbd3f9473a,18e7e874-1bd5-47d6-8624-de479d436455,vehicle,806000.0,667696.11,21510.21,9.89,45,9,2025-09-30,active
32975368-f59e-44a4-993a-04775dbba885,a3056dc7-328a-4d70-9073-f4b18fd605de,personal,225000.0,148198.2,9150.04,13.63,29,11,2025-08-01,active
b153a19e-9695-41c4-a8b6-f8142711676e,d0986458-b70d-4305-b376-8f9fa6a11f8e,home,817000.0,361708.03,8866.05,8.21,146,98,2018-06-09,active
8b421976-a760-43c1-b467-5ff84665669e,5736b024-1431-40f5-a242-14e4b695f813,business,2562000.0,2486186.09,54636.18,13.89,68,3,2026-03-29,active
2df777dc-c57c-46d4-ba33-59e256db92e1,03bf465d-5437-4f8e-b5ad-ba9ee2700684,business,2592000.0,50766.68,51350.92,13.81,76,75,2020-04-29,active
f65e1ac1-e030-4b1b-84ea-cc7e6b57285d,1987881a-4c7b-4884-b769-d87498f0629f,home,641000.0,6657.03,6705.13,8.67,163,162,2013-03-07,active
1cf40734-9576-4467-906f-44a5ff5e4443,c3de5cfe-5d32-43d3-ab66-b98c471b7a79,vehicle,281000.0,276004.95,5052.64,10.96,78,2,2026-04-28,active
616bd29f-fffe-48db-b4e5-7cdc25ee4e7c,e2bb00b3-452c-4713-98b8-42aa2817305b,home,5127000.0,4863686.09,52760.67,7.79,154,13,2025-06-02,active
7449185e-b4ec-4c8a-ad5c-3f0c758303bd,bc153995-1dee-4211-ac91-09b7c1d03644,vehicle,1945000.0,714586.68,43173.07,10.78,58,40,2023-03-15,active
534b6782-445f-4448-a57a-5f73d35a1a48,4e138d65-50b9-4123-81dd-f98f93d8624e,education,366000.0,354732.6,5397.69,8.56,93,4,2026-02-27,active
0c2e506e-26c0-469c-a2bb-267fbf2c3c1a,6a24ab01-06c3-4cee-ae10-76ad0d4db375,personal,430000.0,335094.2,22643.47,11.2,21,5,2026-01-28,active
cf60bc17-0592-488d-93a2-2231356d8d1b,8b27c9a2-fb3e-4957-98bc-367afd88b3df,personal,248000.0,36603.49,7567.01,13.36,41,36,2023-07-13,active
ac33580f-728b-41d0-8852-ffb9a60eedb4,e350ebd8-1edd-457d-a07c-dcb22f5bbba5,personal,213000.0,167157.46,7632.47,15.78,35,9,2025-09-30,active
746e0e3d-10d6-41fe-a794-ed81839a7eb5,314b0361-2599-4e10-b355-174eae47ac0f,business,520000.0,33528.09,11418.11,12.95,63,60,2021-07-23,active
636ff274-ef9d-4a3d-8853-c3d016a39bd1,6d5b4e36-06a4-4f1d-80de-a1aaec621eb8,business,3664000.0,1140591.97,92946.1,10.01,48,35,2023-08-12,active
0382b476-01a0-4940-85ef-f0c630be3e88,c7c9f791-f8b3-45ac-8690-8fa6b0885e40,business,820000.0,89598.94,15428.29,11.28,74,68,2020-11-25,active
9a79b557-95b9-4b3e-b20e-90286c860956,51ed01ec-304f-422d-b67b-99bd943375f4,vehicle,1453000.0,755285.85,33165.33,8.77,53,28,2024-03-09,active
f1f93633-9b54-4007-9a63-b1167a0d8155,d81d8592-1f67-477e-9b40-2e8a8227ba0a,home,5350000.0,1851937.22,56508.05,7.84,148,111,2017-05-15,active
5e8eaca8-e96d-4cdb-8f89-5d6eafe3c2e6,33b25de3-b248-462c-a8a4-5ee861ea127a,home,5321000.0,1196350.59,48892.46,8.6,212,185,2011-04-17,active
71b5344b-72d7-46f8-b835-c6be6e374483,609e6442-b02f-4419-a1f8-af7b1e5f1ee9,business,1544000.0,904175.33,32166.73,11.68,65,32,2023-11-10,active
9a22d80c-fe97-447f-a16f-8a9f497a48b9,a82ce5ff-ace7-4d55-a471-22aa6cff4560,home,4373000.0,838383.41,52788.81,9.2,132,115,2017-01-15,active
94a809b0-8822-4391-a361-323c349a59aa,233f3813-491d-4971-8977-384e6dc223f3,home,519000.0,85560.74,5054.62,7.86,171,153,2013-12-02,active
4989876c-9a18-4ca2-95cf-84ce6f9a85f2,15997414-b8c1-42c2-9852-310caaa15e1d,personal,485000.0,436377.35,11369.74,11.43,55,7,2025-11-29,active
2a2d9422-2a7f-45e5-bdd9-9356aa0ee4f4,e3e87f4b-1bae-4ee4-85e1-aa4c0022ddf0,education,1106000.0,1027631.08,14592.4,9.6,117,13,2025-06-02,active
e4c9de41-3c7a-436f-b953-947c60158dc3,304b6a39-8fc5-4eb0-a4d5-9734575dfa0c,personal,275000.0,159239.84,11034.53,14.89,30,14,2025-05-03,active
dcddb322-ca55-4edb-ae2a-61a845fc1a46,279a0493-8cac-4f47-a37f-a2950749eb2b,vehicle,1679000.0,1608125.29,30498.73,9.28,72,4,2026-02-27,active
0ec4f63d-22ad-42de-bcaf-71f8983be3b5,1dc86afd-7a51-4ed5-8ba8-237fdd2efd09,vehicle,1870000.0,130403.78,44109.19,8.83,51,48,2022-07-18,active
bd5fc0ad-60c0-445c-b5b2-a6372b367d15,cc3a5dfc-5f79-4d1d-8a7b-6177ba4f84a0,home,5403000.0,303583.61,61997.7,8.4,135,130,2015-10-23,active
25aef80d-fe31-435a-a40e-0e020ae3e65d,a4494d11-1124-46cd-8221-7fe6362a6397,vehicle,249000.0,171619.86,6743.0,10.71,45,16,2025-03-04,active
e75e23ad-c89b-42f9-ab05-7e6ee7997b91,7b7bfc16-f256-4c81-b891-952d0d19b550,personal,422000.0,29996.1,30275.56,11.18,15,14,2025-05-03,active
b416fc7d-4abc-411e-bff2-b1dfaf8463d9,b143a8f6-a656-4479-ac2c-ae0bcb8848a6,vehicle,971000.0,134150.78,23060.07,10.68,53,47,2022-08-17,active
c6cf42b1-be76-4159-bdbc-daacb09cc1f0,c3e4e75b-bc9f-4920-a3b2-c09b693fed96,business,3261000.0,201715.56,102459.18,12.68,39,37,2023-06-13,active
7c4deaa2-d2e8-48ce-aca1-4cf3b25e21af,770f78b4-266c-465b-8e74-823e4b823fb3,personal,260000.0,157644.43,8158.62,13.9,40,18,2025-01-03,active
abfdf3d7-eab9-4bde-bb5c-895703a5fd49,feccac14-f75a-4c35-a3e9-5e77472a915e,home,6433000.0,4322880.92,64588.26,8.49,173,82,2019-10-02,active
ec2d7632-c92a-4b84-a78f-d47465cf23fa,723872bd-3551-42f9-bdf9-def32ea68e54,home,4436000.0,2547636.36,41680.56,9.26,224,141,2014-11-27,active
2bbf4024-af6f-4b90-b017-1aebf33e04c6,e734b15f-e1b1-40d5-867c-95dec8b366c2,personal,358000.0,96418.31,11381.82,14.74,40,31,2023-12-10,active
bbdb5815-3862-4e97-a50d-d667c47eb7cf,1b18c027-993c-4bbe-8217-5259af4c6516,personal,209000.0,69101.92,14258.76,12.6,16,11,2025-08-01,active
e43ea9b3-96b9-40c7-a9a5-e0c2f5f2d542,32a5fe36-2563-4bf4-9b2e-c2e98f3ea5fd,home,4858000.0,478692.96,49758.43,8.52,167,157,2013-08-04,active
2b251cf1-0a94-4cc4-999a-747414b7c95d,ae9105e4-08dc-4fe5-9654-fc8d8377a624,business,3211000.0,744966.88,86833.23,11.62,46,37,2023-06-13,active
ed8e4f5d-8133-4210-b8cf-5410872ce3f4,ee7774fc-c8d9-4aab-934d-a06af067f78e,home,2477000.0,2046619.13,23905.79,8.39,185,54,2022-01-19,active
3ef538db-85b3-438b-b256-c8c14c4510d6,f55bd154-7f9e-4603-975b-ae4f0b78b61c,personal,438000.0,176560.48,36596.13,14.43,13,8,2025-10-30,active
ffb58de6-9ee8-4855-856a-d4b1adc00bb1,7bd0ea0b-6b32-4625-bcd4-6cb798a679ba,home,2283000.0,1899061.28,23550.23,8.86,171,48,2022-07-18,active
f1ee33d9-a7a7-474c-afc1-44ec86259249,c352caae-4958-4d8c-8d06-abe1361317a9,home,5237000.0,1774827.36,49177.7,8.71,205,163,2013-02-05,active
de7d2c24-478b-40d3-af6b-9ce479cfc589,1743364e-d781-40ea-9098-e30468eb2324,vehicle,1529000.0,1298582.29,29159.25,10.7,71,14,2025-05-03,active
e4fd7682-8d3a-4a55-8b4c-249cb89dd03f,b27642bd-f3e4-4301-88dd-afa33d37b78e,home,4753000.0,1943384.41,42860.61,8.58,221,166,2012-11-07,active
25227155-03dd-46b3-ae1c-dbadf9079dfd,6a0d1329-119f-4309-a3c8-942c62795f72,personal,345000.0,65114.5,7585.72,11.49,60,51,2022-04-19,active
6a87d151-bf94-472a-9cbb-a12818666da2,f011e412-4484-45a4-bbcd-c21b689b1de0,home,6563000.0,6521867.16,63704.38,9.16,203,3,2026-03-29,active
a9024896-1a23-4f98-b089-4ef840fa12c5,b5d985ba-0368-4597-8bdd-28ec43dcf00a,vehicle,898000.0,88423.65,15197.11,10.62,84,78,2020-01-30,active
b692b900-37e8-4bfd-92be-e57a73f8ee4a,1b489997-2774-46db-b387-b309bf6c3196,home,1388000.0,1111534.92,13882.71,8.67,178,58,2021-09-21,active
34d53b5f-01fc-4308-a592-d625d74f0dd9,a83ad44e-e838-404c-841c-8220484e1600,business,904000.0,577141.56,17184.87,10.58,71,31,2023-12-10,active
aa2b58e2-87d5-4f0f-bafe-d2f8b64da674,5c3c43c1-3aa0-413d-a8a1-b9c74d5245f5,personal,457000.0,183174.7,13408.84,14.31,44,29,2024-02-08,active
1c1f6b4a-b55d-4a51-97df-c049f7b4c1b0,a8215fe5-b4cf-4921-9dd2-0bd6c0d65bee,business,3116000.0,2508179.78,68150.32,13.69,65,17,2025-02-02,active
22d77d88-a728-4fc6-84c7-863f220c7ac2,794c76db-056d-44b8-83cd-5d4364b7c15a,business,412000.0,101369.98,8321.79,11.31,67,54,2022-01-19,active
b7d95caf-881c-4782-b158-644f5048a51c,d5b35acd-bcd3-4c2d-bcfd-1f2de1a5af1b,vehicle,1609000.0,1229695.72,40252.84,10.99,50,14,2025-05-03,active
65b446ad-ee98-43f9-aafc-d99172bbf358,abb62264-9e0a-42e5-b70b-41f4936a83ec,personal,361000.0,95355.98,32583.25,15.0,12,9,2025-09-30,active
5157e4b8-d7a4-467a-9008-e05f191a9443,ee988bd9-7b73-48f9-ac9e-30fa107d948c,home,1262000.0,906024.66,14660.0,9.18,141,57,2021-10-21,active
d9dc23c1-24f9-42f3-bbea-140f986b6132,c0579dad-9c2c-4781-b164-5f237c29ecdf,home,2970000.0,51933.1,26213.17,7.59,200,198,2010-03-23,active
5c0f0554-2ae7-478e-b817-0b38f41bf405,b8a8c29d-0f63-4399-819e-bc7b670275e0,home,5571000.0,2330381.8,66792.38,8.21,124,84,2019-08-03,active
35fa0acc-a4f0-4d35-9b60-a6630259accd,146df579-103f-4466-8f4a-068807ba79d4,home,4088000.0,230521.47,39418.04,8.85,197,191,2010-10-19,active
cb1a6d72-206f-44a2-b23f-a5dc37c5f229,18ae5990-00a9-45d7-a3f5-d337566e3ff8,home,2554000.0,2487832.24,22042.28,8.06,225,13,2025-06-02,active
16266a67-01dd-4822-8e54-e8998d094d37,22621e02-7142-46e1-9af0-063120df5c96,home,7864000.0,7387388.63,73136.38,7.92,188,21,2024-10-05,active
bca65c08-1e7a-4253-a469-238f7c1f1ca0,018990ba-1ee6-49ce-be9f-9487f55cfb86,home,2814000.0,358851.87,29141.23,9.4,181,168,2012-09-08,active
50ad1830-71a6-4784-9087-96b0c3fadfae,f4465cd9-8a0e-4b57-923e-dbf42105b632,vehicle,384000.0,20566.66,10422.88,10.84,45,43,2022-12-15,active
a94f937f-024a-4391-95a3-7f76059dac25,b77bef90-e61e-4922-8e5a-6bf69f371cfe,business,4284000.0,1841796.9,111974.62,11.6,48,30,2024-01-09,active
2d5dab23-929c-4e6d-95da-6465d83efb62,7fd7e2cd-1df3-4728-b03d-e2d118e5373d,home,5208000.0,1549224.31,54735.89,9.14,170,138,2015-02-25,active
9af2acb4-05f9-449e-b73c-2a7e0f4ec1a6,fdc34112-2829-49ce-aa9e-ab1f3eee023c,business,3770000.0,960561.01,74118.97,12.56,73,59,2021-08-22,active
d453c12a-5f3c-4ad5-b5b8-c737ea765710,0b469cf4-1d44-4eef-98a2-d4270b77e40e,business,2781000.0,1623284.79,75605.05,10.93,45,21,2024-10-05,active
e539d2be-dd08-4934-bce8-3ab8c4f637b9,588f5301-f8f5-498c-8614-f5506674d88d,vehicle,1330000.0,938681.28,28731.52,9.57,58,20,2024-11-04,active
1539f0b3-3bd6-4b88-bca0-8db4ac7aef98,e653a898-89dd-48f7-9f81-442bca18c7ee,home,7822000.0,7674501.22,77399.68,9.12,193,8,2025-10-30,active
03882448-c394-4533-82a3-d8660ca2e745,c9ccc493-b615-4049-bd1a-758fb45de35a,vehicle,1981000.0,1200001.86,40850.14,10.31,63,29,2024-02-08,active
02b10058-400a-461b-acb0-554c93c0877e,6917c744-4433-4b54-913f-c526c62b0b34,education,1647000.0,64059.22,32384.77,8.86,64,62,2021-05-24,active
44eec451-39d1-4aec-8919-48d9f04dbd14,e93a890d-8ad6-4076-8723-2cfd7b2b3624,home,2895000.0,489803.23,32605.21,9.02,147,131,2015-09-23,active
5b5dfb52-97c6-4ba5-a0a8-7cb0c46a0231,cacd5852-991b-48ed-bead-c7a74c575f8a,business,4369000.0,2202855.35,100364.82,12.33,58,33,2023-10-11,active
f96cc758-0004-4db7-9267-c004771b0be3,06f09bf3-7f9f-463c-87f0-9462405c986e,personal,368000.0,276766.02,19064.26,14.01,22,6,2025-12-29,active
79f8f7d5-b912-43ee-af21-891149b003cf,e8953dd4-7b98-4c7e-84dd-a3e6fc1005df,business,1321000.0,878579.65,26575.98,11.57,68,28,2024-03-09,active
7ae4cc62-cf1e-494b-892a-9ec0dd3fbce4,b79155d1-c327-4787-bb28-26870df12fbf,vehicle,446000.0,191060.31,12745.71,9.33,41,25,2024-06-07,active
c43a14de-9ddd-486e-8893-ba7c1a4cef0e,ddd4bed3-1623-4e28-baed-de1234d5bb55,vehicle,1391000.0,923909.33,23783.63,8.91,77,31,2023-12-10,active
33c8ba87-cde8-43f7-8bcf-bd5c0484233c,05b68040-0b98-41a5-8954-9925cdce17a5,home,2751000.0,1593481.3,29194.95,9.21,168,97,2018-07-09,active
6c161192-2add-4f15-9703-81d2a9d01ef9,e2297848-1e80-4b1e-9e78-9e430ed80e84,home,3102000.0,2569658.73,27273.98,8.01,214,65,2021-02-23,active
8a3a4012-291c-4026-bd33-e68aef139b01,8239a005-ca7f-414d-a6db-328f8a1b78ae,business,4026000.0,2595526.3,134192.68,13.79,37,15,2025-04-03,active
d2058775-d760-45b7-9812-3a76293e1898,b4fc1ccd-4be9-45a7-84d1-bb62836835b9,home,6460000.0,5478110.09,56958.16,8.44,228,67,2020-12-25,active
8b16931e-23ea-4bb3-9e90-67170823be79,f4c2c5ef-563d-4816-988f-4f0e22a6225a,personal,377000.0,127516.27,13627.67,14.72,34,24,2024-07-07,active
0f70bf8d-0734-43ce-a0c2-4ffb59055fea,c13a92fd-32be-4f88-b3ed-d87da9148392,business,3321000.0,2813177.92,62506.53,11.95,76,16,2025-03-04,active
17eab523-8fd2-4d86-bfe8-38956d551636,25315e0c-ec35-4036-946a-a41880e49078,business,2321000.0,1919593.51,51375.94,10.05,57,12,2025-07-02,active
a7b4a610-bc95-4589-a60e-57f08b64fbb7,833d09fc-5217-4045-83c6-a22e5ae721fa,vehicle,338000.0,22373.08,5695.48,8.74,78,74,2020-05-29,active
73236533-2622-4ac0-b925-6f5d390c4de8,fae9ebcb-306f-4a07-ba76-e45ea96b2742,business,3299000.0,2927171.67,81949.99,13.56,54,8,2025-10-30,active
ecd44550-ac87-4341-be0e-84025554dc48,ca892bb5-35e5-4649-a242-c139480d5657,home,6224000.0,3967766.71,53475.18,8.05,227,124,2016-04-20,active
7436b80b-8845-43ce-bcef-27aa0a54d219,32ef8a07-97ea-44f8-a3c2-95ea590a106c,personal,450000.0,31782.13,10841.3,13.95,57,54,2022-01-19,active
40cfe56b-2b3f-45f5-992e-89429489fead,473c4ab7-67a8-404b-994c-19bf87821e6f,business,3531000.0,1023868.8,73441.22,11.15,64,49,2022-06-18,active
e5e89821-a912-43b1-baeb-03999d06e882,4c38294c-0d52-48e2-b3f8-6777e3123bfd,education,1224000.0,536755.88,17249.13,9.72,106,70,2020-09-26,active
a528bc3f-a671-4e20-b203-ee2abc519d26,e7bbb474-a6c7-4211-81e7-22b5ade63058,personal,349000.0,15251.87,15453.45,15.86,27,26,2024-05-08,active
cab579d9-13bf-478f-a38e-273a63332bae,71b400bd-24ef-4318-8e3d-b8d896ae5320,vehicle,1661000.0,661472.48,34740.74,10.9,63,42,2023-01-14,active
bfdcb020-e268-4ab8-90e9-adec859d4c2c,7cc8bb08-3dd9-4cc8-af4e-62ebc6f40475,home,7496000.0,3121667.43,92106.49,8.65,123,84,2019-08-03,active
75163c00-2b64-4e75-8de4-31c6cb8831e1,f76d1e2f-79ee-45c1-9209-c72d88183679,business,3594000.0,2672251.43,93544.0,10.47,47,14,2025-05-03,active
bbf7d64b-14f6-4ed5-b173-86d9a9882233,355d37d7-1297-4595-8994-ad088b07700f,personal,254000.0,72359.33,14982.3,14.0,19,14,2025-05-03,active
e470169b-1fd7-4559-ae54-dd41192be18b,2a2930ec-a95c-4297-aed4-a9247a14ca51,education,886000.0,789000.0,10824.68,8.16,120,19,2024-12-04,active
d5ca37c0-4391-472a-91f1-c28f6671b8b0,8c128082-20c2-43a6-af22-b3cf875a8eac,education,1519000.0,1303104.14,19020.32,8.48,118,24,2024-07-07,active
ecd4c552-6c1b-4dd4-a731-a05043d1b17f,0bdf9f80-d247-42d6-a7dc-388ead1b2b1d,vehicle,1859000.0,1496657.26,51068.23,10.48,44,10,2025-08-31,active
86df4f89-5140-4dda-881d-988671818c98,482873cc-324e-4091-b3e9-63c25764ba0c,home,5742000.0,417696.82,61280.83,8.04,148,141,2014-11-27,active
884a3841-e52b-46f2-93cf-5eb7ea5ee25b,fc5a817b-fe01-42e1-b1df-dd2187d498c5,home,7247000.0,2569209.45,81640.4,8.95,146,110,2017-06-14,active
4177ef0e-8890-4b8b-9995-d14b6c0e0786,1a8d099b-e338-4c0e-b3b0-45203674b856,personal,451000.0,425764.84,13129.61,12.79,43,3,2026-03-29,active
a23a020d-1f0c-438b-b1f5-42f4bedb3eef,315379e2-4e90-4304-bc4f-056e42648fca,home,6982000.0,6179232.34,62137.61,7.64,198,40,2023-03-15,active
bb4c84dc-01de-4cff-b763-0fce6bb5fd53,49b924ff-9242-4151-b7d0-1c0c598ea547,business,1525000.0,1110979.09,32354.13,10.48,61,20,2024-11-04,active
c5bcb432-fdee-4b5c-beb7-c87af377edce,4dc184e4-1311-4a9f-a049-3e5846a050f3,home,1732000.0,926432.98,19253.71,9.05,151,91,2019-01-05,active
4c2f82a7-f87a-4cce-93e0-59d7d44af218,e0fe36d1-623f-4122-bd9c-2ce5c96a7e6b,home,2780000.0,1355065.63,29512.97,9.32,170,113,2017-03-16,active
fad7fdb0-661f-4024-8ed9-a5074ad3c89b,1b668b31-7229-44e0-837f-61a60a280371,vehicle,452000.0,398343.11,9721.96,10.53,60,9,2025-09-30,active
e4a17e83-4662-4a8a-b2b1-11b3f96d4dd6,baf9330d-4ac4-4397-8ea0-49453ef3a84f,personal,161000.0,129028.46,3552.14,11.64,60,15,2025-04-03,active
6498ecae-ea7f-4791-a9bc-6ad8b5c27646,e6f0e826-d202-43b5-9d80-422c9445ef48,home,4884000.0,1830656.21,43355.74,8.21,216,166,2012-11-07,active
e1bc9eac-6e86-4372-ad9d-65c471fef987,5093b511-5144-420e-b5af-77faa4daf9a6,personal,326000.0,78977.26,11768.19,12.78,33,26,2024-05-08,active
abf87613-46de-44a1-8e53-a49a81ab0859,5ae90bac-5d0d-4ebb-ae09-57485be07bbf,home,1870000.0,1512377.0,17110.7,8.38,207,69,2020-10-26,active
59296e20-e2a2-4ca6-8972-4e5882c2d399,24bd8ce6-900b-4f59-950a-6ae15f1a19e1,vehicle,738000.0,22086.49,22244.22,8.57,38,37,2023-06-13,active
68da86aa-f5c1-40ec-ae75-c59c9432befe,6f5d44e2-e19b-4f0a-890a-3aaba503da02,home,7796000.0,5961409.19,73628.66,9.1,215,89,2019-03-06,active
0934f426-9779-45a1-a78f-966c69a1bcde,7db020b9-ba75-4ee2-a248-5f1bf0b83d31,home,5915000.0,3834357.95,67337.7,9.16,146,71,2020-08-27,active
236d56cc-0160-46f0-93a4-19d7934c341f,f723ab2c-34da-458b-b185-05eb54c672da,business,4642000.0,2567674.19,118399.15,13.5,52,27,2024-04-08,active
81285518-cd9f-4f44-be9f-94bdae23b748,5e565346-71fe-4c1d-9071-e2b76f9aca18,personal,131000.0,126476.19,3575.8,12.14,46,2,2026-04-28,active
e920ba80-8e6c-4ff3-a7a5-9692dab84886,241f5b67-3ec0-4037-a244-549e9ce80ca3,home,6163000.0,2968376.87,64126.04,7.63,149,94,2018-10-07,active
fafb3aa4-20d8-4947-ad3b-ca755a267aea,43e3bf6d-fb9d-4616-ac28-fb9d23206951,home,5984000.0,1499698.77,51970.74,7.67,209,177,2011-12-13,active
64cc3939-ab1f-4733-9ba0-2b867caedd71,090f61a6-e5e6-4b90-84f3-94351e844e65,personal,311000.0,264079.02,14602.12,11.74,24,4,2026-02-27,active
34c34e7c-2224-4645-ae3f-55fbd9a067dc,61c7f19d-faf7-4bce-aea8-71ef2c0c77ee,home,5725000.0,2671033.82,53975.9,8.42,195,134,2015-06-25,active
df26f371-346c-4599-b875-f4d0d60a03cf,66dd66bc-8afd-4193-b3d6-88a38bb11c1c,personal,421000.0,18805.24,18982.63,11.32,25,24,2024-07-07,active
5f457080-dd17-4cb9-80b1-cfa6d3459b85,20ec6f73-a655-4ef3-b1cd-d264bcefe37e,home,605000.0,247667.75,6163.66,8.07,161,114,2017-02-14,active
f42ea8c5-1ec1-47f9-ae43-16e20927a31d,0561de86-e77a-4ec1-94d7-2eed78af4ff7,personal,246000.0,208378.47,15181.61,13.57,18,3,2026-03-29,active
083c9fb8-9ebf-4cc5-b2a4-ff5022c4a2e0,4c7407ed-672f-42f7-8a30-9861c546d568,business,4061000.0,3404596.69,78900.21,10.21,68,14,2025-05-03,active
43695929-2948-4c3b-8340-319d0e50152f,09db9041-b623-4ffd-ae97-7b8b26f0bbd8,vehicle,1165000.0,865728.52,27413.24,8.71,51,15,2025-04-03,active
649c0316-a755-4bb7-8219-bbadb6552f1a,25ae1a39-a362-4c23-89e6-b0423e409445,personal,196000.0,101979.19,13339.92,12.25,16,8,2025-10-30,active
08873caf-b715-4cbd-bf75-fcbf6d9a57bb,a917e8c2-3b84-472b-b4fa-ffcb9ec35746,personal,236000.0,228924.55,5786.43,11.52,52,2,2026-04-28,active
cec85d25-b56a-42d8-86a0-131ac5e0eab5,b8c498eb-acd4-4f55-87ef-95bfeed45520,business,2833000.0,2632911.22,55655.54,11.82,71,7,2025-11-29,active
4701057e-206f-4228-9b74-5d0ad11e9570,781a6e3b-50e7-4782-a7de-1b27f4d3b0dd,personal,232000.0,137171.55,6495.64,12.6,45,21,2024-10-05,active
f5e7dd2f-07b3-48c4-9e86-cdaa90f4aeb9,039e38a2-e861-4b08-a139-0292ae287b87,home,6207000.0,2606764.18,51664.73,7.61,227,166,2012-11-07,active
e24b5c34-6e8d-435a-be84-f05b386973ff,1afb2488-dd55-42f4-ab06-1816edbfc7ab,business,4222000.0,692448.59,119977.51,13.45,45,39,2023-04-14,active
3e41a006-e6f5-4e26-873d-8457c6e4af52,a9b902e6-9699-41b0-90a3-677b0149f46d,business,1373000.0,901412.59,23383.72,10.29,82,35,2023-08-12,active
e6279942-1dec-4ba4-b360-517c4c088ae4,dcfd6396-1151-4a64-951e-c61e034b386d,home,6073000.0,5808831.97,74284.47,8.31,121,8,2025-10-30,active
35272aad-79d4-46db-8026-3d89b8b4f50d,a56dcaf1-6996-4eb6-9885-620205f1f3ea,home,907000.0,616249.06,8760.92,8.36,184,87,2019-05-05,active
a366793b-e9c1-40b0-bcd8-62ebe9ae8b34,5a996597-c1a9-42eb-988c-af995e05f808,education,1414000.0,1363891.12,23945.73,9.82,81,4,2026-02-27,active
a3843489-f2d7-44ec-b5b6-15032367b3b2,8121c222-dd24-4aa3-b4ed-d2166477eced,business,4594000.0,3886094.09,126619.29,10.67,44,8,2025-10-30,active
1f378bee-a7c1-4245-939d-49cec8197be9,d748b3d0-373d-41ca-b521-0724aa1d01fa,home,6412000.0,3800022.54,77615.77,8.31,123,63,2021-04-24,active
37af6151-4f0c-46f8-b0ed-88df3a66b4e2,5ab4fd33-1e99-40ac-8379-98a716862044,home,2863000.0,177233.46,30244.16,8.14,152,146,2014-06-30,active
c7ec2639-1805-450a-b115-1604f46a86bb,b11e7339-a8df-47fe-a16a-5490d14e95a8,home,1216000.0,1038901.5,10577.79,8.3,230,65,2021-02-23,active
c2c6a284-aa10-4d5b-87c9-429d3a84c216,472ad561-d9f7-4426-9932-ed2a325e0060,home,6051000.0,4948876.44,66417.39,7.76,138,36,2023-07-13,active
7b320925-ec39-4832-94e0-6d82ec7270a8,4f6580cb-aaf5-4c00-a514-7c81c26c1374,home,736000.0,58083.71,7478.86,7.96,160,152,2014-01-01,active
7fe00084-136b-45d8-9b36-f14dc7cda4c1,13eac336-49ef-4ff0-88e2-30b6c3dc37b8,home,5486000.0,4929360.96,65198.07,8.24,126,19,2024-12-04,active
b1a8852f-55e5-4e01-b612-964f465718b3,94e844e3-56b0-4245-b3c6-ee1d1c413152,business,659000.0,619758.56,12544.09,12.96,78,7,2025-11-29,active
2f9650df-d21a-47c9-a9eb-3d3b3cb9e1a6,0f1768e2-1fcc-433c-ae48-03190ef1cda5,vehicle,405000.0,249652.53,9934.48,9.14,49,21,2024-10-05,active
3f9974f9-4409-4b9a-b89a-06422a78d415,6a33113a-79d6-4e0d-81ad-07e79b02e0e1,home,4819000.0,3742408.22,52057.76,7.96,144,46,2022-09-16,active
7c56a73f-2373-4664-8657-bd775247beb9,e0c34e42-6c42-489c-8400-f3b64480376b,personal,283000.0,186409.35,16823.23,14.98,19,7,2025-11-29,active
12e733a4-1c64-4134-a481-8ff7171aeafd,1114daf7-33f9-452f-8550-b40a6bb7c6ff,home,4983000.0,2404705.74,53704.45,9.16,162,107,2017-09-12,active
27272648-f010-40f0-a896-ecae78af0ed6,4b920b39-44cb-4259-b67a-70729d27f15d,business,1800000.0,640433.55,45958.53,11.22,49,34,2023-09-11,active
68e5589c-6ac1-4d31-8242-f1315002c7c4,50b5deb6-ad2e-4f7e-908d-018de99e8221,personal,398000.0,223269.86,15383.51,14.05,31,15,2025-04-03,active
f283a022-9b17-4878-872a-d719caf73607,1e622581-65a1-4803-9c89-d63351fd41c0,business,1032000.0,311345.96,20013.72,12.05,73,56,2021-11-20,active
4b415dab-38b2-46f8-b49e-cb735395ab76,ce444d9e-3f27-4716-9ec5-f0e3dd9eabb5,home,1804000.0,921127.32,22142.8,8.96,126,76,2020-03-30,active
52a4c6b1-c5e7-42ed-b765-c8c4237dfd69,bcf2e508-d2db-4222-bf3c-147f71ebce61,education,570000.0,149063.35,7692.29,8.91,108,87,2019-05-05,active
9f441f1b-9d8d-4d22-8d10-148b40a53def,7e35411d-bcc4-4f41-a5cb-74932b2af923,personal,457000.0,130897.17,19479.19,12.38,27,20,2024-11-04,active
54324983-27d2-4a46-91f1-0296cd46bc1e,fa4e2a62-86e5-4ffc-b29e-94fb162015c5,business,3200000.0,2280209.21,86437.61,12.49,47,16,2025-03-04,active
f0d1cdc7-9b15-4a05-8d71-e761ee0c7ee2,8dde33cc-89ea-4c2e-bd5c-67c13aeb120c,personal,426000.0,332496.72,27506.7,12.67,17,4,2026-02-27,active
a5be79f3-1e47-4e69-b726-1aada43d1332,54dabe53-3f75-4587-9685-0911d780d2ee,education,1965000.0,1098502.35,31088.65,8.74,85,44,2022-11-15,active
422408fa-2cb8-4425-8785-eeeccb3349f2,e7b06991-c8b9-4750-a3fc-19c9ef337943,personal,80000.0,36739.04,2409.18,14.82,43,26,2024-05-08,active
a8ee51ca-57d9-4206-af01-cb0799f5f25b,6d49d64e-14d9-4318-9012-95748f6dca8b,education,802000.0,110473.69,14318.35,9.74,75,67,2020-12-25,active
83e95459-5dfa-4163-8e76-c71efc5d00c7,8931f7f3-f61c-4e85-b124-4c321a513dd9,home,7371000.0,5357832.33,72347.61,8.1,173,70,2020-09-26,active
738dcb0d-5139-4e89-9763-f52ffc905dec,38d3432f-41f7-4429-9855-f62d141412e0,business,4965000.0,1294316.41,124235.11,11.0,50,39,2023-04-14,active
bb63f952-871b-4c8a-bf4f-008ce4c29b95,e4405079-ce8f-4bbf-b2c8-ad32ab8f3042,business,964000.0,41352.97,21015.94,13.11,64,62,2021-05-24,active
c2045c5e-b5a8-432e-af35-27d3ba3fd246,bedfb1b3-dba4-4701-a433-bed8f2d6cc6d,home,6235000.0,188815.3,63878.54,8.94,175,172,2012-05-11,active
b78eafb3-e71c-48a4-8a01-876b96768a06,7daa18e4-3300-4e84-8708-b6b6cbc33a2a,home,2063000.0,248121.69,20091.82,8.9,194,181,2011-08-15,active
455008d2-fe83-47df-8304-a7059dae5a7a,08656b0b-2ad7-4b91-b655-7f54484db737,vehicle,429000.0,7727.04,7795.94,10.7,76,75,2020-04-29,active
449e440d-86fe-4be8-87c9-e16ef568d632,db8115bf-c537-4aef-900f-aacfa979e119,personal,203000.0,148322.77,8594.55,11.77,27,8,2025-10-30,active
ff0f2f0e-b7df-4947-ad77-d7ff2baa6ae2,1d09fd86-fdb9-46b4-bf9b-9a2a3a460b56,vehicle,1473000.0,598330.91,31101.57,9.73,60,39,2023-04-14,active
0a0b51fa-6add-4a46-9840-bc902f5c9eea,2ccfb9a9-f955-47e7-bb5d-0e8ec7f319ee,home,1274000.0,159239.11,11926.27,7.66,180,166,2012-11-07,active
8e5d30a6-2388-419b-85fd-b758aef49bfc,b7cc4d82-c10e-4234-898b-1d701392dec0,business,3295000.0,896219.34,74616.48,13.8,62,49,2022-06-18,active
14acd289-53cb-4698-b0ec-d134d0667f32,c95a3c1a-9fd9-4460-b1ab-e5266381cb4a,business,4670000.0,1212362.88,107201.54,11.09,56,44,2022-11-15,active
6939daf6-d0a6-42fa-8cb7-00980288bd35,bf8121a9-1759-46ba-89cc-223bc9a5bb1d,home,4614000.0,3637502.58,46317.7,9.0,184,65,2021-02-23,active
9d707ea4-9fb9-49cd-bad0-29f68af478ee,ccd3dc00-6c08-4398-9057-5cf16e03eb41,business,325000.0,54817.72,9447.06,11.57,42,36,2023-07-13,active
7f0b385a-36d2-45c8-ac7c-fb892e1d003a,3aa827ed-29d0-479b-b7c2-c8bbf0c0436c,home,4741000.0,1442483.45,45723.03,8.78,195,159,2013-06-05,active
0abbf1c0-e2b9-4704-861c-9e44afef2517,2a270d4b-b9d4-498e-8e31-3477359cb1e5,business,4469000.0,3971661.17,91762.12,13.15,70,11,2025-08-01,active
7d0e9610-6406-4fde-b7a8-6c52c9bde068,f899069a-e8ed-43fb-a338-5aa115896548,business,1902000.0,720439.62,49184.63,12.7,50,34,2023-09-11,active
c6767a50-f0a9-46dc-baec-283b6530e64b,9a325cb6-3c42-4adc-80fd-cef4c6193815,home,3452000.0,3042156.1,31080.13,8.53,220,52,2022-03-20,active
c43e98ab-ea2f-4f48-b899-aaceded5a698,2bdfa89f-9b9a-4aa2-b7ca-8aac9949a9e9,business,624000.0,467238.08,15096.21,10.09,51,15,2025-04-03,active
09873032-9b9b-4444-9367-2671ef824819,a88a96d2-1bbc-49d5-9abf-9c745beb74b8,personal,221000.0,212804.53,6736.24,14.46,42,2,2026-04-28,active
9e690584-eeee-4aa5-99a1-73a8963f44ae,b580f77b-feac-4b5a-b794-02937f2bb254,vehicle,693000.0,140339.95,12309.41,9.56,75,63,2021-04-24,active
e1e34d74-dbef-4f14-84c5-420d561e7c63,600075ba-d716-4f28-a793-194eff08e249,education,1817000.0,1573483.99,37325.28,9.11,61,10,2025-08-31,active
c7f75cfe-22f4-40a2-bb90-e957b062f2ef,158e35d9-357a-40a1-91ec-fcd1964ee17b,personal,174000.0,142462.14,7867.45,11.59,25,5,2026-01-28,active
a6e79bdf-69cf-4bd3-9ff3-a9a03b10aefd,6cc7b086-6fd6-4f30-8c29-436f95ab4e9c,education,857000.0,439170.93,15524.56,9.18,72,40,2023-03-15,active
4f9d445d-ce2a-4198-b2d2-b38090229c7f,4db44a53-1e68-47d6-9d4f-bc6ae96c68df,vehicle,996000.0,636308.06,25370.63,9.31,47,19,2024-12-04,active
7333f2f0-7cfc-4959-a9d2-c956f16486aa,781135e3-eced-4fa9-baa9-f9b6f9828ac7,vehicle,1548000.0,861900.74,26726.58,8.91,76,39,2023-04-14,active
783c2f1b-cba2-4182-aa99-05d5173485e8,b2e3dd85-a57f-4efb-833d-c7fa71771805,home,3541000.0,1965042.78,32299.74,9.13,237,155,2013-10-03,active
304966f7-ba95-45b6-95e6-4f86a74b74c9,299464e0-196d-416f-b544-4c566a8e4d77,home,1540000.0,375175.44,13551.79,8.67,239,208,2009-05-27,active
a0822029-1e05-4c3b-b0b3-b9d0830caaf5,df6db2a1-5590-4ad2-9822-cab33fbf8e5d,business,4517000.0,2441227.14,147581.49,10.86,36,18,2025-01-03,active
fb4ec7a1-de94-40a8-b1ab-89fcdc36f126,efdaed82-86d3-46c5-a264-54aaca6bec1b,business,3392000.0,1296280.58,60080.36,10.44,78,54,2022-01-19,active
b01f29e1-364f-4c3c-9667-fd3c6a4f9020,7872870f-7e90-42d7-adfb-87cc8d697649,vehicle,890000.0,795689.13,20499.85,9.92,54,7,2025-11-29,active
b06ac1c2-dfe7-4b9b-92d9-01e73f92e139,dbb36242-31e6-4283-bc42-cb59f82f458f,personal,253000.0,56036.43,5893.46,11.13,55,45,2022-10-16,active
af332c74-c5f7-4377-8d17-10fda9991fe0,2b51d1d3-d3d6-4860-891c-1dac6c768183,vehicle,604000.0,524957.42,13076.05,9.05,57,9,2025-09-30,active
ba6b0448-0839-461d-b8d5-05fd146f86f4,ccaaa92b-cc8c-4d52-9db3-ceb972fc32f8,home,7669000.0,7332987.59,86473.75,7.84,133,9,2025-09-30,active
2969ed20-2164-475e-9441-1735d20f9ec7,4800343a-d02d-4d63-b30f-21167e1376bc,home,6321000.0,4172718.3,68797.41,8.64,151,71,2020-08-27,active
2061b84c-2d20-40f1-83a9-884e46a3f7bc,6b26132d-6b9f-4f3e-9d6a-47fc54b3ffae,vehicle,261000.0,185319.69,4159.62,8.7,84,30,2024-01-09,active
64d6877d-0a03-48f2-806b-38dcc6769061,8ef24fbe-c1f1-407b-8aa4-95259c77a25c,home,7790000.0,2833279.57,85240.5,8.45,147,109,2017-07-14,active
868d878a-61c4-4d27-92a9-4affc6aa1288,194569c1-87d2-4365-93a2-b5e8101c5153,vehicle,1382000.0,917263.58,35063.84,10.89,49,19,2024-12-04,active
00303760-8a88-4013-9ddf-92c2e71cb025,33a1c531-dd8e-4e6c-a4ec-6b8671568f8e,personal,95000.0,28863.69,7444.8,15.13,14,10,2025-08-31,active
0dbdede2-b7b8-4f23-885e-26bd17fd3b9d,781c48fe-5a21-42a7-89d5-a63cbf8e6b0b,business,1473000.0,1329767.46,25056.36,10.25,82,11,2025-08-01,active
4a921c6a-8ce6-4285-a668-4f3e902393c3,ecccab08-990d-4d60-bbda-efddede92d31,vehicle,1089000.0,732401.78,26428.24,8.59,49,18,2025-01-03,active
5914c54a-7b17-4db9-943d-d92c329fb65c,a732d3a6-8edb-4d97-b7bf-49447dba1e06,vehicle,364000.0,261498.61,7374.99,8.53,61,20,2024-11-04,active
fcbcc7eb-a593-4212-8fb5-cf4b6234c6d9,2fcfdfc5-7145-4381-b435-550409103e13,business,3610000.0,3456374.88,68080.28,12.63,78,5,2026-01-28,active
24efa657-5d79-4acd-a027-e79a1fc4cb49,168e4daa-7961-4315-93cf-d221b421717f,home,2837000.0,128769.32,26358.98,9.35,235,230,2007-08-06,active
b4e988ed-ba2c-490c-b19d-5afb5a915dd1,5507a536-7b73-4caa-90ec-af674f573d30,vehicle,471000.0,133066.9,8953.62,10.58,71,55,2021-12-20,active
60bc5ce7-de81-4b69-9731-5077fbd0cc6d,3f7bf7d6-9aac-408e-a84b-7ac21bbc68d9,vehicle,1866000.0,1772354.49,39876.42,10.79,61,4,2026-02-27,active
dd983dd9-ddec-4fcb-b0a0-45ab4e5367e0,6862cd27-bee3-4bb6-a608-d8bff1929fcd,vehicle,330000.0,209617.84,5936.71,10.01,75,33,2023-10-11,active
295b0a47-b6d9-496b-a9da-db7857bb76c3,25ea9389-29de-4714-8770-26e898cca530,home,1415000.0,1207255.23,13010.0,9.04,228,68,2020-11-25,active
00511754-2e83-4989-83f4-8b38aa19dae8,33473258-cecb-4c6f-8396-8269bd908caa,business,3765000.0,2783583.83,85492.55,11.21,57,18,2025-01-03,active
fa185ddb-ae2e-4029-a2fc-78301f9cea07,7faf8ff6-8300-44cb-b90d-fed25d1ec308,vehicle,1994000.0,1788388.5,49064.11,9.3,49,6,2025-12-29,active
b13aab02-4da9-461d-88dd-05524134f9ea,11b56bde-915f-4c2d-a8bd-b7c89041fd21,business,3538000.0,3059236.68,72789.49,13.94,72,14,2025-05-03,active
44c63a9c-115c-4b22-8bab-472f144e3914,8bf11c0c-8361-4d54-8100-a753cfbefb16,personal,473000.0,147740.82,12141.6,11.5,49,36,2023-07-13,active
f022a521-d1eb-41c6-97cb-a009169f7cce,d9e54c96-18ee-4831-a535-e508e4afd0ff,business,583000.0,492816.2,11636.41,10.4,66,13,2025-06-02,active
c9cd5476-8ef3-4ed1-9662-b7ff422e0e3c,a93cad6d-b31a-4e73-be57-c6cf8d5c776f,vehicle,409000.0,345763.66,11231.64,10.46,44,8,2025-10-30,active
1cd6a260-f16f-41ce-a471-40ff889f821e,d2c9be06-d065-47ef-93e8-b6eb2e086f05,personal,189000.0,105796.71,15929.53,15.98,13,6,2025-12-29,active
600f232c-9956-47a2-b6a7-3467bc87018d,82a0b208-21f4-47dc-a9e4-af599883168f,vehicle,1404000.0,44253.3,44581.51,8.9,36,35,2023-08-12,active
8acd7017-3e5e-4d82-a87a-088cb9199f83,386cf002-af8e-4113-891f-63c921b502c0,personal,345000.0,283637.41,13280.38,11.46,30,6,2025-12-29,active
64658881-347a-4076-b983-207825ba1cb0,ba4852aa-f2e6-4121-a599-6fcd1e261e23,vehicle,1027000.0,823433.25,17906.23,9.25,76,19,2024-12-04,active
415719d9-b43c-45b1-b6f6-1626c0090176,45078661-e1a8-4535-980b-1831f1d7189e,vehicle,1881000.0,1250655.01,55874.26,10.43,40,15,2025-04-03,active
b7b3a106-46ee-43bc-a6d7-4bb8dea5a833,269f930c-7082-44ce-bc8c-96375e6685b1,education,1005000.0,542078.61,15027.77,8.74,92,50,2022-05-19,active
4a2b4853-0597-4304-ac5d-5b04c16e5c90,be3f68df-64d3-4cca-b39a-6d4b3a4be535,personal,243000.0,74566.54,6123.15,11.36,50,37,2023-06-13,active
9cd65f90-c960-4ac4-bf82-ba9730458795,fb5dae2a-5160-4fcf-934e-429dc1ef0117,vehicle,343000.0,287198.05,6066.84,9.75,76,16,2025-03-04,active
fb0bacf2-3f58-4d1e-8483-3eaa79e5f0a1,7a256bed-40ab-4375-9840-db34f3b1359c,business,2019000.0,1546008.68,41602.99,14.0,72,23,2024-08-06,active
660310c1-233d-4232-a23f-8076e1aa19e3,1b9386ad-8494-4f82-8c2d-ad008c1d1452,home,1638000.0,1557500.12,16518.41,8.07,164,14,2025-05-03,active
7ba89896-b995-4743-a4ca-5078f408ec34,289f0d0a-e506-4f10-8abd-8ac9dcda469d,home,2281000.0,1828404.95,19418.73,8.17,237,86,2019-06-04,active
f6cfbfea-f4c2-45de-a575-88493fb7c175,4bf1d84a-8bf6-4d40-83a7-192419b11493,home,4976000.0,4183335.09,52427.48,9.43,175,49,2022-06-18,active
ed752493-d784-4c88-a3c1-30e4b363bb2c,f914a66c-3e3a-4e5c-b4aa-25ef87328bc7,personal,233000.0,143005.27,9921.65,15.07,28,12,2025-07-02,active
a85066fc-c8f7-4fef-aaff-2648585fded9,7493512e-098e-405f-9b54-2b78a3c03755,home,2924000.0,615435.8,27035.67,8.81,216,191,2010-10-19,active
99fb5ad0-d798-465e-90ec-212afd5550ba,8ed6e112-8493-49fe-9eab-49686152903f,personal,84000.0,40245.62,4739.69,14.16,20,11,2025-08-01,active
12deb7d2-24b6-404c-aaa7-df92bc0d1cb7,336e884c-3f76-4e00-a737-7c593d3fa903,personal,414000.0,183453.19,9842.59,13.33,57,36,2023-07-13,active
8efdcb75-de6e-48f9-ac18-bdcd139286ef,463f4dcd-364d-4410-a810-87645937feac,business,3145000.0,1246901.58,63480.15,12.1,69,47,2022-08-17,active
621a2b9a-bfee-4c9c-b3c6-b3c5f718596a,d49ebfe3-61df-4627-badf-65cd016445be,personal,322000.0,36439.56,9374.26,13.85,44,40,2023-03-15,active
4a776326-5d5a-4752-b754-f681d7c48890,52eb44f0-c44e-47c2-8b6f-8ac7680deb56,home,938000.0,45005.28,9175.29,7.71,167,162,2013-03-07,active
53fe5ce7-435b-4cc4-8ce2-c0b3b3301cdc,788d17c2-be4e-4b01-bc2b-e1e8c5cfb3d3,vehicle,813000.0,298688.39,16189.0,9.37,64,44,2022-11-15,active
0471eb44-6498-4100-9e50-9d55e1f19a1f,ea8e6b3b-8862-4364-bab1-077a85d58ee7,vehicle,575000.0,411982.16,12504.32,10.45,59,20,2024-11-04,active
f4ac12ac-687a-463d-bcf3-53db0e1d56ac,cf46b9a7-59b7-4850-8d77-86b7dde7b738,vehicle,1733000.0,1514246.26,44399.84,9.62,47,7,2025-11-29,active
a09610f6-003f-4ea5-948c-41340435f1be,d796bf5e-7c5c-4968-99e1-c978c456bbd2,business,2071000.0,1015857.11,59464.4,13.04,44,25,2024-06-07,active
0e6dc97c-8269-4952-ba3a-0835828f4c53,ad4089dd-4ff8-4e53-a15e-87066090adcc,personal,62000.0,8372.21,2160.5,15.37,36,32,2023-11-10,active
82da1e79-8214-44a9-a319-71e1d3b65d70,ac471fe8-c4ab-4539-b979-bdbe935592fd,home,821000.0,561485.55,9020.35,9.22,157,72,2020-07-28,active
c7960668-4749-4b9c-8108-0a2644aea94e,ecd2934d-1c48-4b93-ac96-cd3a9057a987,home,2169000.0,894321.65,19021.82,8.26,224,167,2012-10-08,active
5afb8a4d-1fbf-4eb1-b89c-1a818f3cbcf2,7ae684ae-58a0-4c23-982f-cd8dce165615,education,900000.0,63596.65,16182.37,8.52,71,67,2020-12-25,active
c763fe63-5847-4be1-a566-145b82464ef3,5e79754d-4235-420f-a329-65bde260aafd,personal,414000.0,143075.68,36593.87,11.02,12,8,2025-10-30,active
91cb461f-fd7f-457d-9ba5-284ebdeaa45d,38bd7a87-47cd-4628-9366-7fd8e28e5e10,business,3078000.0,2681985.48,55072.46,11.09,79,14,2025-05-03,active
be47e781-fa40-4a8a-bf1a-3b152fd15626,fef30155-a669-489f-b87c-43771ef23402,personal,291000.0,198262.77,26040.5,13.36,12,4,2026-02-27,active
00ff6adc-206f-48af-8abb-4ee1f4ca8c9a,c6a9894a-1e73-404e-98ed-46683d591f8a,home,5901000.0,4569401.16,67068.7,8.2,135,43,2022-12-15,active
2718da7d-38eb-40f3-8e3f-077f8db0ff59,1dfb4b78-0eed-433e-862d-85a2bed48078,home,1571000.0,1241184.01,17328.64,7.86,138,41,2023-02-13,active
09e5704f-f7dd-40be-8f27-6c378f08455d,b0d28c9e-b3b8-4011-b7ca-f203dd420fca,home,4520000.0,3912980.42,43587.79,8.15,180,41,2023-02-13,active
4ef57b91-693e-4764-9997-682b0f0718b5,fa6796c7-6f36-4fd1-a82a-27bae8ba6426,business,1918000.0,1061552.07,37166.45,12.36,74,40,2023-03-15,active
db737fe2-1af3-4e81-b1f9-cccc6f87c568,d0152718-cc8c-472b-b6f2-5103c8222d81,home,2547000.0,1355903.33,31553.39,8.95,124,72,2020-07-28,active
68a1b122-8b9d-4ead-bf11-29fd41e567af,709e682b-65ff-4f72-a9a4-7051f4de4576,personal,322000.0,243140.2,18713.62,12.14,19,5,2026-01-28,active
564e651e-0bdc-43fb-a493-34039524266f,aa1424cf-4eb2-46e6-bb77-c6e78b8c7d07,vehicle,1885000.0,161657.47,41274.26,10.17,58,54,2022-01-19,active
c0ba8bd4-1adc-4401-8643-02d7265beec5,8e886f54-70a9-4f20-9c65-81ac4c1dc717,vehicle,1594000.0,667850.16,39894.21,9.3,48,30,2024-01-09,active
73ffea19-a33e-4a5f-a497-304c1119a889,b5621607-d244-458f-a01f-dbf3bcb614e9,vehicle,497000.0,407073.19,8728.31,9.83,77,18,2025-01-03,active
6805ee8b-109f-48d9-bed1-bd639c79fcd1,3d9a56ec-be57-44ad-949c-558dbcd685eb,vehicle,214000.0,83055.06,4297.79,9.22,63,42,2023-01-14,active
01cc4285-40d1-4102-8c1b-e8f665d68eeb,7d77c926-73f8-43bd-a0d8-6efe08d3dbf5,business,3392000.0,3135471.04,70111.79,12.23,67,7,2025-11-29,active
954edf8c-d958-48c7-afdb-5f3d618b9150,9b9fdee3-f34e-47fe-a883-a538974c693e,business,2429000.0,825222.03,58799.18,10.12,51,36,2023-07-13,active
af46d743-09a3-459d-850a-d25421df87ef,ccf5dc45-dcf1-4189-a1b2-1282aa192535,home,1046000.0,511958.56,8905.49,8.1,234,161,2013-04-06,active
0c615e8d-4e38-4873-8ae9-a505a9885ab8,d4064ef6-633d-4c4c-9cd1-18541ce5cbad,home,7000000.0,5786882.85,59249.76,8.16,240,79,2019-12-31,active
e316725c-d1db-454c-bed2-2d16782b2191,c4627970-122f-4047-bd98-845882e86a9b,home,2997000.0,481046.69,25716.62,7.75,217,197,2010-04-22,active
a9019e3e-3a44-4430-bf3b-65635ec03f03,40b983e7-b996-4f0f-9a44-e694bce54832,business,4551000.0,1154723.17,82773.77,11.05,77,62,2021-05-24,active
60d61206-0672-4346-b0c1-27a1a10bbaad,644119a4-ed01-4eb5-8ce1-8b42a06c9bf0,business,4039000.0,1109330.27,99045.93,12.93,54,42,2023-01-14,active
f3781c57-4f32-41ca-b317-ab4610e431d2,a48fa551-9d90-4ba6-b6ff-b942b371c385,home,773000.0,510031.08,9235.89,8.78,130,59,2021-08-22,active
53acedb0-e70c-4d2e-b156-9e489a5e02d8,a001210c-d42e-4c40-b030-501e56b43ed2,home,2165000.0,396234.9,22362.93,8.5,164,145,2014-07-30,active
94f03851-8101-4f17-a898-099134923327,5e23e0ed-f2b9-4e50-a383-aefd0a1f0145,personal,486000.0,255752.7,12520.0,15.98,55,31,2023-12-10,active
0b5fd9e3-b75c-4310-abc9-dd35d84b8d6c,ceb1bc9e-b0f8-4f98-a6f7-5e5d096c8336,personal,398000.0,300994.07,9521.08,11.73,54,16,2025-03-04,active
fa31c8a0-dd2d-4409-bd37-2af1644f5187,1973b2e3-0f65-472c-905c-6e3b6f6940cb,vehicle,1317000.0,895273.96,22161.71,9.61,81,32,2023-11-10,active
4a882320-10b6-44d8-8a2c-8b5bcc3c812d,5b515691-367b-4a17-91fc-11f837291beb,vehicle,924000.0,416091.56,16440.88,8.53,72,44,2022-11-15,active
a57eb56e-bab5-4a5f-9c56-b0710150be4f,19b5dd99-baf8-42a1-9d90-f6fe334cd282,personal,481000.0,56276.82,14509.22,14.92,43,39,2023-04-14,active
a4e584b3-78f1-4cb9-a88a-a778a599edee,ba389ade-15fd-466c-9d2d-125980361aed,personal,364000.0,202668.98,30291.87,13.72,13,6,2025-12-29,active
3afae33e-27cc-4ef7-b5b9-6ce385f935d8,e097aeb2-8baf-41ac-a3bb-c976618a2f15,home,7211000.0,3228151.19,92010.66,9.17,120,79,2019-12-31,active
39f7196a-2cc1-45fa-a239-c1bf9fcc1a4c,7027f325-5acd-4fc8-b035-fb01b81ffc5d,education,1176000.0,794386.06,23710.0,9.38,63,24,2024-07-07,active
18c2ae0a-75cc-4a40-b436-f0391ecdf4b4,8a86c23b-1197-4d55-8ac9-581b09c45dc0,vehicle,1136000.0,391228.55,21240.64,9.57,70,50,2022-05-19,active
be33ebff-7f8c-4dec-8ffc-6e6aec378a06,a28c0cff-edea-41de-823a-01143c7c9462,home,864000.0,635786.41,8904.26,8.34,162,63,2021-04-24,active
83078c1e-a99b-48be-bf8c-cb2918c86056,f4b266d9-7542-4f91-871d-dd3695936057,home,6171000.0,5905227.25,62745.95,8.39,167,13,2025-06-02,active
c5b6d095-69f0-46ac-adf4-ce2863b4078b,4caad3e8-e2b8-4b00-9b53-3e5bf7fab0a9,home,2888000.0,2276080.24,28475.21,8.33,176,59,2021-08-22,active
ae4ba750-9419-4055-bbaa-8aa584d0a3fc,c503b8ec-2d28-41f6-afb1-2621dce4185b,personal,302000.0,129869.91,11656.98,13.94,31,19,2024-12-04,active
dfb2ac15-3743-4ead-bb3f-fe7d0d4bdc71,0b30c8d0-a27b-4886-85f9-9ffebd56a5ac,home,3183000.0,2451306.83,27930.34,7.54,201,73,2020-06-28,active
54a6b7f7-b05d-4e24-965c-fe7b571ff4db,392e8e61-f6b3-4052-9675-983f7b6bdca4,home,5922000.0,1653526.6,56543.18,8.73,198,165,2012-12-07,active
23febd46-a853-499d-b72b-1d2bf56412b8,b2824cf7-53d3-492e-b4ab-f7353bf97507,personal,229000.0,27008.08,9191.05,12.51,29,26,2024-05-08,active
3447a054-6862-4663-a884-b5d45e2898c9,b07ad5b8-7bdd-4499-b0fb-2c1b00180bc0,vehicle,1747000.0,1684866.54,44500.49,9.31,47,2,2026-04-28,active
516e2d16-7d73-4bdc-9eb3-dcfa15bf93d7,b587c979-eb1e-42e7-9abb-57bec03558c2,business,3441000.0,2435141.99,88138.29,12.98,51,18,2025-01-03,active
359c38a0-f34e-44d3-9f81-d9fe001ba4c3,662739f2-f0d9-4a7c-997b-7368f492b4d9,home,2761000.0,2155918.65,35020.02,9.03,120,37,2023-06-13,active
53950169-f0e6-4bd5-8b0f-c36e390c56d2,59af14f6-8872-44b5-a280-f04444398165,home,5821000.0,3403962.57,58580.05,7.72,159,86,2019-06-04,active
878b13ba-f0e0-477a-a254-e0222b149df6,90a4b488-142d-460c-95a7-bba214e641be,home,7567000.0,4909914.76,77581.39,8.7,170,85,2019-07-04,active
4a5f5b12-7722-4355-9fbf-d72fabe97fc1,6053e4d9-5d5c-47bb-a28c-a220b7bfd740,business,1714000.0,582967.45,42420.86,13.38,54,39,2023-04-14,active
1bb5b080-d894-43f2-a875-d877d9234ed4,95060901-1395-4a6a-a322-6ad042f7d7f3,vehicle,892000.0,274730.85,17388.11,9.91,67,50,2022-05-19,active
d38b7c45-f9c1-424a-8a7a-2e4ecac5477e,9a25d998-3539-47a3-b68c-8d2ead002998,home,2582000.0,1935970.81,26268.26,8.4,167,63,2021-04-24,active
ab73c47f-9a02-462d-bda0-9e0e1053d1d5,f70eadd1-4e66-4210-9379-0c0b92ec37ff,education,505000.0,324889.5,6914.91,8.29,102,45,2022-10-16,active
9bc90305-17e8-46d2-833e-917f4c058504,84f6f8d2-1076-4df7-bae9-213a26402b24,business,1597000.0,1409707.47,44111.29,13.72,47,7,2025-11-29,active
7c74442e-6a9b-4258-aace-aca60c850b00,f12b7c2a-d2fc-4bba-a318-a961be7a8b5e,home,4534000.0,3239724.85,38509.13,7.78,223,101,2018-03-11,active
52fb6fd9-508a-4da4-a5b1-f5016f67da54,b0e42190-1e96-4b00-87a2-550b20f043bf,home,2597000.0,1419488.69,23774.91,9.16,236,156,2013-09-03,active
33ea1928-a2dd-4355-97d7-98fdee9a6f94,1ce62a6c-bd0d-4750-898e-adb6aae32afc,personal,133000.0,120726.43,3254.21,14.09,56,7,2025-11-29,active
68afa287-c809-4c55-a8cb-7c627abbfcb4,9aec438f-06b5-443f-b85d-de5602857fe6,personal,95000.0,32495.6,3851.84,15.76,30,21,2024-10-05,active
6f25b33a-f9ac-4d2d-85af-ef68a7a0e3e4,f98fe010-ef6b-4f3c-866d-219db56aebdc,home,1483000.0,502532.79,14937.52,7.67,158,120,2016-08-18,active
cf87c611-b3f4-4b15-ae56-e195f3958943,16c2b990-30c2-49f5-928f-fc57bb1a72e6,personal,396000.0,218346.31,23135.98,12.8,19,9,2025-09-30,active
7f355a31-62bf-4c93-aa6e-68fbc82b7a48,6657a0e8-59f7-4fcf-97fc-cfd11b40416c,personal,455000.0,60445.21,15555.24,14.02,36,32,2023-11-10,active
c6dff6ad-1ba7-46b5-97f6-3d7ec457d4f0,24c5b1e1-e71e-492e-9dbb-e8aa2b47e3a4,vehicle,1702000.0,1473581.87,34913.21,9.05,61,10,2025-08-31,active
6e196f15-9443-409f-a05a-86c13aedb666,0b4050f0-0534-413e-ac39-454579220417,vehicle,1553000.0,1105629.1,37843.34,8.8,49,16,2025-03-04,active
4eb878fd-8304-479c-9dc0-0acfa80b9bb7,ea82c88a-776c-469d-9fd8-f3cee4b3ab49,personal,275000.0,31024.76,10577.92,13.66,31,28,2024-03-09,active
c94b1c64-3aef-4573-b4bb-2ca94f18445e,65751a20-873b-4570-a97e-b4482466aba7,personal,133000.0,20258.88,10295.48,13.09,14,12,2025-07-02,active
4c4d58bc-5564-4d8c-bcbb-a9b29a80a9ae,276d2e2e-1666-41b2-a67c-d9daa619ed9b,business,710000.0,538737.5,18040.82,12.57,51,15,2025-04-03,active
f2c754c5-f0b4-4d29-935d-075834fd6654,1531390c-6a57-482d-8420-2ed5bbae29f4,personal,152000.0,37518.18,3986.79,13.44,50,40,2023-03-15,active
ae963080-c036-43ff-9d78-d588d10ba6da,ed4b5183-f826-46cb-ac97-4ce5a7964f8b,home,936000.0,442323.7,11170.27,7.87,122,76,2020-03-30,active
0dc8b468-a26a-4395-aaba-543ee33de2d7,bfa02847-2914-453b-ad5d-4983bdfc1d6f,business,2265000.0,237547.58,48773.5,10.58,60,55,2021-12-20,active
caabd34d-3169-4d71-a495-8336669403ef,a412a255-8dc0-4a23-acba-64b4dfaca1fb,home,5867000.0,3189687.62,52670.65,8.06,206,128,2015-12-22,active
6138af4c-292a-44c8-84fa-48051618f950,503c7b93-54bc-481b-a5f8-15d365a76749,home,6050000.0,4021132.58,65597.83,9.44,165,81,2019-11-01,active
17993712-8465-41ba-a6f3-b465f1615606,14379c58-b8ff-4372-9e71-c66ef1c7272d,home,3871000.0,3503527.08,37797.11,9.12,199,38,2023-05-14,active
ae78feb1-5061-47ae-aeeb-f3915d00f0bf,4c986dc2-30df-4d40-b8ec-1cd799a5cbf2,home,2642000.0,267358.21,23280.56,8.19,219,207,2009-06-26,active
136f83c5-bac7-4fbc-bae3-da9fac5229b4,062bbdf8-26dc-48c2-bc0b-a616cd63ccb8,education,360000.0,131774.11,6209.03,8.17,74,51,2022-04-19,active
e26012bf-5bb6-4b79-a2ca-ccd69a4f0ab5,0e81ec10-dfad-42dc-99cb-fea6b466b311,business,2450000.0,1350275.14,50202.84,13.07,70,38,2023-05-14,active
a76d5b47-c598-4769-87b6-15c595d8a498,b7bdabe9-bd9f-4543-a7e8-63182d03d6c3,personal,180000.0,137871.67,4144.97,12.44,58,17,2025-02-02,active
3e513185-712c-4bbc-8e62-a3cee3ac243e,7a59377e-da60-41c0-85ad-2eccec5d4b3e,personal,402000.0,136688.21,23725.34,14.07,19,13,2025-06-02,active
f852f26a-c5b4-46c7-9826-829a196b1a97,685ca42e-d0c0-4662-b058-4f28b7599a12,home,5107000.0,4888302.03,42099.12,7.71,236,22,2024-09-05,active
4ade84f0-0ae4-4434-ab2c-7b46460167a7,0efb643c-ca29-4c7b-97bb-0c13de6477e0,business,4875000.0,1589570.86,109396.43,13.88,63,47,2022-08-17,active
0482e2f0-1c34-4e61-b51b-4c244cdb9c57,95d627ff-be23-4008-b017-a22f9ac89a7d,personal,76000.0,3752.33,3797.01,14.29,23,22,2024-09-05,active
830c29cd-40c6-40b6-aae8-e1cf8f86d14c,2a719a6b-7a7a-4e7c-b304-36e7893fe279,vehicle,953000.0,148174.17,25316.64,8.57,44,38,2023-05-14,active
a3aa736c-1f6f-4851-8e4c-16f94f6e70ea,405e66ea-f4f7-44e6-b2d6-b25b5f4822a6,home,1149000.0,679018.54,10763.51,8.8,209,124,2016-04-20,active
78602f09-2267-43fc-80e3-7d161791d0dd,249b8457-e211-4874-880c-67070274070b,personal,233000.0,77842.18,16156.69,14.99,16,11,2025-08-01,active
89ab3287-805a-4100-bb4f-3b3c463997d0,e053d6a3-40f5-4fb2-ba16-fe3b783684f0,home,1490000.0,1045918.43,18026.71,8.85,128,52,2022-03-20,active
6e4423c1-8b9b-44bc-96e2-bdec94a2900d,ecabf833-04a6-4d4b-810e-a3f994ce6013,personal,296000.0,68242.44,8889.85,11.12,40,32,2023-11-10,active
42dedc39-8ead-414f-8be3-7c8915b73d1a,4c13393a-5e5e-4ac0-af2f-d5f7d20c59f0,personal,142000.0,103724.34,6005.97,11.68,27,8,2025-10-30,active
79de2308-a833-4882-9718-b494906c01c9,553ba401-8eb5-4236-9324-071ed9d2ac88,business,791000.0,729185.27,18174.87,12.34,58,6,2025-12-29,active
5f4b5d4b-2f28-4767-9090-46b60130b4c2,aa110431-267b-4285-a36e-33e4ee4f2333,vehicle,881000.0,507969.0,15600.61,9.79,76,38,2023-05-14,active
195f09b6-9f93-4d2b-9ecd-2b73fc92f7cd,0c879953-5987-4899-833c-9ae5ab42d6fc,business,1965000.0,1752078.68,51746.87,13.65,50,7,2025-11-29,active
1374a12d-1cc3-4ede-9a82-bfe7144bd2f2,9e582934-fef9-4d1f-8a9c-c6e3f6f5d449,home,6844000.0,6724804.11,62996.49,8.12,197,7,2025-11-29,active
c9fbe5e2-dc4c-4393-aa57-5c2e2b3a7194,931627f9-04be-4b96-ab7c-1fa1cfa10ef8,home,7542000.0,4119659.71,81111.48,8.41,151,88,2019-04-05,active
7f8af175-c979-457a-8774-bbad39d9689d,df74267e-4fdc-41c8-996f-c5e76ea7ecfa,business,1379000.0,1134872.95,24453.88,12.15,84,21,2024-10-05,active
20013097-7227-49c0-a1a3-745a38c68f45,d081a5ff-e28a-43e2-b220-0bd9cec31fe8,vehicle,1465000.0,859684.47,42542.9,9.02,40,18,2025-01-03,active
2814e110-d7c3-44fe-92a2-287547c0e48c,3e99b9f2-2e84-4e0f-b984-191bf6236731,personal,320000.0,183123.46,8163.55,13.51,52,26,2024-05-08,active
1e50647d-18c6-4860-9c06-bc16efc6e64b,7b2dcccc-3306-4b67-9be0-c659f51f23af,personal,144000.0,25364.49,4411.38,14.77,42,36,2023-07-13,active
e5065d64-c4cd-4fb8-b760-4e8e2fdcf5dd,e8cec64e-6cbe-4c57-8545-c01149693447,business,696000.0,157194.12,12970.53,12.21,78,65,2021-02-23,active
07fbb3ce-5e0b-4f65-95d8-8ba6f4c3d4ea,0341005d-8a3c-42a4-8bef-934de04f3344,personal,307000.0,22527.63,11482.24,15.48,33,31,2023-12-10,active
34b0a95e-045b-419a-969d-e627a4067302,224bfd99-0627-4f83-9cfd-5b08a00d1769,personal,69000.0,62067.65,4300.98,14.89,18,2,2026-04-28,active
36103e29-a77e-4a0b-a276-c681a2702c38,2acc8dce-8a43-4fdf-b241-ca41f73d3639,vehicle,1647000.0,759035.85,43448.62,10.25,46,27,2024-04-08,active
bc6c6471-23ce-4390-96fc-7907827d728b,7ee031fa-0b73-4c73-beac-3fb7bf2146d5,home,3733000.0,3294311.57,34328.97,9.09,230,58,2021-09-21,active
3a736ee0-fea6-430a-aa40-cb69cb4ec946,34f830b7-7830-4861-bd00-692cc0d5f249,vehicle,864000.0,536997.81,22988.11,9.72,45,19,2024-12-04,active
58420d29-0a1f-4ada-849e-d7afc671bd97,4601917b-b7b8-458d-ba62-acaf9a44bdaf,home,3091000.0,1971399.56,29209.72,9.32,223,127,2016-01-21,active
2b5fb3d4-f949-4f6c-867f-74ac46da6371,82d6c198-ac2d-4922-8c98-f9436815eafd,education,794000.0,376374.62,12517.88,8.63,85,51,2022-04-19,active
a670684f-b9c7-4cbc-9e00-7790c610507d,c5cc1a46-7591-4c53-a233-0d1127009d22,business,4892000.0,1988893.83,121397.71,12.12,52,34,2023-09-11,active
44944831-cf6f-40ce-bf2f-135aad3bd030,8c16edf0-a50e-4693-9642-290a929207ad,personal,242000.0,24328.63,12353.03,12.39,22,20,2024-11-04,active
e9246129-2e2f-4dcd-86ec-d36a4fbe6eae,bf99aef2-d7f6-417f-852f-c85ae45c0d02,home,3257000.0,947962.16,35859.23,7.54,135,106,2017-10-12,active
8ac64001-041f-46f9-b75f-7102fb6fbec5,b5bca526-477e-42ee-8e67-cfb00cc60b93,business,1712000.0,793237.61,37455.39,12.31,62,38,2023-05-14,active
1eebae7e-2637-4a7b-8c4a-641004332751,72a45e78-cc0e-44cb-8e41-c02b4d3a4880,personal,222000.0,188216.23,8282.57,15.29,33,6,2025-12-29,active
04579ce6-c92a-4ee1-a24d-8c4b780ad7cd,bff472aa-47e6-4665-ab3b-fa812196f352,vehicle,298000.0,70762.68,6234.67,10.41,62,50,2022-05-19,active
560e1268-1638-410a-baec-dbe27fd2132b,11057eb4-f9e6-495b-88a3-2066177b5911,personal,238000.0,160985.67,6825.57,11.9,43,16,2025-03-04,active
51076700-8ff1-4632-8fad-0e7d20133dec,af8ed5d1-0c4c-4395-9366-08685a7bf6da,business,3570000.0,2487569.58,67439.55,11.76,75,29,2024-02-08,active
b409f882-8248-4444-be5e-f352898ad6b3,61e1e530-c1a7-401c-9945-63c623fb3d93,home,7080000.0,6554720.93,59319.93,7.78,230,35,2023-08-12,active
a145c6b7-b111-4785-87be-be8a622a6b78,0b981d9d-9f2e-4de0-983f-28c3df6b4314,personal,186000.0,180849.93,4554.61,12.86,54,2,2026-04-28,active
c6ad506b-68ae-4f95-ad87-b2c1c70e40e4,49f64771-7bdb-4293-b09b-a9734020edd8,home,6406000.0,2265185.95,70642.49,9.29,157,120,2016-08-18,active
c8b99f1e-f456-4856-91a9-e7bb0adade22,dc9a9a06-c8d8-46fd-a651-9d435dd163ba,personal,436000.0,100515.59,10723.97,14.34,56,46,2022-09-16,active
880451db-2653-4b2e-9503-f13cbac594e0,4b0fc0fb-17fc-4f2e-b3c4-b23527e537b0,home,7330000.0,3686532.77,73550.76,8.95,183,120,2016-08-18,active
b08651f2-e0e6-4008-8953-edfba8aa08fc,1443790d-3fc0-4e00-bc08-9222cf774177,vehicle,446000.0,259500.54,12524.34,10.66,43,20,2024-11-04,active
b7450a53-cffd-4d6e-9150-cbf84f817d99,30595384-96d8-4afc-88c5-e4672765e56e,business,449000.0,28264.94,14323.72,10.81,37,35,2023-08-12,active
7577a22f-80f5-4945-898a-4292f80adf5d,01442f50-89e5-45e8-a7a4-aeeed78ccab6,home,2695000.0,2412401.57,26367.59,8.86,191,38,2023-05-14,active
bc7de274-7d81-4b95-a0bf-d2129fd5138d,eb15b9e5-b745-4434-8fdb-3c3b51a72f8d,vehicle,548000.0,432386.2,9763.75,10.33,77,21,2024-10-05,active
d35fa0f6-30a3-43e1-a725-72ee0fd3a658,4601af59-6eb6-44d2-ab33-c6c146d27f16,business,4647000.0,2695691.61,86670.47,12.81,80,42,2023-01-14,active
1ef29b54-7dc1-43d2-ba4e-546fb9f3e98d,1a41f5b0-5b5e-4712-a09e-a8bdcdee03de,home,7419000.0,3838976.13,71790.82,8.3,182,115,2017-01-15,active
3f89493e-5615-4ac1-bf62-bfc19ff99ec0,723fb641-f11a-462e-9b13-bf95888396fe,home,1978000.0,1778467.9,17865.05,7.94,200,37,2023-06-13,active
156743bb-48ac-455a-8b45-b0c0767c4daa,f00a329f-71ce-489e-bae7-76513738b82d,vehicle,1611000.0,1575657.96,30448.56,9.57,69,2,2026-04-28,active
acf52878-8ca5-4a17-83e0-7add83293dc0,c15593d8-1520-4102-9cae-eb578bf01b00,home,7913000.0,7332431.24,72421.65,9.09,233,40,2023-03-15,active
8d0cce8a-0685-4754-8a97-ae05db5e569f,40b79ad7-1aec-4081-abdd-ff5dbe4b74e4,home,7619000.0,2679808.14,94854.62,9.28,126,94,2018-10-07,active
5ad6b5c9-5c7b-4760-8d52-987095f50864,8ee880ed-680d-444f-92cb-58fe3494ce4d,business,1602000.0,1138583.36,37912.49,10.51,53,18,2025-01-03,active
30c416b9-a1ce-4c4a-b8da-6fd9fbb34d2a,22f4ad41-417c-4d83-8cbe-394887de30a5,business,4374000.0,3232870.05,110827.51,10.82,49,15,2025-04-03,active
eab25f1e-9923-4cd1-a823-02160b1e1fe2,dd68a821-806e-40dd-9fa7-29f209838b3a,personal,253000.0,87630.3,6776.06,12.91,48,34,2023-09-11,active
ec33001b-dc70-4059-9676-74c67027abd4,ebe6a082-633d-4a12-8b04-27d5d6e72769,home,7830000.0,3699490.04,76275.69,8.71,189,129,2015-11-22,active
e0c873c8-1dff-46f6-91dd-40b5a2cb1d3c,53f76577-507e-43be-941d-c1eff9cdd4bf,business,3263000.0,3178252.14,57444.44,10.83,80,3,2026-03-29,active
b54566cb-5c83-4e72-acbf-361c08e71c8b,e264b63d-1d42-4bc3-8a21-d0455509010f,vehicle,1352000.0,899785.13,32158.52,10.02,52,20,2024-11-04,active
1b85be16-7893-4132-9179-ce264b7410a0,f909eab1-5929-4b08-bb4f-b3440cb0f877,vehicle,1778000.0,31017.25,31245.49,8.83,74,73,2020-06-28,active
9d5ab958-c45e-48a9-982e-de71cdc6d56c,40199e06-8e34-4f1c-a31d-1d6a2d5a5445,education,1843000.0,1697674.34,31724.47,9.14,77,8,2025-10-30,active
d5a7d682-3e26-4126-9550-e9f339bc7dfb,9aa8af58-4c42-4e55-b1ec-97f3eb349db2,home,1908000.0,1721519.43,20724.38,8.74,153,25,2024-06-07,active
ace9b9fe-aa6f-4565-a80f-24b3e543a25c,79d52bfb-4951-4f14-8954-8d3d832ad8de,vehicle,1875000.0,589003.11,39100.63,8.62,59,43,2022-12-15,active
78293615-d494-4332-b0b5-5681bd53927b,9bb0bb97-4453-4c5c-a699-113b49948407,education,1762000.0,1215269.64,34098.34,8.22,64,23,2024-08-06,active
3af39757-c75b-49f6-98a5-e2b7579dc829,21946c1b-3041-49ab-aded-8759b58fa0c2,personal,99000.0,86919.62,3589.21,14.94,34,5,2026-01-28,active
669c003d-c2de-4c01-b36f-820d213e4f64,8ce64906-5968-4b75-825c-606f2395d786,personal,72000.0,13938.51,2089.77,14.67,45,38,2023-05-14,active
f8349d1d-b9af-45ed-bb8b-d0b68e416e61,466a3707-5b35-4566-95fa-f81bd79bfddc,personal,378000.0,57395.45,29144.38,12.43,14,12,2025-07-02,active
6b3ba3a3-98e0-4e66-904d-8b0e3dd4be55,dfe0b5b3-cb22-4797-98b7-5c6ab9d4f17e,home,2614000.0,1394940.78,27175.49,7.98,154,91,2019-01-05,active
7f3f4b80-1e38-49fd-b34b-f75a39f15a1b,3f884330-4a07-4517-8fc5-153ba5e1f096,personal,452000.0,354988.31,16016.13,11.38,33,8,2025-10-30,active
0c4077db-94bf-4ebf-b975-afa9dc2d67c4,9d25cbfc-fd4b-4dd6-9869-1dadcb7a2d1a,vehicle,544000.0,322127.21,9729.81,10.14,76,37,2023-06-13,active
bef0b0fe-7e27-4cf3-8786-db131e48d1e8,ee92bee9-0cd5-4306-985e-3fcd4bdcdf54,personal,148000.0,92016.97,5666.68,13.29,31,13,2025-06-02,active
8cd86de3-2a6d-4882-b8d2-7e5b3960f46c,fd2904d8-47aa-4a42-8890-9eafd5c78075,business,1146000.0,982312.18,22129.99,12.56,75,15,2025-04-03,active
7082087e-eac5-4f8d-bb92-de4a77e8768a,3bf8828b-7a3d-4bce-a12c-b9a69e6333df,vehicle,1129000.0,585929.87,25009.85,9.45,56,30,2024-01-09,active
969b4353-3c6f-43f6-9d7e-231080b3afcb,b7ed48fb-b467-4c2d-97f8-2ac6d78a927a,home,6806000.0,6586983.56,67983.64,8.6,177,11,2025-08-01,active
a98c3ec8-b069-45eb-9baf-cd1c86016605,2cfe9cf7-67fb-414f-bee4-a9dc3b5454c1,home,7454000.0,4524906.26,87782.4,7.81,124,61,2021-06-23,active
c509b7e9-b7aa-4953-912f-543bef4dd371,4e707deb-cde4-4ad9-8c12-b675b576d604,vehicle,1383000.0,682060.01,29520.26,10.74,61,35,2023-08-12,active
2d037bdb-95e1-405a-a323-f62ea098b88e,79d76723-1ea6-4ef1-b67c-f5903f7fae42,business,3300000.0,2864283.89,85404.99,11.93,49,8,2025-10-30,active
96f3b5de-c595-465a-936b-4f9ad97d4243,86d3d0f7-5484-4d10-b7ae-8f52652fc50f,personal,98000.0,41526.67,2892.25,15.64,45,29,2024-02-08,active
e49ddfd9-a163-4c70-9234-95fd73c1cbb1,26ce0f5f-2667-4ade-b9f0-1bac823f9350,education,1083000.0,205421.22,16570.61,8.23,87,74,2020-05-29,active
6f30a1ee-5dfa-4b8d-b748-251b08fabb86,139f1971-c138-4f0e-b32c-4fb9832017ab,personal,422000.0,14102.49,14257.5,13.19,36,35,2023-08-12,active
d42e98bc-8be5-4407-bbcd-ab2287d02f60,08dcc975-d7a5-49f2-b6c8-ffea8c34604c,home,1994000.0,1914205.35,19098.72,7.63,172,12,2025-07-02,active
186d553c-7313-4316-8c1f-4d9af48aba01,9cf7ea5e-4400-465f-8d94-eaf3a8f0ac14,vehicle,1757000.0,754696.93,39643.9,10.92,57,36,2023-07-13,active
aaa56a6b-eec4-4f85-a814-c8220170d147,ca6a477e-6030-4b61-a97c-d3a325374599,home,1922000.0,1799522.03,20110.23,8.79,165,19,2024-12-04,active
874bb485-99d1-4f3e-829b-21b714404a95,325c6496-2806-4465-8a65-cdc063eff9f6,personal,240000.0,29522.51,7605.39,14.53,40,36,2023-07-13,active
daf296da-3648-42b0-9263-23f8c6b7d3bb,aa6d5df2-099d-4229-a1d8-2845d09bd7da,personal,214000.0,62996.55,9483.99,15.94,27,20,2024-11-04,active
0396c326-e09d-4d1d-ba26-93fcfa74f6ed,6f3131d7-480a-4ed7-83ce-d3e19c59ac25,business,3898000.0,2882530.7,76596.72,10.65,68,22,2024-09-05,active
81f2f941-9d04-43d9-99d3-463b70e7b0b1,350de707-666c-4a58-bba3-6ce9f05228c7,personal,347000.0,21142.37,21377.4,13.34,18,17,2025-02-02,active
19cfb256-fa6a-4aa7-9c6a-d655fb338aa3,e68be378-ce65-48bf-8703-f8bc4ae7f7dc,home,825000.0,661697.86,7439.32,8.16,207,70,2020-09-26,active
4a00431a-f534-4717-97c0-a81dffecde7a,43e11266-4c77-4cec-a0e5-15a10d3ee735,vehicle,970000.0,628891.95,18956.99,10.01,67,28,2024-03-09,active
8de57103-8d5e-4f8b-9e6c-54e8b9ea719b,67634d90-3729-4bc4-8df3-e9a2583a834b,home,7062000.0,855686.16,74241.07,7.51,145,133,2015-07-25,active
25793290-eb24-41f3-b322-5078762d07a8,59ef201a-2b4e-4892-98bb-63b0b5fd155c,personal,121000.0,50026.59,3605.55,11.89,41,26,2024-05-08,active
06b9237b-fe7c-4163-bc63-0be5e3f377f7,2731470a-2e70-4420-b2f6-2ba07b08ac1b,personal,302000.0,195749.41,7385.18,12.11,53,22,2024-09-05,active
351d1366-ae92-4465-8735-b106a549f5d2,356d9ac4-11bb-4557-81a3-054f21f2732b,home,3282000.0,2956032.86,30686.21,8.92,214,44,2022-11-15,active
5f81fb3c-159d-4f5a-85ce-505004cd27d8,290bd1c5-a15f-4bb3-92b3-ea64db56c9d8,personal,444000.0,91156.3,15896.86,15.72,35,29,2024-02-08,active
74bb8adb-1d6f-4ec4-a975-da65309a9bd3,94034bcf-9aed-4035-b4c6-0fd3a3955516,home,2289000.0,217344.18,20617.28,8.59,222,211,2009-02-26,active
10c539b4-03b3-4b42-8af6-2a8c2c63346e,e3e64a6b-87e9-4ef7-a2f9-85a22da2a169,home,7364000.0,3843156.61,74663.31,9.33,188,122,2016-06-19,active
5d05c103-eee3-433a-9d97-71a8638f9889,d8d091d4-9ad6-41c8-b1ad-5c46b0d0c1df,home,5915000.0,1495497.12,73842.73,8.78,121,99,2018-05-10,active
2cd88d29-a68e-439f-bf92-2cee62b1b4c8,c6342f49-517c-4af6-9b74-d1abbc403a76,vehicle,1200000.0,344894.7,20810.37,10.61,81,63,2021-04-24,active
f2beadd4-0b45-4d48-949f-d79eb3b2cd90,3c30cf5c-02ff-4ebf-8d83-3317474f08f6,business,2452000.0,2141091.56,46008.05,13.8,83,16,2025-03-04,active
11f129ca-c609-4d04-8437-127c6498316e,028e3e4d-92e2-4886-b0f1-5655989f646d,home,6200000.0,5333500.06,63058.36,7.78,157,34,2023-09-11,active
9656b59a-2a82-432e-b55f-c39e8c7cbf78,7ae0fcdb-951b-41ae-9c45-41e8fdaf3a42,business,2508000.0,1735016.16,53219.62,13.69,68,27,2024-04-08,active
84cfcef2-f33c-435f-ad07-e922d764d33c,8f444fbe-03d3-490a-8190-c037256f4ffc,home,5019000.0,4688292.9,61606.34,8.39,121,12,2025-07-02,active
e98820e6-c6a7-426b-8b5a-ed4f6d44914b,c5e6f2f2-47f9-483c-8411-1d3fa2b88a06,home,860000.0,513420.74,9991.34,8.93,138,73,2020-06-28,active
f3d09887-26a1-488f-a243-841b87f18627,670b3bc4-7e23-44d9-a6f0-179abb52691a,home,2714000.0,2564385.79,28669.08,8.48,157,15,2025-04-03,active
a64ea464-dca4-43cf-b763-606f40e8f086,e0b28316-da70-4076-b674-cdfa5b2d597a,home,5440000.0,2321671.99,50363.08,9.14,228,171,2012-06-10,active
44ab940a-171f-4a8c-8cdd-3101e41962ca,e780fac3-c391-45a6-b92a-5d320d8d6542,business,2454000.0,1062922.21,43952.26,12.48,84,56,2021-11-20,active
1131a669-defa-4f81-9f46-ac5546ebafb6,91a3936d-071c-4c66-8104-cb7f99ace5ca,vehicle,1420000.0,1194439.69,26100.88,10.08,73,15,2025-04-03,active
4976b2ad-a452-4315-830f-98916ec48bd0,7188cff4-ba26-4dfc-9722-4e97dfc8a7dc,personal,369000.0,130115.62,11606.32,12.75,39,27,2024-04-08,active
cfeaf6c7-8fbb-4630-8958-6990a3df7769,3dcb1594-5a0f-4bf6-b12f-3173f3b7f9b7,personal,255000.0,84090.46,9784.81,11.2,30,21,2024-10-05,active
bc9e7c7e-6777-4f52-ae3b-fc2ab2b4174d,d48bf725-81e8-4b68-ac35-fa1d2c800858,vehicle,880000.0,590567.21,20824.41,8.99,51,19,2024-12-04,active
c3b2df26-7ca9-40db-b8fd-9b8d8b7220d6,0b348195-fbee-4ce0-935d-460af819b97a,home,5112000.0,3483833.24,50431.36,7.8,166,74,2020-05-29,active
70fb08c1-b57f-4a60-990e-6202cdc6a29b,ddf78880-63e6-41c0-9e31-6857c1639a8f,vehicle,1976000.0,1272393.14,42188.63,10.21,60,25,2024-06-07,active
70db3314-3790-42e3-bb25-0e47c90b0d5d,994b2c5a-0634-4cb1-8e82-3500b6fd0b82,home,3942000.0,3089618.79,45605.63,9.41,145,48,2022-07-18,active
6acbb48e-76f5-4f1b-8da6-b4666efa0d95,8985f414-e569-42cf-91aa-447bfce62000,home,1162000.0,961843.38,14101.18,9.02,129,33,2023-10-11,active
48558841-394b-4951-9763-83f5069244d5,6d5621f3-fbac-4a0c-b51d-c6f981e3d684,education,1436000.0,925038.64,21473.14,8.04,89,38,2023-05-14,active
b374f7d1-3e5b-4e24-9c1d-2bc55ef9e5a0,9f54a599-f750-44a3-b647-e28e2ed67138,personal,159000.0,88430.6,11676.51,14.81,15,7,2025-11-29,active
551e94ad-bcef-473c-b0f6-5db4f6ec895e,f031b7a3-4af7-4cb2-8321-c6502cbcf8df,personal,338000.0,131648.26,19528.95,11.41,19,12,2025-07-02,active
c65db686-be43-4632-a609-6170d93ebede,de2fd7d6-1d14-4840-9af4-43e96d050401,home,5766000.0,1989436.18,67031.59,7.64,125,92,2018-12-06,active
af885dab-686e-4461-abd2-749c8824d80e,0663acc0-5ad0-4c4d-8445-7adeda65a525,vehicle,473000.0,426233.26,14948.99,8.58,36,4,2026-02-27,active
4045474e-ea09-4757-a3ea-8c402f730955,0d2caf86-5825-4731-82b1-7e810235b936,home,3115000.0,564472.96,30483.32,8.94,193,173,2012-04-11,active
c24d68db-f3a9-41d5-b744-af592a1636f4,6d4e2909-c06c-4805-ba74-1488d1592a05,home,4015000.0,744167.71,42067.83,8.7,163,144,2014-08-29,active
1b80dffc-e03e-4fd8-87af-e83ed036b965,50ec0de4-96c7-41d7-ba35-f06a5757d977,vehicle,566000.0,251625.09,12475.16,9.22,56,34,2023-09-11,active
739c2d5f-7e31-46de-8740-634b8dec667c,479b9154-14fb-4bea-886c-9f9d0ab4c7c6,vehicle,845000.0,701886.16,24415.62,10.0,41,8,2025-10-30,active
cd203fa3-fd91-4881-9b6c-965226d496b6,c590bb7b-c724-41ee-bb18-2334a32fab27,personal,231000.0,156441.81,6022.05,11.46,48,18,2025-01-03,active
beac9c4e-a492-4798-a848-21027341f1ce,83d53216-cc5b-464a-8b3a-4c3faac73bb7,personal,487000.0,286264.59,11627.85,13.53,57,28,2024-03-09,active
7552e760-fc29-4c94-87c1-cf121f690cd0,ffb10c58-e39e-44b7-9838-a422242a528d,education,836000.0,552767.19,14347.42,9.36,78,32,2023-11-10,active
acaa09c8-fca6-40fa-8dc4-f0cac9148d36,e0a3a479-5631-4e52-b963-340bb39b7e6b,vehicle,241000.0,88276.84,5864.66,8.73,49,33,2023-10-11,active
c8481ef6-b085-4d3c-bafd-47803c2fcdc1,25fd921e-a1d6-4cdf-bc48-f804d0cf01e5,business,4123000.0,3559958.87,88905.62,11.69,62,11,2025-08-01,active
f87fa423-a7f0-4589-8276-d5e6df1e5d97,2fe4bef2-5588-4a17-9935-1393950d95f5,vehicle,456000.0,344190.76,9532.45,9.85,61,18,2025-01-03,active
84ef9174-6f9f-48b6-9e12-f74860017f5a,bf3c35e8-1765-492c-b887-f2d022d9af9b,vehicle,1266000.0,412968.03,33836.57,10.97,46,33,2023-10-11,active
ddc0169f-7486-41ae-affb-f66e0333a129,637f7000-c4a1-4e6d-9174-094e11267d3f,business,1592000.0,1197233.57,51516.55,13.24,38,11,2025-08-01,active
7fe755e6-663c-45c7-ab1d-0ca1b282a7fc,1f34025a-e243-477e-95c2-381f9321bc72,home,3433000.0,1368517.76,39756.72,7.67,126,87,2019-05-05,active
e42fdb1d-8762-49cd-87f9-f57c4c050b20,b64ff68c-3bd7-4ec6-98d1-ca61161cb1d2,vehicle,1622000.0,1550764.98,35359.82,8.72,56,3,2026-03-29,active
585851f3-4c58-45f5-afe2-9efcdc5930bb,b457e972-8a48-425c-adcb-03cf79c18420,personal,202000.0,71636.36,9469.68,15.12,25,17,2025-02-02,active
2daac309-8cd7-4d6f-bc08-fd468e4db871,42360e65-73bb-4f7d-bbd6-f8f9d17c6d80,vehicle,921000.0,838652.08,15793.57,9.01,77,9,2025-09-30,active
1b074e8b-eb3e-4ceb-a621-19dbe91659e1,ae2d39f5-2e42-4166-a085-4f3de1cfbdc5,vehicle,1453000.0,865040.86,37532.38,10.97,48,22,2024-09-05,active
d179bde2-8cf4-4785-8d33-5feb479a11b2,ebb9e90c-3204-4210-a0c3-c06a505580c1,vehicle,1721000.0,83947.15,42470.04,9.45,49,47,2022-08-17,active
b0ac6fb4-2ae3-41fb-a83e-eb57d2bbd6f4,0121b666-4ac2-43a5-b731-fbb5d8dcca16,business,4504000.0,3958617.39,146093.86,10.36,36,5,2026-01-28,active
2c8b900f-eb02-43e0-ad74-afe1cc0ba14a,b46325f5-2690-4476-98ba-e248e934cb97,home,783000.0,382470.57,9436.28,8.55,126,78,2020-01-30,active
94c064f9-13ea-43bc-bc12-bdb35826f8aa,dfe36909-fd62-4863-9dcf-7087114c588c,personal,80000.0,76798.65,2498.98,13.61,40,2,2026-04-28,active
77fcf5fc-cbd0-42af-97ec-81a9140048b9,6a73ae65-eb93-42c7-bc27-0d09cd4f5a5e,vehicle,758000.0,550078.92,14688.75,10.92,70,24,2024-07-07,active
97453c90-7b09-4b1c-a43c-fa739ff56a38,f15a1c49-c261-4643-8143-dbd5b77b72f1,personal,492000.0,318491.31,21740.53,12.68,26,10,2025-08-31,active
6c7b6dd0-dc79-4dea-ab4b-77dbc847334d,5f0e47b7-2d0d-4d90-b5b4-9828b52b4ea9,home,4578000.0,4170985.41,40310.34,8.7,240,48,2022-07-18,active
d4c635d6-15ad-4f75-bf10-439e26e80fef,53790478-9833-4220-9691-45028fae8cd3,personal,73000.0,55123.84,1649.5,12.15,59,18,2025-01-03,active
ad310fa1-9d41-4aad-a252-566925f3b8f8,7a00c92f-5cb9-4f74-9cd5-6f41d8e1a011,vehicle,1340000.0,1035504.16,27472.46,9.56,62,17,2025-02-02,active
14af9479-04c1-4c93-ab93-16149398a831,e791ce2a-fdd9-4991-9b82-9fe60809a97d,vehicle,909000.0,861242.24,17554.75,10.79,70,5,2026-01-28,active
0c268746-560a-4b27-afa5-3ad44bf24872,96c4bd19-df2d-420a-bacc-b53792d79e8c,personal,415000.0,114225.65,23762.94,15.93,20,15,2025-04-03,active
4942b26b-d78f-42f0-9cd5-b2b0d4e5080c,b5e5a052-b5f6-4c32-a538-ee89ffa963f3,business,1874000.0,706910.7,33372.56,12.29,84,60,2021-07-23,active
30044231-87ff-4146-a8c0-9ecb541e6f59,b7a0580d-4374-45eb-ab57-8da3a6f67976,vehicle,1967000.0,307050.35,39925.54,10.62,65,57,2021-10-21,active
2e330d4a-db03-4c8e-8ebb-08d33919035d,9ea00373-a84a-42ad-a1ad-8b00749299cf,personal,373000.0,25694.77,26036.73,15.97,16,15,2025-04-03,active
756d57da-191d-4433-89bd-3e6446c3fbcf,b2ff388c-d59c-4b55-924a-dde3adc31c7d,education,169000.0,121065.51,2797.62,9.36,82,29,2024-02-08,active
02474041-860f-4391-91ad-64bd6a8eb40d,2e772cab-7e63-4241-8c8e-b0f7177ac406,business,3760000.0,853833.54,127505.77,13.45,36,29,2024-02-08,active
fca6d2dc-1c76-4b83-9d61-49dd94cf7a76,f04a40a3-4bb8-4f0e-899f-010f8902c225,personal,141000.0,78692.48,4437.63,14.09,40,20,2024-11-04,active
aa319435-ffa8-4845-872b-7108e5c64067,b119e7cf-fc71-45e6-aa3f-db41e1cbf013,education,280000.0,188157.74,4215.68,9.97,97,41,2023-02-13,active
3cb2da56-7642-42a8-aae8-2f00fc253e13,a6f4c966-2a89-457d-9b91-60a5da55a673,home,3666000.0,1472418.75,39807.17,8.45,149,106,2017-10-12,active
ede4b2e2-cdac-4fcc-807c-3a4433549038,f97fff83-f8fc-4b18-9e45-171ea5a6411f,business,1909000.0,1558301.1,62926.9,13.03,37,8,2025-10-30,active
7db639a9-19ac-41eb-a9df-4520b090ee6c,54e7761e-2434-421a-b84e-ecff5ceaea3d,personal,269000.0,227616.96,8197.99,14.45,42,8,2025-10-30,active
98a138df-62d4-43d4-a748-de6f1209bea4,c8ad6c8f-826d-4e04-bc0b-3dc020ba94ab,personal,265000.0,14792.64,14968.8,14.29,20,19,2024-12-04,active
1afd2c60-a769-4474-b750-de49822ed0bb,c5239127-1118-40bd-bd9a-d75b7b54acff,vehicle,590000.0,211425.05,14128.57,9.58,51,35,2023-08-12,active
1a0e29d1-db07-4718-be26-0b1f1707e483,97a6b83c-1120-407b-b74d-a8a0a3bb4a3c,vehicle,1400000.0,416076.81,43288.66,8.72,37,27,2024-04-08,active
38ea74c8-d5a5-4a77-bc8b-bf85b728bd3b,079c2d15-ad3f-4705-98ca-86ac4f93ca27,vehicle,1608000.0,736557.58,41958.51,9.65,46,27,2024-04-08,active
e31eaaff-923a-4ee6-a36e-fe53973fa92a,3fb474f3-4eff-4f52-97ed-b4c7b5a24915,home,1692000.0,810980.89,16810.49,8.36,174,115,2017-01-15,active
429acc7e-023d-48e4-a9fd-0324414760c2,92787cdc-e36a-4066-970e-9be09f5589e0,personal,361000.0,216599.33,32387.68,13.85,12,5,2026-01-28,active
0297014a-f4a2-4263-99a8-681fe5755feb,f367f5d3-833d-4452-b405-08480d4372d3,personal,229000.0,106464.12,7875.56,15.95,37,22,2024-09-05,active
11a52f24-4938-449d-bebb-7805ee6f1075,7f6e829c-5063-488d-bb11-b99be2767be2,home,4627000.0,734998.1,43703.16,8.7,202,184,2011-05-17,active
5243706d-08a6-4ffb-b5d3-0ee15d89b4dd,84d083d9-2e63-4437-99d6-c7536b74e34d,business,3124000.0,1478231.26,64275.15,11.17,65,39,2023-04-14,active
447b8dbd-eb66-4d13-b471-7ad7777f54de,a53c2d82-d44d-4651-b5d1-dc82bb66ec8a,home,2885000.0,2004083.48,26479.46,7.71,188,84,2019-08-03,active
05c7f203-5606-4717-acb4-b685205a3e08,24307134-ebd5-4945-bb36-186a6a08db36,personal,264000.0,135486.06,7850.1,11.76,41,22,2024-09-05,active
9e72eda4-514b-48b3-a89b-415c482a9002,e949aa45-b15d-44c9-8d1b-d8f90cc142db,education,1688000.0,307219.77,26808.45,8.59,84,72,2020-07-28,active
6111c10b-2b31-479b-85e9-4cfecacc7835,153b895d-a863-4694-af72-733d8d2e2d02,vehicle,1842000.0,836558.38,40468.01,10.9,59,36,2023-07-13,active
c4b68f39-dafb-4a58-aa90-c55f2bb8da1f,d7396958-ac41-4b77-b586-5891d36bc46f,home,720000.0,60164.27,8864.56,9.34,129,122,2016-06-19,active
c5f216d8-1788-4c3e-b4f9-2acac494cb04,04c35128-1363-425a-86d2-2862d2ad143b,vehicle,425000.0,16495.1,8338.07,8.77,64,62,2021-05-24,active
031b2160-1203-4f3e-91e6-7a72d75eb066,08351c1f-75c6-47e8-b9a9-14ab18639901,vehicle,793000.0,707407.45,14826.31,9.96,71,10,2025-08-31,active
099f9a85-78f6-4538-87ee-6d4ff6db202c,bca2169b-ab6d-47bb-adcf-45bb061945cf,education,364000.0,32238.17,4756.03,9.73,120,113,2017-03-16,active
95106c4e-adc2-4b07-9e85-dbf46c4f078d,4ca66c92-2c5e-4fa7-9e2a-cde37de1064d,personal,411000.0,361393.0,11526.9,13.66,46,7,2025-11-29,active
87b8614e-5416-414b-9c65-b415c26d1b65,aa3a0402-ee47-48a2-9ad1-9fb305c5f49f,personal,429000.0,393734.44,16495.4,13.63,31,3,2026-03-29,active
704e247c-7747-4406-beed-fafd298c821e,903a4b2c-28e1-4f62-8a14-77c70a1e9a1d,home,5386000.0,1388199.74,45505.31,7.59,219,185,2011-04-17,active
e06684c6-198c-4a46-81f5-3c5a2184882b,d6759422-ba4a-4cd1-bdf5-3750ba76704c,business,1457000.0,1086113.27,28586.66,12.82,74,25,2024-06-07,active
a2ead5f1-4196-491e-bce9-639d9029396f,e7ea515f-16ba-417b-9645-65ff81db1da7,personal,251000.0,81863.84,7302.26,12.75,43,31,2023-12-10,active
ecb84578-bfee-4eb3-801c-5fa3ff757143,9b949f03-31d4-44b0-91ca-b39abd529cbc,education,1290000.0,1098515.74,17612.03,8.03,101,20,2024-11-04,active
7fa0e6bc-f581-421b-9c45-c2841820d6cf,48c14182-19e0-4818-b762-85a19b82034a,personal,58000.0,40056.89,3609.04,14.66,18,6,2025-12-29,active
3ec3a205-8651-4430-bc24-990f56dfde29,dcfbcb90-cdbf-4d06-91fd-2592e89ab834,home,599000.0,194045.55,5588.74,8.51,202,162,2013-03-07,active
7ee59ae6-7e05-4876-bd8a-cafcb19402dd,7583a1b9-51fc-4995-bd2f-076ad11fcb54,home,2564000.0,2521410.5,25199.9,9.01,193,7,2025-11-29,active
74ec9e71-ec66-401d-b86a-5558126c7365,66ef9115-f7db-4997-9ab2-6df8014c7f25,personal,339000.0,222443.52,11770.49,11.75,34,13,2025-06-02,active
36e5ba4b-8b12-4748-8471-b6cf287e51cd,0d2334f6-3b87-43cf-9958-a8e0a880ae65,home,6882000.0,6156234.45,70181.81,8.71,172,32,2023-11-10,active
739b3ee4-cd62-45ed-b375-8212fb3ecf02,84450f2e-132b-4cdb-9955-eed708653100,business,275000.0,265763.32,7697.62,13.55,46,2,2026-04-28,active
aa4a558a-2583-4680-a697-49ab46129585,48c19b82-bc0b-4ba8-b6ae-43c07822adf1,business,2593000.0,2135121.12,65864.85,10.08,48,10,2025-08-31,active
5f8af0d1-7c59-4fd1-8eb2-dba981c50f4c,eceefd0b-11df-4d41-a8a8-b74385474598,vehicle,1614000.0,934726.99,34396.06,10.13,60,29,2024-02-08,active
8ebec43d-ae96-42d9-b9fb-25e4ab6641ff,ea56729f-e8d9-47e9-abe3-8d8b2b2782d1,home,5763000.0,4644364.34,54529.82,8.4,193,63,2021-04-24,active
29ab6013-175b-464b-8c3d-8f3a128762ef,2623f782-b704-4e56-aa6d-e3e3eea008c0,personal,407000.0,388978.05,10164.7,12.44,52,3,2026-03-29,active
544995c0-681d-423d-af4c-7962657b50ed,05b83bf0-ca49-4c2f-9c04-0d5d1ad2929e,business,1768000.0,1098821.08,30704.17,10.37,80,37,2023-06-13,active
38410044-432f-42ee-8cc1-b6268aa519db,87217d0b-70f3-4265-8c97-bca1903f57ce,home,7595000.0,4727818.04,70575.5,8.23,196,106,2017-10-12,active
a1786591-7fa7-471a-8a54-74e028a2c1d1,1ca3232a-6f82-4f6f-8926-b41ccd8b6f18,business,4560000.0,2529867.69,108861.53,10.2,52,26,2024-05-08,active
3ee4326c-b7a0-465f-9212-033e83779fc6,77678ee4-7b40-4591-a178-64cde156f2ea,personal,272000.0,161155.71,12453.93,12.81,25,11,2025-08-01,active
4f0406e2-a081-4536-b3e0-aa38ee910175,2c2b97a3-0a24-41d0-8c46-2082b3e7a4df,personal,218000.0,190635.93,9031.87,12.65,28,4,2026-02-27,active
ab9bc050-ce30-4677-927d-680bda389dbc,3ce87302-0219-4376-84ff-0447d8be236b,home,5415000.0,3285064.34,47795.74,8.6,234,139,2015-01-26,active
0e02c65e-d3a6-406e-981c-c3784d4663e4,e57d69af-d263-43ca-9019-d83f95a9c976,business,2210000.0,1207283.86,43583.51,10.79,68,36,2023-07-13,active
054c5769-4b99-4d52-a9c8-4536c833e789,b0728224-49a1-4593-a041-136171cf0b95,personal,404000.0,291498.8,11359.55,14.71,47,16,2025-03-04,active
f83c3f5f-9567-4647-822b-97ce4e52c525,c8cc0cf7-c632-4648-9ecf-1345aa2f53c2,business,4649000.0,1644002.72,87328.13,12.19,77,56,2021-11-20,active
a5097b46-7a2c-473d-9ce6-45553e02d139,983632d4-e196-414e-9535-6641e61ab2a2,business,4302000.0,1199979.22,85912.23,10.86,67,52,2022-03-20,active
55cbc7f3-78b0-4d6b-b049-158ac1167120,2141b9a7-536b-4fa8-9c70-2124f1fac023,vehicle,1132000.0,181711.87,26733.76,8.89,51,44,2022-11-15,active
66470949-38fb-441f-b8ec-9b7d4187088b,468a1766-bf65-4a19-beee-521e52c4f3cb,vehicle,1051000.0,39366.91,19921.94,9.68,69,67,2020-12-25,active
bf2e954b-3003-4e46-a8a5-7fd33e257cc9,a486ced4-62f3-422e-9ded-412291d5be0a,vehicle,723000.0,56423.02,19135.56,10.43,46,43,2022-12-15,active
23c538e6-abf7-4a69-b4ff-547db31a3f9d,01d9b32d-29f7-46ac-a74c-eab59440bdd5,personal,412000.0,43100.44,11047.87,12.09,47,43,2022-12-15,active
f07ed887-7ca0-4cb5-b605-8cfa8a8ffa4b,ef0c20f5-2307-431c-b983-1773a5a1b935,personal,160000.0,60830.17,3742.13,13.15,58,40,2023-03-15,active
8001e103-3b2b-432e-9805-062f41ab4088,fa75a113-bfc1-4c4e-bf8d-2471ea92b27e,business,4359000.0,2144723.29,137238.62,11.42,38,21,2024-10-05,active
7fdf5a6f-dc1c-4e9e-890b-80c9f76a6372,7f49b2f0-0e16-4038-a25e-912cb1d49b4d,home,947000.0,833162.7,8107.27,7.56,212,46,2022-09-16,active
ed7b67e1-78c2-4f56-90d7-fffdf4b893f2,62fcb821-068d-438f-b615-efad7a552e00,personal,230000.0,211536.23,11985.67,14.66,22,2,2026-04-28,active
129ee531-00b9-430e-a9ed-d0792f4f55fc,c78dd700-2275-4b32-bf9f-b0190aab8986,home,1978000.0,1488627.46,23066.17,9.34,142,52,2022-03-20,active
28ddb1d8-900d-47a4-943a-7cdf8d461292,c7ed2653-0d59-4fbf-a7e4-8cf36199ffa0,personal,364000.0,74718.83,11110.41,12.14,40,33,2023-10-11,active
156d5121-9de6-4792-ad3c-3f5e3aca032e,3762786f-855a-4d45-8f2a-997242220c65,vehicle,1720000.0,751044.38,30931.98,9.29,73,46,2022-09-16,active
1ac5a1d1-eb74-4618-ad4b-15434f180cae,18d30300-4b6b-4b3c-b1b2-42451d7831c1,business,4854000.0,4507437.67,158844.78,10.97,36,3,2026-03-29,active
d2c4b3d9-b5c0-435c-ba31-76f60fa86e61,7b0ec199-10ff-43b6-a587-de699774ea7a,home,1533000.0,1416310.89,15585.22,9.49,191,30,2024-01-09,active
e3083d8f-a07b-40ea-9aed-cc297ed477bd,f486d50d-d90b-447d-b192-af92749a3032,personal,354000.0,345026.37,8734.44,14.49,56,2,2026-04-28,active
10151959-4a32-4bb6-a0c5-6acca50b0838,0ceb2e8f-3ca9-4e74-b0d6-78bb03408bc6,personal,205000.0,76664.05,4923.43,11.92,54,37,2023-06-13,active
af666b1d-57ee-407f-a907-779ffc5d522f,b2c83078-1684-4835-83f5-f9299af79cc0,home,2073000.0,1755025.68,23471.0,9.27,149,37,2023-06-13,active
9f1806cc-13f8-4f64-bb53-c21bed78c91e,9b491316-da0d-48d0-8e87-eea0228b86aa,vehicle,1274000.0,872516.3,22221.57,10.22,79,31,2023-12-10,active
763e40b7-ac7b-4df8-9bab-a313d3a77d82,1530282d-eb67-49f7-a024-87e76133dfeb,vehicle,1551000.0,766960.61,28408.85,10.65,75,44,2022-11-15,active
1c6435a5-c8ed-4d8d-bb51-c9c2b1e9be9f,8320aa2c-9a31-4592-b8ce-de8e14246ca5,home,6481000.0,6073212.51,62406.53,9.31,212,30,2024-01-09,active
8efdc6c0-98e0-4dc5-a0f0-c509279d5292,cf9798c8-6d90-4f0a-ab97-36ddea34f088,home,5426000.0,4694368.81,48665.47,7.56,193,44,2022-11-15,active
71e6648e-3da6-4de3-be8a-d05721eeefd0,927495ce-1409-4edc-88b9-137513c36539,personal,133000.0,103714.38,4171.59,15.09,41,11,2025-08-01,active
4e48b450-5a1d-4db8-995d-28e3e48c1888,00ce09e2-1368-4b6a-9726-e9f54bf6d6ad,personal,428000.0,165156.54,14948.09,15.53,36,24,2024-07-07,active
507d215a-5a7b-47a1-80d3-b438428939fd,a399da7a-1ccd-4dab-ac28-f9049b998c65,home,883000.0,236719.25,9057.48,8.49,166,137,2015-03-27,active
f156db1d-4f8d-4583-af00-7d9113863c7f,2e795766-322a-4b94-af21-9466f32af860,home,5862000.0,3485334.5,59547.27,8.2,164,89,2019-03-06,active
50f47a9c-c3f4-46ae-81f6-18232fb0a02b,72d983ad-9849-4e9e-88c4-816776b8e5e6,education,593000.0,567172.68,7987.01,8.86,108,7,2025-11-29,active
dafe1a6a-f581-44d9-ae52-072270641096,7780ec94-39a9-416b-bb8d-d66076d312f6,business,4154000.0,2776870.26,74678.72,10.32,76,31,2023-12-10,active
107db3a3-e065-4954-af59-94f112301ee8,591c5dea-539c-4c77-a6e7-c3a7518cdf6e,personal,85000.0,58705.39,2196.52,15.51,54,21,2024-10-05,active
07da0c1b-c43f-4536-b3e9-32e6f3e234e4,37c59c64-fea8-4578-9626-528c03605a89,home,3181000.0,975219.53,29530.54,8.87,216,178,2011-11-13,active
e8c8b4e0-e198-44d9-9198-2dd2563d963f,741e65ce-a9df-42a4-bf1c-9f5946ae3b80,personal,64000.0,35043.12,1459.15,13.09,60,32,2023-11-10,active
acc801cb-0b15-4830-ace0-09cb74f64a69,1d0f542b-8e25-4a34-b92c-f440adb7dfc8,home,6839000.0,5165230.95,68347.48,8.41,173,65,2021-02-23,active
210c2f8d-bed4-435b-966d-1a16d51d45ff,500af6d5-f35f-4870-a926-e6b869904c29,personal,223000.0,95997.91,12695.16,15.23,20,12,2025-07-02,active
90fd7a4d-e2a8-46ef-95f6-0123962ec40c,de34c3e8-0868-4b30-beb7-ec67d086169c,vehicle,874000.0,220748.93,18018.38,10.3,63,50,2022-05-19,active
68793a0b-f539-4ec1-a5f1-537a82ddd5ee,ebe5b02c-e280-4324-9322-1a3ab8e59444,vehicle,500000.0,448945.16,10022.0,9.14,63,8,2025-10-30,active
04018a4a-d85d-41f9-bf2e-d691c5c0ef29,35a05129-21fa-4292-9fc2-beec1ff7a790,home,3682000.0,3321886.98,34738.47,8.02,185,32,2023-11-10,active
97456db2-7d0b-4746-86f8-1330c4cdd2eb,cd45e78e-e216-42b4-85bd-c360b605eee0,business,3961000.0,3870494.87,83226.1,11.57,64,2,2026-04-28,active
1d2a6bde-3032-41d9-bff9-a50c0b345c18,0bce32d9-c35b-4a9b-8fb2-f79a10e7cb3d,personal,470000.0,400365.11,15036.93,13.86,39,7,2025-11-29,active
554baff5-599a-4179-abc2-95355bea330b,492f57de-0269-487d-b1c9-3206029c7220,business,2271000.0,1340374.66,75002.27,13.16,37,17,2025-02-02,active
e79f0f79-0910-44e1-a431-df9bc174b0d5,72d210c3-9334-4fbf-bb8a-64db82defafc,vehicle,1276000.0,253601.33,37396.09,9.59,40,33,2023-10-11,active
aafc40dc-142a-492f-bf9a-4615349c25ce,cb545fdc-253c-44ed-ad50-4200de85810f,vehicle,759000.0,46374.24,23485.5,10.28,38,36,2023-07-13,active
1365709d-75fa-4c84-b453-e2f396b2efeb,9ee61b21-80ce-414c-a09c-ef77e933ee02,home,6657000.0,2481759.68,59528.6,8.85,237,187,2011-02-16,active
bd2e6020-b9b7-484d-903b-e6af47160d43,377a31a6-3eb7-4a15-bf07-361b3ecb4117,personal,152000.0,88822.09,9535.51,15.74,18,8,2025-10-30,active
62cbd80e-f115-4c43-a9e7-442b2cc2562e,c3bac085-2e2a-4362-a629-8c225634e4ba,personal,153000.0,42058.13,4512.35,15.6,45,35,2023-08-12,active
529c5704-8aa9-4b1f-8b04-67951a886b6f,b99f55a2-2fc1-4656-b4b9-feacf58b1bbb,education,686000.0,605059.33,11475.07,9.7,82,13,2025-06-02,active
ba11aaca-9970-4bde-8dac-bb31ce01e618,e6f5b59f-3fc2-4304-a4a2-2941987e456c,business,3321000.0,2011810.15,101002.45,10.58,39,17,2025-02-02,active
95ca28db-abc5-47e1-97e3-b3ea68b57e01,c651c6f2-2964-4dc5-86c0-815da9256dfb,business,1958000.0,1499123.93,34515.13,10.58,79,24,2024-07-07,active
a4f4a44f-3e04-4583-b154-b369de7d244b,e652b7ac-062b-4f27-a5a1-dcc4aea7e7ab,business,1340000.0,573362.17,33024.17,11.02,51,32,2023-11-10,active
9d92fb1a-1e6d-4978-b0c0-7e327d8831ee,1e86ec5e-210a-40fb-9763-a8a7fe03d4d1,personal,217000.0,186551.61,7346.13,13.33,36,6,2025-12-29,active
2b79ba1f-84d9-4d67-9289-2da447f61fc9,e8126275-e774-404d-80c4-0b8f0b2013b2,home,2984000.0,2236430.28,26605.22,7.55,195,75,2020-04-29,active
4feb541b-4bb1-439a-bd31-ded224d88ab4,18127ff0-8a23-4590-a106-0393239a4ed6,personal,137000.0,34636.97,8906.15,13.61,17,13,2025-06-02,active
37e64ad3-edd9-49cb-b297-757d0d4cdf84,b0bd1b85-bac0-4eee-bd2c-64d35db13293,home,2744000.0,1673764.0,28649.1,9.27,175,97,2018-07-09,active
f94d00e9-93f2-4e47-a257-892a9090d947,e3bcb093-823d-479e-a82b-b8f0d7d6102b,home,6467000.0,2787823.11,53091.84,7.58,233,169,2012-08-09,active
e4fec45b-4075-448e-9f06-63e49830ffaf,eb12816a-c665-456c-aea7-4090a74f1b7b,vehicle,1396000.0,1140079.42,25399.17,9.71,73,17,2025-02-02,active
e0b2c2d6-0793-42dd-b261-8f87c432cdc0,da404b55-1c8d-4cdf-a26b-7a5fe499f04d,business,715000.0,563804.7,23088.23,11.63,37,9,2025-09-30,active
8126de13-bedd-4f87-9a71-41bf58b3b04a,00737cae-e71d-4081-8ca1-02c14b2abfbf,vehicle,1885000.0,862087.02,33116.48,8.82,74,45,2022-10-16,active
a7837039-624f-4578-9888-ccb0d47c1625,ba2cbae9-395a-4a93-869d-a02097e9bd7a,vehicle,1837000.0,648806.61,46385.09,10.64,49,34,2023-09-11,active
74f3ce48-e023-496b-9948-7ba89aad9b01,42ff07a8-b365-4543-b833-84fcd418d7ba,home,3705000.0,491285.18,34690.77,8.73,207,192,2010-09-19,active
a006b2f2-dd87-4c58-b47b-a2ddc575ae8b,e7b9425d-1794-40a4-80ea-d18f3757b9bd,home,4276000.0,3532042.54,48096.62,9.14,149,41,2023-02-13,active
bb6c5a51-0e2c-47a7-ba02-b1ab27566309,44b51753-1742-45c0-a8f7-45549323d565,home,4953000.0,4531536.34,52935.18,8.29,151,21,2024-10-05,active
4f37a3b8-e220-4fa3-8d76-2d93d8312a31,87c32632-2f71-439b-b4b2-02ba86ffee63,vehicle,997000.0,255762.25,17099.66,9.65,79,63,2021-04-24,active
46f45a0a-ebb2-4553-855b-b40c1be70b55,01bd7a61-1ce3-455a-8aea-1ce4b0618808,home,702000.0,149890.76,8073.31,8.63,137,117,2016-11-16,active
a2adbc5b-7f8d-45c8-b244-d0c68cdcf409,a6f65e6d-8e79-4a95-8510-1727c8500405,personal,249000.0,83136.55,9734.25,12.73,30,21,2024-10-05,active
897b3081-069b-4ea2-bb39-95b72dc9aa6c,bd098011-03a1-45f4-9791-bd8fb8b2f794,business,4234000.0,2969882.91,125348.79,11.49,41,14,2025-05-03,active
426e136a-ac4f-42b0-a947-94bdaea88f34,10a5633c-93f6-483b-84a5-7a8a6a333989,home,2556000.0,2210628.56,29397.99,7.52,126,24,2024-07-07,active
30286791-4f6c-4676-8b91-7a27cf4a6d32,4e4c2159-b96a-4942-afeb-09be1f9e0b4d,home,6321000.0,1930257.2,66229.47,8.98,168,135,2015-05-26,active
134039e8-93b3-468a-bbdc-09efffd220fe,f602591e-04f0-45aa-8bdf-e7cd5dbcae9c,home,4208000.0,3489819.03,37277.95,7.57,198,56,2021-11-20,active
00fcbd6b-6392-4db4-af22-8d7c04d8da43,c760c466-37ee-4c47-af49-ef4eb0e27ad3,vehicle,757000.0,630643.93,16773.13,10.7,58,12,2025-07-02,active
fcefc037-387a-400d-8502-228170362c1e,d95d8185-9724-4e1f-987b-7b65809407e2,personal,276000.0,248437.72,8784.36,14.81,40,5,2026-01-28,active
3533c922-ed7f-4205-abfd-f4fe5cf4042c,ab2c12f7-305a-40e3-892c-5d06bfbb91b5,home,6343000.0,4769199.47,64330.63,7.52,154,54,2022-01-19,active
3ebc48e5-9862-4e75-83a9-81f50646c793,f2fce788-d992-4246-aa47-9d51aa822e4c,personal,358000.0,196441.97,11106.39,14.4,41,21,2024-10-05,active
f518f2fd-f98d-450c-b501-27e3dbf40902,8002c14e-7176-4670-98b4-d2fe2b224972,business,2775000.0,1103499.78,47678.6,10.58,82,56,2021-11-20,active
526259da-e21c-4063-8d86-b1ae65bbab17,5d4f221b-45a4-4344-afa6-7f03870b7d76,personal,93000.0,6386.33,6468.5,15.44,16,15,2025-04-03,active
c1c4f3a3-7ec9-4405-bb55-51aff4ec2417,f6e305b6-aa01-4c12-9513-c388db85ea3a,personal,109000.0,55079.26,5296.08,11.36,23,12,2025-07-02,active
3b62b9f3-7c46-488e-b1b0-b8d4fc6766c7,be5b4682-90f5-4316-a720-b1ff278fdbe7,home,2334000.0,560037.89,22636.68,7.62,168,141,2014-11-27,active
98f3cf4e-1ebd-4eae-8492-845fff9fdf7b,85d3161c-9036-4dd8-9494-54cf591ca938,personal,117000.0,74008.58,7144.69,12.18,18,7,2025-11-29,active
0fa5d5d0-c38b-46b3-8886-23aa297a3975,0f48042c-bdf7-4616-81cf-0d11b9ff20b6,personal,156000.0,12055.41,12204.6,14.85,14,13,2025-06-02,active
9848a4ac-0cab-4fb4-8701-0e15b4d42250,48f520c4-100a-4c96-8553-0a79670a9cb6,home,5984000.0,4537050.03,54509.92,9.0,232,101,2018-03-11,active
9c5d5286-ee43-4065-a1d1-2febbe175751,1df89870-bdd9-4799-8f90-b2bc1f17c272,personal,376000.0,199853.93,9507.05,13.06,52,28,2024-03-09,active
1a5cd799-74d3-44e0-b3a9-9fc9bc256d1b,767a19b2-383d-4ff2-b219-b723cc5c9f29,vehicle,628000.0,540949.92,11694.49,10.19,72,13,2025-06-02,active
857effdb-9379-4383-b698-7c7a9b1c93b4,3b9f342f-7b38-4272-9cd7-61e17da8cdae,business,3567000.0,942326.89,91312.17,12.95,51,40,2023-03-15,active
f7cb58e7-376a-4d8d-acb4-bf0a982f150c,7c924c0b-3c52-43c2-a5dd-9e7bb913277c,home,6118000.0,1498817.73,59484.0,8.91,195,167,2012-10-08,active
be860c52-069b-4cfc-a315-75d7e0c2da5c,d921e3c1-b609-4420-9626-d254b1cbf9c1,personal,267000.0,137843.1,20434.53,11.21,14,7,2025-11-29,active
642bef7d-c3c1-4709-bf73-589f2058844e,a40eb502-b174-4131-91fd-fafbbf2a5fd0,home,2427000.0,2347389.17,21026.36,7.7,211,14,2025-05-03,active
48de7820-2b41-4fff-a7bb-a4c6cede0b2e,a2fc4356-e422-4053-8ffa-388207cb88ef,education,1835000.0,1299219.03,27615.19,8.23,89,32,2023-11-10,active
ac906962-175d-47c5-b778-0e634928d421,4786626f-fae2-457e-b93c-814cfe333ee6,personal,214000.0,17713.69,17934.67,14.97,13,12,2025-07-02,active
37885cb6-1173-4bbc-8970-59471deaa11b,5ff9f65a-84f8-4bb1-8f4c-1ab9b7b06920,business,3112000.0,930470.36,89189.34,10.72,42,31,2023-12-10,active
51a4db94-3bd1-4c46-a73b-752a84b831c6,31dbca13-33eb-4bac-b8e5-a93cda5e4972,home,3285000.0,426370.74,28128.74,7.72,217,201,2009-12-23,active
d315b4cc-579a-455c-b911-7b1ec57fb00b,6758fc31-5cd9-4f68-9285-5782964a29ec,business,586000.0,388463.32,14855.1,13.19,52,21,2024-10-05,active
2708e9c7-fc91-4a5e-8277-18761725367e,2441efa6-c98f-49f0-91bb-82ff1767ba15,personal,471000.0,355322.03,15422.48,14.03,38,11,2025-08-01,active
ba8bc53f-091f-4820-81a2-5c77fa8e07af,7437e70b-c601-4443-8486-e6969b29e056,personal,205000.0,141362.57,7117.44,15.11,36,13,2025-06-02,active
92121fd6-1aa0-4da4-949a-2924a805b044,7226b304-923e-48cc-b6fb-25a96c7daa34,personal,274000.0,23186.61,11784.94,13.2,27,25,2024-06-07,active
17a6e7e6-de99-4c9d-a823-263c079de84c,08cde1ab-2a70-44d2-bfca-075877e7cd81,business,758000.0,222911.28,13666.18,12.7,84,66,2021-01-24,active
16dda401-94fc-457c-9fdc-91c001c4babb,220bb94c-43d4-46b0-a605-fafe6dd35c63,personal,114000.0,49232.5,3555.41,12.2,39,24,2024-07-07,active
0c87053d-095d-46b5-9d02-2cbf1210f5c2,624e5458-4e71-4e4e-bb74-224f47832c18,personal,111000.0,38407.57,3755.62,14.82,37,26,2024-05-08,active
99bc67f7-5d91-41da-8f0a-db4309b13058,b9d47c36-3db8-43de-9553-ea3cef523007,vehicle,993000.0,552128.14,24774.43,10.85,50,25,2024-06-07,active
60f9c9e4-ddd7-46e0-a9a5-b854666c24ca,32740079-9b4c-4e40-8d40-5a3a782a2deb,personal,143000.0,8632.92,8719.1,11.98,18,17,2025-02-02,active
1d6efa33-b4b4-4a53-9143-c08bc77db9e6,1c3f0a73-0ee1-4621-a876-5028c6ccd557,vehicle,1682000.0,1284136.33,50963.88,8.91,38,10,2025-08-31,active
b7c4f017-6ca0-42f1-90ef-7cba664ab161,fef65666-0593-422c-9b3a-abf24bc31562,personal,345000.0,250223.4,8464.93,14.81,57,20,2024-11-04,active
9aaf02bb-ff43-4e63-8bb4-aa0440bb331f,8f185304-fcb6-4fb0-9fef-d5462d84551c,business,4815000.0,2756299.55,112304.81,11.19,55,27,2024-04-08,active
f9931da6-026f-4b9d-9b61-87e8194cba2b,b4072e50-3df8-4c46-b021-cd264e5f2555,vehicle,517000.0,415025.83,10329.91,9.01,63,15,2025-04-03,active
b71c1b87-cbab-44e9-8814-5b615cca57cb,2f6834c6-1a5f-4d2e-8b55-9a58b92f0284,home,7636000.0,1210608.04,84878.75,7.64,134,119,2016-09-17,active
8bb83b64-18cc-4b7c-83e0-7394b14e4455,a020778c-cb72-43e2-88fb-19189d2d2ce7,personal,94000.0,27067.3,3535.75,11.87,31,23,2024-08-06,active
b105e694-39f1-4e98-8b15-9c325fe5dc43,0a059154-7280-4845-8db7-dc256ddea2d4,home,1892000.0,482117.44,17773.46,7.95,185,155,2013-10-03,active
39f6115c-33d4-4c34-b057-5b71e6e14021,ff074be3-008d-4962-b2a3-482c0a1ccf38,personal,289000.0,86974.77,9184.62,12.04,38,28,2024-03-09,active
0b0ae2de-f0c6-40db-901c-99b89a128200,5ca3d549-49f0-46c7-b94e-25659630c353,personal,62000.0,33323.09,2577.19,12.94,28,14,2025-05-03,active
e743719e-4c2a-4cfc-bdd9-59f528c8ddcb,76a3bce3-f453-4b86-b4c6-f683088ba82c,personal,304000.0,124837.32,8111.97,13.55,49,32,2023-11-10,active
8d43fca9-615d-45b7-9df2-2d1d1db4cc81,5fc08d44-ed95-497a-9cc7-cc3e4acfe2e9,vehicle,590000.0,373915.53,11013.13,9.9,71,31,2023-12-10,active
1f5cdac2-6da5-47b7-91b1-e40999340a89,869136e8-dff6-4363-9acd-79aaba383701,home,2587000.0,1845577.29,28227.4,8.47,148,60,2021-07-23,active
98b9c86e-09a5-4ca2-a85e-35ddeb489598,f695a0fd-d9a0-43c6-b519-2ac1d4ebdaa9,personal,152000.0,57305.19,9968.21,14.83,17,11,2025-08-01,active
93c9b475-8e5e-43e2-bca2-a550394fda9c,30d932f6-9514-49b9-925a-2f21033a8ea9,education,1519000.0,1236911.37,28702.16,9.56,69,16,2025-03-04,active
1ca80879-fcd3-4ec3-851e-c014e4676d61,af4c2080-4ac7-41ab-b30a-681795659e33,business,1005000.0,637402.59,31020.43,11.53,39,16,2025-03-04,active
900c337f-880b-4545-8ca3-43058db4ceec,d5c782e5-2468-4079-ae74-ca6f20117b6a,personal,70000.0,8404.22,2854.1,11.25,28,25,2024-06-07,active
122ffbc6-97df-476b-94bf-5d986331a6ee,c0ef71ae-d34c-4122-89fc-0abcddb32954,vehicle,461000.0,146272.78,12771.43,8.7,42,30,2024-01-09,active
de96bff6-744a-44f1-a851-36a6aff8a262,87d58898-abe0-4303-a13f-75845fb6fd51,home,4352000.0,899789.66,46247.7,8.46,155,134,2015-06-25,active
827b9e12-e043-41c0-b33a-27131f14ac9d,09b3b2ac-fdeb-4c34-b3da-84cfd5578bb9,home,1156000.0,359294.12,13318.05,8.39,134,104,2017-12-11,active
01510ca0-fbb1-45e8-b7a7-9171853a0ae6,f0ce4d74-9905-4c47-aac4-527380201b01,business,4270000.0,588316.96,87252.07,11.34,66,59,2021-08-22,active
6bb4a09f-4895-4558-8594-31742380742e,875d6959-783f-4d83-b5eb-a70d1047795e,business,3700000.0,2521246.09,66493.16,12.08,82,34,2023-09-11,active
4adeacb0-7c3a-4e26-83c1-4193e789a620,d64daf10-f613-493c-addd-1f803a35ad2e,vehicle,1059000.0,529205.77,24407.95,9.95,54,30,2024-01-09,active
7d8385aa-8f6a-4422-8217-a0d58a7c8dd0,dfc8b16f-2cd4-4ae7-a0a6-1bb51b6a5000,business,473000.0,390104.88,13279.87,13.72,46,10,2025-08-31,active
e94fce8a-515e-4e67-b3b0-4ae160f8bd8e,fef5e73e-2e3e-4ca2-8d25-147f84ba3395,home,1432000.0,631391.45,15322.83,8.59,155,106,2017-10-12,active
085b0e82-c8f5-4989-82a5-3e4039ac7d16,d29d8a18-0843-4339-b089-8624712c0cc6,business,4942000.0,4418472.93,112879.96,12.07,58,8,2025-10-30,active
8cbdb949-277b-492a-bda3-ec18b8397276,c1b72c09-2a11-45c8-b34c-458ac538433e,business,2766000.0,2662542.29,83653.18,13.98,42,2,2026-04-28,active
266b00da-adf3-431f-aed7-5067b75f93ce,b7ae48b3-9d7e-495d-a075-52e082bbeb48,personal,272000.0,34424.2,7145.16,15.0,52,47,2022-08-17,active
8bdf05ed-7856-4889-9543-8f73a23442e2,cac3f54c-ddbb-446c-86b3-a0d877e7a3fb,personal,438000.0,256129.75,27524.91,15.97,18,8,2025-10-30,active
c05cb7af-a848-4c1e-8ea9-ed562c148ca9,0f69cbd6-578a-4981-adda-ac70ce043383,vehicle,503000.0,343655.17,10293.19,10.95,65,25,2024-06-07,active
72eec176-f43b-4b93-9e40-70aecca19b8b,9f525ff9-684b-4a28-b383-49cae91b6ffc,vehicle,1008000.0,456999.24,26182.66,10.36,47,28,2024-03-09,active
2b456d47-0b42-47cc-9d8d-b79e00d26562,cd41b8cb-69bb-4792-a3ef-9476b85013f3,home,4975000.0,2593899.0,46384.76,8.32,197,126,2016-02-20,active
840fe86c-a6b9-4485-aa19-b1faa22c25de,1ab25c46-788c-478c-b0b9-bafa8514ea08,vehicle,1113000.0,748675.66,32122.37,9.93,41,15,2025-04-03,active
362ffb17-2c44-4cf8-ac90-5268ec40cdb2,7da51f60-a567-4d24-b469-113c062e7847,personal,360000.0,91249.97,9731.09,14.24,49,39,2023-04-14,active
80802e84-f822-412a-936c-177d0ab2849c,4ac20aa8-e526-44fa-bd24-b166fbf5e4df,home,4478000.0,3849645.42,51315.14,8.9,141,31,2023-12-10,active
7c481ecf-ec2a-427b-b667-38d006423dfc,00a20709-1afa-4345-85ee-331e79716d78,business,3286000.0,734330.1,109142.22,12.0,36,29,2024-02-08,active
0e4b24b4-41a9-4be7-a0e2-dbee1a40bca4,6e394852-9a33-454d-a5ad-a9f8ad826dd3,education,761000.0,650797.43,10334.81,9.37,110,23,2024-08-06,active
00ac34e3-cbaf-4e3f-9005-4037a6efc186,ff1bcf2d-1f58-43e9-a1f4-4f43434e5f2f,home,2164000.0,1990395.34,19120.47,7.89,208,32,2023-11-10,active
3e393054-abcc-4224-a9be-e223fa3d21d0,4e9a6f61-afd9-42b6-898d-79692fded03b,vehicle,636000.0,251780.82,12576.68,10.03,66,44,2022-11-15,active
acb9f1dc-dcde-493d-95dc-ff386a5cdb4c,76ab03e3-01c0-4d6d-ba8c-a111f6060bae,personal,66000.0,14963.12,5092.4,12.55,14,11,2025-08-01,active
e800650e-cfc8-4f17-a2ac-534a245387a3,eefefca1-9842-444f-aabf-ff1e2d407973,vehicle,637000.0,303397.6,10687.09,8.91,79,47,2022-08-17,active
65652dc7-054f-45b9-a141-fa3c717060e0,f57bed52-2fcc-44d0-88e0-ad581dd6f335,vehicle,869000.0,565719.73,19112.45,9.76,57,23,2024-08-06,active
080b956d-cdce-4f04-92c9-22779d04906f,40aa2763-00e2-460e-ae9e-38a58027add1,business,4538000.0,1296704.82,115647.87,12.72,51,39,2023-04-14,active
0843f534-bbb0-48fc-92ef-c656835716aa,607836af-2d07-4e72-9c24-8c95b5c14c68,personal,424000.0,234399.21,22764.25,13.41,21,10,2025-08-31,active
71c9f40b-4883-4360-8d02-a07174a36c8c,12631a4c-dab3-458f-9d05-7bcf4ac43750,education,514000.0,335342.32,7140.6,8.31,100,43,2022-12-15,active
f2f94a12-e346-46cd-9c2d-bb8e4ba8c4f5,ed56a6dd-3b8f-44d2-a9ed-c2af40222394,business,4481000.0,2678782.14,130642.4,11.75,42,19,2024-12-04,active
f823e164-61ec-4d86-8edc-81377fb06e81,ae721800-a6d5-49af-a7ac-2e5c93ec855d,home,5001000.0,2438238.67,43549.11,7.87,214,144,2014-08-29,active
ab95f5aa-3038-410f-95ca-b95e892a7d5f,3aa6a4a6-aa59-4478-b640-847c08ddaa84,vehicle,320000.0,216273.55,5457.86,10.61,83,34,2023-09-11,active
1e8b7a71-6d1e-488e-b350-5eb5b6375c7d,9645b961-8c21-48f1-b77f-77e19c3a0b1f,vehicle,1762000.0,1511785.94,46107.6,10.76,47,8,2025-10-30,active
6e168b59-73a9-465c-800c-1857da864cf2,b7077f37-c3a1-421d-b237-09c22d1c47b0,vehicle,1985000.0,1875449.92,32757.98,8.97,81,6,2025-12-29,active
9ee40d6b-10d8-48a1-aed6-44ba989468f7,5a08a238-dbcb-42f2-9ea5-ab44daaa6ab9,home,4565000.0,3063963.86,50055.33,8.64,149,68,2020-11-25,active
9ee22c41-06d3-4f94-bbd6-a87e9bc5c8e8,f2644082-d851-4c13-9125-59d032209b83,personal,94000.0,25219.68,4384.32,14.62,25,19,2024-12-04,active
338ab26c-f046-49d8-8a27-87ed3df8787d,5e62155e-c237-49ea-9b68-4b27b2636eb8,personal,155000.0,33256.51,5753.98,12.95,32,26,2024-05-08,active
fe2faa41-5998-4e9c-bb4d-7293c5ea6e11,78e7d18c-27df-4d3c-a078-845690c1730d,home,2318000.0,1592974.79,21107.57,9.04,234,122,2016-06-19,active
67aa7a07-d894-4e68-9ed8-2078f0d6ad42,87a2b6d7-ad3e-471c-b750-ccb153fc3abd,personal,285000.0,106321.46,6517.83,12.69,59,41,2023-02-13,active
e32ea88f-8b38-4543-8f53-3fd8635ba5d1,9cf4e3b9-731b-4498-9df2-5ae97051056e,home,4904000.0,3562442.67,45999.67,8.82,209,94,2018-10-07,active
eddbcd94-6069-44ac-ae4e-f29bdc5736b9,73806e5c-9bfd-4216-8de6-457a642d1ecb,vehicle,1243000.0,938744.71,24134.48,8.84,65,19,2024-12-04,active
52d52b9f-6ef3-4cf4-af0a-a28dca5315c3,025c2774-cc19-4bdf-af0e-c5260914a652,vehicle,258000.0,200689.69,4322.81,10.03,83,24,2024-07-07,active
6d31bde9-d696-4208-8ce9-54c61a8a42c5,2edda4bd-3946-418d-97b0-395a07df42e0,vehicle,1030000.0,750713.95,18580.1,10.44,76,26,2024-05-08,active
aed33f7d-0a88-4038-9722-11bc4bc72fb4,e9dcfd0a-5ff9-4894-8f88-738a174b4a2e,home,7593000.0,5588962.69,62274.28,7.69,238,104,2017-12-11,active
41272688-00b4-45fe-ae19-c87b619a5c45,86b6af4d-10fa-497e-aab3-ce3cf4a78955,personal,80000.0,14183.4,3635.53,12.08,25,21,2024-10-05,active
eb57d918-1496-4e97-9d9e-86a4588c9a7a,efcb94fd-5a15-4a7b-bb1b-c608d40c7811,business,4685000.0,1580833.55,95027.62,10.12,64,46,2022-09-16,active
e55e86bf-13cd-4912-ad24-e84b870d1daa,30c044b2-1ac0-4369-bded-187ecce0669e,home,4091000.0,4029219.79,45649.77,8.91,148,4,2026-02-27,active
73008d88-e8b2-4305-af19-551a6a5c0057,7ea71688-afe6-474e-8974-d1121b58c3e4,vehicle,524000.0,14187.27,14307.04,10.13,44,43,2022-12-15,active
6170f5fd-f024-480f-9f98-34081d95d1c5,3dfc8947-8d41-4f2f-881a-129616f8d218,home,6882000.0,1193933.88,70440.82,7.69,154,136,2015-04-26,active
08060249-672c-49d2-bc18-17782616a538,e4469ebb-2e54-4146-9854-865ede0fbba4,vehicle,1711000.0,1571535.1,42421.76,10.53,50,5,2026-01-28,active
c933bebc-fc96-4ad9-8259-b329e0d3c95f,3d7b0e65-95f7-4e1d-bfab-74f1ee708c78,personal,461000.0,175145.74,23114.69,14.67,23,15,2025-04-03,active
29268b17-df82-4d9b-9f1c-2c03e924e0e7,e0b6c09e-cf29-49c9-ad1d-eea8ac903256,personal,456000.0,339683.89,28546.28,15.46,18,5,2026-01-28,active
051d540a-6eb9-41c3-aacb-84fb3a373b05,40d40c54-98f0-4055-9b49-5f605da1c639,personal,190000.0,22256.61,7565.75,11.84,29,26,2024-05-08,active
75b7c5a8-7d76-41dc-9e53-be04d4301b8f,45cb3f87-552c-44a2-8f9c-0c5c86f431a4,education,1758000.0,1669991.32,29533.78,8.31,77,5,2026-01-28,active
698e5c48-0845-41c4-9995-d43643f5369b,c38a07d4-2a5b-416d-ab30-f936a4e14c50,home,2596000.0,1969381.8,24284.8,9.17,223,96,2018-08-08,active
363a45dd-a88f-4c95-ac3a-6fddb9b006d6,ab9d4c3b-3927-498f-9084-3559dd10e63d,home,5007000.0,4609302.26,49339.18,8.32,176,25,2024-06-07,active
3024cdd7-5a81-472b-a808-93bd84777b9a,a705074f-925f-40e2-910f-1f5ba782488f,home,6019000.0,3903567.48,61378.64,8.81,174,88,2019-04-05,active
9192c943-ca5e-4072-955f-5972f56e0165,324ae770-6957-4fd7-a62e-ef98c8598a44,personal,173000.0,117830.8,4608.86,15.01,51,20,2024-11-04,active
45edc27e-2b06-427b-ba91-6c8563e757ad,0757769c-f14c-4992-9dba-d9236e963fd5,home,4212000.0,3893162.63,47319.19,8.74,144,18,2025-01-03,active
a085f408-8333-47a7-b251-73c096609a5b,c62e4fef-2b9f-4b16-a583-7f9e61dfd107,vehicle,1041000.0,303736.37,22974.79,9.28,56,42,2023-01-14,active
0e59c239-1112-4023-89c6-5d616651498c,64d41391-62ef-4509-a971-310add545157,home,6791000.0,6268104.67,81103.81,8.87,131,16,2025-03-04,active
d04c0db3-f85b-42c1-9ea5-d2511624dbea,7e1d6c26-b74a-4f70-86b8-4d7ec7ff455a,business,4158000.0,1392489.19,95546.46,13.44,60,44,2022-11-15,active
7141bef0-bdb7-49e5-a53d-571c3368a294,98a4b7e2-c299-4a44-8551-6e9627b135a5,vehicle,1604000.0,710751.51,50639.58,10.11,37,22,2024-09-05,active
913b9c71-641e-42ff-865f-7bab7c299bca,25fbb720-d283-4a4a-a409-039cbeb6195a,personal,327000.0,48039.04,16408.27,14.75,23,20,2024-11-04,active
70fa59bf-37a7-4ed4-ba82-ef718ede7793,b98d4802-588e-47f5-8299-426b923b3a99,education,167000.0,58346.48,2999.45,8.48,71,50,2022-05-19,active
4ad86ed0-19e7-40a6-9c51-f31205a5b990,5879fad6-3066-4f6a-9001-835e9017880c,vehicle,979000.0,348582.95,17542.45,10.84,78,56,2021-11-20,active
903d30ef-b4ec-4678-82c8-6e13e3cd6ac0,688a4d4f-6dfe-44b7-a6ed-1daa9711fdd0,business,3922000.0,2552248.57,75437.44,11.39,72,31,2023-12-10,active
62a71668-a394-41b6-945e-499764e08a9b,c78e9a25-1461-4aca-a790-e3f132e89ed6,personal,92000.0,80307.67,3760.14,11.46,28,4,2026-02-27,active
ab33e644-635e-429a-85f9-b4268a6d361a,9b372279-d5ed-47db-a86d-cd9aea20ca0f,personal,294000.0,90616.6,6533.93,11.96,60,45,2022-10-16,active
2f612bac-5b1f-496a-8878-16076d8d1c09,bb534b66-f3fd-42cc-acef-f1852f08ca98,home,5158000.0,3099429.79,57811.84,9.07,149,80,2019-12-01,active
ef583553-1472-415d-8333-bc4360251657,d255d9e6-698a-4322-a156-2387e1d5baed,home,5403000.0,5382329.99,45421.02,7.8,229,2,2026-04-28,active
a45fb61f-a8cc-4f44-a925-6f68041238a2,914b2caa-f00f-4211-8ee5-def4e98fdac2,personal,353000.0,223382.26,10429.55,14.72,44,19,2024-12-04,active
498b6b7c-b54c-418d-b3bf-4e10a2e58ad0,a8d9f5e5-85cb-4f17-8136-d722ab5602c3,personal,141000.0,60821.82,5471.61,14.37,31,19,2024-12-04,active
7114ce8a-1f78-4e1b-9862-07b2df50de8f,abf93e87-c4b9-4874-b6b9-f345fc2a6c23,personal,479000.0,273176.6,19707.61,12.04,28,13,2025-06-02,active
dcae3648-4c8d-49ed-b84d-776158d83fa9,ab323804-f152-4216-af0d-e0ea4adea2d9,home,7678000.0,1916438.61,73125.55,8.26,187,158,2013-07-05,active
da5152ef-5749-499b-a862-76e1e03cf688,30ce99fa-a999-41eb-b06e-4bc4501467e3,home,780000.0,486115.9,8041.89,9.05,175,94,2018-10-07,active
6ea49f55-467c-4ff7-9c9a-21ade41aa788,811eabe4-2d9a-4d59-91fb-c0868df46e00,vehicle,516000.0,405046.52,12540.88,10.32,51,13,2025-06-02,active
77af053d-a9a5-41c9-baaf-7161521e65fb,cdef3a49-a599-4240-97cc-6ddc1ce34029,personal,329000.0,140668.12,18503.57,13.77,20,12,2025-07-02,active
610f9d9a-0e61-47aa-b73c-8456ba419dc8,cd6c8f13-1a9d-4d2c-9aae-c56eadea7d8c,home,2517000.0,2460834.25,27013.34,9.14,163,7,2025-11-29,active
0b530415-83df-4a92-9961-708d489b8828,8096d8cf-896f-4c09-bd87-d26833981924,business,1868000.0,34020.17,34400.35,13.41,84,83,2019-09-02,active
60379701-6d50-4216-8dc3-02b1f2bb9602,171e12ed-0f8a-42ea-b128-19101b49ca36,vehicle,1142000.0,689744.13,21105.26,10.97,75,36,2023-07-13,active
8f87a082-8119-4370-8343-513c5ba3c57f,e010d273-4e57-479e-93ac-1013d41f2a6f,vehicle,1858000.0,1201006.4,33726.03,10.66,76,33,2023-10-11,active
562e70ee-ec55-45be-8c2b-7c344be3273f,d2709fcd-2a83-4ae6-9018-7a8069752dbf,business,4072000.0,1318882.97,81344.02,13.49,74,56,2021-11-20,active
c1d02c82-ef08-4c4d-8254-cfc51e600177,44a9a503-e13a-4021-9206-59cdd0d018bb,personal,144000.0,59877.42,3637.0,11.48,50,32,2023-11-10,active
873bf0f2-59d0-40fb-a064-e3801a8e5254,30740ef0-f1f6-4f6d-9354-7612d8de76ab,personal,70000.0,8109.72,2076.75,11.62,41,37,2023-06-13,active
b0c97c50-ec68-41ed-a9fe-e5df480d475e,a55f2ac2-dcc8-4164-a6ed-19719eb7f61e,business,222000.0,26631.42,3962.97,12.37,84,77,2020-02-29,active
0287e06b-746e-463c-9a0e-fc109ad9eb67,d0552746-4578-4208-9bcf-df745b6d5130,personal,111000.0,80054.38,3336.96,15.75,44,15,2025-04-03,active
c1aec410-5d37-49ed-8f18-10b42edb3b61,332880f6-d6f4-48c3-88d8-b428661262e1,vehicle,1975000.0,879535.42,33387.49,10.32,83,53,2022-02-18,active
c3ff939e-02ed-44d2-bfb7-3cedd7b8af68,add1471f-6d33-4c5d-8098-aff65c1f7e91,business,2678000.0,1216779.87,57119.08,11.72,63,39,2023-04-14,active
d8576858-3717-42c9-8415-ffd110da7585,5d3218b1-e9f4-452b-ab17-063213eac0d8,business,2981000.0,1044251.31,59688.28,10.07,65,46,2022-09-16,active
3c4f3df5-f8c0-461f-8a3a-5945fa31c791,f354909d-2fdc-406b-acd5-197aa35238f9,home,5752000.0,203669.69,51852.18,8.78,229,225,2008-01-03,active
2109f722-cf8e-4800-9c8b-adf2df950b9f,35312ef5-7d7f-4f31-ab41-0c6646ac26d4,vehicle,1739000.0,1017707.29,30703.34,8.63,73,35,2023-08-12,active
a6dc6a6a-b766-43ab-a7f9-4f3a6e5eed11,ee72e8c3-b9a4-40d1-9532-23661ffeb9b0,personal,459000.0,86321.67,29309.29,11.13,17,14,2025-05-03,active
dbc3797d-8d1c-4db2-9ee5-bdeac435b074,f82b4fe4-6974-4f6e-85f7-9ba4a56c2d70,home,4427000.0,1319371.99,42201.73,9.4,221,185,2011-04-17,active
f87e1447-7fe3-4e92-bf0c-1212ff7490e3,202113fe-eeff-4437-b94b-e56bb978a9a1,vehicle,1006000.0,43461.32,21988.51,9.48,57,55,2021-12-20,active
54f843a0-08be-41d4-94fd-2bdaaf59c1fe,08bf461d-3b58-42ad-a39f-a26292697257,business,2274000.0,1465611.62,50982.37,10.0,56,23,2024-08-06,active
1ded00f7-f328-4f09-99e9-58864dd9272b,8777cdf5-fae6-44f6-b93c-28df53bbcd69,home,5960000.0,5495351.69,62821.34,9.39,174,26,2024-05-08,active
891af795-c798-40e4-904f-6b426250942d,520532ff-083b-450e-b8ab-16814e815a49,personal,348000.0,42837.7,14609.15,13.81,28,25,2024-06-07,active
f499b767-3f16-41c0-95e7-3353e099c534,12d3b50f-c80a-47c0-8bfe-938bce522f2e,business,1181000.0,560032.26,20791.26,10.83,80,49,2022-06-18,active
474cd31d-2915-4860-8026-6855b3f1cb1a,52d00113-cf22-4b8e-b732-364374519330,personal,338000.0,166072.6,10817.09,13.88,39,22,2024-09-05,active
e736dae1-f392-4e2c-81b1-64e16eecb58c,f9a0540a-5a6e-4f3f-a143-1c7bf82c77c0,home,7823000.0,2406509.95,65950.14,8.06,238,196,2010-05-22,active
49b1e6e9-3886-4d8f-80f1-0c2990ae2dbb,a6edc8a8-686b-4e30-9e38-e8f5bf36a41b,vehicle,1362000.0,393046.18,27896.76,9.52,62,47,2022-08-17,active
a3dd93f0-98f9-4ab5-82ee-1be0fbab7b8b,e87ac786-e42e-4dc5-ad07-f592567b4e6f,business,4752000.0,4383946.22,96128.54,11.37,67,7,2025-11-29,active
886cb3bd-4928-4bef-8184-7db612cc7006,f5da397e-af94-4351-90bf-93542ecefaaa,home,5839000.0,5272367.13,49371.98,8.03,235,47,2022-08-17,active
a381a4a5-bdb7-48d4-ad38-007f3a9a9f86,774568db-ca2f-4cbe-9bc8-518bf24eeb65,vehicle,982000.0,702093.76,19688.95,10.58,66,23,2024-08-06,active
ef683a1f-8d73-4888-af27-ea873d556297,7929c0b3-d33b-451d-b74e-bb41083fc20c,vehicle,1643000.0,1512007.77,45036.62,9.25,43,4,2026-02-27,active
b7dd319a-ad8f-483c-b0df-5ea06222c885,7ce3094d-9db9-4be7-b8e8-44697ce5eb5b,vehicle,795000.0,120954.78,14042.82,10.65,79,70,2020-09-26,active
94b53a53-0c60-438b-86a1-225cd0165da0,c3eb5aef-1e85-4c1e-9052-becf8d29dbd3,home,5793000.0,4934199.43,56259.9,8.36,182,46,2022-09-16,active
9b39a280-8954-4204-9591-cd81e928520c,43425b79-63a6-4b4f-9225-92ac0995347d,vehicle,1774000.0,118539.32,40159.57,9.79,55,52,2022-03-20,active
5713f0a9-3ecd-49d6-8c2a-243f919cacb2,c556abd7-7b4c-4b39-a604-3de37aefa59e,home,3585000.0,1307519.73,31367.41,8.0,216,167,2012-10-08,active
4d69f745-9bf0-4e89-83e4-b96f568641c3,c9eecd9a-f755-4a4b-88ca-93aa97060b51,home,2334000.0,1156473.15,20903.62,8.31,215,145,2014-07-30,active
9566dcb0-28e9-4a21-9620-3dc2b530aea8,3a0f6fca-0cf6-4a41-b866-ed019ccc8d49,vehicle,1408000.0,769102.92,35245.76,9.31,48,24,2024-07-07,active
b9ad1e0a-710e-4dc0-93fb-7642517c8b27,2539232a-6d04-4efc-be64-110d78afd2ed,home,5901000.0,5207700.72,66562.35,7.54,130,22,2024-09-05,active
61fafac2-1dab-478f-a451-e89b08618212,288a723f-e58d-401f-bfb9-d99fae2d5e43,vehicle,454000.0,204528.62,8485.92,9.95,71,44,2022-11-15,active
dbda501b-4568-4d0d-a9e4-235f7ac4410c,742c8458-2224-4c53-88e7-83c41e481f17,home,6549000.0,399936.33,58652.02,7.92,203,196,2010-05-22,active
3ae73f14-a7c7-46fe-a57e-1050f75a9763,42a10c02-8ef0-4dc7-bb2a-1e3e783fda01,home,7405000.0,375752.4,64139.08,8.24,230,224,2008-02-02,active
6d146078-fe4e-4a17-ae03-74a25348d72c,b1f594b5-3649-4531-b3c2-a232a0be6f8c,vehicle,1082000.0,181274.36,23500.79,9.81,58,50,2022-05-19,active
b3f194b7-a0de-404f-8eed-95d5fd0d6fa9,607918b3-76ea-4d45-b21f-92cc128d5cba,personal,451000.0,330759.1,15117.89,12.64,36,11,2025-08-01,active
fe0e2b34-f3ef-43b7-8351-150fa8802118,6f9560d9-8fd8-4402-ba60-c30a547a4d34,home,1957000.0,1334457.24,18959.41,7.93,174,79,2019-12-31,active
7a3cdc87-4682-41ad-b2b0-30867335ae14,9dfe213f-73c4-409c-b3b5-ec439b089599,business,1214000.0,153113.17,22684.88,11.03,74,67,2020-12-25,active
29f7c568-29c6-4d27-adf7-6cc351418634,ebbc2709-09bf-45b9-a646-72615c04e197,vehicle,880000.0,621499.59,14867.33,10.3,83,31,2023-12-10,active
8721cd49-7431-407c-a2df-262cf255c31c,ad47c1c3-1977-421f-a897-24d5bf0b6571,home,1040000.0,427193.37,11437.63,7.89,139,96,2018-08-08,active
d1894306-e861-4a53-ab7c-633a6a87407e,eb68becf-4af1-4cf4-870c-bd40ee3de029,personal,240000.0,217385.11,7328.47,14.57,42,5,2026-01-28,active
07f2bd69-19a3-4090-bea5-a07ca4901198,ee8e2391-4709-49c1-a721-1e9c39aa0a97,personal,149000.0,67168.21,8889.08,15.43,19,11,2025-08-01,active
843db899-2603-4914-8061-cc82ac4f9eaa,c4cd423f-d8e0-482d-874d-a1024f15e6c3,home,3180000.0,2724441.3,32851.15,9.27,179,46,2022-09-16,active
39aa1e6a-0a29-4eff-80d4-5749d27b01bc,cc6f0819-52c9-4670-998e-180586f62a7d,business,4473000.0,2758076.82,97209.25,10.98,60,27,2024-04-08,active
c0c60715-e96d-49c0-9135-2522753e948f,7d5dca1d-e0cf-4e86-9b6d-8c0ff5721e31,business,1703000.0,53584.88,54122.51,12.04,38,37,2023-06-13,active
43c2634a-9b9d-4389-88e7-90cbc8ed2ac9,0e75fc33-2b12-4364-b83a-9242a7b7e6ae,vehicle,1290000.0,48774.63,24666.91,9.16,67,65,2021-02-23,active
6226b271-21b9-4a40-8a8b-4a4ec5426ef0,11e6f980-69e1-460d-8f87-32b9d8408077,education,1732000.0,1205902.38,24444.39,8.55,99,38,2023-05-14,active
09bbe9c8-56fd-4f82-af6f-e1c43047114e,425ba435-1fa8-467a-a4a2-9492bd04fde3,business,4717000.0,3721900.9,98016.42,12.85,68,19,2024-12-04,active
ad375c90-695a-42b3-9334-688676e6c7b6,6dab397e-b438-4466-80bb-1597f86f5a55,business,4273000.0,1040239.84,92911.39,13.0,64,52,2022-03-20,active
5a1ef8a7-fbb9-4860-8ef0-321ce476fa9d,d1d85259-5ce8-47c6-b6a3-ef63e8ac4482,personal,422000.0,268129.65,35533.64,15.81,13,5,2026-01-28,active
bdefa31e-b00c-4de7-8116-560f926c196c,abebae99-43fc-4279-aa12-039230da2d0e,personal,260000.0,247142.09,7137.53,13.38,47,3,2026-03-29,active
32546164-1a4f-4b2a-b01c-c1cb96afbbf0,178c59ce-1c85-4f8f-ab7e-454de2289647,home,1627000.0,1086364.95,14315.2,8.46,230,121,2016-07-19,active
8587904e-bcc9-44f3-9a75-d8ac26dcdef3,e730dbbd-77dc-404d-9a53-974512837b2a,personal,189000.0,99735.77,5824.66,12.75,40,21,2024-10-05,active
a160262b-6fc7-4fe5-b50b-bcc0978cfe7d,a60e6ebd-623e-4076-884c-71d43255a659,home,2878000.0,334326.26,29241.98,9.03,180,168,2012-09-08,active
7d52c198-4394-409c-8df1-1f8b54f15df0,39d28d77-218a-45d3-a6a9-a08efdc2c998,business,485000.0,455475.21,8951.59,10.23,73,6,2025-12-29,active
2f1a36f5-0a0f-4834-9734-32d58a09fa25,afe1b11c-9873-474d-ade1-0253633dfb87,business,423000.0,10409.47,10521.81,12.95,53,52,2022-03-20,active
c7603003-2d1a-429e-abf3-27fa1b14cea3,adcc1d61-3cb8-4fa8-8ddc-f71d3d88e775,personal,229000.0,176511.02,5400.42,13.53,58,17,2025-02-02,active
7300da5d-94bc-4917-80b0-cb82e67e8767,9a11f298-b4f7-438e-ae1e-b73f571ebc49,vehicle,1500000.0,127636.92,32517.13,9.11,57,53,2022-02-18,active
76cfc0f4-8ee1-4582-b7e8-1a7005ac3b46,053bd432-272e-47d7-be8a-06933a60ebcf,home,5429000.0,4415317.93,54140.84,7.99,166,48,2022-07-18,active
403487f6-8fc6-4bc7-8b6d-c5b7232c3712,c8d98d60-dd44-4081-b533-b681db018b6b,vehicle,1757000.0,678558.79,48578.12,10.85,44,29,2024-02-08,active
da92d05b-e8ec-4545-bef4-4b47ccd0a967,86abd630-cadf-4e90-9946-36977bb4b228,education,1299000.0,301756.47,17214.74,9.83,118,99,2018-05-10,active
061b7c42-1af2-4f2e-86cb-bacf242958b5,53388bb4-2cc8-4c7d-ae06-9520eb85abaa,home,7685000.0,402123.26,82127.51,8.43,153,148,2014-05-01,active
ca0d17a4-f63c-4dc1-874f-46461333faf1,b4f6491f-2d40-4d1c-8a89-b679c0ae9c15,vehicle,326000.0,190300.33,5308.66,9.11,83,41,2023-02-13,active
91d10706-efa5-4fd2-8040-acc7d6bc67a0,e6524bff-4440-44b2-97d5-ae4eb141fd0b,personal,389000.0,333815.75,13813.29,15.12,35,6,2025-12-29,active
52bf81ff-e8bd-451f-a3be-50eec61679d3,2e35ae3a-280e-4ff3-8535-65e0f00a0d8b,home,5671000.0,1981273.2,53610.54,8.5,196,153,2013-12-02,active
539ac7ac-e087-4a76-9a2e-72b2f1f4ca32,bab01e53-5e00-475b-b2e8-b29b358bfe81,vehicle,1700000.0,1406682.04,48095.7,8.72,41,8,2025-10-30,active
96a1d08b-630e-412d-8d24-2c77bf0e830b,c7f35957-c482-4afa-98a6-245df546e458,business,1728000.0,779866.14,45635.83,13.0,49,30,2024-01-09,active
bdaf82b9-df07-4416-81c6-d216885406c1,a53e7eb6-365f-4f54-b9c6-f04c906c5808,vehicle,698000.0,196016.92,13837.6,8.69,63,48,2022-07-18,active
c40f061b-603b-4d45-843c-f0d9d8cea80a,9ddbe95d-0ded-450f-b005-af174db7b5df,personal,252000.0,48036.27,16375.05,13.55,17,14,2025-05-03,active
3c46cfb4-5439-4a3d-bbfb-1b0ea5349d33,4c2cf625-9479-4f70-9fc3-b1b0baa22dd5,personal,280000.0,38343.75,6597.22,11.0,54,48,2022-07-18,active
c0fbca29-007f-4b94-8dc8-13392077fdbc,d6f19bb4-d948-40ca-a22d-df38186f5d18,personal,313000.0,107821.64,10519.7,14.36,37,26,2024-05-08,active
39182a88-e66f-4f5b-a701-8f4e9fd14426,3cf11ce4-b715-4261-b0a4-7ece2c65132c,business,907000.0,380302.45,16339.97,10.06,75,49,2022-06-18,active
27eb3373-acf0-48ab-8454-862b915a33f4,21fc83bc-526d-48c1-b41f-af615601d8d2,vehicle,864000.0,322418.19,19503.33,10.94,57,39,2023-04-14,active
26b026d9-6ec4-497c-9ed8-377670a98a2f,2c9ff5f6-6e1a-424a-a31b-11c11892acfd,personal,287000.0,27812.15,7118.08,11.34,51,47,2022-08-17,active
6c896471-d9b1-44cc-af77-5bcea23d7c99,30449d0d-d98a-433c-9056-9de08448b4b0,home,2245000.0,1733862.46,23212.22,7.51,149,48,2022-07-18,active
af6209af-2196-4e0f-9072-1c28a017fb6d,f1acacbe-89de-4974-8368-771d44e19f76,personal,134000.0,125907.98,4398.01,15.54,39,3,2026-03-29,active
456a0a5d-4da7-4939-ac2d-ec3a256aa90a,162eb59d-9e0f-49ad-80bb-b55471d319f2,home,6786000.0,3336902.11,60459.49,7.98,207,138,2015-02-25,active
2dc017cd-f51b-443e-ac75-bf337a03b81b,40820669-ea09-4aa7-a9e1-f288dc48e851,personal,462000.0,269091.67,31448.4,12.27,16,7,2025-11-29,active
dd29c43a-89e6-4696-bde2-58a760597e77,b4177c4e-42ea-4724-9917-057247b72e12,home,7068000.0,6877625.38,67223.0,8.28,188,10,2025-08-31,active
79f2f8bc-4556-4a4b-bac1-4c231c0f4bb5,f78cbdbb-8fab-41ce-9019-b5a31f64e8d9,home,2806000.0,1582923.84,23827.44,7.99,231,143,2014-09-28,active
bf6f0437-c1a0-4c18-b0d5-21ca5a71fcc7,cae0fec1-d9bf-43cd-a034-36b47c013881,business,633000.0,356637.99,13593.91,12.93,65,34,2023-09-11,active
1441da27-a7fe-40e7-97d6-b8a70be10c8d,86c30526-8081-42be-8576-605c00cfcf36,personal,168000.0,19294.42,6596.38,15.32,31,28,2024-03-09,active
cb1e8ba7-4942-4873-a3cf-2aee5757f911,d9a7849d-ed8a-485e-bcaa-6c265726fe60,home,1910000.0,1765728.17,17467.8,8.02,197,28,2024-03-09,active
2c6809c6-9a38-48b5-95a2-e4fccd871dc1,6dc43aa1-e3fc-44a9-a3ab-3689a689c89f,home,7229000.0,2490406.11,65222.98,8.84,231,186,2011-03-18,active
13859315-b08d-457c-b759-56b2775bf03e,102f8cae-dc86-4a3f-abe9-2c89661c42d6,personal,277000.0,169600.07,6776.58,12.13,53,24,2024-07-07,active
9291bf63-a3ef-4689-b731-e066176ad01c,431abc30-dd75-4fb9-bdad-81dc4da88946,education,1121000.0,134109.77,15488.25,9.36,107,98,2018-06-09,active
6fdf7e86-a9ff-4f03-864d-20535ba12900,d6f5cdc9-f535-4160-9510-5648918e7b42,vehicle,945000.0,787308.96,18322.49,9.7,67,14,2025-05-03,active
c1d0f9c3-6a4e-4b5c-ba93-84331537bf10,c12c4664-8885-4272-b95a-6f554587e70e,home,7770000.0,4993190.47,66439.08,8.23,237,131,2015-09-23,active
b4854287-bda4-41e0-bad8-b09675606b0a,29bed23f-8c78-46dc-a65c-fbf83aeb92b1,business,242000.0,195734.57,5526.29,12.06,58,14,2025-05-03,active
bc9e11ab-b8f4-47b5-ba40-48ff54001b21,310cc18e-8bc2-4837-9ad6-113cb7ea107e,home,7585000.0,2410113.77,78594.52,9.04,173,138,2015-02-25,active
f4266110-f504-4652-8395-4849932d9d4e,9a903afb-4db5-4c7b-a768-9b1f2950ad99,vehicle,829000.0,74300.58,15265.24,10.84,75,70,2020-09-26,active
629106d6-d270-4352-8561-460b9e662ba1,dbafff12-a71c-4848-b957-8836b040a99e,personal,126000.0,49549.27,7399.11,13.44,19,12,2025-07-02,active
db24e6d9-7471-4390-a563-9e43725ef19b,3e059ab1-ef84-460d-8dcb-1c88be759986,personal,330000.0,99610.83,8176.45,11.29,51,38,2023-05-14,active
44bd47a9-a069-4ffb-a47d-151103106bbc,aee0987f-5eae-496b-898a-2cb8d7e581d0,business,3588000.0,3253549.48,68150.85,13.17,79,11,2025-08-01,active
afe85c54-17e3-4bfb-a48b-2219c264af6b,1c547bc3-7575-4c8c-a81b-08a8449cef63,vehicle,1948000.0,891396.05,37398.14,10.95,71,44,2022-11-15,active
091b348b-0f0a-4141-aac2-4e7101dc1022,1c776736-ddd6-4980-86eb-96de363f4af0,personal,283000.0,95642.7,16544.61,12.88,19,13,2025-06-02,active
cc732ed4-5522-432d-8c47-b79dfe699682,8e4684f0-5cc2-4f3f-821e-ec9ba8897681,vehicle,520000.0,436570.52,9578.18,9.01,70,14,2025-05-03,active
3c856bd3-50ab-4143-9ac8-1c8807dceb67,cd8e01ca-debc-4a3f-9eaa-ac2bde7fefb1,business,1693000.0,1524901.39,31558.73,13.82,84,13,2025-06-02,active
018535c3-0ce1-473d-a21d-b3978fd494b4,616d8072-18e6-4b42-8946-2cc8d90c7cf0,personal,372000.0,246339.69,29070.06,14.66,14,5,2026-01-28,active
230db119-5c1c-47f7-b01f-b657d17441c4,fd997e5c-9dc5-4846-8fad-06d0c40fa7de,education,224000.0,162236.77,3959.75,9.73,76,26,2024-05-08,active
e4eea3af-cf7a-4f72-a091-dc092e1342d7,7221f1e9-60e2-48a6-9d4e-c70d930d33ea,home,5777000.0,5226912.73,49214.09,7.85,224,42,2023-01-14,active
44341a3e-06fd-4cf8-abd2-7902672a7b56,30882c72-3f73-4413-8d30-1d3fde7b627d,home,5062000.0,3812571.85,52227.48,8.65,167,63,2021-04-24,active
fecfc898-9b0a-4f84-92b5-abbc42dd3e87,aa92b5df-e3f0-44f0-84e1-2720bb12b6aa,education,1709000.0,1557477.23,22645.42,9.18,113,15,2025-04-03,active
ae130687-c160-4a5d-8ab0-d59cf4ca5653,e8014c79-bb2b-4c64-97f8-a42987ceac42,home,4363000.0,3226209.54,49294.68,8.44,139,51,2022-04-19,active
58f5f64e-1ad2-49b2-a16c-0e3ee836bdcd,cbb24652-a6fe-489b-be57-36bbc2a6cb8f,personal,496000.0,439803.68,19837.86,14.62,30,4,2026-02-27,active
e4797392-6340-4bef-97c9-606056614dc8,bdf63744-4ce4-4be8-a1fc-fcd5fbcd5c83,home,1129000.0,877949.01,10126.68,8.78,232,94,2018-10-07,active
4d8c196d-8780-4118-af31-29f15989dce6,b14ca546-d901-482f-a164-bcb889be64f9,home,905000.0,877769.47,10600.98,8.14,128,6,2025-12-29,active
e9ac4d0c-fed3-4dab-94f2-4c3112477839,ce0aa9b5-890e-4970-b2bd-39faee5cebad,home,6564000.0,2474106.94,65816.33,7.52,157,114,2017-02-14,active
d7b263de-6c9a-444e-8119-f2b16b41885c,65b209f3-caaf-402f-a3d9-b2ca9c080246,personal,352000.0,64443.49,22037.38,15.47,18,15,2025-04-03,active
58e43c1e-0052-434f-ae83-d779b3de06de,73c630c3-161c-4839-a696-16ce5c2d50bd,personal,297000.0,199105.09,7572.06,14.84,54,22,2024-09-05,active
2cb19c93-78cd-489c-90aa-2671489c570c,347d7344-0ebf-4737-929c-011f5c2abf68,personal,384000.0,69305.06,9096.1,13.16,57,49,2022-06-18,active
ba2183c0-32a3-4c9b-99a0-b178989a88d4,52d3fc7d-e0f4-4ef0-8164-9c5647e710fc,vehicle,786000.0,292705.73,17417.76,8.8,55,37,2023-06-13,active
725ef982-69ec-4cf9-ad06-77a6971fc159,98036d56-7e92-494c-82cc-695b3d46c319,vehicle,531000.0,166334.92,9406.72,8.75,73,54,2022-01-19,active
537402f3-ec1a-4589-b0a9-abae2123c506,901a0b29-dc89-4d54-b102-217fa64fd7e9,vehicle,1744000.0,1344371.11,30943.38,9.17,74,21,2024-10-05,active
2dc5a18c-04f5-4e32-8e4e-67becb334b88,eaa0d678-7794-4e7f-a9cf-cb849e30b808,home,2801000.0,2411269.32,34377.98,9.37,130,28,2024-03-09,active
f43f51e2-99ae-4607-8ff1-c84d42df80c8,d3119302-8f34-43e2-a8bc-a9f67fc5915d,home,7788000.0,6023085.4,69841.13,8.89,237,99,2018-05-10,active
df78dec0-acc2-47b9-8fe6-0c17639b5e07,75ab5b12-c7e9-47c6-a0b6-b98e7b88928e,education,823000.0,768928.19,11462.8,8.19,99,9,2025-09-30,active
07704387-75d8-4513-b3ed-a8d977da27a1,d3e1105e-a03d-4a42-8a42-4fe05e806e9a,vehicle,1799000.0,1494283.3,31196.16,10.32,80,18,2025-01-03,active
76ec87df-5cac-4da6-bbd1-82e9304dbcf2,3040c7bb-fa65-490f-b1d4-ca3f4e136808,home,2375000.0,1708759.07,21970.9,8.98,222,105,2017-11-11,active
b5d9bd40-dc32-4be6-8905-15aca6e90bbf,3bd3a9e5-6bdc-485a-8298-92d350804498,personal,238000.0,190543.06,7140.52,15.63,44,11,2025-08-01,active
c7019430-ea27-4008-9f93-23fc4ea117f1,bbc5670c-1a94-433f-920e-aee1faffaf78,business,3238000.0,855840.12,65584.21,11.42,67,53,2022-02-18,active
959f54b8-218c-4d3f-b45a-d4028eae7bda,3745e74b-a07c-4fb1-97cd-9e871c578bfc,home,6366000.0,1310409.39,57523.32,8.74,226,201,2009-12-23,active
6e4d145f-8e82-4169-be9c-03a104b30d84,fdb744de-b67c-47f9-aced-2a0d49723b03,personal,116000.0,73243.68,3212.09,11.97,45,19,2024-12-04,active
b20585a3-0b3e-48dd-ac44-55abf1f202e6,6a24077c-a8d8-406e-8626-043ad1dd4ae1,personal,410000.0,399048.97,9354.81,11.43,57,2,2026-04-28,active
683e6a92-11ee-40c7-974a-dc10cb5e3a79,ab31b89c-a30d-4627-9ecb-1f59a81c6c34,home,4765000.0,2112284.97,55300.19,8.82,137,92,2018-12-06,active
9526eb8b-cf19-46c0-b8cf-45a657d7bdc9,991d718b-d4d7-4da3-835c-4f5aa5da1c2b,personal,392000.0,359795.94,10909.87,14.14,47,5,2026-01-28,active
dfcc51de-04dc-412a-bd22-a7631ccfa970,301a0ef1-9b0c-4245-ad8d-1ee7e25f68a4,vehicle,484000.0,87446.43,14943.01,8.62,37,31,2023-12-10,active
f74e8526-ffe5-4703-b7d8-b0e829991589,a76ffe01-42f7-417f-bbf6-9061994c8388,vehicle,681000.0,116150.66,15070.78,10.04,57,49,2022-06-18,active
1e1b4790-601b-4cbb-aa7f-2f91a707b5e3,9fe634ff-ba64-4f0e-93e0-a07aedd16d90,home,6538000.0,5932898.28,62286.54,8.43,191,33,2023-10-11,active
0f7d8385-4160-4d2d-af72-70d792dce1da,9bc4e04f-188f-4c97-a0b0-53e9981ffa39,home,3122000.0,2970607.99,32432.97,8.17,157,13,2025-06-02,active
1f7abb86-4ef6-44a2-9864-b6b871c1499d,694b26f8-019c-43ac-81e2-d65c54736b46,personal,498000.0,413648.71,11934.35,11.12,53,11,2025-08-01,active
5da6f630-9df3-40cc-8245-7d21ccfbb673,8e3a1448-9c5b-4716-b7a0-f16f8d8ca0e8,vehicle,1906000.0,1192975.71,38626.59,8.54,61,26,2024-05-08,active
3ccefe99-bcea-4953-b917-396f4277d3b2,d761487e-7fac-4b9b-a429-eac3eca1c983,home,4643000.0,3586887.01,53462.33,9.08,142,48,2022-07-18,active
48aeebfa-02ae-4bcf-bcca-fc3267200639,ad188992-6ee1-433f-b87d-d918401bfb53,personal,238000.0,17002.24,8663.4,15.24,34,32,2023-11-10,active
17ab835a-0e87-4f29-875a-d9801781d5a6,1d7263d8-0d28-4fb2-bcf8-28ce70fecd7e,home,7660000.0,1048902.33,79150.99,8.89,171,157,2013-08-04,active
a95ff42e-4c71-4be0-9a73-a339d05cdcc6,cd175835-b7fd-4058-bbc1-c2f28ea6f0c3,education,179000.0,162617.17,2516.39,8.05,97,12,2025-07-02,active
bb3bf8c6-6aaf-4871-977d-3d7916bde763,081b2e0b-65df-4f84-b655-933d15724740,personal,487000.0,231434.89,12990.29,13.53,49,29,2024-02-08,active
dafe2e46-867c-4641-9e6c-65077cc4d2dd,2fe42060-15ef-459b-a46a-63b7832a0a63,personal,360000.0,168718.77,16208.72,11.18,25,14,2025-05-03,active
cd7ee620-8f26-4857-a69c-4b77e7f895a6,43dd5904-b7c4-4816-a7bd-9a31f04a5554,home,6807000.0,5447351.13,70422.68,9.11,175,58,2021-09-21,active
c657ea5c-ddbf-461b-af17-13f3f176cdc8,222661c3-e445-4d01-b3f5-040caabe5cbf,business,2562000.0,511252.23,54392.54,13.71,68,58,2021-09-21,active
55dcbf6f-3c2c-4ec0-8786-2a59f8ac201d,2c1bfad6-1ec5-4140-b9b8-ea661e8897f6,vehicle,886000.0,53797.32,18239.35,10.24,63,60,2021-07-23,active
d043594d-750b-40c5-b73f-26920ab29ef6,8361f799-2080-46c3-8742-25c3f577fa9d,education,1285000.0,483990.88,21922.72,8.15,75,51,2022-04-19,active
cd564c9d-d684-49c2-a918-73525512fdd9,73ecef28-6a8d-4bac-ac85-a2afde2da1d4,business,452000.0,366897.37,8095.05,10.51,77,19,2024-12-04,active
9d8b18ba-1dbe-40f3-bd31-6de768f4cc17,926cb18b-c548-4ba0-8cd1-b0b245c786d1,vehicle,241000.0,168601.02,7075.94,10.98,41,14,2025-05-03,active
76f9b110-8931-43c1-ade2-4d99dbdc27d6,53fabe8b-bde4-48a6-ae7a-b907809d4429,business,244000.0,77339.9,5945.01,11.93,53,39,2023-04-14,active
34bd8903-964c-41cc-962a-8be7cd8444cf,5c5af0c4-122e-400c-b3a5-6cade54a27e3,personal,389000.0,146618.08,25499.78,14.77,17,11,2025-08-01,active
ab971a4e-e995-431d-b0f0-49006ba15370,8ae5110f-9786-4f3d-b211-7bd581d6f3f3,home,4317000.0,2848754.86,46728.58,8.16,146,67,2020-12-25,active
807c5320-a496-43ee-8963-b311d54a1c21,41c8d190-acbe-4b75-89af-bb16486bbc4f,vehicle,1138000.0,776285.84,18488.91,9.31,84,33,2023-10-11,active
639deeff-7164-4617-8d7f-64561b8a6eb5,93a76c1a-5eea-443e-bef4-294cdd9c3f32,personal,478000.0,430374.42,12693.44,12.45,48,6,2025-12-29,active
89a732a5-afcf-476d-b288-bcf1ccd453e3,7b76c910-7280-41ed-8743-ca3e98c0caeb,personal,389000.0,123643.0,16236.12,13.3,28,20,2024-11-04,active
b7aa56e1-7b24-453f-92d6-f20be8bdebea,73c984a4-cce2-44b3-a8d5-7eae795fa5c0,vehicle,1923000.0,1595206.67,46511.09,9.27,50,10,2025-08-31,active
852a7585-7117-4e9a-99ee-9c276f95e5e7,083351ef-c6ff-4df4-95e1-11753e35a2df,business,3025000.0,1116791.44,92996.36,13.83,41,28,2024-03-09,active
87fa9cb8-f61d-4f5d-bd77-bfa8fdf2b152,4a242115-93c1-463a-908e-f05ac1be6a50,business,3270000.0,2168929.34,62795.54,11.33,72,30,2024-01-09,active
71d1ad99-b1c5-45cc-9839-82937ea8e4fb,837cdb2e-ebf2-4710-af78-4eb40d05a921,home,5976000.0,1896890.07,54975.15,7.52,183,144,2014-08-29,active
67dec078-3762-4900-844f-f0e4cca8e756,649380f7-9077-41d6-946e-76d01a9e47e0,personal,280000.0,23187.17,7897.38,13.02,45,42,2023-01-14,active
35ee7e22-dfcb-4a8b-a46b-8d95476d8cca,4d5e6982-311c-42ef-9ce2-0991927d3636,business,3897000.0,1083951.83,89091.15,11.52,57,44,2022-11-15,active
80332bc7-a6f5-4512-9799-5fa092b846b4,90459f24-aacd-404c-908f-20266d370c34,home,7182000.0,1967023.42,75770.3,9.05,167,138,2015-02-25,active
23a7bdd9-e710-42d4-8aab-50be4ab5b78f,2b1b7987-d21e-4e02-9d44-7dc76c9d8e4c,business,4389000.0,3431516.35,119717.18,12.1,46,12,2025-07-02,active
3c3574ce-8458-4299-b66e-84cd5ed030ae,532fd15c-c41e-4b8b-869c-5ba4509ef92f,vehicle,1822000.0,429138.77,30634.74,10.41,84,69,2020-10-26,active
bed6ac7e-f33e-4583-9c72-dd1dca238b9a,d9fddd56-9048-4c28-8189-85c9ec46db7b,personal,160000.0,48609.49,7206.11,11.21,25,18,2025-01-03,active
303e2362-4215-4bf2-a757-fb2d21246d44,5393b30d-0192-4d71-bd2f-7c480f2ffd0e,personal,242000.0,16393.97,5578.81,12.49,58,55,2021-12-20,active
fd5c4950-1732-44b6-ac99-d43545181f1f,10c5ccc3-d2a7-4f9f-a99b-241b3829b6ba,personal,458000.0,438182.16,11677.16,13.48,52,3,2026-03-29,active
9ddb2901-68d1-4ec0-94c2-a6f6749f62bf,eeb3120d-cc65-4b44-9f4e-ea7ba6f3541b,personal,230000.0,174268.17,8765.93,15.01,32,9,2025-09-30,active
276c9d34-fbe0-41c7-a13a-948f95f5c423,303f89b6-1ccf-4153-8438-95ce2db27d9f,business,1490000.0,506174.16,36577.85,12.3,53,38,2023-05-14,active
9b8b5d47-ca33-46c4-9769-c51b1e31915a,30624f97-c013-459b-8006-736c0c26a848,personal,116000.0,83648.72,5131.82,12.79,26,8,2025-10-30,active
2b38f936-b0e1-4953-9cc6-466888d66a43,15d89392-e2d0-4a50-bafe-deb501b9a091,home,4082000.0,974412.12,34981.74,8.19,234,203,2009-10-24,active
daf72c46-f856-428b-b177-625ada9e9fad,016fc8d3-6c8c-4751-8de2-e61a9a9bc8de,vehicle,1279000.0,165915.28,34085.19,10.81,46,41,2023-02-13,active
f7b5d3b0-843d-4470-8175-61875d972ce0,b4c909b0-dacc-4ceb-9a91-8ef1d2e235c0,personal,292000.0,252565.17,9266.46,15.83,41,7,2025-11-29,active
95d4e1d0-285e-41da-a371-3d1cb8968916,bf30b32f-bb0e-4234-8523-6864cb98480c,education,222000.0,86337.36,3115.03,8.58,100,69,2020-10-26,active
56111af2-dd28-4636-a23c-982af576938a,734ea7b9-4a72-4982-b821-3862c36c8db1,personal,449000.0,217459.34,23076.97,13.14,22,12,2025-07-02,active
6b59637c-0ab5-4d54-8e9e-f710e86527fd,512f5e73-8325-4211-a529-466f463c55dd,vehicle,1710000.0,333532.4,29135.43,8.79,77,65,2021-02-23,active
67ab5cb5-45c3-473b-a1d6-061814a9a0a3,ac63e563-1507-4d0c-bc1a-e7af35430264,personal,201000.0,119230.55,8216.22,14.07,29,13,2025-06-02,active
28db2e6f-8032-4ef0-afd1-2e8ce0cb41cd,2030b65e-c917-431d-ab87-5cc6feb2b1df,business,545000.0,315081.55,12735.5,13.11,58,29,2024-02-08,active
534a43b7-2285-4c2a-a603-6bc2b0afeb82,516d091b-82f5-41ae-baf0-88465ec41fd4,home,1337000.0,202477.66,13419.09,8.38,171,155,2013-10-03,active
c385583b-479f-4942-aa1d-b7b0b36d9619,e983e2ea-5c5b-483c-973c-406718e1abcc,business,4690000.0,4147046.37,159496.98,13.65,36,5,2026-01-28,active
77c6cfa3-394a-4d8a-bf80-6950d1063b11,912ff267-eecf-4d09-90d4-30e816e36a01,business,1191000.0,929148.38,21199.25,12.02,83,25,2024-06-07,active
daee700e-34e2-433f-acbb-fb5474bc5920,80e2b55e-33c1-452d-95a3-fa5ffe0d5881,home,1327000.0,1296239.28,11419.78,7.88,220,11,2025-08-01,active
2061a810-169f-49fa-b64f-66779113fe4e,839e25e2-fa22-41b4-bb96-aaf65b31b9ef,home,6023000.0,1448204.99,57169.25,8.45,193,165,2012-12-07,active
5f618708-3d28-49c3-a6b9-4dbec5556449,cad38fab-30ac-4249-a78c-de293cc7cf0c,home,7415000.0,4306923.71,81348.99,7.75,138,73,2020-06-28,active
76a9792a-d2e4-4371-99d8-70f5d225978a,595f1e8d-51e5-4e7e-ab6d-a338bc796271,vehicle,1625000.0,195224.99,39953.52,9.26,49,44,2022-11-15,active
6355eedf-1bdb-4c8f-aab9-edc2e422a39e,fe58cd06-6184-4dcf-84f5-2036108461b5,personal,266000.0,25442.48,8676.2,13.77,38,35,2023-08-12,active
77c9594f-927d-41b8-b2a4-98e58e883537,019caf06-e699-430b-8f63-82ea9c3b5b92,vehicle,985000.0,870698.01,16230.26,8.62,80,12,2025-07-02,active
9cf103b1-a13a-4ed0-a76d-4fc44682d417,cce5afe7-1dc2-4e33-88f5-8d5a2f7271e7,vehicle,1774000.0,1134448.59,53983.45,9.19,38,15,2025-04-03,active
dd9c980e-59eb-4d81-a230-83239b0655af,ef7d080c-e1b5-4dd9-9d49-98ab1b76d35c,home,2750000.0,286404.14,32844.28,7.64,120,111,2017-05-15,active
e0ddf18e-821a-4cfa-8f50-c2b8364c53f1,151465fa-502e-426d-ab52-b765d8900b96,home,2144000.0,181037.32,18772.46,7.98,215,205,2009-08-25,active
211dffed-7cec-4077-8c26-8c84d04703f3,e59a4d85-5193-465a-beb3-ef7b331cd717,vehicle,918000.0,485297.49,15230.01,9.71,83,46,2022-09-16,active
ae37e219-effb-4ed8-a003-0fb8a98e6c73,c743280e-1d13-44bd-894f-35832456802f,personal,173000.0,28184.23,14316.75,12.73,13,11,2025-08-01,active
fb296287-f3a0-406d-8610-29c250c2ea64,c0cfd880-d419-4864-873a-cd66fce48991,home,3447000.0,1875523.13,34068.53,9.28,198,126,2016-02-20,active
8ae03947-e3d7-4d59-ba0d-3832c5df5850,2475279b-38be-4ae3-b8b3-9b8bcba8e645,vehicle,1877000.0,1631007.19,39450.49,10.08,61,10,2025-08-31,active
50a4a286-1d47-40a2-9d40-8d7026b9bd0f,9aa6d099-81fa-480d-9fc0-adbb8917ac45,personal,72000.0,44952.02,2667.35,14.75,33,14,2025-05-03,active
79998586-62d5-4165-89b8-7d3efa0e1eb5,85f522f8-77ec-48d4-bf3e-19809d5cfa53,vehicle,1735000.0,1582068.69,39504.64,10.06,55,6,2025-12-29,active
e855e6fc-1dcc-4c42-9978-88a48895f8a6,0c60d352-4ed5-4401-8658-f90adabb78a7,home,5682000.0,4183703.61,52283.25,8.56,210,91,2019-01-05,active
31fcdd51-65e0-4617-b94c-c5ad95179e0d,9a0daec6-d511-4941-8b8b-2e38656e13f9,business,3747000.0,808500.0,66109.25,10.61,79,66,2021-01-24,active
6d530944-9b7b-44a4-a1f5-b203cab204b0,09ae4a96-10c0-40bd-8ba7-7bd17e5c1780,personal,69000.0,42386.47,4543.55,15.4,17,7,2025-11-29,active
a4c6591a-3534-4330-b2db-fa8684640b76,3df721a4-531f-40a6-8333-50cc8598c4b8,education,1473000.0,96287.5,19720.68,9.57,114,109,2017-07-14,active
65a941ab-6c4b-49a6-b107-11c1a4f6413a,3650ddeb-d495-4c91-8061-d522f9045bd2,business,2874000.0,545234.1,94265.24,12.69,37,31,2023-12-10,active
cc70c7fa-24d6-4120-8b6a-2f63efba5088,c18baeb0-6cf0-46d8-b925-241f076d3b4c,personal,194000.0,130248.62,10701.03,11.45,20,7,2025-11-29,active
b50c2896-38b5-4fa1-999d-41f9613a75ef,fd11b95a-1192-4371-bc9c-6273754f2dfe,personal,238000.0,123897.95,11224.37,15.71,25,13,2025-06-02,active
d498010b-e8e6-49ea-95c7-e4e18fdd6d5a,4eef0cc9-5c4b-474a-9f84-17f34ee9950c,personal,339000.0,187958.3,13594.75,12.44,29,14,2025-05-03,active
9629101c-ecf1-48bd-9f22-2d54285350dd,5a381f46-0c2f-4d72-8077-ea1cb9808911,home,4709000.0,216658.66,44329.06,9.16,219,214,2008-11-28,active
2fa8b207-6f03-4dbc-bbc3-c8b811f5164d,9b7a510b-9d9e-4078-b911-2649ace17611,personal,205000.0,75520.37,5233.9,14.91,54,38,2023-05-14,active
0f207784-e55a-4ddd-b1a2-4d797ebe4a8d,5414860e-b3a4-45e9-a938-17ab29fab025,business,4703000.0,1174033.48,90295.48,12.02,74,60,2021-07-23,active
f4f05043-3671-417e-8000-a9b81a89d6e1,7918aa3d-8955-4f31-b98d-0ffb61e2b19e,personal,217000.0,120172.95,11696.39,13.86,21,10,2025-08-31,active
f21b1e82-0f18-4c68-b64b-db23f16273ea,b138f57d-7fcc-4b13-ab53-c0fc431d27cc,home,6451000.0,4670737.09,63027.12,9.06,197,88,2019-04-05,active
960f189c-7ccb-484e-85d2-4c947e424f63,1167cc9d-b473-4534-b425-f70fc6df29ce,home,1252000.0,751532.56,10565.06,8.05,237,140,2014-12-27,active
8ae6ef79-d4f4-4215-8494-04d5b7e96dbd,0f8bab1e-dc73-45ba-97ac-8365fc3177f4,home,6195000.0,817819.04,54054.5,7.99,217,201,2009-12-23,active
ec4121c0-9662-404d-9883-bd48573da3ab,4f3cc29a-0d77-4538-95b1-9a4da01de5e5,personal,348000.0,115131.28,10248.67,12.36,42,30,2024-01-09,active
0ad640db-74e9-476a-ad61-bd6b3df6f978,7b958e5c-be3b-48a4-a2fb-1a085d63668c,personal,221000.0,203567.86,8305.63,13.91,32,3,2026-03-29,active
ef5a1729-f9ee-456d-b622-040d622571fd,dca2d8d8-be26-4548-8e0b-c4801678d80f,personal,213000.0,152816.97,8292.28,14.63,31,10,2025-08-31,active
866e120e-016a-4e0d-9131-ceee56ee905c,ac679a12-d163-4f2e-a747-3ddc6fa9a55d,business,3600000.0,2524849.0,70410.89,13.34,76,30,2024-01-09,active
c219852e-6f2b-4a74-ab73-41620b0a8002,a9cadc80-4fbe-4f1a-a925-2d4d23560189,education,921000.0,808340.7,14256.56,9.31,90,15,2025-04-03,active
a0780c6f-12b9-49ce-b2f6-8ec6d832e99a,302557a1-afe7-4454-803b-e656876f6501,personal,235000.0,190504.52,6173.46,11.87,48,11,2025-08-01,active
ecb3bf15-200b-461b-b808-b3f837acbf54,01e431b2-94b1-49b2-9f70-a1f32ec6ceae,business,4184000.0,3883752.44,104326.34,13.07,53,5,2026-01-28,active
ce19ac00-811d-4bd8-9062-3f497a8ca800,1a0a4884-fd6b-4f86-a05d-1084dce8a799,personal,476000.0,416463.39,11190.03,12.2,56,9,2025-09-30,active
644e9a9d-07e4-492b-b37f-09337fe07c66,09fbf869-f88f-4391-aa8d-5242daaea696,home,3200000.0,3058343.67,31468.03,8.43,179,15,2025-04-03,active
202b7bcb-71f4-4258-a7a5-3c4b6f5733c7,c92ca024-d42c-45dd-a5ae-8a2a52931bf6,business,727000.0,385248.83,17003.47,12.57,57,31,2023-12-10,active
1f691663-b0b5-4146-bcfc-c0e2ede5f3e0,37218850-2d12-4e2a-bf16-925d01969ae3,personal,153000.0,107816.43,6078.98,14.07,30,10,2025-08-31,active
2db2051a-323e-437c-9352-04057bafea7f,8f94c8f6-1e4c-4053-9123-d8f55f871c3f,home,1038000.0,419784.68,9306.45,8.82,234,179,2011-10-14,active
34d01b0a-2199-42f1-8d5c-6b6f8489193b,fe976b01-b5f0-44a9-92a2-d22aada2439a,personal,110000.0,11778.36,4029.37,15.71,34,31,2023-12-10,active
29ec53cf-a77e-4dc6-ad5c-50f7bcc56a3b,33b4d33e-dce5-44fd-9ad4-caddc5064e03,education,740000.0,348631.15,12519.19,8.21,76,45,2022-10-16,active
7075c164-596a-4055-843a-3c6092d3f3c3,992f9372-778d-49f8-97c7-b54fef69e967,personal,485000.0,427389.22,12355.77,13.44,52,8,2025-10-30,active
3c019421-0093-4ce0-93a0-69b9407e57c5,726017ca-db47-4160-8b70-4536b01a653f,personal,198000.0,152799.08,4917.15,12.87,53,15,2025-04-03,active
eb8f710d-c2aa-4f5a-8148-9c67d380e19f,856e2d3a-396d-4fa5-adee-fd9e52bc0a15,personal,191000.0,63547.94,8405.99,15.3,27,19,2024-12-04,active
03a44f1e-38a0-4006-bfc7-e19410174828,cfb062c9-198e-4364-a0db-01053ef1aa7a,personal,218000.0,11321.62,5739.4,11.09,47,45,2022-10-16,active
177d508c-b1c7-44c6-a8ca-be786a84476f,d114ef8c-bb5c-4380-9d64-8072b1e41708,business,3972000.0,1484140.07,90464.54,11.94,58,40,2023-03-15,active
a20ea50a-fb49-4b4b-8985-156d5b3ddbae,4124908e-9f80-439c-a578-8e67acdd7bca,home,4158000.0,1970383.82,36199.97,8.5,238,169,2012-08-09,active
2369e3fb-d9a2-498d-b63c-0be967999bb2,36d93ef8-3497-4bb9-86df-261bda9f79a2,personal,70000.0,46541.64,2038.74,14.87,45,18,2025-01-03,active
6c2c01ce-467d-4c61-8932-f187fd79d88b,ac58ab55-7693-4668-9527-6a3c0c924c00,personal,103000.0,67470.4,4899.23,13.05,24,9,2025-09-30,active
eb680823-e36a-433f-90de-fc8a94c8fcea,153d33a4-cb7e-4f52-ada4-50b33a8ca3eb,personal,381000.0,369828.61,9528.65,12.51,52,2,2026-04-28,active
104342dd-932f-4032-bc0a-31d538dbedf4,bd8973b7-e576-46fe-b549-e518fa3a1e5e,personal,259000.0,82132.65,10773.37,13.0,28,20,2024-11-04,active
d26ae096-7065-4e62-934e-64d9b921b80b,a0be12fe-1ffd-4b41-b9bc-b270eab662f4,education,945000.0,121744.6,12636.12,8.19,105,95,2018-09-07,active
5ccf5611-7788-4eb2-970d-b54c0d143076,640a6177-e1ae-45e7-8ca6-9e49bb63ad13,education,1372000.0,21003.43,21168.66,9.44,91,90,2019-02-04,active
465cc749-c948-4294-890f-8a9a4a690450,1a627579-523f-4a2f-8c4c-e97f2c282c94,home,2681000.0,1918565.3,25176.6,8.2,191,83,2019-09-02,active
01bdc234-cdbe-48b9-8331-3a4d6d58313f,826b8029-544f-4601-bf6a-173eee2a62df,personal,498000.0,160207.45,14426.81,14.56,45,33,2023-10-11,active
f4109a20-ddff-4ff3-abb9-3d2f615863ee,c30413a0-b52d-4a6e-9922-07747fc4df6c,vehicle,871000.0,475589.89,17672.55,8.59,61,31,2023-12-10,active
6020eb3a-9a0d-4821-b36b-39c8ca2c131b,013a4a38-1b3b-4281-bb0d-8c4d9d6b1975,home,5064000.0,4690188.89,49179.11,7.7,169,21,2024-10-05,active
0cd42085-85d2-4279-bbaf-53f0cde8388c,01e63935-74d4-4bbc-a0f8-bcac36f7d7c7,personal,327000.0,279911.01,27301.79,14.3,13,2,2026-04-28,active
227675a0-2b1d-418b-a184-8317e4442dd1,68769838-7d55-4073-b510-72584fedfee7,vehicle,989000.0,208477.25,30869.29,10.85,38,31,2023-12-10,active
8b4d2bd2-e27d-42c8-b07c-fb00f6540e8c,331db2c5-37b2-4881-9384-9ef97cccaba1,business,3302000.0,60875.12,61389.01,10.13,72,71,2020-08-27,active
ac073cb3-580c-4b0c-9405-73a09bdb7843,b2d11c0f-0ef9-42c4-9cdf-5e133e7ffa13,personal,319000.0,272637.02,8925.25,12.56,45,8,2025-10-30,active
4cfab1a0-2bf0-4739-8b59-53951311aa5a,78929965-63ac-4fea-b6de-fe4c2107e55a,personal,367000.0,125219.86,21776.96,14.75,19,13,2025-06-02,active
720b388e-dba0-45eb-8f47-d27e06787482,58934117-5884-4c5a-968b-13d86d213c66,personal,401000.0,19661.2,9999.88,13.75,54,52,2022-03-20,active
a5fbbeeb-c042-4675-9ede-b197b0598927,3719f664-9bb0-4689-ab1b-3502c860cd8e,vehicle,964000.0,642662.18,20313.58,10.19,61,24,2024-07-07,active
3aef04ae-d27b-407b-935d-e9b65fcec5f2,bcd49e36-3f08-46fd-9713-b645e90de578,education,1602000.0,889397.8,25184.92,10.0,91,49,2022-06-18,active
1f6e5aad-dfa4-4deb-af8e-ad9c4de10bb7,1c4609b7-990a-4fa1-8da1-0e60820dd222,vehicle,1632000.0,667089.34,27637.5,9.82,81,54,2022-01-19,active
50f9e279-1bd0-4246-a9cb-020fb463ca2b,b21216ed-0f9b-4266-860d-102588679c02,home,933000.0,643986.05,10339.39,7.77,136,56,2021-11-20,active
efa47f46-509b-40d0-a6df-f5fa96bfba77,456db6e0-3b2d-400a-bb7f-7966c24542c3,personal,88000.0,45006.93,4001.97,12.15,25,13,2025-06-02,active
3d878828-2af1-4d05-bc01-2ab22b435fe1,16adc313-c0f3-4766-bead-87efd7e7eb0b,vehicle,1556000.0,911199.42,26830.26,8.52,75,36,2023-07-13,active
bc995964-6feb-46eb-82d2-09c9f8a77989,cda3e5aa-6ec8-4ef9-aa3e-a4bf41b0f853,home,5027000.0,4630964.64,46182.79,9.21,236,44,2022-11-15,active
e5b27435-6484-4a03-bc04-4716b3480826,4c9aae6f-05f2-4597-aa9a-dc2541646626,personal,189000.0,101012.11,4761.13,12.13,51,27,2024-04-08,active
01177629-cd17-4bbc-bbfd-f04956151678,de968630-6f41-4379-9ce8-367a5bb758ad,vehicle,1861000.0,202322.79,41451.09,9.7,56,51,2022-04-19,active
f195bec2-6ec8-4767-8280-acc503b828f7,00115070-4dd6-44f4-8419-6bb95b9b2f9d,vehicle,945000.0,538422.98,28273.16,10.88,40,19,2024-12-04,active
a6d0f579-57e9-4ae7-88a4-1cf213c37d6f,555024d4-f566-4f6f-a1e6-400aafe638f8,personal,60000.0,17590.11,1473.1,14.84,57,44,2022-11-15,active
dd793f29-2802-48ba-a39f-c857b7f13d41,4c155d8e-4cc5-46b7-adbd-6245d24b692a,home,887000.0,704878.48,8965.78,8.85,178,60,2021-07-23,active
c7caa63b-a017-4c95-b2c0-594525b22178,1890951e-fe2e-4784-81be-891298b4bfdd,vehicle,1594000.0,766025.27,33108.1,10.61,63,37,2023-06-13,active
a336b1ca-a592-4d34-8f03-1114aa1d3577,65c94ede-d6c9-4837-b6bf-cc7447a9d70d,vehicle,902000.0,373486.44,28336.94,9.78,37,23,2024-08-06,active
dddfd32e-2064-45dd-8da9-e687fc1c2b0f,bc9bcacd-723f-421f-9c39-b9ce5a0b7dbe,home,7937000.0,3335275.26,77312.41,7.97,173,122,2016-06-19,active
eec60c54-9f4b-4b73-9e5e-3e52e66ebd73,051243e8-4e11-44a6-986b-f9fef4dc1ef5,vehicle,1903000.0,1733752.86,32843.98,10.45,81,10,2025-08-31,active
787ab2ee-862e-40cd-8f6a-627efeb4c11b,54365020-4bc9-4b02-b612-294e58d8b1f7,home,4299000.0,2893405.48,38982.01,8.55,217,111,2017-05-15,active
6d86cf9b-b2b7-4644-8fd8-15f48a35ecf2,b6376403-950e-4df4-9567-01cc81a9ae3b,vehicle,387000.0,279077.65,10575.69,10.18,44,14,2025-05-03,active
94fe1f6c-73ab-43ff-8160-532fadc2fbba,b31386b1-2d01-490e-ac27-b247eb343aef,vehicle,499000.0,402291.69,11881.24,10.07,52,12,2025-07-02,active
9a626a7e-e912-45c9-beff-9603337a79a4,44d95e16-fc09-433a-8e6a-729457f95da5,home,1693000.0,1513726.34,16467.38,7.67,168,29,2024-02-08,active
57fd7597-a08e-4c20-8bbc-ef1ae37b9f89,76ee1695-bef9-4b7c-a7e9-22f62854e99a,personal,405000.0,326620.81,11394.9,13.84,46,11,2025-08-01,active
bbfe4b0f-1d54-4ba0-80c3-d68d5c5f4763,57020dbb-046d-4fc7-9a66-73672fdb10bf,vehicle,1658000.0,182118.68,37292.43,9.49,55,50,2022-05-19,active
9ca2585e-f09d-4850-88cd-49b2716d3ddc,6f895aa2-d778-4044-960d-c64aad672fc1,vehicle,1013000.0,692726.08,24119.64,10.07,52,19,2024-12-04,active
43ee7800-e838-4ba7-afde-fac0b4553bd1,719b1bd2-c68b-40a5-ad6b-cb6b026da5d5,personal,218000.0,19486.62,9888.48,11.9,25,23,2024-08-06,active
40c94321-b241-488f-9ab9-1866e7fa3d74,700517de-6bba-4097-8597-974e51874561,vehicle,704000.0,579109.01,20361.48,8.77,40,8,2025-10-30,active
724d448d-5e65-4dc7-a0f7-7ffd2fc8dea7,f3c6430d-ba88-4cd8-bb6e-dfaf69fb0676,business,3500000.0,1853250.23,67449.95,13.4,78,45,2022-10-16,active
8f671c0f-ed3b-41e5-b061-92a864ae3faa,b800bfdf-a752-40ff-8105-7e216d40d51f,home,3365000.0,3303321.63,32209.09,7.88,177,6,2025-12-29,active
5d3d58a2-7ebc-46a6-ba95-54a04e468963,6c9f80a6-abdf-4d73-aff8-e6675ef4b72b,business,893000.0,134572.69,23234.26,12.21,49,43,2022-12-15,active
f92f05bb-d056-47f0-bd29-8647551c683e,38512912-3529-47bb-8bf5-e00700f47d7b,business,681000.0,200696.91,12791.3,10.87,73,56,2021-11-20,active
3b7f98d3-b6fb-45dc-8e40-b3712ab08fc5,afb8ac7f-1383-48fe-9917-c4302f4312ff,personal,401000.0,262316.92,11493.2,14.89,46,19,2024-12-04,active
4cbb6608-8fc1-4296-8382-8aa3c50374fa,5deabc19-9a12-4bb9-9dee-5cee2130daf4,vehicle,1890000.0,1583844.83,44444.57,9.46,52,10,2025-08-31,active
fc436812-87a0-4172-b806-727861b22a08,9f759408-cd1c-4ecc-a7bc-6f3f632cecd1,home,7596000.0,5397988.71,82851.57,8.82,153,64,2021-03-25,active
6b2a8428-13ff-4d08-a720-97dbcf2cc6b6,fc0819bf-86fe-4d6f-a382-05a60cf45311,home,2927000.0,2695965.76,36302.94,9.3,127,16,2025-03-04,active
435b79b5-2578-4419-a249-e23492aa098a,03d97f66-e887-4f30-8bf1-f2be5b03122b,home,1767000.0,1740481.17,20276.67,9.32,146,4,2026-02-27,active
170b9130-67cf-4411-87ef-59a3ca18f1ad,b7099a48-d4fb-4b9c-8054-765579d31ed2,home,4311000.0,3607544.02,39435.04,9.06,232,76,2020-03-30,active
95c6cdf2-ad04-495f-8125-15b5125e1518,1465b76f-cf47-47f7-8a9e-5dad671919c6,personal,267000.0,160035.54,6343.2,13.87,58,28,2024-03-09,active
ed0de6c1-0297-4357-9478-a7ec82b6147d,d67ee4e2-705b-4dc3-ad1d-3fb19d90cca4,business,2519000.0,1643160.43,76071.26,13.89,42,17,2025-02-02,active
43f6abda-4aa3-4a9e-94b0-eba0e2728384,8b91627d-1380-409a-80d5-c54896a6d0c4,vehicle,879000.0,864165.78,14718.63,10.01,83,2,2026-04-28,active
767d6c9e-129d-402a-80ed-99d04aa9d0e7,2d9acf0c-2e7f-4dba-b6a8-c6943929e662,personal,344000.0,109859.85,8612.41,15.19,56,42,2023-01-14,active
d573ab84-fcab-417f-aa83-a05ec75c3718,66ad8360-803d-4e5e-992a-4efa63ff7ced,personal,481000.0,282115.28,13757.26,11.74,43,20,2024-11-04,active
095f218b-6901-47cb-9048-2f5049ffd547,8c044d1b-cd20-410e-89de-c5fb6464cc5b,personal,430000.0,208401.06,14334.64,13.8,37,21,2024-10-05,active
131186e5-15a4-4bce-b428-4b8167e47b9f,0d531f63-6ade-4c02-8bb4-d29f7f84f08d,home,3424000.0,2790511.14,31467.83,7.94,193,59,2021-08-22,active
f71202eb-67eb-4fc5-b433-493b7989c791,22db1c10-996d-4a75-a3a8-566cc398cd92,vehicle,1408000.0,476940.2,30340.19,10.61,60,43,2022-12-15,active
47b9db66-60ba-4b27-88f9-f2a9a18aed2b,cb1d5543-13ef-48d3-8fbf-c8e47c919276,personal,230000.0,150430.02,5910.83,13.15,51,21,2024-10-05,active
7c995406-fda4-4338-9be5-1c48795fab5e,cde78bd9-73b1-4498-8f83-5be220c09dba,home,5097000.0,3862837.86,48805.01,7.57,171,61,2021-06-23,active
5e521208-abbd-44fc-a13e-500cba27ded0,fff6d6d8-7047-4422-bad5-71de2b580734,personal,59000.0,18995.89,2509.8,14.98,28,20,2024-11-04,active
e1b68f7e-8c05-46fc-abd8-fcf8d7e9f47c,07ade84e-00d6-4e1a-8511-d65fbf8277df,home,4734000.0,1642978.5,44842.44,9.0,210,167,2012-10-08,active
e8323aed-e069-497f-b2ef-0e270c94f539,b6d5c1e5-22e1-496d-b400-74487e3be588,home,2738000.0,2440783.44,29369.25,9.13,163,31,2023-12-10,active
ee2503ab-4d99-442d-a5c7-72d7183b2d6d,d4cc8a53-886b-40a1-9e3c-34b386132364,vehicle,1273000.0,144077.94,21178.9,8.63,79,72,2020-07-28,active
7e0c4225-5e1d-4454-a06b-4ce1c2041e1e,3fb5f739-243d-4e84-855c-60d4b3965a10,home,6975000.0,5950849.32,67364.12,8.65,191,50,2022-05-19,active
c8db046c-6c14-490a-9830-1da75eb2557a,816551af-f5c6-4219-a40f-cc925172d1f2,business,2815000.0,2733979.53,53889.39,11.57,73,3,2026-03-29,active
882ffe30-841c-40c1-b0e4-1d712730eda0,6af75004-0ff8-4d1e-8222-eb1c84a7fd03,personal,129000.0,116132.07,4832.96,15.61,33,4,2026-02-27,active
49adda83-6d69-4900-a76e-b0b4f37db064,10a3599f-f9e3-4e86-946f-e58f47d64f46,business,3261000.0,690322.42,73182.49,12.91,61,51,2022-04-19,active
0e83fefe-db7b-4ca8-9ad4-589364839707,adade81d-8ee2-432b-ad80-349c1a5c4d40,vehicle,1915000.0,1666401.7,40637.8,10.49,61,10,2025-08-31,active
73d89917-1b98-48e2-a982-6227804eddee,fd4e8bd8-5af2-4d25-b60b-42fb932ad2d3,home,3676000.0,3620838.05,35382.0,9.36,214,8,2025-10-30,active
9f053c8a-3cd7-40c8-816e-90ff7666aea8,7fc944bf-8eac-49fc-b878-714b9394fa2f,business,2648000.0,1331866.24,61207.06,13.17,59,34,2023-09-11,active
fe436b7e-663e-43b2-83b3-0f95ba233d9c,f70f5471-71e4-4261-8b41-35e69d6538a1,home,6986000.0,6291354.08,61750.37,8.71,238,52,2022-03-20,active
96600ea2-c99f-435b-9ac5-8dcb267ac0f1,2aca7f17-3601-49b5-895f-c323d65370a2,vehicle,863000.0,545161.31,21338.26,10.39,50,21,2024-10-05,active
7275038b-a683-4d9c-bacf-3464dd00c67b,bbeb898a-bf02-4bde-b903-87b125286a32,home,6794000.0,4272018.92,60133.77,7.67,201,106,2017-10-12,active
11a73231-ebad-40f2-9da3-029b313c7f26,e4d9c30b-2008-487a-b302-cc3cf7761706,personal,158000.0,82024.03,6040.97,15.26,32,17,2025-02-02,active
0909d8a7-1843-46bf-8efe-9cad09a0e58c,80f4e76e-729d-482b-9a34-2d5ba903d654,home,7387000.0,4521182.75,75981.25,8.65,168,90,2019-02-04,active
8b24d859-1b88-4689-93b4-ebc18e97e2a6,144bfb61-012d-4d74-897c-b924c096b685,home,7071000.0,6844041.81,60685.91,7.66,214,14,2025-05-03,active
302ac20a-b489-4619-92f6-f3a70bd0eee0,9cf43848-c89e-4313-afdc-aa1e7fb2a0f5,vehicle,1577000.0,1054382.99,42758.81,10.78,45,17,2025-02-02,active
bd147a8c-2ce4-4eaa-b2ab-78ae377e9176,7697a153-c4b3-4b6c-ace7-0dcf5f16509d,home,4785000.0,145047.85,49038.27,8.53,167,164,2013-01-06,active
9a873061-4944-4ab9-8195-da67284f5bc0,959ead63-51a2-4a32-8515-051b86d634c2,personal,267000.0,192624.26,6796.36,11.06,49,16,2025-03-04,active
ae371ea9-c6d4-4546-b4aa-84119e9bed30,8dad0a2f-51b1-4e26-8d1d-efca9f6ad0a3,personal,391000.0,157629.56,10222.2,13.27,50,33,2023-10-11,active
9d97bb93-ddca-4504-ab1d-83f3899a53c7,7c6838ea-ce9c-4e49-b635-a14686af0906,vehicle,347000.0,235177.76,6823.17,10.25,67,26,2024-05-08,active
2dd3278b-cd64-4593-bd61-a23ef669b7ed,2de074d8-0aa6-4101-abec-bf55d45e0403,home,3581000.0,965073.66,37295.19,9.32,177,148,2014-05-01,active
9e439fa9-229d-4618-8b50-5ad094e808bf,dc8b2531-fc4a-4249-aa7f-805d80799e1c,personal,108000.0,71280.28,2577.55,12.91,56,23,2024-08-06,active
b81c2aa1-52e6-413f-8eda-9041fe3d3a5b,9ac265f5-4d68-435c-8e52-1e5097629287,home,3441000.0,779827.68,34368.27,9.12,189,164,2013-01-06,active
18956ecd-dfbe-45fe-9378-10260659643e,88772b99-604b-4724-aed3-e93fd83d96e3,personal,316000.0,148921.85,14378.11,12.2,25,14,2025-05-03,active
baf1f6ab-960a-4dc6-a48a-fa6c41fc1cc2,f8ad1875-c6a4-4746-a4b1-012cde900c57,personal,102000.0,49895.61,2794.54,13.27,47,27,2024-04-08,active
d4af8803-8c38-4ab3-a418-3d2314173e81,cc2a60b9-598b-47a6-aaca-81d2a63c3638,personal,440000.0,422327.38,14386.7,15.29,39,2,2026-04-28,active
b6a63ed1-05f2-4599-8106-3ab29b12e88f,860dfb5d-fa02-444a-9066-d129e7f6ce22,personal,151000.0,54092.74,5806.36,15.71,32,22,2024-09-05,active
57917c1b-4ec8-417c-9ebd-bd1ad5a87792,5ea6460b-801a-4a41-adab-0cb28eb37ddd,vehicle,1876000.0,1296870.67,31596.96,9.64,81,31,2023-12-10,active
aba7a781-f6d9-46e4-9e0a-588ce4744970,7ebe5c66-b391-4b69-85ef-86c24cb35879,vehicle,1350000.0,1240467.31,26945.37,10.4,66,7,2025-11-29,active
f7666c8f-b948-46a5-8cf7-4fef8a3454b3,b4db8a51-7875-469f-943c-4a3dff71140a,home,1828000.0,17867.49,18002.69,9.08,194,193,2010-08-20,active
a9b384be-34bd-4132-b2f4-f34411b70244,2d4a2868-737b-4d63-8e00-f711a86e71c6,vehicle,1506000.0,728430.96,33876.24,10.78,57,33,2023-10-11,active
054896b4-c878-4491-8416-a28568e4148b,bad6aa99-e750-434b-ac51-57e5bc68226e,vehicle,675000.0,655761.49,14528.53,8.79,57,2,2026-04-28,active
aef184a0-5649-4bee-8d3b-baa4906bd5cd,e4c903ba-e283-433d-aee6-0dd5148b2f85,home,2607000.0,823088.19,26258.34,9.22,188,152,2014-01-01,active
8c66e097-4bb2-4e02-9b57-c0a8a3b6a968,3648d476-46f2-4b04-8c86-093daef589d5,personal,443000.0,301419.01,14060.14,14.63,40,15,2025-04-03,active
1a1c981f-23d5-492e-8fd8-591a8a3f188c,3c899056-b88c-462c-8a92-085b503d0248,vehicle,1175000.0,50058.44,25325.89,9.47,58,56,2021-11-20,active
1703245e-f68c-417f-b45d-1f7be7284fab,3a8a6e83-b64f-4a0e-b8f7-07c4eb95fc5e,personal,180000.0,10266.0,5205.36,11.26,42,40,2023-03-15,active
f88ddb89-e881-4ada-b3fb-05885a489e18,08e6097d-02ee-424d-b8fb-357b42e2eb86,vehicle,1251000.0,309193.14,27260.7,10.54,59,47,2022-08-17,active
1287911a-6c97-4ae5-ba03-14004871e326,4f830c67-d076-4eae-8c93-9d5ddfe25930,vehicle,1645000.0,1479546.46,34555.31,10.58,62,8,2025-10-30,active
d6091206-f824-4f99-b285-8809358980c7,6ea374bf-6021-4215-955e-74241bb1530d,home,4131000.0,3048571.26,39210.72,8.45,193,80,2019-12-01,active
b7fa2760-cda2-40f4-96c1-7c9d815b77e9,269a7625-20dd-42fa-9b0b-af742f21a8b9,vehicle,852000.0,322215.42,14922.2,10.36,79,55,2021-12-20,active
b8292805-ed10-49c6-98a7-b8b88182212a,a0a0fdeb-7439-4f0f-ac06-f2fdf2a79ab0,home,1624000.0,1448242.01,16067.23,9.08,192,40,2023-03-15,active
a86d1dc4-8998-4ca4-b45e-07cd7dc1a642,8efe5298-d950-482e-ae3b-2292169490d2,home,5623000.0,2903391.37,60647.93,8.09,146,88,2019-04-05,active
134f21f4-7c6b-42a3-9a4e-99615869aa3a,673ee5c2-14e4-41c3-b829-956bfddfd50f,home,7917000.0,3902405.47,98866.68,9.02,123,76,2020-03-30,active
00c3ff64-4a7e-4b15-b8c2-6a603d6efb7f,dd48fc3b-e1e3-40e1-9fd8-6b2a9582c832,home,4306000.0,3116154.3,39088.06,8.26,207,91,2019-01-05,active
40ed0bb3-99f8-4a10-b2e7-58181e908907,508a983e-fea1-4cb9-9795-ec52c3a3d95c,business,255000.0,115541.41,5413.07,11.52,63,39,2023-04-14,active
0b5ec9fe-9098-4911-a560-89babf109e49,b13b18f4-73d1-4b22-8580-a1411db1fc79,vehicle,528000.0,195387.22,9396.59,10.29,77,54,2022-01-19,active
d7c2a116-7ae7-4746-9e81-26e4a586f1a8,b77a0fe1-633b-438f-85be-745275b3d490,home,4396000.0,2656500.39,37711.7,8.32,239,142,2014-10-28,active
d486191b-2a7d-45c2-8767-4dde2bad024f,8768ff88-c4af-47ad-b2ba-605f89a713af,personal,331000.0,89844.01,10634.97,15.42,40,31,2023-12-10,active
b0794b0f-316f-4263-8430-09ee17ee5687,828b954d-20db-456c-a664-849e7f1b59e9,personal,219000.0,145056.71,17126.17,14.78,14,5,2026-01-28,active
c710b53b-9b81-4de0-a069-864408ba106e,eb8437ff-5eba-4169-800b-440173275c93,business,4487000.0,3551566.58,94255.12,10.58,62,16,2025-03-04,active
2e3cd06e-7083-4f61-bdf1-b3e927987563,5a9931ee-dd87-4c0e-b222-f9d75cc69335,personal,315000.0,183495.83,7586.0,15.04,59,30,2024-01-09,active
7114c1b0-a12f-4b74-8836-78b694b09e36,fe88a7f4-2d12-4ae5-ac68-05083ca15c5b,home,6390000.0,1993843.05,79571.36,9.39,127,99,2018-05-10,active
42507dc8-e632-4eaa-a70d-31545145136e,8feec3f0-168e-48ca-8199-a7b7a0164e15,personal,211000.0,57346.0,11867.03,13.77,20,15,2025-04-03,active
286f7a27-956e-401b-a54c-8305de0ce7c0,2cc600d1-50e9-4120-9edc-ab29f8d44dbf,home,5455000.0,447377.1,65693.57,8.31,124,117,2016-11-16,active
9ae50ad4-24c0-468b-96f3-2fe5d734cc30,daf0559d-c7b6-4f56-a939-477337b61c47,business,1006000.0,755267.96,25834.8,10.66,48,14,2025-05-03,active
3f3dad74-ab37-437d-a03d-dcf5d31c10df,593a782d-5077-4e81-98e9-61deac4e16c0,business,3926000.0,2609572.33,124247.76,13.15,39,15,2025-04-03,active
26a28083-ae03-462d-9814-ae5d1eb61f75,33820e0b-6ad5-46e2-8fca-9822fe083e01,personal,468000.0,438853.51,19334.34,12.4,28,2,2026-04-28,active
11181139-84e5-49b6-8c99-960fd4ebb283,e5b41912-0f91-46a6-a50d-8c966ea6dfe3,business,4109000.0,1401482.37,136062.11,13.34,37,26,2024-05-08,active
1c47b887-812f-4bfc-9988-6e85c5e941e2,0339b89b-58fa-426c-af5e-94fb67f0ebfe,personal,488000.0,475190.49,11305.41,12.13,57,2,2026-04-28,active
3e7afdd0-f7fd-4b6d-a465-603b9bf4ffa1,7c6176ed-14f3-4ef8-a8d5-b8578d60ce58,personal,205000.0,44312.83,11355.37,11.95,20,16,2025-03-04,active
31fce7b6-9cb8-446f-89d6-f44da23456c8,2a2b1746-959a-40e2-8bdf-b42ea6cf72a5,personal,226000.0,184891.24,12733.99,13.99,20,4,2026-02-27,active
9dfaf83b-1a2a-45e2-a718-755b052335a7,f7198043-ac75-4095-861c-cd4ed73ae3ae,home,3077000.0,2957931.28,30999.15,8.93,181,14,2025-05-03,active
4a50cc69-54f8-477e-a75a-18d9b2dec126,0cfeeb4d-1430-4c56-b63d-47d837ca9900,home,3369000.0,2097154.15,28242.6,8.03,240,137,2015-03-27,active
0ac423fc-3c1a-4359-8188-e6b58bfeefcb,81062e99-45bd-44bb-b28e-fd571a1333fd,vehicle,1200000.0,81425.86,27587.84,9.83,54,51,2022-04-19,active
f582b0ad-f830-4766-ab5c-a2351e5d9235,ee3d1edb-fe22-432f-bc89-c379cdd92842,vehicle,642000.0,17939.22,18102.16,10.9,43,42,2023-01-14,active
f1e5b116-1cc4-4009-b2c5-a909c264f6a7,f8941f2f-a5a7-436e-8991-6393c8789d0f,vehicle,1639000.0,549082.46,52226.62,9.14,36,25,2024-06-07,active
d7997532-cf61-4dcf-a5f8-2a094b67ee7b,6b3f9f7d-a8ec-4a41-a06e-bf80bb032be5,personal,190000.0,173786.12,10222.34,13.65,21,2,2026-04-28,active
bca44d57-26cd-40fb-a84b-60295f89d49c,7eed6664-acfb-4227-a750-89ed8bc7ac22,personal,488000.0,246518.02,16163.25,14.8,38,21,2024-10-05,active
60686920-2ee8-45e9-bed2-ef7d374fe259,c24994c7-f46e-4207-9be7-593d70c588f3,education,794000.0,340111.06,10170.9,8.06,111,73,2020-06-28,active
d4ad7585-80c1-4f0b-b2a6-5d4b243a2709,94a7fb22-b9a6-42f5-be4f-bb673b9512de,vehicle,1912000.0,405556.38,35622.79,9.83,71,59,2021-08-22,active
9cc73a5b-72bc-4d76-9a7d-a822732fab2f,5bbb6d1b-ab93-4b55-81b5-65a71dfcb8f8,personal,62000.0,8858.37,3008.13,11.21,23,20,2024-11-04,active
188e9e0f-c6f2-4780-8b7f-d972cd8a8ac1,50f3452a-64a1-42d1-af15-39b417f135db,education,421000.0,85690.05,7524.75,9.78,75,63,2021-04-24,active
345b681b-e098-4d7b-9c90-d35c465ebf95,9a6b63f8-e5e7-4710-b9e4-6fca7c55e497,home,7245000.0,5419065.88,72169.38,9.44,199,85,2019-07-04,active
8872d716-d11d-4d4e-af00-7d4839f7afa9,47d50293-2f4a-4c70-a5b4-33dcda1bb2b2,personal,484000.0,109823.35,22837.6,15.76,25,20,2024-11-04,active
e9731408-25b1-46d1-a501-bd570b3d9fb2,28ecad7e-46bf-46eb-a33d-2ac48b7dc6bd,business,2792000.0,171574.65,58364.12,12.26,66,63,2021-04-24,active
9376c158-322f-46f0-a58f-96917c8f0351,eec7ce20-79c4-4198-b371-b47e4458b7b5,home,7142000.0,133283.99,67301.64,7.91,183,181,2011-08-15,active
d5a14af8-fbe1-49a1-a073-74e330e1e9ff,6a847151-5449-4dde-9b49-052bc3d9f1e9,home,6511000.0,4864250.58,56648.83,8.12,223,94,2018-10-07,active
133acb79-4b7e-4a46-a52a-380fc9557a57,868a0d89-8371-45a9-aea7-0dcf1499cf12,business,1034000.0,143958.81,29653.95,11.9,43,38,2023-05-14,active
85266dfc-2b4d-452b-8722-d03c0014c095,a1747d71-b755-4e06-8439-7fd530c34245,business,1642000.0,1347641.29,33631.47,10.03,63,14,2025-05-03,active
e5e00ebb-96a6-4467-af89-11510fb5bb5d,6bdd9cec-7425-4f43-9986-b0470f317d71,vehicle,1175000.0,1147898.91,21845.11,8.52,68,2,2026-04-28,active
a5af2fe6-62a7-48d4-896e-866f33cd5734,c61d271e-fde4-4b5d-a638-fa0e10237d56,home,1089000.0,641298.09,12786.76,7.86,125,64,2021-03-25,active
175da8a8-474c-4bff-aba5-ff9c6f8af1ab,01c580fd-d223-4140-a2da-f6d7ff71895e,personal,358000.0,265473.29,19605.53,15.69,21,6,2025-12-29,active
34b2e3c3-4c8f-4f9b-a832-37a836bdec65,47345523-6225-4bc4-81b8-1dd6a63ffab1,business,3707000.0,3311260.38,71247.82,13.01,77,12,2025-07-02,active
c6d50cf2-0ec2-48cc-a296-934cd136fbea,c73b6f7e-f1e3-4a8a-83b8-fdb90dd3ef08,vehicle,1080000.0,758081.4,24255.24,9.42,55,19,2024-12-04,active
e0e7f25b-612b-4413-a514-5be1ad412d2d,8483c6e9-ac61-4e10-a8a3-71365d6c733f,home,2566000.0,314298.5,25427.31,8.74,183,170,2012-07-10,active
447b7f22-9a32-45ed-84a3-4ccd3dd91517,b38876a2-06e5-45bb-8699-e012c69322c6,vehicle,323000.0,271929.51,7487.33,9.51,53,10,2025-08-31,active
5efdd3d3-3a2f-4f61-a305-2ee3b913847e,a1c11f2e-c447-452b-827f-ae83e5eed3f5,vehicle,775000.0,674068.57,12397.22,8.54,83,14,2025-05-03,active
610f9ca6-e594-4b4d-9777-baecaf27647f,1924115e-aea5-4b4b-b280-4d529eca0d0e,personal,233000.0,172245.62,5747.07,13.86,55,18,2025-01-03,active
84ba23f2-f01a-45c7-9c55-81841473fb66,9aeca99f-9919-46ef-bfba-d4f587454bbf,home,6689000.0,2919833.81,75619.78,9.24,149,103,2018-01-10,active
85129847-432d-4aef-a91f-b21067f846c7,011ae3ce-4b0c-4af6-bbfb-2b0c18aed8e8,home,4509000.0,1010963.38,39783.63,8.18,218,190,2010-11-18,active
35e8de53-ccd2-4885-9930-c2bd183a90a7,9e6daea7-ebf2-4719-8a89-37d5dfa12a78,business,4706000.0,1154007.36,121195.26,10.81,48,38,2023-05-14,active
dc809131-31ed-4d61-ad64-5ae716763fcf,8aecabe6-fd60-4f07-9e4e-04220cc617bc,education,1065000.0,763578.31,15798.59,8.28,91,32,2023-11-10,active
9ca7ab98-92f5-458b-a511-856d22f89252,46afab31-c572-4e44-a024-ac2c9446888d,business,1238000.0,1201687.7,25211.89,12.83,70,3,2026-03-29,active
44ad010c-fe22-4d51-8619-3d6ef46dc34d,17c4f40b-e99e-4223-bfa6-90eb89d9b9f4,business,4019000.0,1108926.01,98184.68,11.34,52,40,2023-03-15,active
13540ec9-ef7f-4688-a16b-6261db7eeda8,1a6706b3-4474-4c93-9b7d-1bf014bb2c49,home,1509000.0,148635.97,14034.68,7.65,182,171,2012-06-10,active
2dfa3485-f4d1-477a-bb34-d584eb47e126,b890b39e-26e3-42dc-ab90-60b33da4e379,personal,275000.0,33487.75,17039.56,14.1,18,16,2025-03-04,active
0b906f1f-a946-4251-9a48-c0b069d4028d,7c9e6cfa-b4ae-4a43-9aeb-c1e7191cbc47,home,3237000.0,2061116.55,28000.63,7.71,212,112,2017-04-15,active
8cd1eade-7b5b-4fc2-9daf-e7e6bf972fbb,29109fd8-61cf-4f02-9417-ad3e9c5de8b5,personal,492000.0,464414.08,14969.72,14.35,42,3,2026-03-29,active
8d725bd3-19e3-4ec2-a8ff-20f1a8675374,e4efbacd-bbc5-44d8-90bc-eea3e4639a51,business,1882000.0,1537835.51,35361.15,10.52,72,17,2025-02-02,active
f2391021-e768-49cc-aefd-56a5b39045b3,8189a93c-cf49-457c-970f-d45c23a6f011,vehicle,479000.0,400549.92,8160.38,10.3,82,18,2025-01-03,active
8378cb0d-e702-4f60-8fbd-ae9880d8a9f6,4aaf7242-747d-49ab-8ddd-55e6a098502b,home,5788000.0,5759128.22,54901.54,8.4,192,2,2026-04-28,active
51ad90e5-5b7c-475d-958f-da338e75a490,9d98409f-7d6c-4816-a6b3-bd05ffe07e8e,vehicle,1236000.0,272257.42,31574.2,10.38,48,39,2023-04-14,active
3464924d-beee-414e-943e-c36b9bea98a5,1788569c-4121-420f-b300-493958099d7c,home,1711000.0,1015780.87,14104.48,7.71,236,139,2015-01-26,active
72dbe14e-3faf-425b-997e-2668c84baeb7,e029becf-b4b9-407f-933b-69b0fb53af8d,education,1300000.0,1100255.83,21647.67,9.83,83,17,2025-02-02,active
e0f45d8f-3f5f-4ce2-b550-ee576d20c284,cf6ea21c-7c4f-4a32-a01b-7dfa39c324c6,home,6817000.0,4595406.34,61910.67,8.71,222,115,2017-01-15,active
129d7595-d9e8-43a9-b7ab-911a8826b2b8,06462209-8cb5-4c60-892f-f270dd327208,home,5012000.0,3086001.76,63694.43,9.31,122,61,2021-06-23,active
6cfba04a-7e92-4b32-8814-8a6724e887fd,1cec52b4-0ba3-4d33-b0b0-83596c99e340,home,7522000.0,6678291.5,80943.15,8.89,158,30,2024-01-09,active
4c8311ac-f719-4982-b74e-059273cca490,59b63529-850e-4b2a-bf87-885f7f400157,education,1930000.0,926260.62,24053.73,8.37,118,73,2020-06-28,active
8b4193eb-fdeb-41eb-993d-972083d5038b,8771f52f-50e5-4092-a09b-354f4905f51d,vehicle,1688000.0,614618.33,30559.28,9.53,73,51,2022-04-19,active
2dc1fabd-dc44-4919-bfb8-81a5f14c51ff,1b85a21a-9d42-45b4-b7ed-14b13c19138e,home,5010000.0,4053174.16,51099.15,9.35,186,62,2021-05-24,active
2593649a-f125-43ee-8111-f1ed4c38f120,3dab097c-ebb9-4f19-8696-2ec9e7b6351e,business,1054000.0,274826.32,19859.87,12.3,77,62,2021-05-24,active
5a9d04cf-2688-4679-b1f7-ca76d54b541c,962cc77c-8471-4620-9aa0-63f7cbaad05b,vehicle,624000.0,162842.35,10882.76,9.59,77,61,2021-06-23,active
8c06e18c-7d2c-4f2e-9e91-555453ecf02d,fc27252b-37a1-46c6-8526-1dceb170f60b,business,4433000.0,1026347.96,107971.95,11.19,52,42,2023-01-14,active
0cbae535-b0ed-416d-8ff0-9e27e9046e59,3044c81a-e202-465e-a730-0a0acb762a7b,personal,333000.0,137450.04,12425.47,15.3,33,21,2024-10-05,active
1e733efc-bc39-408c-8be1-b888488ebfa6,46c561c9-1940-4835-a5f3-ad838417966a,vehicle,1134000.0,546569.97,29785.07,10.01,46,26,2024-05-08,active
a96106ae-f8ae-409b-98ef-8ca7ebe09bf9,43159d75-f764-4218-887c-4a1f1b4b2e10,business,730000.0,79495.38,16419.91,13.01,61,56,2021-11-20,active
6443c51e-13a6-4c00-a532-c456a53c5fdc,7f6aab54-794c-4dcc-9a9d-05bca8a9f4c8,home,7207000.0,7043549.55,65177.91,8.85,230,13,2025-06-02,active
5af7da56-581c-4b56-8c85-b0e8fb3fc57b,0a3bb24a-91c5-47a0-bb9d-f7abd036229e,vehicle,1304000.0,840738.84,23260.12,8.62,72,30,2024-01-09,active
a1aff3fe-88bb-41ee-b4b9-9cf66da49c7f,2a0bae0c-303a-473e-85d8-5fbf92a72227,personal,290000.0,205444.64,24198.97,14.2,13,4,2026-02-27,active
15b8c500-525f-4232-b08a-2cdbcc065673,18ae1b2c-5a06-4aee-a0a5-dd53052ed6ea,personal,312000.0,292610.14,10489.47,15.81,38,3,2026-03-29,active
99550688-2800-4752-8ac7-54159ffc994c,1467b746-2d3a-4d59-84ed-618a2feccaee,business,2925000.0,746641.25,97725.64,12.41,36,28,2024-03-09,active
674b8cba-2ff0-4082-ac07-e451f8d29b79,1de2d2c2-04f5-4224-a444-31f755aed888,business,2518000.0,1266021.14,51862.33,11.66,66,38,2023-05-14,active
91701b4c-04b8-49e3-bb55-b83d8bb8659e,e869b73c-1e5f-4259-957f-343a4484d541,vehicle,930000.0,763614.9,16189.35,10.45,80,19,2024-12-04,active
3fd749b3-bcd9-4f62-b6c2-4f554a77194b,ed368e7d-48f8-4b8c-879b-37f80e150463,home,2463000.0,1741624.12,29076.57,9.35,139,58,2021-09-21,active
b2025b65-aa78-4565-8c63-496138f595a4,d0d91dde-7c6d-4fa5-92c9-a61d315da973,personal,320000.0,260368.74,23375.31,13.98,15,3,2026-03-29,active
64560264-87fb-4903-8bcc-e357655651aa,6ecded13-1f00-4ba8-8128-8b0396727492,business,1488000.0,1301979.68,29551.54,13.9,76,14,2025-05-03,active
3328bfd5-a05c-4293-ad4b-e1a4b1d19662,0996ce4a-0b90-4064-a790-02b68a46faca,business,912000.0,86958.14,22213.96,10.43,51,47,2022-08-17,active
8504b19b-7429-4710-ac76-7c6eee0d7d4c,db50155e-58f7-47f2-9207-991456134ad4,home,3951000.0,3120706.09,33682.47,7.86,224,81,2019-11-01,active
4bf15aad-f517-4127-92b5-0d05fadc8036,5bd7c9f1-cc21-4dd5-a3c8-1b58e120c40b,vehicle,666000.0,71189.66,14579.66,9.55,57,52,2022-03-20,active
0e7dc904-82fc-4bc1-bc1a-3d4d47e585ba,c5e6cb06-19cd-42d5-9125-4e3904da98fa,home,586000.0,532041.68,6990.79,8.54,128,18,2025-01-03,active
95dbb713-7568-403f-b7b5-869588f41c92,98bbce49-ff74-4cef-80bf-38574616e16c,vehicle,1635000.0,319006.82,41530.61,10.95,49,41,2023-02-13,active
b6edcfcb-0ebe-485d-8e74-bfb4d18686bd,e7501a0c-4fd4-4a87-93b6-4e548b8dea2c,business,3737000.0,3220022.91,81643.76,13.2,64,12,2025-07-02,active
c14da1cf-6968-412d-a0a8-74f97cd22248,eb4a3286-a02c-4b81-8c11-79dd6c9a9f35,home,4540000.0,2654942.03,50779.91,9.17,151,84,2019-08-03,active
6720a8d2-7d2f-47e5-a860-fa107f6a1ae2,5b4b7635-d207-464c-9238-8f738853dde9,personal,358000.0,180895.63,8634.99,13.41,56,32,2023-11-10,active
6ab87be1-66ac-4d09-a62f-57dedab45940,612c1271-f80d-40f0-9f05-ea91d67c9607,business,596000.0,219674.67,13294.39,11.0,58,40,2023-03-15,active
4b0e9b02-ed6f-42a1-b92b-95043048c2cd,96f4993b-93fa-46e1-b1dd-93092ac1ef7e,home,1766000.0,1518597.52,18197.21,9.04,175,43,2022-12-15,active
2b8b950b-ca12-4102-b9af-9e391f39ab80,c9a62144-aaf1-432a-b0d2-267dafb2a4fd,business,2432000.0,2357419.36,60640.4,11.61,51,2,2026-04-28,active
caedd58a-444c-47d8-b8dd-21e0a1ba3d4f,5c70bb5b-fdbe-4efe-bbd2-9466d9f3aa8c,home,2021000.0,777771.31,19218.52,8.63,197,149,2014-04-01,active
072de58f-ac9f-47f0-a7c1-6e6f88e9265d,5e9f5531-01ac-414e-af82-1de7f809b05c,home,7785000.0,1560828.64,92564.5,8.36,127,109,2017-07-14,active
cdff574a-62a6-43e7-8740-58782002eedb,92576bd8-74e9-4ee8-8f27-a4209ac3e6f4,personal,80000.0,66817.87,1974.3,12.56,53,11,2025-08-01,active
d428ef5a-7d42-4833-9c23-8c3cd8a0bab1,f3d19027-6bd7-4cdf-be4f-46bd23c93a01,business,2547000.0,1534950.08,46430.14,12.82,83,42,2023-01-14,active
b0cc0285-569d-45ee-9f32-d7c8549ad9d6,08c54ccd-a1f7-4702-91fb-f2898a3fcc8a,personal,472000.0,392702.76,11777.98,15.61,57,13,2025-06-02,active
2c07b499-9364-48a8-be7c-47979aeab5db,cb7f1945-bfc1-4c3d-99fd-7f68a11f4c49,business,800000.0,641054.77,15200.3,11.97,75,20,2024-11-04,active
d900c2ea-823a-41dd-8eca-60dab30db0c8,408c331c-aa8d-41c0-b9c0-843fefd0568a,business,3800000.0,1979371.23,67051.49,11.73,83,48,2022-07-18,active
a0a7df7d-8fcc-49a9-9036-1eb9004dedc1,bac49b63-b23f-4be7-88ca-dd0b570a2ee6,vehicle,682000.0,468317.59,12313.74,9.06,72,27,2024-04-08,active
6447c9da-dd50-44d0-9359-27282e4cbf24,5f8a08fd-0825-44a7-b060-d93d69b60c31,home,2234000.0,2200096.25,21005.54,8.3,193,6,2025-12-29,active
4dab6238-8f33-45fd-9970-68961b88037a,a71053a4-e9ff-4598-b802-c3d1c2f6e21c,personal,434000.0,183512.95,10417.76,14.89,59,39,2023-04-14,active
9ffb86b4-fb80-4dab-be0f-6983468cad9e,6cef4039-620e-4504-9fd7-0f380e3f4f93,vehicle,1624000.0,337133.34,27372.85,9.37,80,67,2020-12-25,active
f7a292b8-7918-42d9-949e-3fe9e72a5ed6,37be39e5-e197-4bd6-bdcc-9b2a0aad495d,personal,362000.0,275925.84,13154.34,13.28,33,9,2025-09-30,active
c9cac894-5c63-4953-a335-ff71e88d6a49,09ada272-ac71-4ba3-8ecc-251d2c0888e2,vehicle,1687000.0,1079037.57,48357.17,10.73,42,17,2025-02-02,active
66b42740-0df7-4ddc-a69c-062ee46f9558,845ab0ba-6c40-4947-9d17-f960319280a4,home,4111000.0,3113070.75,43039.3,8.18,155,55,2021-12-20,active
829a0f0f-7377-4deb-aaba-a3a258b92096,0e79d10e-a116-4b76-9362-162206e3be49,home,7893000.0,6574774.52,77326.66,8.12,174,47,2022-08-17,active
1ceb31d8-0b1a-4422-bea7-8185ae139862,70c5cf70-b1fa-49f2-833d-14ce80f548ae,home,6186000.0,3052589.16,51868.64,8.01,239,164,2013-01-06,active
39514268-05c5-4478-9089-9063b6a2e7e2,1337f9a5-8a5e-4ba2-92fb-0e3a9b9cd2e2,personal,218000.0,184044.13,5380.6,15.09,57,12,2025-07-02,active
263d06dc-0c92-4dbd-8394-63970dc7f03b,d8079877-09ce-4257-85ef-6a2dd3d897d0,home,2226000.0,2096677.93,26480.97,8.15,125,11,2025-08-01,active
feddf88b-bafc-41df-8c12-514ced1bdcdd,3cf1cd3e-4bc7-4956-b173-c3ad38f511b1,personal,106000.0,96370.65,5905.12,12.63,20,2,2026-04-28,active
d62b62e8-7ccc-4969-9a20-f0a14f08be65,5ad4b0c1-720f-4f6b-b448-888737943ab3,personal,90000.0,3129.29,3162.2,12.62,34,33,2023-10-11,active
95fdf38f-5a94-4e4b-be9b-39284bf8e1e3,541324c0-c151-4007-aa63-f84b6e2437fc,home,4908000.0,4634233.33,53204.84,8.77,154,15,2025-04-03,active
aae61903-c4e6-4cdc-a861-b6d9bbc1f152,ca0e4675-195f-4d22-b629-38bbb9fac4a7,personal,119000.0,23374.63,3089.58,15.09,53,45,2022-10-16,active
3a6404ce-e0e5-4e14-8a11-5e1d37abd777,eb518794-bfef-4af6-95fd-abb62ff755dc,personal,203000.0,78903.91,7586.91,11.36,31,20,2024-11-04,active
fc1a7651-bd4f-4c4b-ba78-7603b4991532,803df76f-97c8-45dc-92c0-117eb8ebcda8,business,1982000.0,1730591.64,46066.78,13.42,59,10,2025-08-31,active
c7747f45-3de4-49c0-836f-091c29c9de96,c28e844e-6c28-4ae7-90a4-9ad63192a031,home,4330000.0,2636598.99,36153.94,7.57,224,126,2016-02-20,active
bf995536-b548-4f03-965e-5a6992a7587f,05446297-b678-4bfe-bf00-30e811755810,business,562000.0,264300.29,17153.33,13.38,41,24,2024-07-07,active
30f757a1-77dc-4c13-9960-7f85864ac8c1,81795d1a-1eca-466a-be1a-4da043ae41dc,vehicle,829000.0,483577.04,13478.61,9.06,83,41,2023-02-13,active
5e3b2786-df59-44b4-8fbe-a3ca77977b12,4807be32-4fc3-4986-bb5f-d403f1a5a5aa,personal,164000.0,66428.87,3976.84,15.87,60,41,2023-02-13,active
6fa4f18c-1a49-489e-9a16-97ab88c5ad37,e0abcd52-22f9-474a-9372-6fe996960f93,business,2458000.0,57129.8,57737.76,12.77,57,56,2021-11-20,active
2c45e848-d855-4f40-853e-900a31ce64d9,cbc3dc24-96c9-4611-8588-1703196f0e8b,business,1918000.0,823824.27,56581.09,13.58,43,27,2024-04-08,active
10bd99b2-28ce-469a-98c7-0d35bc6fb48e,10b76bfa-93b8-4952-953c-472fdd2363c1,business,1307000.0,1045242.46,26941.1,12.53,68,18,2025-01-03,active
171ea8b3-d196-4e3e-949c-897532c8bbcb,94e83027-47ec-480c-bdb7-ef09d7ddcf3f,education,878000.0,513767.43,18280.79,9.68,61,29,2024-02-08,active
b1b5eff2-94db-4019-80a8-2e68627382b7,834f9475-eca4-4720-82dd-96e48b2f0cf4,home,3579000.0,1488476.92,33270.95,9.2,228,173,2012-04-11,active
067782b7-964c-48de-ad18-30f0e1829cf1,fa66de2e-f2cf-4e64-be27-5a1e72d7ab8a,business,2775000.0,722353.76,64712.0,13.57,59,47,2022-08-17,active
fad49a50-8ea1-4404-8c80-828eb5541618,82018645-9c4a-41a7-bd34-9c32dfe62bc9,personal,192000.0,162001.23,17363.14,15.37,12,2,2026-04-28,active
53bb4dd4-5e36-4336-a2a4-6ce87e5014f9,96a8cdbe-99cc-4fc0-945d-594ef074f995,business,4710000.0,3951628.94,105987.92,10.17,56,11,2025-08-01,active
8dc78b9d-5b07-46b7-ad08-b0a68168a613,b2e3c62e-0551-429f-a0ac-daf4c441eba4,home,5053000.0,3576413.75,46205.44,8.27,204,93,2018-11-06,active
4592e700-cec7-48ed-b504-b26c007276fb,3da22cfc-fdb9-40b3-ba1f-c8d487b170cb,business,2216000.0,2062246.49,46865.26,11.84,64,6,2025-12-29,active
2c2ae2e3-6666-43a9-8ef3-9037379ebcb1,c5b09414-3dd1-411c-847a-4a4ba63d1718,home,5644000.0,5554919.25,55184.86,9.43,208,8,2025-10-30,active
d99d78df-055f-44f6-aa26-c4e474f74c19,cf1f2527-6fcb-4b4d-873a-0f14a57d6d15,vehicle,1109000.0,1052718.1,18799.51,10.41,83,6,2025-12-29,active
ebd2dad7-6654-447d-b6bc-9e45b0d93a62,445677dd-c56f-4274-90c8-fded53bb7cb9,home,1090000.0,477776.42,11896.29,9.03,156,108,2017-08-13,active
e8e133d2-cbd0-408a-aa3e-7af9caa392c9,d6742bba-db1c-4667-978d-f441caeb052d,business,4278000.0,3463297.29,74148.83,10.87,82,21,2024-10-05,active
c4d85e3c-28cf-42f8-bfbe-08976a060c30,2a2e750a-a504-4ecb-95e9-1766f3ee5987,personal,281000.0,62122.97,8172.29,13.79,44,36,2023-07-13,active
fe99375b-d8c6-47eb-b022-e0687c077248,2f7a8916-7d4d-4465-b7ee-9439666799e2,personal,67000.0,23062.14,2249.2,14.28,37,26,2024-05-08,active
69699dd5-3449-43fa-a310-fbba300c68f6,7ca37512-bd2d-467e-9923-1716059508e7,vehicle,1199000.0,285718.44,33019.04,9.52,43,34,2023-09-11,active
e8200418-d8b7-4bf9-94fc-5ab4918159a2,1397b26f-94e1-4a0a-9061-aaf56b884984,personal,291000.0,95530.79,10061.11,11.44,34,24,2024-07-07,active
798d9ca6-43b7-4ad5-a7ce-4905066f9a3b,ed188bcf-08c6-4685-a1c7-9333501c1861,vehicle,1876000.0,1707685.99,58670.76,10.98,38,4,2026-02-27,active
12623b1e-1986-4c90-998c-da8c8189bb19,53ed25c5-f69f-4f94-a893-55e0860628a5,business,2033000.0,996932.79,45749.2,13.03,61,36,2023-07-13,active
f980a26a-dd1e-4b9e-9592-d70ad727baa0,ccc88292-5384-44e6-a870-fffc59b93609,vehicle,884000.0,852869.62,22728.52,9.81,47,2,2026-04-28,active
76a38a26-6185-4803-86d7-f9e548cb91a8,f906d6fd-f344-452b-b70b-01fa1738cfcf,personal,120000.0,115464.87,3434.49,11.78,43,2,2026-04-28,active
5c2da09f-3e1f-488d-a78b-1420af406108,ea32e85c-cd4d-4f21-8829-e2a71ff5d3ba,business,4921000.0,2906436.19,143020.66,12.69,43,20,2024-11-04,active
9ed0a290-4946-4b07-93ba-a07cdd0cc5e6,2e20afbc-428b-4c2b-8558-8112fd1331e8,personal,335000.0,121402.35,10008.19,12.05,41,28,2024-03-09,active
6ed903ed-33a7-442d-9136-6e42b336deec,bf5c2ae1-18b7-4c2a-8c6e-b2e8c0b222eb,home,3996000.0,3858045.65,44680.13,8.95,148,9,2025-09-30,active
b2648a4c-cbd2-410b-886d-ed004e6a9298,c35b6c7d-68d7-462c-9080-8d8b4265c690,education,522000.0,295753.12,6971.94,8.8,109,58,2021-09-21,active
d7d7fe8e-74bf-4c63-b36e-50704c563e51,e81dc00a-d774-47ef-9e44-1c433ec8c48a,education,1089000.0,345874.14,15828.16,9.17,98,74,2020-05-29,active
885cc9a4-ace3-4eb5-8837-59af51cfc6f7,ea0783b4-41fd-420b-9bdf-afec5ccf793e,personal,339000.0,207880.84,12446.01,15.88,34,15,2025-04-03,active
93a65e6b-59e0-4884-b27f-a6695c39ae90,65dd0f90-c5ae-4b08-8eca-823e655a817c,business,4480000.0,3174181.19,109910.31,11.55,52,18,2025-01-03,active
06744c8b-bc86-4a51-aba5-c68094b3ca24,660d730f-779d-458d-b491-791001d2b347,personal,475000.0,122832.18,16149.14,13.63,36,28,2024-03-09,active
a0b33261-efbe-4145-89fe-faa0c85dee30,4253bf48-0695-4052-8d6b-dce9b26da1ba,personal,81000.0,28436.38,2195.94,12.69,47,33,2023-10-11,active
6b8517cd-b57f-4aec-b4ae-e41052a0868c,82fadf95-33a3-4dad-ac63-c08b86310383,vehicle,351000.0,330232.67,7877.86,9.39,55,4,2026-02-27,active
9d8b59a4-81d2-4598-a71a-03442bcd6bed,a672ad3f-4f10-4faf-ae03-fdc9f29ee99d,business,3117000.0,2505057.98,72223.3,13.28,59,15,2025-04-03,active
83dc6d17-fe95-4f47-918b-797dc7d6f730,4de5cc34-d5bb-4812-82ef-67147e1e1a6b,education,573000.0,543443.25,7513.29,8.18,108,8,2025-10-30,active
174a60d0-8629-4b51-acb5-50f325247b18,0ea57472-b931-403c-b350-520d7920197e,vehicle,1380000.0,1116984.42,34399.16,9.97,49,11,2025-08-01,active
8c96e905-43af-453d-acd4-1c0083ffb631,435ea46b-5e7a-4c49-a864-4c3cd46edfb0,home,743000.0,441537.93,7700.23,8.56,164,90,2019-02-04,active
bfd0f984-3141-45ce-9244-cf4f96b191c0,83c0cb6c-6aa0-4700-8414-a1b609641db4,personal,391000.0,136028.35,17790.63,12.2,25,17,2025-02-02,active
0e26067d-46d4-43c1-9d82-001714fba1f2,99328f11-a8a5-4cf6-99d2-6e07aa8995a1,vehicle,1068000.0,812202.95,25049.55,8.55,51,14,2025-05-03,active
20ab6c6a-b470-4f0c-ae0d-80cc9f9f5d39,e058ef69-ea6b-4dc5-9e50-4c9062204014,home,4213000.0,1336376.76,40211.71,8.46,191,153,2013-12-02,active
4b3c4d1c-27d0-4bdd-895c-200f9ef270bc,4e1361d7-0769-4fb6-8931-475e60abfc8c,vehicle,1711000.0,234387.77,47988.46,9.43,42,37,2023-06-13,active
d5d49e9b-90a1-463a-8383-32fb51b1a6be,e1a01deb-c03a-4167-bc26-212748319777,business,938000.0,843583.93,26815.69,10.57,42,5,2026-01-28,active
b592e73f-d74d-412a-ab0c-e28c50cbad4f,061726d5-b572-42a4-89d4-d4173b26eefd,home,3312000.0,2594703.04,28679.56,8.08,224,84,2019-08-03,active
3919b709-cbae-48d3-a21c-5ca2915a85bc,b44caf0e-0746-476a-a2c8-ea035ebe4dc0,home,934000.0,901377.41,9461.23,8.09,163,10,2025-08-31,active
34623b0e-c0d3-4ddf-ab41-3b575b342b81,4f40f77a-9e64-4ee8-bad2-1e9a0721d530,personal,385000.0,87969.54,30026.29,14.33,14,11,2025-08-01,active
f11ddf16-a640-49aa-a084-65079f36ed5d,23c3cdf3-a479-4417-8617-32c97432b36a,vehicle,1717000.0,563436.29,32348.31,10.62,72,53,2022-02-18,active
5fe9a179-15c3-4f7f-9bb2-14b24bb116ae,6fc0e5aa-3d85-4847-a3a2-468d2df76193,personal,157000.0,91548.01,4534.98,13.39,44,21,2024-10-05,active
153bae1f-bd3f-4265-9a8c-06ee5d8b2bfa,b0ed593a-054d-43d6-bc11-a314ddb17c85,personal,226000.0,116374.96,20080.88,12.01,12,6,2025-12-29,active
5e9982d4-e69f-4f8c-b8bf-fc72ca8b6c42,9ebc9cb8-d3ba-4827-9fe3-a63e03eaccc1,home,2148000.0,2100671.71,18766.34,7.62,205,9,2025-09-30,active
11c61a04-b8e6-474d-b9c1-dd17aa0adcbd,65821ad5-1be3-4efd-b09e-f0291165af76,personal,181000.0,125053.04,6619.44,11.79,32,11,2025-08-01,active
0c3265db-8bec-46eb-830a-7f2b31f7757f,86bb78ca-1a2d-4aa0-82b0-495097c8a121,personal,152000.0,84578.67,12630.82,13.46,13,6,2025-12-29,active
77cca6d1-6724-4dcc-a3ca-6d3341fcb706,3b758084-97e5-4b17-b8a3-0a83389a0551,home,7937000.0,4958753.87,80170.37,9.42,192,107,2017-09-12,active
63af598a-f66d-4732-ae46-2e64c375b02a,805e2e3d-e914-4146-ab96-6f8ff688ba54,home,2536000.0,1425189.07,22605.09,8.27,216,133,2015-07-25,active
aa523ec4-1185-4879-8bea-dd5a0c8debda,0b4038c0-d9bd-441c-9a50-d382c620ba09,personal,362000.0,96022.27,12526.16,11.5,34,26,2024-05-08,active
e5ba37e6-0f46-459a-a2c4-4700be0246f9,4357f149-85f5-404b-a44a-26887be1294f,home,3026000.0,410998.54,31046.47,9.06,177,163,2013-02-05,active
68c4af9d-ff5f-48f5-b656-53a7e70bc48e,00f4209c-96bf-42ea-a102-746478109785,personal,52000.0,37493.3,2887.64,12.25,20,6,2025-12-29,active
c50c6c2e-41c6-492f-9c0c-fe3c2c05729b,9e1d9398-cae0-42d7-b415-32a4aa3841e2,home,7654000.0,2257542.5,91888.87,8.24,124,97,2018-07-09,active
841c78ca-f759-4ad9-b7e4-0731b1a3ff83,23c0ae68-975b-49e4-b2ae-cd7476572336,business,4295000.0,3685979.02,123134.97,10.74,42,7,2025-11-29,active
db8bc989-e0f3-47d8-9bad-d15056a974da,8db39040-6e79-4231-a16c-3d515d1959bd,business,2690000.0,1779009.01,45265.64,10.17,83,35,2023-08-12,active
dd4b4f14-82d2-499a-8461-9b298231b938,97ce43e4-d09f-4633-8d53-bdfe2ab4f446,home,4374000.0,2173442.67,39221.26,7.83,200,131,2015-09-23,active
2639adf9-11ed-44d2-8483-b2d12ac5bcb4,d053f8ae-0e1e-4733-bd0d-6e762838e565,vehicle,222000.0,68206.5,6499.94,9.53,40,29,2024-02-08,active
b45243c3-bffd-40c1-ae09-798434494396,71be0b6c-c824-4224-b706-10ab6beb1df8,home,4567000.0,3169555.8,54654.67,9.2,134,57,2021-10-21,active
1ae77fd8-62f8-462c-9778-1d6f69ec2b86,c5e66250-48ed-40c2-b139-00486ca4c731,business,2541000.0,1424668.45,49081.66,11.18,71,37,2023-06-13,active
bd70820b-5b61-4b22-b152-e4582adfc4aa,ce263c83-ad85-45d4-948e-08184b0b4531,personal,326000.0,250632.42,8736.6,13.78,49,14,2025-05-03,active
ae9751a2-2b31-4508-8d1a-9895f6ac66f9,fce16538-acab-4670-913d-4e57e9528ee1,personal,197000.0,104878.68,5858.32,12.95,42,22,2024-09-05,active
42a4de20-ee35-4c43-a122-13063ded4f05,26a68e58-f6c1-43f2-b6ab-2ec8f87e78a0,vehicle,1659000.0,1374498.45,37683.16,9.26,54,11,2025-08-01,active
bd8ac9c1-199b-4969-8324-0741466a4dcb,1a5fe887-ecb0-498b-993f-7a1f6d9f7dc7,home,1701000.0,1421939.1,18621.01,8.89,153,40,2023-03-15,active
e92ece4f-8139-49e7-8d82-b61af8def803,67487756-7a8f-4c7e-b75c-db3a05b037e3,home,4582000.0,4268253.76,44819.56,7.88,170,20,2024-11-04,active
ffa7a063-108a-4701-b8a9-79303530565b,3e9352b1-6102-47ea-9563-bd56361de675,home,3961000.0,2411574.97,37168.19,7.65,179,95,2018-09-07,active
ad64f853-58b3-404b-b7fc-fb872b36d8f0,0be7e9b9-c951-4fb5-b471-8b772382aa0a,home,7573000.0,7153336.38,70370.03,9.17,227,30,2024-01-09,active
deec423e-a499-4eac-90af-222d048d31fc,efe28a1a-3e0a-44d5-a606-4f68435c59e9,vehicle,257000.0,119649.38,6804.92,9.45,45,26,2024-05-08,active
01f527f1-78b3-43af-9323-df5a0d50518f,2a54237a-c14d-4dc9-bc79-b4b59ac91c21,personal,415000.0,117591.71,17645.75,14.94,28,21,2024-10-05,active
2b6536b5-2c5c-4827-8564-a062c3956838,418a1399-3726-421e-85af-21f97db6af59,business,3414000.0,3110741.36,70783.75,10.03,62,7,2025-11-29,active
de0d28a4-d78d-4088-bc89-18d91af830e2,ae2cbe14-1453-4dd4-a40f-c4651032d7d9,home,3907000.0,2377289.26,36517.48,9.08,220,130,2015-10-23,active
28573846-4f7b-41bc-88e2-32d9115e2c39,e47671e8-12de-4417-b7ff-97c51bd2c4ca,personal,385000.0,266147.64,24030.83,15.07,18,6,2025-12-29,active
4a9c28f0-6a29-4357-8ddd-aea5fb2d2ac7,050d703c-e187-4d48-80d6-a4e51d6e29e9,business,4266000.0,1355029.17,98886.78,13.83,60,45,2022-10-16,active
31090753-ba0f-43b7-a383-36845367c7a4,1af6d78d-fbf0-401d-a45e-c8e7e7f77a54,business,4464000.0,684509.37,79890.36,11.94,82,73,2020-06-28,active
dd1a32a7-807d-4e18-8616-58a995d7feff,1832442c-a327-441e-9269-82d124c30a99,personal,400000.0,364877.01,15371.24,11.32,30,3,2026-03-29,active
b1c76ef9-d45a-4fc0-9aa8-dadf11a45832,b4236b9f-36bd-4825-aeac-90dea5894c86,home,1089000.0,982850.77,12432.27,7.9,131,19,2024-12-04,active
e0c22e49-4d63-4dd2-9996-0d7778bdf3f8,b76a91f9-8191-41bd-868c-23530e6ad968,business,732000.0,375674.68,14650.79,12.53,71,41,2023-02-13,active
6b029a1e-4fc2-486c-bccb-416ffdde7b64,56d2151a-14be-47e4-8bd2-5bed363ce83b,home,7875000.0,2988005.26,64606.54,7.67,237,182,2011-07-16,active
629e76be-69d4-40a7-96a5-79f1839c2d84,401b7cfb-9328-42b5-8490-0b1a96dd161b,personal,192000.0,173619.52,11255.09,13.22,19,2,2026-04-28,active
8517e243-f0a0-4c12-aca3-78457a7c3853,41321b1f-3097-407d-a3be-a1016b8c8dca,home,3878000.0,3856775.18,37140.49,8.22,184,2,2026-04-28,active
7c796387-2671-48aa-9fb0-1f3df95afcf7,b8b1f63a-c2f7-4cca-9027-2c4dc86e139f,business,1519000.0,579969.03,48131.49,13.23,39,26,2024-05-08,active
86eb585a-b237-4131-a518-25e5933d66db,94acdd2d-7d11-41f6-b522-11166e4e39cf,personal,183000.0,130279.08,5276.97,13.29,44,15,2025-04-03,active
ff32f668-c5f0-4df2-804e-b5a1f6d775a2,e8b100e3-5ee9-453e-a63b-e4a66bfd8d68,home,1984000.0,1069724.17,21979.76,9.12,153,92,2018-12-06,active
a19299b1-2648-4e65-b0ec-3f4a4563bf65,100e4ce2-e893-4832-b7c4-a086d459a0e1,vehicle,902000.0,117161.86,20081.98,9.68,56,50,2022-05-19,active
8860e86d-ff07-4c9c-bcd6-c87b5263134b,a4b43bb7-1144-4b95-9817-a2738776b271,home,2961000.0,2834097.88,29506.31,8.7,180,15,2025-04-03,active
80c32c19-734b-4a0a-8d3b-15dbbe605ac4,09d7502e-b326-4b09-bc9d-960298cb291d,personal,170000.0,70664.93,7463.28,12.07,26,16,2025-03-04,active
c1727657-e337-41db-8879-c560669b6416,0b07abf6-c742-4ef0-a9e7-f67d46a2d8de,home,5137000.0,2335527.14,49503.02,8.73,194,136,2015-04-26,active
a36e59ac-7612-441e-ab6a-cdd38a4a24e3,3be557c5-f622-41e5-8ee4-9cba4868b64a,personal,322000.0,266486.03,14160.49,12.23,26,5,2026-01-28,active
aa97b9b1-d7fe-42b9-a8b8-cf2adfbffb9e,caf8d12a-82e0-4174-bf7b-337da30b7a06,vehicle,908000.0,661067.47,15973.27,9.22,75,25,2024-06-07,active
293b8b8f-c134-45aa-b48a-38a0ec488f3b,82d67766-d673-4a5b-a767-a6278314dbfe,vehicle,928000.0,534841.34,20511.1,8.68,55,26,2024-05-08,active
e8feba7d-4c48-4483-b7a5-9fd773842882,c0301b71-9b37-43fe-8274-8feb52ac57a7,home,1759000.0,1340729.1,16573.89,9.12,217,91,2019-01-05,active
c4ce6916-081d-48c4-83d3-ac50084cb456,afb4a944-bfde-465e-8691-cb49467c7c0a,home,990000.0,709761.48,9296.72,8.61,202,91,2019-01-05,active
7dd00f7a-b558-4599-aaf4-2917484f8cf3,3a38c57c-f883-4cbd-afef-6472fb4c59ce,personal,477000.0,429831.11,20121.42,11.44,27,3,2026-03-29,active
184a43b2-7fcf-4845-965f-25bbffde338d,0042f3f0-9811-40bd-bfb9-cf10a9e0665f,home,7973000.0,5706316.06,74289.26,8.31,197,87,2019-05-05,active
78722a02-92b1-4ccb-95ea-8d766c383b0d,61e7aa28-297d-4231-843c-66edadc80016,home,6401000.0,2359887.61,70658.97,8.14,141,103,2018-01-10,active
249614d6-9022-4df5-9238-112858824649,8f61d29b-cb79-4a25-8577-fb2f2b57a2b0,home,7483000.0,4632821.51,88317.08,7.62,122,58,2021-09-21,active
716d3c76-d31f-4f93-ae4d-2bad186d5a86,07b9fc4e-affb-4718-9ffe-15b4178de3ef,home,4408000.0,1323017.13,44045.22,8.7,179,145,2014-07-30,active
3c401138-4a84-49fc-9aa4-81e114ede554,86ed0393-4489-4fa2-99aa-dcbf32b13228,personal,336000.0,86184.88,9225.32,15.08,49,39,2023-04-14,active
d0ffa150-888f-45f4-a639-0e3af7512ecc,5b678b41-0237-4c01-9948-9508ed2b48ed,home,2392000.0,325657.82,28393.25,8.43,128,116,2016-12-16,active
1286e579-ab37-4c3a-9c7b-98228ca92b01,f2ab975e-4572-4601-b247-37fe86decfab,personal,232000.0,195960.43,14054.25,11.13,18,3,2026-03-29,active
79abbff8-e7d0-4385-a005-ed0f2b4ff4bf,0ea81657-6331-4c75-8703-38b8c6c9cead,vehicle,1021000.0,945151.08,19659.8,8.51,65,6,2025-12-29,active
291a1183-6b66-4faf-95e2-2a60cf939519,7a6a5fc7-5ee7-4504-97a8-29219f0bda31,personal,477000.0,173624.65,11425.56,15.31,60,43,2022-12-15,active
23a3d09e-a39f-4fc4-b11a-8357b1a16701,c3112446-71cc-4fd1-b8fe-ac868b060481,personal,308000.0,46223.86,11894.48,13.98,31,27,2024-04-08,active
5e8e8373-80f7-4b77-92fe-27d2cdc7fc54,984832a3-b1c9-40c9-8050-b9bd2e2d778d,home,7927000.0,7290729.06,95803.56,8.39,124,15,2025-04-03,active
f0c89fe6-3ad9-4d71-9a25-5e74d50cfd3f,af9c77ec-fff6-4771-ac98-90ded9c000ad,home,7137000.0,3639155.59,67827.61,7.71,176,110,2017-06-14,active
4a1a15a4-1ff8-416c-8f33-4ad2428c4ac6,d45644f4-9a6b-4dd9-921c-954477169375,vehicle,1987000.0,1610658.31,46569.26,10.04,53,12,2025-07-02,active
aef26c30-f59d-43d3-a91f-8d55222751a0,71423370-9556-458c-b4ad-55c6a2a02f05,vehicle,682000.0,15203.97,15314.46,8.72,54,53,2022-02-18,active
2ce08f64-ed72-4a2b-b24c-e6c9fbed33c4,a1527e15-a074-4ebc-a206-cdbc52c0077d,personal,432000.0,276766.7,13690.58,13.24,39,16,2025-03-04,active
a08bf42e-bc98-41f6-88ea-623907a52bfe,90828414-b8fa-44b7-acfb-988bdeddb980,personal,350000.0,65728.58,9785.73,12.52,45,38,2023-05-14,active
3e73b262-a12b-45fa-9ffc-2b083bfd274d,c89d870d-0932-4a97-a176-e478e8fbdf91,vehicle,1973000.0,1627522.18,43086.26,9.44,57,12,2025-07-02,active
bb1dbdac-0fa0-4602-9163-fd9fe38e05d9,f214b722-984e-450a-964a-14e78f9c15ba,home,7892000.0,7723170.45,80071.76,9.05,181,8,2025-10-30,active
8e639c24-867f-4fd4-add3-ed7e317ceadd,b3b0709a-c0ba-4c63-a9e6-de6f3a9b18b3,vehicle,1508000.0,1467132.67,31804.63,9.11,59,2,2026-04-28,active
0a04c014-c79f-4e56-a5c5-c51b2d8f4eba,86c1d73e-50db-47af-b6d2-1b9031b23c25,vehicle,1563000.0,70263.16,35573.09,10.04,55,53,2022-02-18,active
10606420-ab5c-48c6-9399-7cff6dfa80c2,6337b84a-bc4d-4a8a-86c4-05c2ed70fac6,personal,131000.0,79548.87,3309.67,13.02,52,24,2024-07-07,active
9082ad8b-c1f9-4af2-90d7-78f2a9b763e4,628d05f9-4a5f-4cc1-979c-0b40125d0a89,home,3394000.0,393001.22,41014.96,9.41,134,124,2016-04-20,active
a472f8a6-d6af-4b74-be3c-c2930184b157,f43b3fd2-ddef-480b-bbef-ef64e1337be3,personal,255000.0,149116.64,16024.77,15.97,18,8,2025-10-30,active
fcd2d222-c55a-44ca-adcd-4fd6e4702ae8,8105b8f0-db9c-4cd6-813a-8d5299902e4a,education,1751000.0,1509910.03,23583.9,8.86,108,21,2024-10-05,active
617a36b7-67ca-4f5f-a10b-155271b8e67b,335f64e1-e803-445c-84d5-bbb0f629e552,personal,273000.0,220489.31,6193.06,11.76,58,14,2025-05-03,active
b8b8f349-5e69-41f5-88a6-eda4ffda4fde,be10b40c-f453-4ce5-97df-c93e1c9e6ce7,vehicle,1661000.0,1019808.97,36729.5,10.61,58,26,2024-05-08,active
a02390ce-f3d3-4a03-ba3e-e864cb974c8d,c6f1da25-3c06-4377-ba78-a822871bb05c,vehicle,1946000.0,1596706.74,47550.86,10.59,51,11,2025-08-01,active
5d122381-3be1-4f17-8fc8-daaaf9ef7f30,bd11a9d6-ad0a-4007-9dc7-95f31e1f8847,vehicle,1386000.0,438546.27,29366.63,9.88,60,44,2022-11-15,active
214c0c42-b44c-40cc-a040-1e3896673f64,92ae2f78-8112-4425-9f99-cbd77b1fcd4c,home,5760000.0,4958168.74,53542.77,9.42,238,72,2020-07-28,active
27abe359-284d-4af9-97d1-ea3eaeb31d15,d38e32ce-b3ac-4f86-9f77-4d54979bf4ba,business,3997000.0,341781.32,70408.43,11.93,84,79,2019-12-31,active
f3a11f74-7607-49f5-a99f-2c882704a138,2f72752a-703e-4fca-8619-869bc551c09c,personal,472000.0,189091.18,14456.07,11.03,39,25,2024-06-07,active
56f5ac0b-2928-4c16-911e-d5ff665f1808,222138dd-c929-4ebb-a2f9-6c80b143ea58,business,686000.0,305926.06,17944.91,13.3,50,31,2023-12-10,active
d3eb7c6d-87b7-46f6-9324-4e6beb769c69,b22e53e3-4f2d-46bf-a0c5-92baf7affc10,business,769000.0,633931.54,13288.14,10.49,81,19,2024-12-04,active
3bc53145-5606-4930-b631-bb8f862e9cf3,f8cc6c65-6ced-4d25-9a12-e4cfa05fde08,home,3449000.0,1612781.77,31180.46,8.67,223,158,2013-07-05,active
de52c6d3-3f8a-4afd-b6d7-ebeb5249d009,cdbb388c-0f2f-416a-bcda-e18b096bb155,home,7077000.0,5553995.36,62049.59,8.03,216,79,2019-12-31,active
5d48b85c-e03e-4c6c-84ac-2a0c99a2899b,0a116bfc-63e2-4dde-a675-5b1d6aa0c64f,personal,419000.0,172519.2,11920.7,14.47,46,30,2024-01-09,active
1dbe0240-f871-48a1-b2d3-efb7a86ba6b5,530aa8aa-06ff-447c-9d0e-3ad3ccd690b6,home,7540000.0,2379780.88,74394.34,9.45,204,167,2012-10-08,active
9e9475f3-2d72-45a0-9dbb-53bea17d96cf,81d19fef-2d61-47ef-ab76-e309f1d7a59f,home,4145000.0,2152385.9,38664.88,9.25,228,155,2013-10-03,active
79b868bc-58ef-4e70-8faf-5ebac2417b97,d1353af9-414f-421f-a049-568816288a39,vehicle,651000.0,549103.72,17638.22,9.69,44,8,2025-10-30,active
5ee200a1-671a-425a-82be-2c6eb8629a07,eabbb77b-b9ac-4f0e-916f-88c2e426eab8,vehicle,1974000.0,839689.95,42272.98,10.88,61,39,2023-04-14,active
7eb4cb09-a4a3-4c8b-8737-ae79d562ba34,07da676d-5e51-49e7-84e0-258f1d29835f,education,788000.0,705678.95,14917.45,9.21,68,9,2025-09-30,active
16c6d303-fc77-4ead-8730-71b1dbb921d8,2077e9b4-b3ff-4c60-a18f-76de6b5c62d6,home,5159000.0,4820303.64,57106.25,8.28,142,15,2025-04-03,active
264b6cdf-2ab2-44c5-8525-8edf6a2cfc49,394ff6b7-b651-4aa5-8884-2bc12aedb530,home,5501000.0,455334.26,52599.16,9.42,220,211,2009-02-26,active
3fd448ee-f7d5-41cb-81f8-d4f2ef09e3c4,95461e2c-1b86-4bb0-b0a7-5b11b9b4edc5,home,6280000.0,4691517.2,72354.04,7.67,127,43,2022-12-15,active
a69e6dfa-403d-44c2-a8de-e1e07eaa72b6,18325b48-f058-458e-a183-5590b54d0896,personal,237000.0,70362.76,6294.52,13.3,49,37,2023-06-13,active
df693c8c-4c83-49ca-b0e9-4faff2976c41,5cee5f13-9ca2-44cf-8a97-0b375490910b,personal,164000.0,83417.81,3870.97,14.12,59,34,2023-09-11,active
d65e6638-ebdc-420a-ae3a-9e0a6215205c,926d8c0e-ee2c-49c6-ac01-6357f3b450f4,home,7607000.0,7398895.95,64694.02,7.96,229,14,2025-05-03,active
3a01f04e-a585-477d-b8c5-e49534e4229f,bb459bc6-7c6e-4fd4-ac0c-40336a6fbf68,business,2869000.0,2094869.38,81786.31,12.62,44,14,2025-05-03,active
3f40c9dd-32df-4dec-9a1f-ea369f20f487,6d29327e-6c9c-43d9-98ae-7944d0134ff8,business,1654000.0,646198.95,37913.58,13.33,60,41,2023-02-13,active
a8da9ae7-0c43-476d-870f-6e6034d4ff2f,685d0bdd-16fc-4846-81e4-ad8acc52d647,home,5603000.0,1050663.9,52143.26,9.33,233,211,2009-02-26,active
3483618e-20d9-4cd5-b94f-a267c729f37d,3de389b2-a91f-469b-8ed5-6d3e9752db3c,personal,232000.0,144690.2,12854.2,11.98,20,8,2025-10-30,active
9fb6265e-78e0-449f-926d-8dac67b69da2,446aa392-4150-4e06-9541-56e78a1e2198,home,2478000.0,608544.58,26663.22,8.56,153,128,2015-12-22,active
33eefafa-e824-4593-b449-13324a38e9ea,4bb4921f-b8e5-441c-8a56-0e1eda0951dc,business,4731000.0,3810254.6,103719.9,13.79,65,17,2025-02-02,active
40566b0d-1230-4c3a-8eca-764dbc42b29e,abbdf547-5573-44ce-8972-5f3ecdc4efc0,business,2181000.0,526083.78,51208.51,13.88,59,48,2022-07-18,active
99f6609d-cd6d-46ec-a875-cb1e4218b772,f0cb39e6-516a-499f-9ed3-ee2a7c3cf6db,personal,323000.0,36268.83,18496.54,15.94,20,18,2025-01-03,active
3d8445d1-d9f4-4e17-bf4d-08f48e843126,0c50bdda-6655-4131-8fb7-28c8e81291a5,personal,445000.0,347789.77,36892.94,13.05,13,3,2026-03-29,active
630d4d8c-3e78-485d-9a6e-6a074f4beea8,a7bf329f-11b4-4b68-96f7-6ddf6925399c,personal,493000.0,280567.56,19012.24,11.61,30,14,2025-05-03,active
d3241fa3-9642-4628-a3a8-79ebc74224f0,83d0b3b1-c88e-444f-9334-ad501ca57d8f,home,5223000.0,5117384.06,46029.92,7.95,211,9,2025-09-30,active
707ac115-8599-45d6-94f9-1597ba995a37,089654ee-99fb-43d2-b7bb-a15a0bc7e24d,home,3601000.0,1425206.09,30856.19,7.73,217,162,2013-03-07,active
4863dbad-082b-439f-bab0-6822a07e04eb,0978ac5e-040a-44dd-8faf-fd58d824b14a,personal,157000.0,8718.11,4424.27,11.95,44,42,2023-01-14,active
afd65861-948b-4f16-98a1-068b6dd8685b,6caf6c53-8df3-4594-bba8-9c4d44f78086,business,517000.0,505486.61,10786.65,11.74,65,2,2026-04-28,active
b2976dd0-d87f-4e4e-b56f-1ae8e0fc0c4c,35e68e85-ade7-4d1e-a8a9-f0a6754eb94e,vehicle,465000.0,298687.85,8654.43,10.17,72,31,2023-12-10,active
ca1f9085-ef62-4857-b6a0-f1841d09dc47,af045b60-34f3-45e5-ba61-5b21f900ed88,business,4892000.0,1072275.96,140728.1,13.15,44,36,2023-07-13,active
6756200f-a3dc-4316-85c6-be484fbbd995,bf4a2b00-6951-4464-b809-3136669e27fc,home,7152000.0,4692723.81,63016.74,8.3,223,118,2016-10-17,active
cafb622f-03f6-4ef4-a75f-33c5cac8230a,cc6c18c3-0731-4ba9-9d7c-c5cff55ce22d,vehicle,515000.0,306892.33,9119.53,9.1,74,35,2023-08-12,active
a12af0e0-6d5e-4928-b920-a38261d70fde,6c7ae587-2d1a-415f-a092-dd13249c81b5,personal,331000.0,269551.92,12650.62,15.23,32,7,2025-11-29,active
d374da40-77fc-4fa2-b9d9-52098664aa79,8f29306d-4104-4d64-b146-8c00e015042a,vehicle,763000.0,472336.85,13545.1,9.54,75,34,2023-09-11,active
3918f9b9-f131-4697-a870-7c3e1fb12709,c28e7ea9-e265-45c1-b46f-7fb06fb4b13b,home,5628000.0,4018273.7,61600.77,9.02,155,65,2021-02-23,active
4c55c8a4-6ab5-4a72-bcb4-050dc272cd55,b29638d5-fdbc-4741-8a24-6dec238e7e46,vehicle,1545000.0,447449.76,31943.97,10.42,63,48,2022-07-18,active
27dcd57c-b26c-4bd3-bf6a-173f6938322f,ac0eec8d-663f-4edb-b283-c78cf62289d7,business,2635000.0,1765599.15,73541.34,10.3,43,16,2025-03-04,active
9f04e4dc-1772-4926-b2c2-6737f8a7478f,bb59821d-3adc-48b3-aa46-19cb25d07fd7,home,3696000.0,2058792.5,45534.01,8.71,123,68,2020-11-25,active
d1dcc1fe-7cc6-4f39-93f1-fc2ea1df8f29,b862003a-bf43-4b2b-81f2-190fa8e566d3,home,4714000.0,3103645.38,44025.84,7.67,181,87,2019-05-05,active
3f6da03a-f3bf-425a-9cc1-ad7f4d78ac92,6ad46361-912b-4a46-a516-f80b1ba0aeb8,home,3108000.0,715982.47,29333.09,8.82,206,179,2011-10-14,active
6ac8276c-abfc-4aa4-bcc7-de66518aa624,25046f48-16d9-47f9-b47f-a70773563f0c,home,5302000.0,4482621.92,55140.2,8.9,169,44,2022-11-15,active
81ce0cc7-f039-4043-b429-b815dccb5ae1,075eab8c-6bce-4484-abf5-bc9dd36aff12,vehicle,1155000.0,505042.11,19978.74,8.63,75,47,2022-08-17,active
03422448-4cdd-41a3-814e-6efd277fca7a,3aea7010-fa3c-481e-a879-b3f38d94d404,personal,360000.0,200846.8,30102.71,14.57,13,6,2025-12-29,active
98895f34-e5f3-4d30-84e7-fb12659bc27d,81901178-ccca-4f7d-a666-488607ee47c2,education,1912000.0,894516.2,28880.22,8.34,89,54,2022-01-19,active
085cf2cc-5619-4504-bdf1-8da701058637,f3257296-0f84-40c3-995d-e1bed38c84ed,home,5934000.0,5802220.21,59433.15,8.29,170,7,2025-11-29,active
051ca83b-334c-4a35-b7aa-099a77efeb7d,f315dbcb-5c44-4035-9d03-2b7c0776aded,home,1927000.0,720096.82,18259.15,8.09,185,139,2015-01-26,active
0c0d9680-62b2-4d13-a296-3dca7726a092,81e62b38-1cb6-42d4-9a0a-4f4fc6f8b0e9,business,1041000.0,334738.32,24046.19,11.38,56,41,2023-02-13,active
8a1d2b95-af11-460b-9f35-efb4bfb6e530,1506d8f5-1287-442d-a15d-ab49598da748,personal,478000.0,139674.78,14935.67,14.85,41,31,2023-12-10,active
60df4cdd-f899-4620-b7a6-e5a3e2ec292b,6436d71e-c088-4ee0-9a7c-67c9f46dc9c8,education,1614000.0,663222.75,29253.68,9.2,72,47,2022-08-17,active
77fc4d35-abc5-4cc2-a342-1ea25a3d237e,8a5ba76a-e1a9-4f2b-8284-bccf846f7808,education,1720000.0,1559642.2,29130.68,9.53,80,10,2025-08-31,active
1fad7464-20be-4ed5-bfa4-6528820a63a9,ef507074-3a0c-4381-86b3-b1aeeae83212,business,3289000.0,1249614.36,89558.46,11.02,45,30,2024-01-09,active
b32128ad-c6bb-45c9-9039-7f711fb155c8,e30c2e9b-f621-455c-af86-de022e7c9d90,home,1140000.0,963281.34,13550.41,8.46,128,29,2024-02-08,active
bb91376b-d207-473a-a9b4-1d3870332a23,622b6063-7fb7-4be8-b1a6-5fb5ce9a3cbb,education,1930000.0,538246.76,28840.74,8.02,89,69,2020-10-26,active
31fd8536-fc0d-44c5-9a35-24363d66ce32,e20744dc-6495-443b-b330-849c1c77a0e9,personal,483000.0,95012.6,16572.67,15.79,37,31,2023-12-10,active
2167e359-ed11-4b11-8521-aa10b65b1598,3a7eb78a-49c7-4721-b604-9381f5d85845,vehicle,387000.0,87038.04,10054.02,9.41,46,37,2023-06-13,active
9ededd57-afbd-4363-b914-999042cccb9b,b1c7ebbc-29dc-4c55-8c87-51135a1b8eb6,home,6876000.0,6733441.28,73519.46,7.92,146,5,2026-01-28,active
9ab46ba2-115f-418a-8d59-0d24cf3dcaaa,d9d73bf4-f4b4-4435-b551-ac8a97f927ac,business,1935000.0,739046.24,46850.21,10.13,51,34,2023-09-11,active
50747053-7cae-424f-b093-cd4d4d8eb7b0,924efefa-9edb-4747-86db-8ac41029709f,business,2975000.0,318636.38,81745.97,12.51,46,42,2023-01-14,active
1dde20be-bd06-45f7-971f-abb54bf621fd,6913966e-606d-4b4c-aaa6-724c0fde5479,business,2654000.0,2148382.27,70158.19,13.85,50,12,2025-07-02,active
903d6e79-93ba-43e4-817f-b770f25fb220,b8761ff8-f193-4d8e-9adf-22f78b719c83,business,389000.0,261611.83,8226.06,12.73,66,27,2024-04-08,active
8bc10056-63b6-4732-a14c-140cdc95ffa1,2b641c8d-c722-4200-9efb-712dfe933e24,home,5275000.0,2718885.12,58703.96,8.93,149,92,2018-12-06,active
5b2be0fa-e568-458a-b44b-72493dcbf99b,ea72b8ab-66ac-4cc4-a645-4d67d4402885,business,1595000.0,1552466.96,35262.17,10.6,58,2,2026-04-28,active
2267a28a-b5c9-4216-ad6c-6fea72a46be2,bebce364-e43c-488c-a4df-c5cfdf9d2953,personal,53000.0,50635.56,1364.72,13.25,51,3,2026-03-29,active
d7d5a410-968b-4d5b-a84d-2086c9c2d2db,1d919388-6556-466e-b207-9d5aca50a382,personal,112000.0,98776.0,3293.53,12.27,42,6,2025-12-29,active
19b329be-b3d4-478f-9dc8-4cf024eecdca,d49b8e77-08db-471e-b7c0-8d0a1b0ea4d2,personal,372000.0,142086.69,11064.06,14.07,43,29,2024-02-08,active
99203f28-c0c1-4d25-b98c-36a23a4b8908,d0b63178-5900-4faf-9f36-87f036f6085b,business,1205000.0,1019030.45,26058.2,11.3,61,12,2025-07-02,active
10324e07-4154-47b6-9a4b-ee8d534515cc,ef2e5904-dbfc-44ce-bf43-cd909af689a7,business,3707000.0,1014549.05,83297.09,11.33,58,45,2022-10-16,active
034cbfb9-4c12-44f7-a006-3cd41e6e4b09,ef06e851-9798-4bab-8169-661873da7dcc,vehicle,233000.0,220767.77,5096.95,10.71,59,4,2026-02-27,active
0f6ab2e9-f7bf-41be-a450-deb4e317b725,115ffc20-73e4-4130-adfa-fda9dbb92868,business,3169000.0,2124005.87,57987.71,12.15,80,34,2023-09-11,active
f35a5e21-535f-4a1b-a37f-155b1ea5d314,b3a26995-6fe1-4bfb-a65f-6dcef4d0c812,vehicle,432000.0,392929.86,10944.64,9.02,47,5,2026-01-28,active
f7c955a4-4f21-42a7-9051-81fe951985fb,b45ce9a8-1b96-4003-9cd0-4887f55ef966,home,3638000.0,2782769.12,34593.36,7.77,177,63,2021-04-24,active
182b3439-3ce2-4a8d-9321-9105bfc27b61,a9ba69c4-6f26-4dfd-baa3-db3a4ec986d8,home,1652000.0,1644684.16,15429.19,8.56,203,2,2026-04-28,active
fc156c61-b596-4bf3-917e-f068a2508121,59db3eed-03e4-41a6-a90d-1ed17185095b,business,1114000.0,284997.24,27586.93,12.73,53,42,2023-01-14,active
eeead3e2-7fc6-4678-b208-dbebb41ccc7a,bbb27aa6-a1c5-4f56-a722-160e4c845daf,home,7968000.0,1056381.84,85643.75,9.11,162,149,2014-04-01,active
83fe6e43-f2e9-40cd-a349-b70ea4417e18,65c9026f-8d4a-4ecc-b156-24a249926682,home,3761000.0,1407378.64,34213.07,7.78,193,145,2014-07-30,active
3100787a-4dd7-4889-98cb-4f7ba2714e0a,6598da6d-c063-4baa-8eaf-052663fcf575,home,5046000.0,3716213.34,43911.01,8.33,231,103,2018-01-10,active
28e17704-e868-4136-9844-0886eb7c2340,b2618993-14c9-4063-a824-2fe073d367fb,home,3665000.0,1943821.48,33391.67,9.07,235,158,2013-07-05,active
e6833c45-f125-4aeb-916b-fde687a3a22b,6d2b8e5e-7aa4-4d47-a0dd-80b7ff47caaf,personal,301000.0,293710.11,7230.22,14.38,58,2,2026-04-28,active
65f6b947-4658-4656-ab5d-741507f8e1ee,cf9b4df0-7563-4d48-ad44-550ffbf09b40,home,6936000.0,4772768.81,73696.19,8.25,152,66,2021-01-24,active
da13e313-f0fc-4358-be76-f2b9647e945b,c2b975f4-2db1-4013-bcfa-e839c6314851,home,641000.0,378535.09,7445.61,8.37,132,69,2020-10-26,active
fa2a607e-6d27-4af0-afdf-c68491167f61,b7f79b77-de62-4a1b-9664-41bdc83cb6fb,business,221000.0,133627.9,4081.96,12.19,79,39,2023-04-14,active
12234d95-c0f0-4c97-90a1-73d627a0e3be,7678b630-f1be-45da-8101-0d135bed4c14,vehicle,796000.0,641544.05,24623.8,8.75,37,8,2025-10-30,active
c9d5f856-8d04-4892-8512-fc5404e2572f,4a746b4a-61e4-40e6-8ff2-c4ff22399db1,personal,185000.0,15026.78,5140.81,15.73,49,46,2022-09-16,active
53dcc687-aa38-4b50-84e1-f5b3f04b1d97,0d4b0bd0-c97c-4441-a645-817b304dbc23,home,527000.0,442372.14,5931.33,8.09,136,32,2023-11-10,active
ce671739-b00d-4516-add7-99722478b20c,82d0d56f-2f7e-49e2-9cfe-647b1d11d8c3,personal,193000.0,77759.95,16111.18,14.27,13,8,2025-10-30,active
45570097-4b50-4597-a944-afe4ea70ab50,f0255f5e-341c-4fc3-af0e-9097fd4556a5,business,4895000.0,1344166.15,102363.07,10.39,62,48,2022-07-18,active
8f8b8435-c615-45d5-b83d-2491b50e148d,6f51b1cf-b276-4536-b3c2-edcc79f764c4,vehicle,420000.0,212214.82,11083.82,10.27,46,25,2024-06-07,active
24d9937d-5772-4f22-91b1-57414995c5e3,a9e92658-7c43-40d9-9bb5-686e66f50e57,home,2334000.0,2183690.95,25404.43,7.77,140,14,2025-05-03,active
eccee969-c794-4804-a817-226078fa2fbb,4881a90a-46ff-4deb-823f-b71695cf6f79,home,6781000.0,2039965.45,78975.76,9.47,144,115,2017-01-15,active
3b8388ec-3d56-4cd6-b353-d8fca94af8c9,f2e33074-f71d-47da-8439-9ba2ad650a01,business,1328000.0,221601.76,33039.68,12.96,53,46,2022-09-16,active
0aa94edb-0631-4eb1-b62b-d35b6d7433c7,5b5d010a-bfde-4d01-ad82-feb9b1793cbd,vehicle,751000.0,506873.21,15365.14,8.94,61,23,2024-08-06,active
1f42cc28-2e33-4d33-9951-2187fb6216bc,fb33282c-dc82-4bb9-a24c-dc1c2c6e41de,vehicle,1417000.0,1191899.98,25311.72,9.41,74,15,2025-04-03,active
ea28f96f-9cff-413c-997f-d45828382341,f07e4900-dbee-43a4-85b9-5ff989f8b155,home,7360000.0,5636820.12,63200.72,7.82,219,85,2019-07-04,active
96c30e10-b574-4817-80d9-ef964669a297,9cd702ce-2035-4689-836a-fcabd1572c2d,home,5644000.0,3748961.97,47927.9,7.86,226,116,2016-12-16,active
399847d5-70b8-4046-90ad-270ef7a863f5,270ed041-c09f-49ee-978a-96092a65b506,business,2850000.0,2020565.7,75754.36,11.61,47,16,2025-03-04,active
25dff532-662e-4b61-bd45-14ff5027c5ad,36fc755d-63f8-4caa-9d1e-5eeab7cb189a,home,3839000.0,3087143.54,37421.92,8.68,188,62,2021-05-24,active
7c67154c-c6b6-481a-90bd-95ac044618e2,0ab6a1db-8927-4858-b0aa-d465cb3cc0aa,home,7314000.0,1894141.68,77845.0,9.1,165,138,2015-02-25,active
2147a874-1e1b-4c7a-ad50-9e6a0afa4724,56526791-eadf-4f18-b862-1d1bddf2c990,vehicle,1113000.0,334674.51,19180.54,10.4,81,62,2021-05-24,active
224e6a1b-501d-4f40-9d05-962e8c91eb90,b403a9c9-cffa-4b2c-a314-2bbbeea82642,home,4577000.0,938945.58,56002.01,9.1,128,110,2017-06-14,active
da6f7dc8-2efb-4b9e-867d-3320d5a5ffe5,46394b84-8777-48df-aeae-51b212fbaa7b,vehicle,1688000.0,1136959.44,45143.76,8.95,44,16,2025-03-04,active
b5e05703-4f00-4e7f-ae41-ae8c241ff0c3,2467d34a-9122-428e-bf5f-a3e57e1cdb41,personal,366000.0,100869.83,9096.73,14.84,56,44,2022-11-15,active
4d9961c5-129a-4c85-ac28-e6ee06d3b732,8a535818-ede7-4e18-97e2-764c4bf0d8eb,vehicle,1273000.0,676340.74,32004.33,8.61,47,24,2024-07-07,active
7b3828d6-1785-4dce-94e7-cd99474f9fad,8e891150-b489-44e5-bb3e-0e40e5e66bd0,business,2326000.0,1048729.49,49357.54,11.98,64,40,2023-03-15,active
20168bd2-b4a3-46c0-af2b-cb0c5c493477,050b4cc4-55ad-4cb1-ab0e-e7481a72fa5a,education,268000.0,138148.19,3657.63,8.38,103,59,2021-08-22,active
08c9b5f8-59b2-4c62-bbc4-406a9fe75c3f,869b7c4e-c7a1-464e-81ba-47248e8ef2ca,education,1615000.0,819171.57,27751.38,8.04,74,41,2023-02-13,active
6c31ec6e-f9bb-44c2-9b33-7d9a31d656b4,0320f44d-0a20-479a-a2bb-7d269a59205e,vehicle,1042000.0,669431.51,27669.56,9.61,45,18,2025-01-03,active
30acf706-a802-44ea-b896-0169a73f4f42,508e3566-a098-42bc-8133-7557cef3b18a,home,7010000.0,2263271.48,78442.04,7.68,133,101,2018-03-11,active
82ec0d00-b19b-4a31-9dbc-d0b106b529d0,069e204c-7a73-4838-93a9-2f11a16f8f83,home,4775000.0,3001174.97,43970.56,9.2,234,137,2015-03-27,active
77894184-7477-4365-9726-9a66d7e48ff1,e65f7ddd-c4a1-4040-a3b1-f9260f4af405,business,4576000.0,3763919.58,147966.77,13.19,38,8,2025-10-30,active
dec961e8-8167-4550-a675-fe5321a64ae8,835492d3-3cf2-44d7-91eb-28b13c648153,vehicle,1387000.0,985669.11,35730.92,8.95,46,15,2025-04-03,active
459bbd1d-5f67-4021-bc98-bbdb10cbea9e,1f84fdd9-4643-4942-a777-13a6cb3fedde,home,5820000.0,5584052.97,56953.23,9.05,196,17,2025-02-02,active
48af6059-bf88-42e6-9cb9-fe9c17fdc80b,edcd8515-e450-4d07-97a7-de0af52b7931,home,4355000.0,4017236.54,46347.56,8.42,154,20,2024-11-04,active
a9b76ec4-76c6-4bc1-a9f8-3eb7275d24fc,acb1ee53-e7eb-41f9-87f2-2884e51182fb,home,4307000.0,1507243.34,43038.29,9.28,193,152,2014-01-01,active
478dc7ec-0001-42ad-8c25-14608279044e,028111cf-148d-49af-86d5-364a763193e6,personal,152000.0,74215.93,3912.54,15.94,55,33,2023-10-11,active
f83afda4-448a-4223-962b-1f5147545b19,c50d725f-07c1-4387-8c5d-833c86859bc5,personal,456000.0,349913.08,10172.92,11.58,59,17,2025-02-02,active
abc9599a-912e-4bcb-9db0-32cff5053cc2,c08bb7ef-4935-4616-9328-7fc7436915fd,vehicle,1230000.0,176823.14,20483.07,10.1,84,75,2020-04-29,active
08b6b248-3312-4fb5-bce5-29c921c43436,fd2894bf-1774-4882-8063-7c42795c6755,vehicle,1722000.0,92163.65,46639.59,9.67,44,42,2023-01-14,active
4fe4cb84-8377-4671-b423-2b4f7eee4d3a,db54ea70-70f0-44c9-888c-ccf788fec17b,vehicle,791000.0,16771.88,16923.39,10.84,61,60,2021-07-23,active
17a73bcb-e5ba-4ffc-b6b8-946abe04bf18,2ba3e2c6-9f30-4030-ac56-57dbf3090f65,vehicle,1728000.0,641485.94,42932.56,9.8,49,33,2023-10-11,active
04cad381-c1de-45b1-9117-9e38ba524963,38e05e29-633e-4437-b83a-5e08cacc50a6,business,4433000.0,3602309.83,80057.36,11.41,79,20,2024-11-04,active
1f517d21-fbd6-4d43-8c77-aff61b171d92,6dc91fa2-559f-4d15-9fb0-49837f22b693,personal,380000.0,128605.86,10798.05,15.3,47,34,2023-09-11,active
4cdc8181-28dd-4276-95ad-490cdc4bfc60,83b7fe37-3526-4c84-adb8-961ffec8d8cb,personal,343000.0,231292.51,9825.66,14.86,46,18,2025-01-03,active
15f2941c-f2a8-4fde-b51b-f9df1356ec06,f02c2f82-5018-4843-9c00-3839fbcc1875,business,4852000.0,3859319.53,100836.65,11.58,65,17,2025-02-02,active
3ebd2c87-0696-451c-9129-a8a3a42c14ee,d1bd8922-302e-4b5a-a22b-2a84ee0bf0c4,home,7320000.0,7260265.9,65659.11,7.52,192,3,2026-03-29,active
24de6abb-91ea-44b7-94d9-a5f4e526c668,8e5a7fdd-0474-4441-89df-f23f587f4829,personal,273000.0,92143.16,10848.11,14.08,30,21,2024-10-05,active
bd40c40f-c4a5-4d36-bdd0-eb528d35ebf7,bdbcc44e-0a55-47eb-bf01-a4857f48bec5,vehicle,1897000.0,1142998.94,34022.87,10.56,77,37,2023-06-13,active
5eda62a2-7d4a-4c0f-831e-f1878974a33e,b6b4dc28-990a-4ea5-8418-e570dc00fdd8,home,5630000.0,4285139.34,53588.07,8.82,202,81,2019-11-01,active
0586802a-8ec1-4ef9-8abe-c65caf1fc21a,8acb2638-02bf-4634-b135-0398ffefe687,home,6875000.0,3420729.76,82708.14,8.4,125,76,2020-03-30,active
a2b7f97d-47ab-4f15-80da-c95e78c9795d,4924def1-bb68-49d8-90db-fabcd331582f,vehicle,507000.0,195611.06,10088.08,8.84,63,42,2023-01-14,active
456f7dcc-345f-4b72-a808-2ec3f7b129ae,3fd51cf8-3642-4f2d-a99c-98b13a20e209,business,1848000.0,553790.65,33496.68,10.93,77,59,2021-08-22,active
d9d8c997-6baf-4386-9028-74624dce9c03,e3c426c6-f203-4a68-97db-8a4c913cf0a7,vehicle,1988000.0,1868274.5,56501.67,10.22,42,3,2026-03-29,active
7b31a4b7-cb41-4970-bfa0-b65360513f4d,006c8955-41a9-4594-83b6-6eab53af6608,vehicle,1521000.0,280129.32,36255.04,9.35,51,43,2022-12-15,active
6fda4cab-7bd6-44f2-90bf-47ff47f39864,915bb9d4-3b01-46d3-bff3-44fc2d36b30d,vehicle,577000.0,10232.46,10315.94,9.79,75,74,2020-05-29,active
cb381f37-adea-4e68-8a4c-4e0bc72b29a0,a3a49078-2f90-4d96-9ac3-f2bc3e3da35d,vehicle,1032000.0,313700.15,18877.49,10.26,74,56,2021-11-20,active
86ee7966-00e8-4034-8bb7-66ab59013675,61193ff9-78ba-4350-8fb9-2a3f8eb1fb9d,personal,435000.0,283985.29,13573.32,13.54,40,16,2025-03-04,active
a6b8fff9-d4ba-4eb6-8994-0f5f9e3d38f6,5a5dacbd-43aa-49cf-9811-9005a13050f3,vehicle,1094000.0,196367.73,22752.67,10.16,62,53,2022-02-18,active
d595bfc2-072b-4a46-849f-17a1bed51eab,9af652c3-cba9-4964-930f-f2c7fd5f4c4f,business,2016000.0,1322702.73,39800.98,11.24,69,29,2024-02-08,active
53d8c73c-391c-4736-b5fe-b659266df6a0,63527b25-7032-426d-950a-0ea4cf9e0e4e,education,1387000.0,21400.44,21573.07,9.68,91,90,2019-02-04,active
88d74fe0-7cac-4f1c-a556-e822b0dcddeb,d3d62b33-a091-4437-879b-dabdbaec81bd,home,7971000.0,1787705.34,75804.86,8.84,203,177,2011-12-13,active
e472a922-5146-4c39-a6df-f448160df428,90d132db-b80f-447c-9a9b-726427210715,vehicle,1038000.0,303225.0,21411.41,8.73,60,45,2022-10-16,active
41ccd5e0-6000-4b63-86e7-2f00f02da814,3b339756-f78d-4263-a2ce-e3b6d59680ed,personal,137000.0,36596.68,3236.69,11.13,54,42,2023-01-14,active
2bf46b72-7b93-4d67-aad7-a1674d1d96ed,80aef4b6-dbc7-4a01-975c-3bffcbe647c6,home,4309000.0,3483533.29,46742.83,8.28,147,42,2023-01-14,active
ef488bf4-2953-44db-b576-cc2474b7216d,81e380c5-70e3-4926-af61-8807c01e493b,home,1980000.0,1584506.57,18109.09,8.5,211,74,2020-05-29,active
70edfc81-23b3-4668-a164-9f0dbd5857a8,eb57c9a1-577b-405b-97fa-671ecb82d657,home,7281000.0,1114993.38,74038.64,8.66,172,156,2013-09-03,active
3fd52f93-b180-4703-8b27-6a3b12f2c41d,2a37189d-49a6-4494-975e-f1169fd35656,home,7655000.0,7319935.8,81171.39,8.86,162,13,2025-06-02,active
589d27b5-ef69-4660-a347-220e393249fb,440fef8b-7049-47b3-8306-b045e867d1a7,business,1276000.0,1085259.83,23912.25,14.0,84,19,2024-12-04,active
606ce148-ef46-4e9f-9feb-d36f8176bdef,a697c282-e8db-4660-ae85-b68f16f9277f,vehicle,1430000.0,1199171.48,29500.94,9.29,61,12,2025-07-02,active
fd57022f-1000-439e-bf80-b7cd2899c371,be8f3d99-8df2-4577-addd-0c6aea73ab12,personal,191000.0,4783.1,4841.1,14.55,54,53,2022-02-18,active
e18f82ca-0da7-45ab-949d-97e77330a765,e275aeae-313b-4a84-83db-03a24c893777,home,5173000.0,4816353.88,57256.71,8.02,139,15,2025-04-03,active
2232a183-efb6-4477-b2e0-7ee301994f22,0f4c917a-dce6-4a18-bf6a-d424abc1ecc4,home,7764000.0,1879370.21,81897.35,8.04,151,126,2016-02-20,active
c66e32c3-514e-424e-97ef-d73f08767a07,1535890c-6e4f-40ff-a218-063825e541c1,home,3679000.0,3587719.14,33869.44,8.16,198,10,2025-08-31,active
dad99e2e-74ca-430f-b6c7-6833b4897020,05138f6d-ceac-4757-a50b-2e97c166b579,business,3610000.0,793199.03,83549.31,11.47,56,46,2022-09-16,active
32b7e591-3061-4030-a994-934ca38dab1f,d1957613-b131-42b3-a712-410954b8aaa8,personal,495000.0,151395.49,26061.73,11.18,21,15,2025-04-03,active
19f795f5-845d-4afa-ad7a-b7020f772e79,ef30bff7-7364-49a1-a9e9-5a3c864dec5b,home,2386000.0,1336767.67,26274.2,8.34,144,81,2019-11-01,active
3b8c58d2-1b33-43d5-88ae-756a5fcb0344,0e3f76ce-6812-4174-9bd2-20a3426f5d56,personal,470000.0,48066.05,16392.46,13.82,35,32,2023-11-10,active
25e43588-f83d-49d9-be69-c511896f5c79,0d227089-39f6-40f8-a60e-c1403cb241d6,vehicle,400000.0,79526.39,10270.5,8.77,46,38,2023-05-14,active
23969ada-3f6f-4102-9647-be9fac7d0261,3617e93b-fd04-4a21-9660-b7d187f26220,personal,348000.0,272929.7,22977.61,15.78,17,4,2026-02-27,active
2f712644-f069-427f-81f1-0777397b58ab,9dbcaba2-523d-492c-ae24-c4fb8614900a,personal,380000.0,165339.31,34335.83,15.21,12,7,2025-11-29,active
20ef6506-6c9b-4089-82e7-3002db72393b,77cf8c68-5e00-42b0-bad6-3701cae1da0e,home,6012000.0,4619061.96,72626.33,9.31,133,45,2022-10-16,active
ab7cd85f-bf2b-47eb-a570-6f4ea5391cca,6fa343c2-57af-4855-ab63-b9621bb0e088,vehicle,1831000.0,1732865.22,34740.13,10.12,70,5,2026-01-28,active
fbec3021-087d-4c44-9400-181eb2b1269b,00d57030-2738-427d-8198-6ca1755841d3,personal,183000.0,76806.87,5970.75,13.79,38,24,2024-07-07,active
342ce999-b1ee-4479-95f6-02a667240189,7322a8c9-fd45-4af8-9f5a-302e182b5e64,home,533000.0,306705.42,5660.24,8.24,152,84,2019-08-03,active
d42b8804-2e28-410c-8dfe-cd239ef0ba70,ba64161f-10d3-4003-8706-c5363f27e672,vehicle,812000.0,454375.86,17414.81,8.63,57,28,2024-03-09,active
bb20a2e6-ec14-4740-b8bf-771e697579de,069194b6-cac2-4e8d-b9f2-c6aec26f9978,home,2996000.0,1712221.24,37146.11,8.5,120,64,2021-03-25,active
3686cda9-baaf-4dab-ae70-8cdc500146a8,8991f223-58f2-4dd3-a78a-1ae9f5cfb99b,vehicle,1290000.0,904573.82,21883.01,9.28,79,29,2024-02-08,active
7e8e6cec-cf6d-4d4a-9316-97457302aacd,fc5c8e1c-bcb4-4abb-af42-93ed11ad58f2,personal,112000.0,76846.71,3736.64,15.29,38,14,2025-05-03,active
6fa4e516-6c47-4e87-b2f6-94813dac4d3a,6ed13891-155e-4c90-b4d0-ecdb3a2adff3,business,3083000.0,1632975.71,77412.39,12.71,52,28,2024-03-09,active
ddb38b33-477f-46be-8afb-b26d921ee6cf,b279884d-ec78-4deb-8b4b-195bb3ba9101,home,4397000.0,3673259.94,41761.46,8.98,208,64,2021-03-25,active
b6d25f71-bc22-41bd-8f1c-0e2dd99d0306,50b92361-e1e7-4ada-a3e5-fc8e8fa43202,personal,220000.0,186916.3,5732.03,15.92,54,11,2025-08-01,active
cbae1937-e268-48ba-9e28-a4b0fe335fce,6d09c3f9-19e8-42c7-a8d7-625b8d1992d1,vehicle,963000.0,682637.3,17139.55,8.54,72,25,2024-06-07,active
2fefeb2a-87a1-47f6-b9a3-625d4fd71f54,95a82799-8a86-4048-aa94-c6d1e1901d4e,home,4732000.0,4632898.53,50895.45,9.4,167,7,2025-11-29,active
4d5ee138-363e-40b7-90f8-b20370c9e248,fd232052-2bce-4365-b0dc-a079a8826da1,personal,256000.0,43373.16,6429.43,11.19,50,43,2022-12-15,active
7f456641-e0b9-4663-a32d-5ebbdda93dda,b4647dc1-9cdc-4419-bc81-6806ed3dd068,vehicle,1032000.0,541264.02,16723.56,8.67,82,45,2022-10-16,active
903c8049-e192-4924-bd15-59eac506a601,7200d1c1-9294-493a-8ce9-ac470f6778ca,business,1029000.0,675224.26,31417.48,10.83,39,15,2025-04-03,active
e10e755f-c8a3-4ed1-a850-4a6674c10fda,374b1e73-d75e-45e7-bd58-450af3fc3cd2,home,5087000.0,2276879.87,49987.35,8.37,178,123,2016-05-20,active
c6a3bea9-950f-4f94-9006-31513122f936,2ec3a53a-f7d2-4206-84f6-8206119a9236,vehicle,1842000.0,1692549.22,38201.14,8.96,60,6,2025-12-29,active
503eaa3b-9bb0-46aa-bd79-1f280d51f6fb,18b3672a-f373-4f35-8383-03e6f4c6e57b,business,1129000.0,839066.72,28940.96,13.02,51,16,2025-03-04,active
47c1ebab-8a20-4045-9571-28255494d9b2,739afc53-9306-491a-908d-84907a439295,personal,336000.0,258033.33,23253.14,14.7,16,4,2026-02-27,active
a594ade3-96e6-426e-a12c-5beb0c972da6,58999072-d3db-493a-a215-b0ad2340a450,personal,220000.0,191522.29,5594.71,14.05,53,9,2025-09-30,active
bb07d14f-e220-4ab3-8e07-5a9815a37ec5,dc206587-e081-4009-a330-f43092ac63dc,home,3029000.0,2660240.48,36908.86,8.46,123,22,2024-09-05,active
d0a1f335-45a8-4977-af8c-44092c899d63,5776e9b4-cee9-42ac-9564-79cb31c9dcdd,home,3634000.0,1971201.04,30071.49,7.61,230,145,2014-07-30,active
087f1c8a-1740-4e80-9955-78465e96419f,2023725a-6f07-4a3c-9bec-f95951077b2d,home,1590000.0,527261.26,17577.73,8.8,149,115,2017-01-15,active
bf29b5ae-9c01-4578-8944-44b6742c732c,066e4cda-4987-4f4f-abcf-4ec84b0f3cf3,vehicle,527000.0,31053.11,15707.09,9.29,39,37,2023-06-13,active
813595fe-ded9-4240-ab2f-0d9b0d457061,2a10d37b-ae54-4826-a06f-919d18083931,personal,381000.0,302100.03,11027.68,15.45,46,12,2025-07-02,active
2396b533-3d8e-4009-bc90-b19df3f1bd65,76dbc682-505c-4037-97f2-e476a6941a0a,vehicle,1880000.0,1406884.47,56218.18,9.5,39,11,2025-08-01,active
876ab0eb-e358-4f21-91d1-f9c8a82c6bc7,72dce141-3aa7-4d20-a805-bceae02cc961,home,5452000.0,1491292.72,49778.62,8.89,226,192,2010-09-19,active
f1047860-d5eb-446a-9348-12a50db908e3,594b9ae9-0cc8-4d27-9cd0-cdc73da21c6e,home,1094000.0,1021645.67,12196.59,8.34,141,15,2025-04-03,active
8c834bc6-6a3f-4041-927f-0b542d761cf3,1da13fa9-0a41-463f-b689-0042a1958abc,vehicle,666000.0,157582.07,11186.69,9.55,81,66,2021-01-24,active
9fbdecb8-541d-47b0-a4b7-5aeb57546f98,9b062952-239b-44b9-964d-591487164ca8,business,859000.0,834115.04,20942.15,11.96,53,2,2026-04-28,active
9048a2f5-cf72-4c82-8bf4-29ddda0ab7c1,e836c09a-3430-4be2-9ceb-9752ca1606dc,vehicle,951000.0,357852.66,16604.07,10.55,80,56,2021-11-20,active
c574e0d6-ce90-418e-b362-fe10105bf3ea,58ebbe98-07f5-493d-baf3-b0902d1c6eef,vehicle,1911000.0,760792.52,37603.75,8.89,64,42,2023-01-14,active
ea4e12e5-3da8-40eb-ade4-326e5b2e0288,ad46179e-4c20-42f1-a55a-272881983218,personal,417000.0,231683.26,14874.6,11.88,33,16,2025-03-04,active
d96e4d7e-c67a-47e0-9e8b-77f528040359,807482e9-d803-4e1a-b204-95948379c16f,home,4626000.0,2546754.21,41178.18,8.0,208,128,2015-12-22,active
c4b6b4de-f2e2-4638-924c-9d59936d5374,a37aa55a-4fc4-47d4-8f9e-78bf52552205,personal,291000.0,25736.69,26020.01,13.21,12,11,2025-08-01,active
70fa350c-f318-4010-9f47-81a786bb0d6d,02d5d7cb-4eb7-4990-bb8e-90e5cb5fac9a,home,2886000.0,2758137.85,28363.37,8.42,179,15,2025-04-03,active
b7f23799-27b2-497e-a4f4-53425e4fc665,f1bb3e01-2417-4c88-a2a8-2748f7a38e3b,education,264000.0,144249.44,3430.08,9.23,117,66,2021-01-24,active
915db9d2-190b-47a9-97ff-e198bb5db159,7d18ec03-da74-4d59-9927-6fc255d7ced5,business,4777000.0,3801408.08,132766.59,12.18,45,11,2025-08-01,active
889ae137-6321-4133-8f80-52de377c2e84,523d7804-c640-4c56-abf4-3ecd5daef09b,personal,78000.0,63924.76,1977.7,11.68,50,11,2025-08-01,active
b02ed90f-b63b-478e-a107-08f45ac3d1eb,5acc3be7-1e48-4981-ad20-e623ef34ac0a,vehicle,1437000.0,559493.47,42576.35,10.27,40,26,2024-05-08,active
7e3f11d2-66e7-4b77-ac05-e2af4abc2705,bf4626d2-1157-43dc-bea3-4b4b0191605f,home,3782000.0,358877.01,46246.6,8.18,120,112,2017-04-15,active
bbf1586a-2108-4434-bbed-8e8e59ac6d6f,91f1d01c-889a-46de-bb20-bc5153c0624a,personal,340000.0,127224.32,10435.97,11.17,39,26,2024-05-08,active
c9fd413e-17be-4b16-bf11-4dfd197feaaa,96fbb90c-dca1-4982-81fa-927538a5e238,vehicle,916000.0,603996.03,17034.37,8.53,68,27,2024-04-08,active
04efe33a-671f-4a09-bcad-0a666d811ce2,4ba8cc7b-6623-49db-bc2e-d5409d223ffc,home,6795000.0,5141972.66,62539.0,8.3,202,80,2019-12-01,active
66e80cff-4cd5-4ac1-9e60-c81fa49f2a1e,b3631282-824d-4871-bf83-c5bdd0970be2,education,1942000.0,358270.21,29140.43,9.68,96,83,2019-09-02,active
668c7e3a-c8d5-4673-979e-2ff1ad9eb505,c129c612-43e3-4675-a020-ad50913a66b3,home,3997000.0,3595582.09,37180.46,7.88,187,33,2023-10-11,active
fa0b9d0f-a35d-4516-9c0f-c8ef39e2e405,7d0b0da3-d4b0-407d-b1d7-f7155d6f0e51,vehicle,1570000.0,247773.49,36445.68,8.83,52,45,2022-10-16,active
2f935175-16a5-45e5-bef7-0b936f7ec289,921ca286-5a96-43af-8e28-64bd08026bea,personal,492000.0,445821.04,12279.1,14.43,55,7,2025-11-29,active
2dcc3104-ece3-46a4-842a-a165291573eb,1d361acf-43e1-4a74-8323-aa4d5a9781a1,vehicle,1625000.0,1384975.34,46906.94,9.94,41,7,2025-11-29,active
07e2ab80-e88b-449d-832d-14c10c1ace64,65036893-f95a-4aab-be73-7e0d98c653a6,education,1157000.0,155377.89,20091.6,9.11,76,68,2020-11-25,active
ff167b13-7dcd-42ca-803c-e0c26c460448,16e837e1-cc33-4949-a680-6648b0b4dd74,business,4669000.0,1147323.66,133879.01,11.89,43,34,2023-09-11,active
ac72c6fd-50c9-49b7-9789-5652d3f3f1e8,8c70f83e-e663-43df-94f9-24d04675d810,vehicle,1433000.0,1181711.74,28487.22,10.68,67,15,2025-04-03,active
99cf5d90-8720-4e17-bd9f-ec585bdac108,38acfd07-4145-4a12-82b2-6c066b8f3f8f,personal,68000.0,61357.77,2104.22,14.24,41,5,2026-01-28,active
f7e9d361-9887-42fe-a373-fa7625b3127a,eeb5259f-9708-4b77-99b8-69d8ba897584,personal,178000.0,95700.73,6908.09,12.13,30,15,2025-04-03,active
77f001ce-fdbd-4d85-a60f-ad4ba58296f1,51aad34e-9fea-49ea-86f1-8de7ece7feea,education,1200000.0,748631.59,16381.43,8.89,106,50,2022-05-19,active
b52c4df8-17b6-4bf6-adef-65883e35e313,a4cd05a6-927a-47ed-a96c-750d331d9a2e,business,928000.0,210241.98,22163.07,11.65,54,44,2022-11-15,active
dba1bba7-316c-46ad-817a-de7d4a714138,5074d71f-3ea5-4bce-8a53-1e5dba810633,home,7808000.0,7730743.38,87762.32,7.57,131,2,2026-04-28,active
d73d5353-2f8e-407c-87bc-60c3d835dd7d,576abf65-08ea-43ef-ae46-cadf130c7a51,home,4017000.0,2114084.52,33879.78,7.71,224,144,2014-08-29,active
6807f38a-756a-466d-beec-ba9468f2e30c,365bdc1e-ecd9-4d78-bb08-99f0f5407148,vehicle,251000.0,228093.17,6300.89,8.53,47,5,2026-01-28,active
73b328dd-751a-4d28-b304-0212588ddd18,caaf76e1-2964-46ee-8849-f32a66589922,home,5488000.0,740867.26,52219.07,8.45,192,177,2011-12-13,active
bb176f94-6b39-48dc-ad8e-a77e5d074b46,84440631-7d20-4823-8f8d-fe5bcc1bd097,vehicle,1328000.0,1024388.83,22755.4,10.21,81,24,2024-07-07,active
f14a56ee-e7e6-4ffb-8c79-c81326c1b4d9,a09a1184-364c-4808-9980-860f01f81b17,home,590000.0,336583.89,5219.28,7.84,206,122,2016-06-19,active
096247ed-f25a-478b-a1ae-a1b7e4c30bf5,40dd7ca8-0193-4871-b9c9-91d7d63fe7b9,personal,331000.0,58074.21,8670.15,13.37,50,43,2022-12-15,active
0418738e-dd80-4e68-8182-0641d395032d,c0456043-ec43-41bd-aeed-138037fb078d,personal,362000.0,237302.95,9315.21,15.3,54,23,2024-08-06,active
372144c7-d0f5-4d4b-a54a-adb1bb61e4b5,38f95bf7-7e13-468f-98ff-b9b1888e702e,personal,441000.0,118269.2,13841.1,12.61,39,30,2024-01-09,active
0f992c4d-a9c5-44a2-933f-5dde6cdc1087,84f80538-ed34-4a93-b400-5cd8fd1eddf4,vehicle,658000.0,529675.66,10559.92,8.92,84,21,2024-10-05,active
4f6ec45c-f27c-4272-b36e-c9d913b3beb0,e64d47fd-5f81-4610-9374-9033284a9428,personal,355000.0,254123.67,9423.03,14.82,51,18,2025-01-03,active
a57d76c4-70ca-4214-96ee-1d07e368fc75,c758ed8c-311c-4848-b63d-400f9af64642,business,996000.0,679572.69,23140.2,10.33,54,20,2024-11-04,active
2264dd31-267e-457f-9eb6-aa697d97d540,04c8261e-fbba-4bd5-af5c-647277d2ed62,home,6339000.0,6029092.34,69116.02,8.38,147,12,2025-07-02,active
69a5d879-6e8c-4a88-aabb-de53bede5dcc,0712eeec-13d5-4334-bca1-0f26a8b7b6bc,vehicle,1616000.0,1292579.33,33785.26,8.73,59,14,2025-05-03,active
b84338e6-7d30-44cf-a72b-dc931236e4b2,8dd2f297-9d71-4720-b2e9-e1e8a1ec6468,home,7531000.0,4511240.38,73279.09,9.03,198,115,2017-01-15,active
8fda8582-8df0-4c62-93ab-f40efa5b01eb,b69e7bc8-e279-4951-a26f-6d7d3c3a0dba,vehicle,1633000.0,329566.49,34540.17,10.35,61,51,2022-04-19,active
2ed3f432-9be9-42b7-ad83-747f76a877ee,af16d93d-f765-403e-bbff-f7a1e17000f7,business,3118000.0,720749.09,69563.19,12.13,60,49,2022-06-18,active
24a9b174-175f-4d4c-98a3-1a7485da01a0,45fceb0b-1681-487d-9283-32d0edab4917,business,2008000.0,877020.67,67996.46,13.35,36,22,2024-09-05,active
901ba622-00c8-44cc-a367-716fd6fff572,e3a46c6b-1ee5-4830-a4f3-baf9e3919f32,personal,395000.0,363427.28,11888.69,12.51,41,4,2026-02-27,active
cccfd246-2c57-4af6-b959-6e220e0602aa,6ef03ec6-e8d3-40e4-919d-a197302caf33,vehicle,1138000.0,139682.66,20646.31,10.31,75,68,2020-11-25,active
61e5029b-4bd2-4c1a-af81-383d0c660eae,47ebe385-12a3-4d5e-b8cc-b90f25515ab9,personal,174000.0,64138.48,4687.58,14.06,49,34,2023-09-11,active
3865da07-fc60-4182-8b8e-2f87d49ee5ab,bcb7503e-1125-43fa-b01a-23ca7339dcd9,home,7670000.0,5429842.65,67096.8,8.17,222,104,2017-12-11,active
6a648626-23cf-4542-9375-7a38da23fc02,ae5f06d3-0fc7-44f8-99b0-c3944fffe7ba,home,6009000.0,4876998.86,54486.28,8.21,206,67,2020-12-25,active
07da7a39-f5e8-48a3-9f5b-133809b4b474,e0dad12a-2216-4d55-9bbe-ca23d0fb4940,home,701000.0,424878.57,6648.37,8.66,199,113,2017-03-16,active
9e703f72-0e6c-4b49-8459-8163e231a35c,761aa3e4-1a77-43a9-b675-b2b62f585480,home,2438000.0,2214413.77,21272.78,7.99,217,39,2023-04-14,active
4c384f96-f5a3-45e2-b06f-86df87f5b1c5,5c95ae44-d622-4cf1-aade-c23c65088b8c,education,1500000.0,1195637.49,28305.2,8.19,66,16,2025-03-04,active
3bf26038-b97d-4158-bd50-2465ededa7b1,f2087910-ca3f-4ea5-878b-b5de549a4d9c,home,7721000.0,6006821.12,69397.69,8.9,236,97,2018-07-09,active
b4c3b8e3-e03b-489d-9050-5f1ab6aa2b06,1ba6a6fc-0084-400d-b53b-60f59a8d1872,vehicle,1751000.0,428160.75,32356.7,9.13,70,56,2021-11-20,active
38b9194f-211c-434f-9914-7370897960d7,88d5b8bf-66d9-4482-989a-ab4ecf2427d4,vehicle,1297000.0,696253.56,23341.44,10.99,78,43,2022-12-15,active
b457bd4d-a3e1-4251-b192-5a141aa5a64f,202dee81-0d73-4c32-9f31-6dc4a4530166,business,4129000.0,244071.17,123711.54,10.97,40,38,2023-05-14,active
cf3568c9-ff1f-42c5-962b-bd08e223abb6,3b604886-067e-40a4-9931-3f6845655ff3,personal,275000.0,24439.28,12391.9,11.26,25,23,2024-08-06,active
e847ec34-d11b-411f-b9f8-80e7f05b814d,ed0c7e8e-7a86-4e03-af52-1e5fa31149ca,personal,363000.0,138505.6,8923.92,12.37,53,36,2023-07-13,active
6192414b-2d16-4a33-add8-dea454971656,881f0d21-e132-4757-8c77-da2caffb8512,home,6195000.0,2666475.53,51729.16,7.81,233,170,2012-07-10,active
8083da2f-d72c-4be1-b79e-052ec1cd26d3,0fe2c086-01cd-4d89-9c27-177d041cd6e9,vehicle,676000.0,331688.82,14758.68,10.04,58,33,2023-10-11,active
5679a9fb-4abb-4167-a12f-886a601a236f,ec998067-c549-4b4d-9a17-0ba83de5246e,business,844000.0,606388.51,20100.02,13.41,57,20,2024-11-04,active
2e67fa2b-f46a-49f0-b20b-145f7d3f8d39,88c54a1b-1ff9-4ed1-a97a-4dfee0da1182,business,987000.0,165550.97,19331.99,12.07,72,63,2021-04-24,active
ee6f5c72-45bd-4073-8ce2-525ba6d933aa,9d34b5dd-b4aa-4df8-8c05-1086ae4fab12,vehicle,1187000.0,916048.13,33781.35,10.3,42,11,2025-08-01,active
69ec155f-4663-48da-99dd-ea917fc89ec4,c289e6e7-9111-4ffa-9f90-3dcb39d727e1,education,1722000.0,456813.27,22509.96,8.56,111,89,2019-03-06,active
8c6181ff-7814-41ad-a867-bb87c2074d02,5895470b-404c-451a-8850-b93b7347af45,home,5966000.0,2875803.46,63163.75,8.39,155,100,2018-04-10,active
1bb9543a-a504-4898-a67e-85732d0acbe8,1808dc25-7dc0-4d0f-b902-b693d01ac22c,home,1809000.0,1612187.05,20441.19,9.37,151,28,2024-03-09,active
81abe2f5-ab74-4199-ac41-ecba2abc3129,396c81f9-982b-44a6-8e0a-1aae66bf5278,personal,296000.0,12362.37,12510.83,14.41,28,27,2024-04-08,active
3d05a48a-6077-4b4a-bee5-1b0b370bdff8,602f947e-b66b-48a3-a5b9-04cb2332a27b,vehicle,345000.0,286060.28,6841.18,8.7,63,13,2025-06-02,active
26130836-d342-42ae-80a6-6d60da8c8f8d,11246762-919a-4095-8cf5-7ad8fdacf035,personal,291000.0,237866.78,11708.35,12.72,29,6,2025-12-29,active
abd56286-5d09-4724-b65f-a641663e3dd3,b6f75b3c-007d-47b7-8417-f817da955892,personal,454000.0,135504.06,14385.58,13.23,39,29,2024-02-08,active
ab2e9d56-1921-461b-baac-559fceeb3f49,30917e8d-5b5a-4433-9371-6ff377de6966,personal,277000.0,90525.0,7049.89,14.09,53,39,2023-04-14,active
c75b09cf-0e42-4ed0-b811-3267f62409a9,099b9eb1-d9f3-4eff-bc30-2eafeeae9588,education,1097000.0,840674.67,13860.74,8.94,120,39,2023-04-14,active
c43f1cbb-4af3-4c2b-bf17-dafd495c706f,935c890f-61a9-4f08-b94e-fc60b298a651,home,4345000.0,3587745.55,37869.59,8.4,233,77,2020-02-29,active
f34536a2-8599-4662-bf78-c474cca2e9d9,2d9ec67a-2d0c-4c31-95c4-b9d52f551fef,education,548000.0,198381.23,11171.88,8.23,60,41,2023-02-13,active
0d6c007d-51d4-49ef-9b01-00ba4b0188e1,53a1b0c1-b25c-41d9-9a6f-5d6eef4d5b84,vehicle,445000.0,302537.66,8383.58,10.98,73,29,2024-02-08,active
6a873a9e-58be-49ca-91d6-1fb17ed22ef0,26934e5b-ee4d-48f2-a0d2-2dde3009bce6,personal,451000.0,40108.36,40591.67,14.46,12,11,2025-08-01,active
9a358759-242f-4974-a98c-9369132c3900,1f8e4db6-8574-4e57-8ef6-3d15777b0f9b,personal,363000.0,326185.3,13372.36,14.32,33,4,2026-02-27,active
86c0a3bf-0ca7-4341-818b-df43ba85af2d,1748942f-4eff-4c06-a19b-7bcbf2422225,education,1205000.0,762017.68,20708.48,8.75,76,33,2023-10-11,active
200c32c9-dd2a-40b3-8406-1c6c8a3f13bf,c621b533-c659-419b-a6f5-3c0e2cd3f881,business,331000.0,88410.14,9391.37,13.36,45,35,2023-08-12,active
bef46ab4-a9cd-41bc-8003-a74512ae0f7e,e06fb631-bdc2-4ea0-802d-37e2b43e797a,home,2710000.0,261377.43,24720.14,7.98,197,186,2011-03-18,active
fe7a9f7a-7fd5-4396-aac9-3c05567ce07c,6e525322-8f3c-431d-b23c-93edbd681fe2,vehicle,829000.0,731586.22,23335.15,10.8,43,6,2025-12-29,active
90107ca7-1d28-4816-ac34-f599e2ab104c,75cedfea-583b-4280-a601-d21609c74f9c,education,878000.0,204834.5,11588.68,8.8,111,92,2018-12-06,active
10f75cc2-1a15-440e-940c-de41cfee9494,3e442bde-1891-410a-bb4f-259f114d24b4,home,7412000.0,1390847.7,69000.65,9.29,231,209,2009-04-27,active
3fc21bc1-ed6e-42e2-b21b-b525b0f50391,b56211c2-81f2-4d20-bf34-956738e840ff,personal,346000.0,173817.89,12704.35,14.07,33,18,2025-01-03,active
a345fc8d-1c67-4a2a-9e49-b38c56bbdc26,0674889e-a679-4e77-95bf-aeb79d166deb,home,2871000.0,2751999.31,29982.73,7.7,149,10,2025-08-31,active
d330cfb9-dc27-4f21-b388-751d9ab2dcde,ca43702e-d9f3-4cb4-b268-8d2a02c0ba05,home,1479000.0,1230876.66,14589.48,9.35,201,63,2021-04-24,active
487b5a73-2303-467e-a978-7fa3f465a9d1,989550d4-2d82-4f4c-b8b2-e1237cf27af3,personal,146000.0,106633.71,4718.58,15.8,40,13,2025-06-02,active
ed34b963-2b4f-45df-8607-66fd8c6ba172,17838b7d-de75-497e-bbdd-36cd4474db11,vehicle,1844000.0,500076.93,31758.93,10.38,81,64,2021-03-25,active
17d4510c-91af-4e8e-878c-79e56f761549,92b6917c-dec2-46ae-bb80-67c490ca1eec,home,3604000.0,2735661.65,32063.41,7.82,203,78,2020-01-30,active
d82b62b1-31e0-4fb1-9d2b-74d9f40337cc,56e1b62f-aec3-4510-a073-f47e118514cb,personal,443000.0,383642.06,14057.59,11.94,38,6,2025-12-29,active
79c50bda-b718-479e-8808-d6e9862cdd02,9aaaea51-8116-4c27-8cac-cba8da021654,vehicle,389000.0,32654.81,6673.53,8.69,76,71,2020-08-27,active
a0b7375f-541e-454f-b1ad-ca45a503d61a,27da433d-0f1f-4fe2-a5a8-e76436daf5e9,business,2559000.0,893357.19,68795.92,12.23,47,33,2023-10-11,active
32de82b4-4e5a-43f8-9855-8a6b4bfa074a,c43cae54-a5e6-4c86-a551-f86cec39609b,personal,409000.0,185769.24,13491.86,13.08,37,22,2024-09-05,active
3cbbc1ea-02f6-48a1-81c7-0d7df7954e4b,4a5bb137-190d-4a63-b52b-3533757d6f44,business,1634000.0,842620.94,32326.95,13.45,75,44,2022-11-15,active
15930849-201b-44c2-a569-a8525d3ff259,80b20290-5930-45d8-a88c-f2e17bbdabbf,personal,220000.0,100556.24,7787.78,13.17,34,20,2024-11-04,active
970e291c-f08e-4665-a8f8-2d28196b131c,21c10a6d-7c20-4edd-848d-5f2ec5f93395,home,7476000.0,497724.19,85086.35,8.76,141,135,2015-05-26,active
3b92158b-4477-48dc-a5b5-d019ea68fd18,b7196f30-d057-407d-bc62-126aedaef75a,home,1546000.0,707892.99,12777.84,7.84,240,171,2012-06-10,active
e20ab3af-024a-4104-aaa2-cf80f2f757ac,f8e49802-2d04-4c7d-853d-91df6393cbaf,personal,293000.0,144008.95,9382.68,13.92,39,22,2024-09-05,active
c92f9ed9-cf54-4bc3-98e7-db67c0a21602,8b217d67-eaa3-475b-84aa-66af5668a5f3,vehicle,1304000.0,339838.29,27686.9,9.97,60,47,2022-08-17,active
8ff992ea-e4ff-4dde-9859-fd18e0ae2b05,cf240b18-e4a9-4795-936f-07eb0b5f14e1,personal,393000.0,284040.83,19521.5,13.68,23,7,2025-11-29,active
d0f6b894-4ab6-4f25-801d-2573cb0cf7e5,091fadb2-c3f5-46ac-b425-76b32b4dfe0d,education,1697000.0,1598315.13,28731.23,8.9,78,6,2025-12-29,active
a9b34283-5915-4d62-80c1-19ea1c28c42f,0e147c8d-ccf2-47cf-96b7-2a3b845a21f4,personal,70000.0,8988.15,4574.85,14.35,17,15,2025-04-03,active
d0f26d4a-b6dc-43e6-94db-380d8aaee873,442167c9-3fac-40a7-807c-6ae137f271a7,business,4110000.0,779598.82,82392.63,12.22,70,60,2021-07-23,active
acd3b941-d9f8-41cc-9ae6-e7d2870a696c,75ad126b-baac-468d-aa78-1a0a63569fda,home,6002000.0,1694732.52,50507.97,7.84,230,192,2010-09-19,active
b09bce94-1d68-4c0f-b978-385677d4765d,f765bb83-c544-4d27-b006-1b3983b51915,home,626000.0,470327.87,5463.15,8.37,231,99,2018-05-10,active
43bd5b33-e818-49d5-83ce-42b3dda10f5c,5cc32335-8763-4eed-b041-57419dc25840,business,4905000.0,1578540.75,141102.07,13.15,44,32,2023-11-10,active
2849f94d-9710-4e62-b07c-f7dc5430a1f3,c39d0a23-20b3-4921-9112-c377d1193e94,business,854000.0,379648.53,17382.78,12.81,70,45,2022-10-16,active
9414d50a-ffe4-423a-9cdf-5b9a2154d966,36856a86-1357-42d2-ad79-083883ac20c4,home,1580000.0,1540812.59,16049.11,8.98,179,9,2025-09-30,active
138cbc5b-88df-40ba-a04c-9fc3ed704da8,c210fa10-9a55-4452-ac8c-ee1085fd51fc,business,918000.0,94765.53,19620.63,13.98,68,63,2021-04-24,active
abd74c3c-1e16-4974-82f5-d440c5ab966d,8eacce5c-f662-471e-829b-b182ddffcf56,personal,152000.0,133787.13,6149.56,13.19,29,4,2026-02-27,active
9609259b-4048-4e9c-950e-60f1bd4f8e04,62905cde-0136-42b0-947e-e9e14a976f09,education,114000.0,71799.15,2095.46,9.33,71,31,2023-12-10,active
ac40db16-24c7-446f-b1ac-1ce56bf9b60e,571f7d81-47ec-4a3f-b56a-7279260e6df1,vehicle,679000.0,288185.74,11879.64,9.37,76,49,2022-06-18,active
975354e5-01fd-4d99-b305-6e724660643e,94990618-8d25-452e-844a-465d154451fe,personal,204000.0,158908.67,6329.94,11.87,39,10,2025-08-31,active
7712cf6a-d8ac-47c3-9d0f-783aef844fad,569f309b-8f1d-46c1-b127-e2165637502c,vehicle,1732000.0,550686.57,34813.19,9.75,64,47,2022-08-17,active
ad4a4c86-a890-4eb7-983c-65e5c6a1afdf,4cbd7631-55a3-4a46-b2fb-d2c7e9da3a71,vehicle,301000.0,131608.58,6513.47,9.03,57,35,2023-08-12,active
64779fe9-2115-4073-96bb-ce9cf3190c97,bc815b1a-e887-435b-93e2-4017d3b40f37,personal,313000.0,244427.45,14110.06,11.3,25,6,2025-12-29,active
0c5cc307-48eb-4c2b-abab-2f8c4575c209,85dbf537-7ba2-4362-abc6-a55852886abb,vehicle,597000.0,488071.12,10686.88,10.17,76,18,2025-01-03,active
6a6dfd89-3193-4ead-830a-230976069d33,518372a0-488f-4040-838d-c20d9249e2d0,home,3083000.0,82916.49,28060.0,9.12,238,235,2007-03-09,active
d8e7c7fa-7681-4b95-b50b-5a80ef4082ff,45bffa8c-50c7-4fd0-8e25-87f2286758ce,home,5819000.0,1074179.27,50535.61,8.01,220,197,2010-04-22,active
32d3b3d0-673f-45de-bd04-659decfcb275,a25feae6-f508-4942-9ee2-157b3de0abda,business,931000.0,535624.46,21205.19,11.35,57,28,2024-03-09,active
1842e8cf-8640-410b-aa44-b4900e88c2ad,d7bf0190-5737-49ad-939f-ed59c3860eab,business,3687000.0,267374.76,68627.2,12.74,80,76,2020-03-30,active
d9241645-829a-4d33-b73b-b2496d75e67f,983508f3-10f9-4409-bd00-2e7bd62b4906,vehicle,1806000.0,1351112.23,36206.32,10.12,65,20,2024-11-04,active
97ec5424-51ce-41d4-8e43-c0cbec8d831c,14c2eec7-c707-4ce5-96be-9d1fa4ea01c4,home,3617000.0,3435999.26,34759.98,8.57,191,19,2024-12-04,active
5a920489-0227-4690-9652-1faeb5f864f4,e526e786-5a96-40b8-b35e-692c46f5b88a,personal,313000.0,215643.02,8209.35,14.92,52,20,2024-11-04,active
0b76624f-6639-4d70-aba0-d214c56af19e,10cca7ef-286c-4ab0-98d0-182df69d9338,personal,340000.0,195423.53,15177.94,13.64,26,12,2025-07-02,active
18c20438-118a-4513-a0d5-09e669b686b9,8f35769b-0d72-49c8-8ac3-9cb89dc66105,personal,55000.0,38022.38,2235.11,13.57,29,10,2025-08-31,active
d815e108-c97e-4cd8-9335-3663a22b4a91,8ba3e05f-7108-44c9-a6fd-10b25dd5e0d8,vehicle,976000.0,743152.44,15873.61,9.07,83,25,2024-06-07,active
96ccfd18-2b46-410e-9541-849be3cda285,02bf7290-d2af-4600-a0ca-8349dfeefadf,vehicle,1322000.0,974329.04,39571.42,10.91,40,12,2025-07-02,active
2cb6477c-9525-4853-9f20-c0e3943948b8,cdab7948-9153-40d5-a369-be01ee49f899,home,5017000.0,2210065.86,51857.28,8.57,165,114,2017-02-14,active
e9e53732-2ba5-47e9-93d5-44202229025e,e9ebcfba-1c70-47af-8be9-68fd3839c835,home,5444000.0,4238293.61,57025.94,9.28,174,63,2021-04-24,active
5b6f686b-9eca-4a52-8423-3dc112e1c8b8,75737604-f34f-4481-9990-da7c3f6429b8,business,1456000.0,532876.86,34323.37,12.33,56,39,2023-04-14,active
661d7be2-8539-4b66-9b48-33725ec5e7cf,dfcd717a-0da5-4ef7-b80b-50c117377475,business,1539000.0,1430717.21,41670.75,11.69,46,4,2026-02-27,active
81a569e7-da73-4068-a1dc-8fa0aabd91a6,a1121e42-07aa-466f-bada-59decbd7d590,personal,61000.0,45000.76,1692.52,13.97,47,15,2025-04-03,active
47db1690-8638-4282-ad99-73da9ae42950,2b7fc24f-ebda-49d1-bbe2-030f7019226e,home,1466000.0,1204094.81,12604.93,7.59,211,64,2021-03-25,active
243c8d3f-7938-440e-93bc-e162d4388ea0,cc093f78-13c4-41c2-9bd2-28e62faffc8b,personal,63000.0,3626.51,3663.41,12.21,19,18,2025-01-03,active
8541e10a-f211-4c07-83a1-f32e3a1e770c,b68ac77f-855c-4356-bb25-c47316786a25,personal,440000.0,263280.59,14555.52,11.72,36,16,2025-03-04,active
08f2f005-64d1-40f7-8ef1-e210629965f2,3bdaf141-129e-4d79-a2c5-df979a32df7d,home,3682000.0,1556361.73,32621.78,7.61,199,142,2014-10-28,active
707ba494-6cfb-40f8-b754-09ec031449db,5fd5ec1b-1a01-4ed8-92d5-94a2066c45f7,business,563000.0,468174.76,11424.25,12.69,70,16,2025-03-04,active
d387967d-86d0-4396-ab4d-48273d828275,f360e3e1-d334-4fc4-a07f-ea699218b20a,personal,148000.0,104298.39,4446.6,12.4,41,14,2025-05-03,active
31e63ba1-d6cb-4654-af6c-c8d1fb8862db,e82a83a4-5c98-473b-9724-708d396f687e,home,3938000.0,809533.07,45788.87,8.77,136,117,2016-11-16,active
8e54491c-0cf2-469f-a773-caadc8090626,0273790a-6537-4134-a194-5f46642f41c4,personal,280000.0,143214.34,8270.65,11.35,41,22,2024-09-05,active
fec6f017-353b-43a0-853e-10865a999b5c,babe62a7-fd96-4e41-a5c8-f06e1e1519b2,vehicle,858000.0,570720.75,17624.6,10.15,63,25,2024-06-07,active
17c36016-8226-4b49-860f-9d2076bd8e83,bc6914fa-e13c-44ff-874b-ab1895c2d0d5,personal,462000.0,295284.93,11933.96,15.49,54,24,2024-07-07,active
7bc9aa0a-569f-457e-bf1e-1e6a344cb320,42aee22c-4682-45d6-8d37-fd3c247dd0fa,education,747000.0,351218.39,12421.97,9.22,81,49,2022-06-18,active
23cdc6f1-60af-4699-9eac-0f02bf6ba536,038bfb5d-4c4f-4104-814c-1026b985e748,education,148000.0,99543.57,2418.59,8.65,81,32,2023-11-10,active
ca493ae0-1f3d-4cf0-a1df-2c19d86e7783,d2f4087c-9e66-42d6-9300-cd74ffd4dbac,business,2056000.0,1812821.98,41098.94,12.84,72,12,2025-07-02,active
5623abd6-bfaf-48da-9209-4154b95e9d73,18b5308e-db74-4498-9fa8-e6d2bc5f22b9,personal,185000.0,89448.74,6592.84,15.38,35,20,2024-11-04,active
9b32f7dc-a352-40d9-a772-b031faf7968b,6b7319ac-ddb2-4978-974c-03d52a8f8989,vehicle,1206000.0,921757.23,21300.27,9.36,75,22,2024-09-05,active
24c4d052-8265-42fa-b872-9dfb8bcbb635,dd2a538e-4064-4c4d-b8b7-0d277f4bac2b,business,829000.0,680165.8,16061.03,13.59,78,20,2024-11-04,active
b5fc3ad9-5801-422b-8126-d7a5cd34979f,ca9f66fe-000a-4175-b8aa-10f4e7b09ac1,vehicle,311000.0,82962.08,6331.31,10.74,65,51,2022-04-19,active
026397fc-1e63-4db7-a282-a42738f0e3f4,7a040949-7a2c-4847-88d1-e10830de12ef,business,4887000.0,4379190.42,135704.11,13.1,46,6,2025-12-29,active
4801cbd9-375e-4fee-b4ec-647b84383517,b32e64d8-d4be-4137-a091-ed74a633bdcf,personal,191000.0,38573.48,13160.08,14.05,16,13,2025-06-02,active
34f5c5f3-f5f4-4403-bb66-b6c2fc6dc7d7,d30e682f-dfad-4a17-b1b9-998c104ae7e5,home,2745000.0,2272645.88,23545.8,8.25,236,77,2020-02-29,active
e13930e8-5809-4bc3-8b32-a56b3b968b37,ae1a79e8-125b-4105-b4e9-bcc6af677aff,vehicle,775000.0,707086.94,23544.54,10.51,39,4,2026-02-27,active
4d7d9a9e-b66d-4826-9f9f-15fe4324a904,f539cca8-5395-4b6c-bc36-5924854337b9,vehicle,1397000.0,752148.14,27660.0,10.08,66,35,2023-08-12,active
e582ca62-5f04-44f8-a8c5-05f258bf12e9,cb946b77-bfe2-42fd-8605-9364bbaae542,personal,62000.0,53374.12,1505.06,14.87,58,11,2025-08-01,active
acec7ab2-4d5f-46ea-95a9-160e230f68ca,fdd2e351-75f5-42ea-8a20-16a929cccca4,home,925000.0,347773.49,8500.94,8.96,225,176,2012-01-12,active
b07f195f-37dd-4988-a3e5-70babd507c2b,3ae4d6dd-0b0d-44f2-8cfc-64a06f595a09,vehicle,510000.0,283798.23,14847.45,10.46,41,20,2024-11-04,active
97b9ddf1-c738-4b6b-8807-077eefd1ebaa,ef873b03-4356-4ec1-8086-03f6b4fc2911,vehicle,714000.0,81524.19,12048.01,10.26,83,76,2020-03-30,active
c7c23d43-fb1a-4d07-ad7d-63a134c5bd9c,9b00d714-a3e8-4332-b873-4b15d28454a8,home,6297000.0,6120714.82,67079.24,8.08,149,7,2025-11-29,active
fc27d266-f4a7-42c0-9af4-b0a8ac653a9c,0089002e-623f-4dfc-b223-f92c4df0697e,business,633000.0,93932.98,10892.25,10.35,81,72,2020-07-28,active
343ca99d-57c2-4560-a643-e84eadd60f92,e6b8d032-6e88-4b00-9e7c-c7642d4455d4,vehicle,851000.0,203864.53,14412.2,8.91,78,63,2021-04-24,active
ec8dbc2e-eb38-42f8-b9b7-f4da26557ef4,529c46f2-4cc8-4f14-ace6-9dcae40f6cda,personal,312000.0,193918.72,22872.84,14.54,15,6,2025-12-29,active
fc121a28-bcaf-4e28-a790-f2f8ea69907a,a28e4149-384f-4dfe-981e-8ccf645411fe,vehicle,1061000.0,213341.45,24574.19,8.72,52,43,2022-12-15,active
8cf49ba8-fdaa-4c72-9d21-194091e73966,94f0200d-779e-4976-9f45-6b040df3497b,home,1654000.0,1503174.92,17252.24,8.31,158,24,2024-07-07,active
a4efd5e3-b569-4cd4-9b87-b82b889d0a9e,87b3b8c9-c0f1-45ad-8712-69b87d705281,business,3053000.0,1708545.34,85966.8,10.82,43,21,2024-10-05,active
a792ce96-4ad0-48b7-b64e-1bfd013d9ca2,4b5fff59-a00e-4716-bd23-76dd9bb43125,business,3703000.0,1373955.29,92747.46,11.05,50,34,2023-09-11,active
0281994d-93dd-48fd-8505-7ccb02191869,6734560b-bf5d-4a9f-99d0-3dac2f4c1bcb,vehicle,1051000.0,77354.05,26174.15,9.04,48,45,2022-10-16,active
739c38a1-e514-4abf-a9da-a4e800c82721,9ecfe13f-b693-4e07-bc75-2c1101b192dd,personal,361000.0,132325.35,10976.07,13.14,41,28,2024-03-09,active
7d59b834-969e-4a4d-aa80-88765c59c33f,fccbadf6-d65f-4e03-b84e-56c277a0731e,home,4202000.0,3715672.6,45973.33,9.14,157,31,2023-12-10,active
326eaa97-db00-421e-a122-cb9ba3641bf6,dac5cb92-1836-4c2a-9d19-06313b45f7e5,business,924000.0,669490.9,25375.72,12.48,46,15,2025-04-03,active
2ea9b5b7-c308-474d-bc52-a1e05c565395,645cc84d-0126-403c-81dc-f5ed57f81bba,personal,497000.0,112136.51,38095.03,11.46,14,11,2025-08-01,active
7112614a-b79a-4b03-a7e8-22b60a87ff40,a68de0e5-677e-4426-a1b6-92a17a1de65d,vehicle,1209000.0,185202.27,31778.12,10.05,46,40,2023-03-15,active
717d4ff6-b764-4c6c-af31-2bfbeafdf697,47fe715d-8b8c-4534-a78d-19cd72c53d87,home,4588000.0,1466889.7,45493.45,8.92,187,150,2014-03-02,active
4ed439d8-9dd7-4934-9c42-5116b37b193a,d7b09dd7-f93c-420c-8250-e6c14c8adbb1,personal,235000.0,182025.61,7967.37,11.79,35,9,2025-09-30,active
4f9b6215-c648-4352-8949-e71638eb49d6,db3afd29-2af6-402e-b794-f630d3d063db,vehicle,394000.0,369891.51,7433.0,10.67,72,6,2025-12-29,active
13e24013-7537-4c30-b6a3-5e2c1475d6f6,58f990ee-067e-48b8-9460-3e57f3b51067,personal,82000.0,38593.96,3721.82,11.96,25,14,2025-05-03,active
908fcc03-e469-4b33-85a2-78c072747b18,ae57b655-e959-40a8-ad32-f68697575221,education,1481000.0,788133.43,20102.67,8.41,104,58,2021-09-21,active
127caa5f-86ba-4a9c-b6ad-e6d046744fc1,faed2e23-4453-417e-a8ec-20685146d7b8,education,544000.0,42693.91,8748.25,9.76,87,82,2019-10-02,active
8cd28c07-ef70-49df-ad26-8d0506e27f67,93b49d19-7932-43a6-a025-c40576acf488,personal,74000.0,19435.43,2925.3,15.87,31,24,2024-07-07,active
fb0fb544-bc1c-4187-8dbd-a45417058abd,e7d598cb-3f54-4536-9185-be72588433b7,vehicle,1983000.0,1226600.24,37921.35,8.71,66,29,2024-02-08,active
a997a22b-3d51-4c00-a070-27ccc9763b3f,9bab3ae6-eac3-4efe-b200-75052131ca7e,business,4529000.0,915147.21,136225.72,12.47,41,34,2023-09-11,active
34f30675-9eeb-4c33-a25e-55fa7a49c75a,9e6987b3-762f-47da-94a6-77b3db3e0be9,vehicle,1062000.0,989013.67,32371.7,9.3,38,3,2026-03-29,active
e9dd339f-7621-4612-bcd4-21d11ec57117,31b895c1-a9b7-46a3-91e6-8cf0065abe30,home,5916000.0,1079590.81,50696.73,7.82,220,197,2010-04-22,active
4bece9ac-7c9d-41aa-8499-58b832f644b9,3058a8e6-3fbb-48ac-834c-c725634d2449,vehicle,648000.0,321188.8,15400.71,9.98,52,29,2024-02-08,active
2135e0a3-77c3-4c1a-8508-d07f46eaa211,4d46ef62-fef9-49ce-85d2-c12d34931a88,home,4198000.0,1218688.09,47079.21,9.29,152,123,2016-05-20,active
923f564d-4016-41b5-8e12-a37dfe123c94,6b53f535-6458-49d9-9567-e734026d5192,business,1856000.0,986097.1,33521.53,11.98,81,46,2022-09-16,active
f3115714-a362-4ef5-b6f1-7910ad15e04c,23f1ea11-7d23-46b1-b198-55a73da89aec,vehicle,476000.0,157708.46,8264.66,10.65,81,60,2021-07-23,active
f3c4ca7f-666c-4a44-ba7a-68aa5e46189c,61ef2751-5a94-406d-816b-e4686b5c909d,home,1064000.0,848575.9,11166.92,9.01,168,55,2021-12-20,active
dc3b9e14-568a-475c-b9f2-13698b88cada,846fd045-c4a6-4727-a724-659ed26d4ae4,home,696000.0,110677.98,7819.8,8.82,145,130,2015-10-23,active
df389096-31ff-402f-931f-4c8c9cdcd954,d047f1bc-7a30-40c2-8459-2c16b63daf4b,business,646000.0,596032.99,12303.55,12.98,78,9,2025-09-30,active
8f617d12-61c8-40f4-9a67-d3d0b9620cc2,d0462e94-1a1f-42ec-aede-eae5ae03ac59,home,7166000.0,7033508.82,64357.36,8.38,216,9,2025-09-30,active
742d8569-6e2f-4146-b3c2-60332ab5ee76,4c64ef35-c17a-4b0d-818b-6dd70f2f4304,education,1543000.0,1203109.78,22781.75,9.22,96,28,2024-03-09,active
cf6d2722-e3aa-4093-83c3-547c5038e02e,498550c4-c286-4fa5-8595-4dbccf2d444f,home,3492000.0,2214300.18,32568.5,7.55,179,90,2019-02-04,active
0d8aff50-c619-44dd-9485-af71b1a672a5,d7373186-9b90-4eda-9df0-132a2aa6620a,personal,176000.0,94817.8,4782.97,15.31,50,27,2024-04-08,active
15a88f62-602e-48ea-a2d1-7a597d641cb2,50f7f88c-0ab6-42c7-b39b-abab678ab475,business,3102000.0,2095334.86,53698.26,10.55,81,33,2023-10-11,active
ad67bd61-4abf-4ac2-8d29-31297b355162,3db3f406-d800-46b1-9994-cb9cc09b633f,home,3959000.0,1143501.0,48304.85,8.49,123,97,2018-07-09,active
6bd09787-8faa-4558-9aff-01426e3d1de4,83102a30-e752-4005-9a22-407914b7d5c6,business,2710000.0,268543.24,91480.39,13.13,36,33,2023-10-11,active
c9201c81-4933-4ee8-ac03-453bb014f524,b4a7cd8a-e9d2-40c0-b9f8-0b5906330a38,vehicle,318000.0,109347.66,5391.22,8.62,77,55,2021-12-20,active
9f92d999-702e-4e27-99e1-e0c526240215,24f4c473-2570-4e26-a466-47199ecbbdd5,home,1870000.0,1807632.58,19106.13,7.93,158,9,2025-09-30,active
587b2214-fa8b-4da8-a69c-911266198010,e3308c6e-3805-4942-86a6-64b831c9124d,business,2150000.0,1154393.77,44100.77,13.11,70,39,2023-04-14,active
a3677d9b-f7a0-48e8-89d6-24c72d9273ba,a7a66a88-379f-4d06-a69e-b033bd776bd8,home,5719000.0,4980445.46,52808.2,8.55,208,51,2022-04-19,active
5d886f52-96fe-4931-a7d3-983c4028497a,8afe160c-d4d5-4944-9adb-4b6005cc0743,business,3325000.0,864512.92,83333.03,11.87,51,40,2023-03-15,active
7eac1a36-0c90-4b5c-bf0b-0758b8e41e59,cf07a309-f074-4a08-972b-a80e323bacbd,vehicle,1713000.0,713695.35,32595.17,8.97,67,43,2022-12-15,active
9b135ae2-658c-4818-91d4-dc093380be8a,726d0da5-8bce-4391-9209-44cf5f7b3003,vehicle,1709000.0,353302.03,45870.35,10.21,45,37,2023-06-13,active
d1dd83e7-9685-456c-9659-570b337f0639,a7f7724a-5cf8-43ed-8d24-4e8b7ea19802,vehicle,1537000.0,32740.5,32993.96,9.29,58,57,2021-10-21,active
6134b5b8-896e-4e98-9443-d7b78e6ff117,880b5b19-3b54-4afb-be57-3b6896dbdef2,home,5152000.0,1402363.79,61914.04,9.29,134,109,2017-07-14,active
0473a36e-4053-4654-bdea-362647be89cd,69142400-3d01-4caf-ba3c-9fe105947a33,vehicle,1935000.0,1583349.27,43813.67,9.8,55,12,2025-07-02,active
2b595b37-54cc-4b10-aada-0eb2b406e078,884af057-2060-4c5e-a079-e8b609eb553a,vehicle,623000.0,403318.02,12128.87,9.86,67,28,2024-03-09,active
b7b78325-4995-48c4-b970-edff80a7b2fa,ee88b357-b0a5-48f2-910d-74924aca5fcc,business,2547000.0,334374.56,57945.54,13.51,61,55,2021-12-20,active
f7bbc800-9095-4f02-bdf3-92018956b5a5,a0c522fa-b6ec-423a-a7d5-22c638528b60,personal,115000.0,103887.86,4971.29,13.66,27,3,2026-03-29,active
e6405b88-9065-41d9-9db7-d2ffb4635375,8439bad8-e945-41c7-a6fe-aac3238ef2d4,home,2265000.0,408519.14,24230.85,8.38,152,134,2015-06-25,active
fc80aef1-ba93-4f06-ac62-91cc48eb51ae,d65591bf-3f04-4966-bb58-df917d0a9724,home,3658000.0,2463053.58,31731.55,8.05,222,112,2017-04-15,active
6973cbfc-a2a6-4808-a5da-3148cab4f906,798c7f01-44e9-4615-93e6-8967e4cdccd7,vehicle,1899000.0,1400618.5,43327.32,8.75,53,16,2025-03-04,active
9c5474a6-4f2b-4175-afc4-cc661d57bfe9,38af795e-65a6-46f2-b21b-0d37ebe82e54,personal,90000.0,71840.44,6963.08,13.0,14,3,2026-03-29,active
c21deb0e-b2aa-4da8-bece-f908fea4ee63,2fc02b09-8a94-45e0-8f5d-3354095fa78c,personal,205000.0,51245.61,10607.49,13.88,22,17,2025-02-02,active
ca5fec23-2a63-4d6e-915b-ec94598a5807,ec427e5a-1dc9-4e7d-a8b4-d377e1884b13,personal,105000.0,99871.74,3737.09,13.57,34,2,2026-04-28,active
a3812510-d70b-46c4-899c-77e647d02b0c,0f8dc747-4a85-40c7-b09b-27d64c13d42b,personal,100000.0,87897.04,4002.23,12.27,29,4,2026-02-27,active
5450ce5b-2c37-4b49-8cec-a4801d28ab91,a26509bd-a8b6-4ae2-9281-d942d56f23fd,business,1056000.0,741001.95,30763.16,12.83,43,15,2025-04-03,active
c04f6189-cdf9-4aea-8ce9-c838e39067b2,248e05d2-0196-4bee-8ff8-6f19334d0fa6,vehicle,1805000.0,697686.85,52857.14,9.54,40,26,2024-05-08,active
7d73f900-3469-4bd8-b080-66ad6f5166fc,80ecf6dc-1033-47dd-9e5e-799fc198bf28,home,2802000.0,2486509.35,22799.02,7.56,237,52,2022-03-20,active
8778e8de-f189-43f5-90e4-f46cedb2f246,cc10a513-838c-4958-ad8d-fa5f17983976,vehicle,337000.0,96156.75,6445.21,10.02,69,53,2022-02-18,active
657da8a0-9b6e-491b-8040-7cafa2c73c45,fd39be39-1c87-4657-b786-698ebd7df70d,vehicle,240000.0,50132.85,5230.63,9.35,57,47,2022-08-17,active
15fbc4e1-91c5-4184-bd27-98d06e03436a,249e6cc0-805f-46a5-bc57-aa05253e1356,personal,221000.0,147685.51,8078.06,15.55,34,13,2025-06-02,active
beb8fd13-1398-4f53-a09a-7cce024981fe,d7608506-695d-4082-8277-52ed744381e7,business,2604000.0,64197.5,64813.79,11.52,51,50,2022-05-19,active
4cad5930-d83f-4b18-84e9-e6d0a7417687,5161d6be-f6bd-497c-94e2-dbb97f36c42e,home,6870000.0,5947245.2,65889.1,9.44,219,61,2021-06-23,active
87a4f8f1-c162-4497-acff-78de68d36dec,15f4ba58-0bc9-4965-8781-8733f04e1a4f,personal,90000.0,68323.05,3720.3,15.03,29,8,2025-10-30,active
88aca368-972b-4b72-9b46-2ebcd80b73f8,f1c27947-4c54-4a30-acd7-f969bc589730,personal,410000.0,257057.34,16777.07,14.16,29,12,2025-07-02,active
9006d7fa-3108-4cab-b0cd-816ccde2e89c,2ee79559-5ac6-451d-8151-2fadb25f64e2,home,3035000.0,1828855.99,28446.64,8.21,192,107,2017-09-12,active
e97f86d9-b67c-4a64-97ab-35959979f00e,bbbe7817-f0a4-47b9-8cad-0e4eb1e912b2,vehicle,252000.0,223238.78,6303.13,10.98,50,7,2025-11-29,active
6a0b7c64-7f78-4e6f-8743-31784ce850be,c59a74f5-d800-41fc-8ca1-17338344c3b5,home,7665000.0,6936947.14,75978.96,9.46,202,40,2023-03-15,active
18c73ea3-102f-4ae5-81d3-5d496269d5ed,822af66b-14cb-4169-a7bc-95da74e530b4,personal,117000.0,58966.65,5345.63,15.84,26,14,2025-05-03,active
5e1aa18b-bd97-4738-bf2a-ee5eb14d8147,e612ccc8-3072-4c1a-adce-b0f503ab117b,business,2464000.0,409703.46,61042.84,12.75,53,46,2022-09-16,active
ff84ce68-b97f-452c-9078-f581f080b0b8,7699008c-b589-47c5-881a-8b3d575f34b7,home,6929000.0,654514.37,62026.37,8.39,218,207,2009-06-26,active
0e3190f9-771e-4d15-996d-f66b07c108d7,779f551c-3a94-485b-aaa9-b5fee6b5c9a7,home,6484000.0,6069684.35,70842.27,8.57,149,16,2025-03-04,active
28dc5966-d3c6-4b44-ad6a-6f6367c491c6,b19c5393-57f2-4fce-bc3c-c6e08cee7dc9,vehicle,785000.0,756475.52,13635.89,10.08,79,4,2026-02-27,active
b70b3181-6759-4d12-814b-ad50a9794e25,3e41d8f2-aa88-4aae-a2a7-64efc0ecba08,education,1212000.0,20278.62,20414.82,8.06,76,75,2020-04-29,active
079b34c1-c72b-451e-a193-7eea097e9482,c78ad2ce-59a5-47e1-b76d-c618cb826dc4,home,5622000.0,3352049.28,48118.54,8.22,236,141,2014-11-27,active
3966a5e1-d167-483b-9c60-0e3059cb431e,e47ba61b-616c-424a-85eb-014ba2f5e8d8,home,1917000.0,1615728.97,17625.63,8.89,222,68,2020-11-25,active
dda4abd5-2817-40b4-b5f0-ab0e311f3a71,2e70e6fc-f72e-4546-8f69-6778339c5c8b,vehicle,1557000.0,95746.99,48418.74,9.1,37,35,2023-08-12,active
1d33b1aa-2c1c-4c78-89ab-bff32ebffa43,36d02acc-2627-45db-8d08-aff651a666e7,business,2897000.0,1142582.32,78425.65,13.49,48,32,2023-11-10,active
a1e09da3-05d8-4da3-b79a-ceeb9aa480c0,2db1b4a5-2e3d-47d5-899a-f4fb2e38dd78,vehicle,261000.0,66202.03,4423.07,9.55,80,64,2021-03-25,active
408b8771-030d-4d2c-8d78-f6ce479a3980,e3b6940e-5b3d-4f76-a337-7abdc4819095,vehicle,795000.0,662461.46,13877.78,9.94,78,17,2025-02-02,active
7d36c732-3722-4050-a8d3-268aa63ead4d,74de139a-8991-4efa-9faa-c1dde6237342,home,1859000.0,126939.31,18621.59,8.01,165,158,2013-07-05,active
cd00a438-0e27-4bdb-aeb7-54aea3016aa2,b5511d77-17d2-4cdb-9851-eb141c5c4461,vehicle,970000.0,41686.53,21084.05,9.23,57,55,2021-12-20,active
c2e6e320-a1c2-4543-94ee-7c219d110e1d,3584fdda-ad29-4c11-9b89-06f20fa3457f,home,6064000.0,1451392.01,55507.31,8.45,209,180,2011-09-14,active
bbc1d80b-663d-47ac-a7d0-3e654515ff47,5a4f3c43-0a92-4dec-8392-21716005235b,business,1898000.0,1322374.52,39337.08,10.52,63,23,2024-08-06,active
66a03b3e-237a-496e-8a07-4ce4ffac7c69,02785211-972d-4fe4-99a2-f5e85f2e58a7,home,558000.0,147475.81,6651.11,7.72,121,97,2018-07-09,active
375766c8-f3cf-4b1f-837b-0d00a8aaae84,43a6888c-1aed-4b39-a501-68952c3795a1,vehicle,1798000.0,621545.68,31227.55,10.66,81,59,2021-08-22,active
6699b4e7-2874-4d3b-8e67-3815a2d7763c,63671349-d977-4bd3-b885-31f6d68e316d,personal,188000.0,124134.07,5088.43,14.31,49,20,2024-11-04,active
54b63ab3-b2ec-4c39-8bba-2abcc502b0c7,3b85caca-a95e-4cc0-a9f3-f521ac30af51,business,1731000.0,89666.23,45447.13,10.94,47,45,2022-10-16,active
141c61e4-ba01-403c-9d64-c4eaeac2445a,66693ff0-18c4-493e-a051-1c5ffdb4baaa,home,3570000.0,2878975.09,39363.22,8.6,147,43,2022-12-15,active
738d1329-fff8-4f5d-9966-a5ab12746524,1ae0386a-eb5d-4ccc-9ae7-09bf83b0ca1a,personal,459000.0,400727.52,13403.65,14.03,44,7,2025-11-29,active
708fb37f-1bdd-47b4-be5b-6c753ac28168,cef258bb-7457-4a19-80bc-b038d0b6cb76,business,3481000.0,828727.78,107596.41,10.21,38,30,2024-01-09,active
07e7e3b1-c892-4e29-89e3-89949a761050,70c06779-35a2-4f67-9685-d7703659abb7,home,4671000.0,2566119.71,52443.58,7.75,133,74,2020-05-29,active
eb430f5d-9893-4209-a841-5d0fe4716773,58fed9fe-0498-4cdc-9674-6cedbf58f028,personal,202000.0,121162.45,6928.02,15.76,37,17,2025-02-02,active
c8e25f68-8ed1-4283-a1be-2acebe7b57ae,eb8f6242-9a98-42c2-a34d-2359c92bbe88,home,2529000.0,1340543.31,24174.96,9.39,219,146,2014-06-30,active
f53ab295-559c-4baa-b17e-579183f7bb9b,eaffdabe-3820-4d41-9898-7a14c11fa251,home,2614000.0,2105600.28,25362.8,9.34,209,75,2020-04-29,active
8428dd4b-d27a-4646-a2d4-4bf37d0d590a,89dab2c0-97fd-46f3-921a-1de68ce1afb9,home,5792000.0,4789502.04,56598.25,9.2,201,64,2021-03-25,active
57b5ee67-349e-47be-8595-6ff26b793aa1,d63defc9-b56b-42d0-a165-a17f3c88ff6b,home,3130000.0,2299347.49,36458.5,9.07,139,53,2022-02-18,active
b54f28cc-58ac-4f67-95f6-1a88a4e2b0dd,d76cde32-914d-4039-9a4a-903d066daf8a,personal,268000.0,132567.35,6584.4,13.67,55,32,2023-11-10,active
1ad5eea3-d9ee-4f28-991a-8888bf08b3e2,e7cea7e4-641a-4212-9ec3-842697d8e71b,business,4325000.0,388554.02,80051.69,11.97,78,73,2020-06-28,active
5f2c5130-8241-4ad6-b335-8eca1285f9f2,9f169e08-faf6-4401-8817-3d53345541cd,home,2061000.0,148571.82,17047.72,7.78,237,228,2007-10-05,active
efde7f4a-98f4-4256-b746-31bb99d0b302,1fa8f4e2-68b0-4d54-a229-492fc3faaddd,home,2554000.0,1204446.77,26651.99,9.4,178,122,2016-06-19,active
3879a811-a324-4e60-bc98-34a2cf701b45,63772152-6ad3-4ffc-956d-f1818b6a60a0,home,1121000.0,1065673.06,10942.81,8.62,186,18,2025-01-03,active
d11e33de-41a8-458d-8cd3-0c9f249aba57,6dd3be3b-a806-484d-b81b-e7df63a61423,vehicle,1758000.0,654413.37,35930.71,10.9,65,45,2022-10-16,active
08511051-0dca-4114-b0cb-d1e696db32a6,da9f00a0-2fdb-4371-bbc4-72e69a84cca2,vehicle,1623000.0,180934.39,36975.91,8.68,53,48,2022-07-18,active
3400eb45-9021-41ed-b4e3-cdc511d6ae29,fc1b0627-faeb-466f-9206-2700112f62d9,vehicle,1078000.0,307808.75,19324.7,8.8,72,55,2021-12-20,active
5131364d-a246-49f4-a9de-1444a5eb02e2,68227c62-df24-465b-8cc7-c03e5202eeb3,home,2755000.0,1543763.42,27082.25,8.02,171,99,2018-05-10,active
1f5ce7ab-d221-4e0a-81d0-19880de01a26,49c08fb3-8003-40d5-898f-eb46f6fe5c1e,vehicle,347000.0,76732.84,9991.47,11.0,42,34,2023-09-11,active
1bdacfac-6ad2-415a-99c7-cbe2e7c6ec82,7b61c12f-06d9-4c49-9ef9-6be2f4674abc,home,6187000.0,4322533.49,60293.22,8.23,178,79,2019-12-31,active
d5a4f1ac-f66e-440f-bf9c-7cbeaa7dd5c7,188243d0-87cd-4b82-8732-38338e31d512,home,6256000.0,5575099.05,58440.05,9.34,231,56,2021-11-20,active
071c92d0-12be-4055-a08a-7b56370e1c87,3e0fc619-2233-4f4d-b0a9-da2dc93eba92,education,1645000.0,638199.39,23158.59,9.03,102,71,2020-08-27,active
4a82c398-2dfa-4cb2-ac74-6ebe54e2060a,63352a04-fd54-4832-8c72-15416fa88db5,vehicle,1578000.0,391241.9,26033.4,8.96,81,65,2021-02-23,active
6af5598a-7ce8-4de5-bb24-218d9a5f690d,bcba39c1-721b-41c2-a45a-d81b36cf1abd,education,1371000.0,288160.13,23363.26,9.12,78,65,2021-02-23,active
d67cb288-e74e-473b-855b-0e13a99b9805,17edab85-fce1-4b63-b661-b21d451e22bb,personal,75000.0,63575.64,2074.59,13.8,47,9,2025-09-30,active
efac245f-a695-410b-a9e9-0b9a554926d8,26f77f43-e55f-4045-abce-3105dc6a3710,personal,203000.0,162942.84,9987.38,12.67,23,5,2026-01-28,active
40288ff2-5a5a-4cc6-b8db-1f4d2f4c2299,d7f263b4-3522-40f3-92ed-11294ad57e01,home,6132000.0,6023409.92,57900.94,9.04,213,9,2025-09-30,active
e04145b3-4287-4a40-b4b7-930622e97ce7,7a1d037d-b332-4490-9cd4-b1e4c195ab66,business,984000.0,203893.44,26609.75,11.62,46,38,2023-05-14,active
01803864-70d6-4e23-9164-8a56578b8613,2915128d-e2fe-4559-8f57-393a03c8befa,education,215000.0,97055.27,3437.62,9.33,86,54,2022-01-19,active
f853e54c-439c-4f5a-9d53-fd9ad1c0c01b,68dfef76-93dd-48ef-a322-2f0aa25b39a3,vehicle,467000.0,132825.27,9420.03,9.4,63,48,2022-07-18,active
68207c6b-db32-4e19-b81e-75cd28002e1b,d0e96bac-b5cb-45d8-bf94-ddc91979aacb,vehicle,1189000.0,174476.51,29982.46,10.57,49,43,2022-12-15,active
4c681e5b-e8f8-4323-aacb-2a31a7cb4187,c7c79bc8-d464-45f3-b357-648d9cb15092,education,973000.0,242455.22,15200.6,8.61,86,69,2020-10-26,active
67310aee-8d6c-4025-afbe-fdcfe10b6240,8365c7d7-2e15-4b2e-9503-4803ae926453,home,1313000.0,1297744.49,11219.45,7.5,211,5,2026-01-28,active
7a9f806a-a19e-43f5-aec3-e8e9b2590782,9404b5a3-e16c-459e-a82d-3fd31a171bf2,home,7948000.0,1827133.27,73769.3,7.52,180,153,2013-12-02,active
0a9612ef-a256-48fe-974f-e0bfdb1a9081,f01083af-1494-4faa-b2f0-c9f0995c3319,vehicle,238000.0,36009.02,7392.5,10.53,38,33,2023-10-11,active
4974bcc0-a344-4776-891f-a78b8f9702b0,32f2d8a5-2b39-410c-9e7a-1d0563aa0c96,personal,77000.0,7647.92,1966.3,13.56,52,48,2022-07-18,active
e68b5e32-a920-4383-b80d-d26d3b55757e,140471bb-9070-469f-a50a-1b9b74c8df7a,personal,371000.0,56795.45,8473.71,13.17,60,53,2022-02-18,active
407e05c9-3f65-4989-a9c2-a8158724e167,93ce6000-79c5-4342-96d6-365ce445b5b0,vehicle,605000.0,549716.38,18569.22,9.75,38,4,2026-02-27,active
b4f7d229-dc65-4448-b939-085f1fe79c2b,dfc049cb-26e1-451b-8124-bdb993913dc1,personal,450000.0,120470.77,12729.22,12.17,44,34,2023-09-11,active
eb63bf1e-7199-4ac9-addc-f3e6dd9b5861,1a30726c-f15b-469c-b9c4-53d718ba7123,personal,120000.0,59130.92,2958.97,14.46,56,33,2023-10-11,active
50626d81-80ad-444e-84a7-ee5ea2f5e652,5b4dcd01-841a-4bec-9c9b-94d9e9567831,vehicle,1173000.0,978060.97,24786.66,10.83,62,13,2025-06-02,active
589eb0fb-7f39-4761-9a45-5c383075455c,20d65ced-4a1d-4fde-a309-ae5fe9d1d135,personal,206000.0,125930.39,6333.28,14.99,42,19,2024-12-04,active
a5640844-f619-4d0b-8313-f5ea590d6fa3,50c81005-9048-4ce7-a2d0-ede0f584d1df,vehicle,911000.0,508687.46,17899.56,8.83,64,32,2023-11-10,active
750985a2-6d42-42a3-b030-8efac2a0ce0f,f088e9ae-1473-4b41-b2dc-253183cbe32e,personal,355000.0,155225.07,23287.69,14.87,17,10,2025-08-31,active
9709d75d-df0b-47db-bd47-a633ea7c49ee,6771d249-7f09-4b69-941c-0fce95bf7532,home,1272000.0,659651.98,11705.76,8.04,195,124,2016-04-20,active
fe5b4b25-2b83-499d-959e-581e5e410847,15197a22-c0aa-4db9-ac3f-df87e6452536,business,217000.0,94552.06,6765.93,10.78,38,23,2024-08-06,active
f2e4fbc4-9e27-441f-8043-21a8bf676b45,1d54d663-f663-4965-8f3c-c23d6247c2a3,vehicle,1559000.0,1088701.98,46224.71,8.96,39,13,2025-06-02,active
b6e265a7-c11a-4156-a140-5de752650b35,1ab5d953-a44a-40ba-9627-21c761faa761,personal,496000.0,392013.81,21594.38,11.29,26,6,2025-12-29,active
73115b46-9af5-44d3-84ca-b12d21762fef,344ca0d7-caab-4b97-bb3b-563c44844b73,vehicle,900000.0,512422.94,21120.82,9.36,52,25,2024-06-07,active
e024f60d-1a1a-493e-a73e-6c6f9c1840f7,e0a0f3b9-1457-4ef8-8f50-dd60937d1367,education,523000.0,134517.58,10912.55,9.22,60,47,2022-08-17,active
4a004528-c00d-47f6-8e78-c7ebb5ec87c3,4275cd93-d1c1-4813-a376-ec037305d68c,business,4996000.0,1109039.56,107498.08,13.01,65,54,2022-01-19,active
49538a7a-8bea-43fe-b211-8b2e82572498,91c847d9-1d71-4493-ac57-318829f45d66,personal,392000.0,264824.08,9120.28,12.91,58,23,2024-08-06,active
ef8f8243-1b77-4882-b40e-df744780d02c,dbd3f96b-d971-46f2-87ce-b77bd1b774e0,home,4362000.0,2657771.7,50337.59,8.79,138,71,2020-08-27,active
47b6d499-a930-4593-926e-701e2e33ea8e,14ca316c-9b16-4c01-b2ee-50b6f0be82f3,personal,385000.0,146842.17,13019.97,11.61,35,23,2024-08-06,active
88f30af3-a7d4-4536-bec7-09c8f53386f5,b04e4022-58cc-47eb-b8d2-de1aa326cb93,vehicle,560000.0,63100.87,9319.83,10.08,84,77,2020-02-29,active
e946c44c-7141-48c9-88b4-693397debe4e,e269034d-42fc-4a79-bdd5-47feb32e55ee,education,218000.0,5674.33,2868.13,8.72,111,109,2017-07-14,active
54ba65f9-bb64-4ae3-aedc-cece8835d0d8,f8246122-b255-4d77-9630-f6efa4dbed5a,vehicle,919000.0,737941.68,19040.35,10.0,62,15,2025-04-03,active
cf0deda6-4bde-4fdb-8a0f-4a5a1be071f0,a47115be-b2f4-469e-91f7-99b38b6f94e4,home,4194000.0,2773527.13,44329.32,7.93,149,68,2020-11-25,active
4f0728dc-5a78-4739-8af2-1e5992b17065,f5e2ceea-3a09-4af8-bc03-0a85c19ce294,home,4496000.0,3809448.27,47302.89,8.89,165,42,2023-01-14,active
eb186c25-6e98-4086-a52c-5c75a6766f07,c0dbd11d-6048-4955-8444-047d27d073e0,vehicle,1587000.0,1146521.09,38680.91,9.66,50,16,2025-03-04,active
60f47302-89f0-433e-98a1-46d9d1626960,2626e576-7433-44ed-85ba-e61db534c797,personal,130000.0,103119.69,4816.05,14.75,33,8,2025-10-30,active
31679ce9-b68a-4069-93cc-c8b0ea192a1e,6ab5d9a9-6582-499b-8592-2554abaacb2f,home,2248000.0,2116982.83,25017.34,8.93,149,15,2025-04-03,active
ed3ec910-0eaf-4a5e-bbbd-5effbbd3ca16,c34460cb-04dc-4130-bb0f-d248d15eab59,home,5697000.0,4342485.85,57554.11,7.79,159,55,2021-12-20,active
8fd2f896-e40c-4a61-94d9-19972e02e095,84679266-5107-4c97-9964-eb38089c3a68,home,7221000.0,7110108.65,81510.56,8.99,146,4,2026-02-27,active
442db91a-4099-482b-ba7c-536247aff374,e3cd7ebf-2b68-4c4b-abbd-254347e212e0,home,1933000.0,813734.14,17604.82,9.02,233,176,2012-01-12,active
497dd580-6fe8-4d09-9812-98275f062550,551425e6-fda9-49c8-80d9-82ff0c9d2f83,home,5201000.0,4645532.82,47700.63,9.12,233,55,2021-12-20,active
41861ec9-d6c8-4a1d-8e0d-06e97beda6ba,2d226368-024d-45b4-bb65-4ce3f52d36dd,personal,215000.0,193408.18,5629.1,14.83,52,7,2025-11-29,active
cce71e67-2015-4afa-951e-b204724e7b69,b48425ce-1fbd-4929-bbb4-b39fdebdf035,home,5343000.0,5297961.95,47126.55,8.59,234,5,2026-01-28,active
f66ade82-7ff2-4d40-8e23-7956c2d2cbd2,91515c5b-4238-44a9-b23e-41b18adefcc4,home,2143000.0,778430.96,25254.79,8.68,132,97,2018-07-09,active
f9723c83-d069-4cab-acf9-c8b2349aceaa,acc978bd-fc91-4e9b-b27d-ab1114937830,vehicle,1437000.0,558573.93,39688.99,9.69,43,28,2024-03-09,active
c0904b10-5732-4026-9726-3e3588a5949c,bc88b9e6-2236-4ee8-aaa2-efd5691107a9,personal,224000.0,18585.92,18825.52,15.47,13,12,2025-07-02,active
c37f8488-0147-47ae-a2a1-f4d0db30f6fe,f46adb16-ba85-41b6-8704-9e88f1da374e,business,1620000.0,973347.49,28788.17,11.43,81,40,2023-03-15,active
179acf8a-5002-4a5c-9144-7bedaf272ce1,fd384502-c77a-4737-b520-4b206bc14726,vehicle,1444000.0,236420.56,40493.09,9.42,42,36,2023-07-13,active
3f433b37-be5e-4754-9e74-40234666530a,57bedead-d8bc-4dca-9d9a-a9cb9cd73c1f,vehicle,1034000.0,590902.21,17501.06,8.89,78,39,2023-04-14,active
6c2d3aee-fa61-4cc8-8414-34ea08527856,9e1c96d9-9aee-48d1-a53d-97426aefff8a,home,2047000.0,457711.01,23588.38,8.76,138,117,2016-11-16,active
d1907b42-731c-4d62-8f2c-aa795032b892,a2d92f0c-8bec-4852-b788-2146b003778c,home,7773000.0,3553096.67,72657.71,8.36,197,137,2015-03-27,active
a80e1a92-ddcb-4f90-aea9-f1a622f9daf1,a0d3505e-09c1-4ed1-94c4-6cf32ecffe81,personal,142000.0,69394.62,3517.03,15.81,58,35,2023-08-12,active
bb52eebd-2f38-467c-a928-f14aff242d57,97d5847b-cb35-4a73-9c4c-ebc5e6613e0c,education,505000.0,407320.38,6756.89,9.14,111,30,2024-01-09,active
5c07b99a-ab5a-4a14-8aa1-43e6440f9164,567c4dd4-d357-4d1e-933c-5d6407389872,business,3145000.0,348648.36,60136.31,11.87,74,68,2020-11-25,active
fc9263a7-730c-4f09-a769-435961fb9aff,b5caf204-cdbc-4809-9d41-f93628929673,vehicle,1420000.0,1332016.55,41184.71,10.23,41,3,2026-03-29,active
a4797e7d-aafc-45f9-8ddc-10b3e4d3329f,be99470c-289e-4dfa-b13e-47cd077864ff,home,1210000.0,359083.58,11578.39,8.25,185,150,2014-03-02,active
765955cb-2077-4dab-9c7c-ac4abd760347,ead6148d-e92c-425a-9a66-ba78ec496fcf,vehicle,957000.0,142704.1,21105.35,10.49,58,51,2022-04-19,active
69a1e2ba-6546-48e3-8f46-c5687814837f,653f0f0b-46e3-4686-b4da-f952aea977d8,home,5637000.0,5546010.48,66587.15,7.76,123,3,2026-03-29,active
ca9d33f4-43b8-4ccc-9cd6-2e48f550742a,86847382-52f6-4e69-af82-6cc1771ad3b0,business,2285000.0,1060230.98,41382.69,12.6,83,53,2022-02-18,active
8c627cdb-6958-4f9f-b8a9-5fa2e0625b6b,abdd8cbc-05af-4414-8128-9d2314cb099a,business,3884000.0,3090825.99,86508.05,12.58,61,16,2025-03-04,active
95fdc3b2-1a36-4179-8760-904c83f67f5b,915d4754-cc87-4d9f-9386-a76c01e5d47d,education,1039000.0,654264.94,15488.89,8.19,90,40,2023-03-15,active
ad5eb9e1-c5f7-4926-a60f-17eb032db3ef,cd957134-92a6-4385-95ab-e33cb1316416,vehicle,1239000.0,952162.8,23166.51,9.57,70,20,2024-11-04,active
8c9a00d2-7ff0-4bb9-a1b7-24adfe031b02,968cfbbd-4c45-4e4f-a69f-512800378892,business,1920000.0,1883228.32,34882.81,10.36,75,2,2026-04-28,active
93636f66-ccd7-4e95-8baf-c9c4eac437f3,0627c635-9b74-47a8-b5cf-f6796608236a,personal,201000.0,98302.13,7547.2,11.73,31,17,2025-02-02,active
c3fff442-ec15-488b-a972-99c3ab5453f2,da30e11f-e61a-466e-a46e-bf5e2aaaa573,personal,119000.0,25483.97,4406.79,12.76,32,26,2024-05-08,active
efe3d660-585c-40e9-8f9e-1a6f4f9ad9d0,2f8effc3-014b-412a-9aaa-0cfc15d410f9,business,4556000.0,2180692.63,94829.11,11.18,64,38,2023-05-14,active
fd262509-741f-40d5-bd04-e18303d87937,0250b79a-2c42-49a5-978b-d92df10dd7d5,business,2190000.0,1060027.18,42494.74,12.41,74,45,2022-10-16,active
907354a4-5d28-4b06-9392-5bac55acd257,d12fdab2-c8e8-4356-932e-f5b7db588ead,vehicle,720000.0,395343.86,18223.05,9.89,48,24,2024-07-07,active
41aa4b78-f8ff-4b1a-b906-6d3840a6ee41,44047cc8-e36f-4e30-8845-4b8f517808fa,home,6081000.0,118986.6,60105.29,8.22,173,171,2012-06-10,active
35797179-90a2-4b29-9947-451b9ad4038e,ed2394da-44d0-49ba-8cb2-01600abd8e97,business,1152000.0,45211.8,22895.38,10.23,66,64,2021-03-25,active
27e27b3a-d2d9-4df4-bb19-a98488b1d239,7dbb43cb-62ff-457d-831e-14d0bdc7f954,home,902000.0,891750.11,8591.2,9.2,214,6,2025-12-29,active
0db69b55-4e7e-4972-8fd7-e024928d1f42,953818b6-fa26-4ace-a95a-0742adf7c9d6,business,3734000.0,2560794.09,81803.51,13.76,65,26,2024-05-08,active
4c31c1aa-8486-4321-be07-1fa4e3d3b102,d84dbadb-a720-4e55-8b59-5b2a7e55738b,business,1263000.0,711823.09,23760.76,13.89,83,46,2022-09-16,active
ba9f7811-8b6b-4d8d-b5e3-13d956818a99,d0484c89-59e3-42b2-9d9c-962ba7e2a394,vehicle,1382000.0,452135.75,26948.31,9.01,65,47,2022-08-17,active
76073696-eb41-4864-bdfd-ed2e8c368f6c,2dba504f-d380-4f42-8edd-8188600de317,vehicle,506000.0,124489.9,8286.47,9.01,82,66,2021-01-24,active
1e113e8c-092b-45f5-b5d0-4fcb8e58324a,ee924600-ab61-4227-97d3-2fb52cdc7e1f,personal,304000.0,152259.83,8353.53,15.9,50,29,2024-02-08,active
a5771c7e-3668-454e-9e34-db626214c4d6,ef2a5149-bbfe-47b2-8c41-d44d20dcf438,business,224000.0,206562.7,6592.5,12.32,42,4,2026-02-27,active
8f19bb90-d99e-4228-97d3-98d20e604da6,411450f3-11a6-4c4e-959d-2b77d14c6d3b,personal,186000.0,176234.4,5258.04,13.15,45,3,2026-03-29,active
1c449288-1f44-4d66-8538-6926e289b61f,9be2f8c5-e5e0-4cb2-8869-83df10386f6d,business,1198000.0,714353.82,20439.11,10.62,83,41,2023-02-13,active
65d48e81-b29a-48ee-94dd-b6bf21f1397e,d2a4095d-7695-4e38-ab4d-37173e698d61,personal,390000.0,53459.87,11107.93,15.43,47,42,2023-01-14,active
89d20a84-f7d2-4a2e-a478-dab8c265df72,60c2ac3e-6315-4b9f-a5e2-967d9c1a2ea6,business,3389000.0,1231853.32,67937.51,11.43,68,48,2022-07-18,active
1e56e0de-57b9-4c4d-815c-72f3a006e78a,bee31d70-c43f-4faa-98f5-2bf97fac84ae,personal,176000.0,159796.81,5496.38,15.96,42,5,2026-01-28,active
da6e440a-2cc3-4585-a415-d52292e22e40,2326c3de-e2aa-4115-a863-470f2b3376b1,vehicle,1309000.0,161652.02,41258.44,10.0,37,33,2023-10-11,active
0f8bece9-8f99-4ef1-bce5-c208a77a79f3,07b9a220-f483-4d7d-92c0-7733bb6e7099,home,3611000.0,1472029.53,33521.37,9.38,237,183,2011-06-16,active
d5c01f12-92df-44d5-b040-30f495708793,6e7b6811-3fe8-406e-9c2b-38c9b973ffd4,business,1956000.0,1058520.08,37034.37,10.43,71,38,2023-05-14,active
c6644152-f515-4302-89ac-ceb5823b0cd6,4a7a51da-b625-4880-abed-cd03dc512f91,business,2556000.0,1325203.8,65316.49,12.86,51,28,2024-03-09,active
9a5ff625-cf49-4576-8dd5-bc1ca3e7b62d,1efacc96-993c-4b86-9d1c-23b58248c009,personal,309000.0,151651.79,11681.27,12.27,31,17,2025-02-02,active
c2624af4-e00b-4e3f-bcf6-c873c560e5c9,9a6b368c-7cbc-41bf-bd3d-9ec65394728e,business,3506000.0,1087709.9,89724.63,12.16,50,37,2023-06-13,active
f6570d62-5334-4007-928d-ec4b88c2ba5c,bd52bae8-d6db-44fc-8489-f1ea7fd0666e,vehicle,1540000.0,362295.58,25679.16,9.31,81,66,2021-01-24,active
e6f25b59-a591-4000-b62b-c9bbb5b7f9c4,1ef63d42-7410-49ed-9f2f-24bcd8bb5028,vehicle,254000.0,160704.95,5550.54,9.47,57,24,2024-07-07,active
a19f6ae7-3b77-4d2a-ad2d-2fc2fe5dc1aa,5a2f76ee-e8a7-432f-8626-0f18659b96b1,vehicle,358000.0,218056.2,9012.9,9.61,48,21,2024-10-05,active
4d3b0d6c-5a4f-45bb-8beb-859747ca0236,13d5832d-f639-47c5-9e21-08d0e0283971,vehicle,997000.0,35947.89,18194.87,9.82,73,71,2020-08-27,active
4fb475df-26f3-4bd1-b1dc-b69f0c58389e,4cb3f2be-ffae-4abb-b2cd-72578d392984,personal,489000.0,336349.82,19561.66,12.23,29,10,2025-08-31,active
295dd0ab-88a2-47ed-ba63-d2e219d0fdc5,d2314cc8-45ee-4958-9420-651c0501781b,personal,323000.0,207949.39,10726.87,13.54,37,15,2025-04-03,active
05586f4e-2393-431f-87ba-acd492d876d0,c5c0995d-e31b-46b1-a465-5bda905df518,personal,228000.0,195431.4,5206.15,12.62,59,11,2025-08-01,active
03d88a52-2b3e-40e4-af8f-7094b6326ccd,04031a57-b76c-4bf3-8436-7009dc4ac59c,personal,280000.0,22511.43,7682.35,14.22,48,45,2022-10-16,active
7734a692-680e-49b4-81d0-fc0c410f6bca,ace4163e-4e0b-49d7-aa12-3af9464d2b7a,business,2088000.0,1616088.94,42068.63,13.81,74,23,2024-08-06,active
6b952eaf-a1db-49a8-ad45-191142520f15,86a45209-5acb-4868-824a-366f28225698,personal,150000.0,50629.45,6635.97,12.79,26,18,2025-01-03,active
b5461e5b-0fc6-4afa-90d8-b82833df4260,3faa6727-cf1e-4922-9e50-3872adeadf3c,personal,198000.0,149447.37,11487.81,11.93,19,5,2026-01-28,active
9a89e533-1997-4b67-a84c-d3f8957a42b1,f807c905-ed1e-4f75-881c-4670b00b1b41,business,2067000.0,1874722.43,51957.55,12.02,51,6,2025-12-29,active
605f28c3-fb1f-4bc6-b3ec-3128465e7b71,4f939b3b-91f7-49e1-8769-cb4548123c6f,home,4594000.0,2605457.17,49726.92,8.16,146,81,2019-11-01,active
3f39c8b4-27c2-4f0f-93f6-aad9bc314648,5a48aa28-d295-40d3-ac2e-94f71d8dab52,personal,181000.0,91557.87,5540.95,11.0,39,21,2024-10-05,active
730625b5-4afe-4119-b9fe-72e764a1e8ae,97931cf0-521b-4df3-925a-511d29c4588f,personal,76000.0,25327.37,2262.29,13.01,42,30,2024-01-09,active
80bce9bb-e90a-48ce-b324-0dc130bcee8b,7d6e6f44-b2ee-4180-b9e1-6dc2b6b4cdae,personal,244000.0,215781.12,6276.46,11.61,49,7,2025-11-29,active
3464d27b-9af8-4dfa-9c6d-68ee604bfc42,aea4182f-fe02-4c96-a635-faed1d08b3ce,personal,134000.0,114894.86,7970.82,15.06,19,3,2026-03-29,active
91cbe18e-6782-4dde-a0b3-944970c10f4d,53fa56be-ebbe-4e5e-a67e-1485e6770eb0,education,552000.0,299680.62,8268.46,9.63,96,53,2022-02-18,active
b7558c66-c2e0-469e-9559-30c7afe71195,560dcd6d-0af2-40a8-bf48-3ee1937c0c8c,business,4899000.0,482268.11,99647.57,13.15,71,66,2021-01-24,active
c08af818-4a4c-4723-91fd-992ff662c22a,b1bce051-ef98-4f3d-96e4-83bda0aa14e0,business,3569000.0,3343048.13,67737.23,12.25,76,7,2025-11-29,active
06ec2a87-290b-4877-b8b5-9d9981ee2261,ce5c80b9-f584-4f4c-a418-7e3220f50d37,home,6714000.0,4551201.4,76053.66,8.13,135,58,2021-09-21,active
f4e5a14a-a338-4237-b97e-4d4ce38f02ea,0eb161f7-96c1-4964-9330-0c3d7de9ca4b,personal,218000.0,11907.66,6051.35,13.08,46,44,2022-11-15,active
1722cf02-6315-481a-833b-2bd17f84ff8a,0a609cab-eef2-42c9-99f4-0183375fb1cc,personal,95000.0,54588.65,4238.2,13.58,26,12,2025-07-02,active
84bab291-899e-4a86-82b3-c3acf84b6349,4a1c3509-49ea-4105-8359-4b72e765f4e4,vehicle,1580000.0,649243.62,49001.4,8.92,37,23,2024-08-06,active
4dd7b916-d1a3-4427-ad18-0b80e8ac491a,41a86b71-37b9-404c-877d-dfc82a7e561f,vehicle,1067000.0,1005968.21,19618.64,8.53,69,5,2026-01-28,active
d4c6032d-8f8b-4bbc-9cf3-8ed6105558fb,6f82f62c-2c36-4e51-9411-26a886eabe27,home,6917000.0,4436334.28,60563.11,8.21,223,121,2016-07-19,active
6e54ef4e-08fb-4c42-a9fd-fbb8201f3158,b9428763-0b78-4f6b-b1fb-a752bb53905f,home,4565000.0,4434011.39,39157.22,8.25,236,16,2025-03-04,active
2d44e7d5-0981-4041-9f92-6a6ddc038bd6,f346f7ee-0016-40fb-9b6f-35428e6f1b4d,personal,461000.0,173170.8,30050.86,13.99,17,11,2025-08-01,active
ea4dc803-bd54-452d-8e31-811dba576ee9,ee820c91-9af4-4c69-be5c-08e97fc6ec1e,personal,310000.0,29651.57,15114.95,15.57,24,22,2024-09-05,active
8a122138-c3bc-4279-991c-9dd45c0bc7f8,ec52eef9-ef77-4fe7-b590-117798bf6e51,business,1994000.0,813217.65,44815.56,11.34,58,38,2023-05-14,active
9414fb7f-72a2-4abe-8565-c0e4a792b5ed,ed06d1f8-ae74-4de5-9719-a5118834ec2f,home,6597000.0,462575.34,59722.05,8.69,223,215,2008-10-29,active
8fc653bf-fb2f-4533-915c-14b5a46acd28,d3033a27-ba37-46b5-8ad4-c4746355a90b,vehicle,941000.0,567888.88,18429.4,8.7,64,29,2024-02-08,active
ac0d26b8-b837-4188-9349-a906fa6ebd8d,3548a023-2596-4ec0-9750-5c639d5e1e7a,vehicle,1086000.0,1046853.75,20667.14,8.52,66,3,2026-03-29,active
f51fb70c-dc72-4b48-8ba2-1852151f136d,5b5f8fc8-980a-4998-8651-335f458da7bc,personal,325000.0,210417.6,17537.49,13.99,21,8,2025-10-30,active
884ba9f2-b418-49db-8a28-18a1566944c0,c8117eb9-88e6-44ee-9b83-0dac67c926cd,vehicle,1552000.0,613757.39,29653.18,10.77,71,48,2022-07-18,active
7210fe4d-58dd-46c9-9bc2-4b9623ab43a8,a5b80d0a-7fc0-4c3e-8d81-c815445acdee,home,7388000.0,4700656.48,64295.92,7.7,209,110,2017-06-14,active
41c71ea2-0d35-4a72-8b6f-7feb4f3cf435,3e06e1b3-2354-4c54-9c22-3e02d7101021,home,7721000.0,6429463.43,81890.71,7.92,148,37,2023-06-13,active
9eee93a7-52bb-42d5-b4e2-872d2081cac9,7631cd25-9b39-43f0-bb44-356d5a29e7fe,home,1960000.0,1760132.5,18324.74,8.21,193,36,2023-07-13,active
01a07eb4-86e2-4835-a466-a4ea99a3715c,f5de18bd-4733-4195-ac55-16c14e6fc29c,home,7037000.0,6003460.64,64488.76,9.04,230,69,2020-10-26,active
252d5f0e-d110-41af-96b5-a2cf84e16107,613b7ca7-aa3d-45f4-8441-02f60bdefdc0,home,891000.0,323505.57,7618.95,7.93,225,175,2012-02-11,active
3e8c63f0-669c-4105-81f3-6506cfe9bef4,eaff810d-9114-4372-9b8e-d3e3bc6a4495,home,7467000.0,2448033.05,71752.31,8.23,183,144,2014-08-29,active
063da2b4-f88a-464f-96bb-741dc6c93deb,0fc0baa8-5242-4539-9bed-244e0057375b,home,1659000.0,1644112.36,16003.39,8.01,177,3,2026-03-29,active
0af5e595-e935-463c-abb8-723e1654b800,cf7d0a0c-003d-46ae-86bf-1a118481255f,personal,98000.0,81113.09,2473.97,15.59,56,13,2025-06-02,active
58b24eeb-cdeb-4513-b45c-2d03c9e3ecbe,65dff252-2191-45f2-9f1d-32ddc4d0fbef,vehicle,1620000.0,1533031.91,26150.82,8.83,83,6,2025-12-29,active
9afe7bcc-400f-4937-97f0-73b2ce50d557,3e43e651-4eaf-4e06-90a7-da9ef4ba864b,business,4601000.0,500462.6,103209.04,12.37,60,55,2021-12-20,active
12c6d99b-d08d-49f5-aa38-c68322e531ff,44d16c11-f8bf-4f29-9eb0-2a65915693cb,personal,83000.0,74170.11,3101.0,13.45,32,4,2026-02-27,active
7729ea23-a678-4713-9980-f27595534dfa,6a8c7224-54e8-4155-a6a9-12686f320796,home,1384000.0,114315.45,13107.32,7.6,175,166,2012-11-07,active
9643221c-ef75-40b9-af4f-fbf1d9a349cd,165c00ee-3641-4d75-8659-ffba24291ad1,home,1114000.0,921235.31,13046.07,8.83,135,35,2023-08-12,active
bf791e04-14ce-4f5e-b3c0-db15cb553fec,1808afd5-2785-4ca6-8705-7f6e0d0f774a,vehicle,1479000.0,316784.15,36784.56,10.69,50,41,2023-02-13,active
c7c06caa-883c-49be-bfe1-917a558c2fb9,4d87b205-f605-43a3-a202-7263efd19fa1,vehicle,1867000.0,1090613.88,46150.71,8.65,48,22,2024-09-05,active
736f8e42-be09-40c3-8561-5e827f98f8e5,42a3a649-f8ae-4e86-a821-71af7f7c5c63,personal,444000.0,63354.44,13144.83,14.84,44,39,2023-04-14,active
14479b70-06ba-4dea-b3f0-849575b462a3,3d3cb0cf-b47f-4ee2-b627-98e4069020d5,vehicle,444000.0,353124.91,9191.07,10.47,63,16,2025-03-04,active
7f2242c8-b438-4251-8ed8-04d13d420a4d,a2ce6996-2148-4bac-ab55-02e9ff1dbd9b,home,2634000.0,1632396.77,23943.43,8.18,204,112,2017-04-15,active
db99f196-924e-4732-8e2f-6a52b9fe9b57,38540297-4ecb-4c9f-adc0-4ea5944a3867,business,3500000.0,3042958.38,64547.52,12.42,80,15,2025-04-03,active
a01276a1-4759-421a-8afe-14b867b3d144,ea071420-21ec-4737-b050-39553c09c3f2,vehicle,1787000.0,1535803.44,29943.13,9.47,81,15,2025-04-03,active
9b290900-8d46-4f48-8baa-d80ef950d2fd,98cbe656-6919-49f7-a572-f17e5057f55a,business,2142000.0,1155458.34,40296.09,10.19,71,38,2023-05-14,active
347e24d2-02e7-4c57-8c4d-9c586fa0674b,709aa4f4-b8cb-4c74-8474-8034e832fffd,personal,205000.0,38596.46,13109.19,11.33,17,14,2025-05-03,active
db17696b-4be5-4831-aa2c-0464b22c28e6,b287eaeb-c99c-444a-99b4-e2e93c3b28bb,home,2129000.0,1880818.63,20118.18,7.51,174,33,2023-10-11,active
e0dca36b-4f50-430b-aeb7-5e8b40e5a349,56a1a63f-c36e-47d4-a881-6e540093b494,business,1516000.0,220801.3,45692.04,13.77,42,37,2023-06-13,active
ad9a35eb-855d-4c8a-8032-266e2f6684cb,4927f402-b0be-48cc-abc0-5fa11830da03,vehicle,656000.0,284467.13,11147.63,10.49,83,54,2022-01-19,active
1cba8f08-7889-47b4-85c6-0e92ab89c948,34b47eeb-7869-4b41-b4df-08b43b7e2f14,vehicle,1778000.0,415888.26,29359.17,8.69,80,65,2021-02-23,active
34f88a9a-9efa-40aa-bc81-a5101b8cb7f0,31218d5f-e029-4dcb-8dc4-ce1305c7ddf2,vehicle,662000.0,377657.33,12591.22,10.6,71,36,2023-07-13,active
553d756f-8252-4753-bbe4-84114bf31e69,7d37ff4e-48d9-427a-ac1a-3573fb2f3025,personal,197000.0,116720.7,8030.15,13.83,29,13,2025-06-02,active
ebdee569-1690-4484-8ebc-496d90d1bf6e,2c3b09c0-bd0e-41e4-8681-0c1a2268d4e9,home,3530000.0,134368.95,34214.58,8.86,195,191,2010-10-19,active
046c418f-9b6e-4ef6-86fe-86147b2f04a4,fb385dd5-96bd-4d3c-9388-6691901bb664,personal,459000.0,370466.74,12761.31,11.17,44,10,2025-08-31,active
b3fad49e-9199-450f-8a79-d390dcc41833,51f3a4ed-3d61-4c8d-bd3a-33b8d53bac9e,business,2392000.0,854847.48,54768.17,11.59,57,40,2023-03-15,active
ed6b3180-c33f-4af2-940e-f660e6c432f8,374b247e-4d14-4b1f-bc83-639eb3c68d71,business,3484000.0,1699732.28,66013.87,12.19,76,46,2022-09-16,active
54a4e51a-d4df-4497-8d21-3de46c048ed6,2d81f383-f64f-454f-be80-0e04ce4d910a,business,395000.0,271049.0,9500.97,10.57,52,19,2024-12-04,active
ba2ff7e7-040f-403e-9180-936a3dcfbb07,f34c7ea0-a7de-4753-b0ef-1f67a28aef5a,home,1573000.0,1217439.1,15071.06,8.82,199,76,2020-03-30,active
ca331144-9af4-4785-804f-e7986ea51617,ac0da5bd-8b97-4775-9439-ea178fec35ab,business,2381000.0,799143.14,44199.35,11.77,77,57,2021-10-21,active
6aa1fe83-7ce6-4894-ad35-c0fae8cabc88,e5c6fc56-bc2a-42d0-bbe8-cc753719c5f4,home,6860000.0,3481870.99,65588.06,9.02,206,138,2015-02-25,active
7a0b960f-f0fc-4889-a809-958ff52f9251,9783df8a-503a-4362-9924-70104b0add8f,home,3547000.0,484174.77,36496.07,8.71,169,155,2013-10-03,active
64b7a2fa-a48c-4548-99d7-66b83e2c3274,b6b0631b-547b-4efe-8ae0-9cdcbb831374,vehicle,551000.0,311219.55,15466.92,9.48,42,20,2024-11-04,active
86d56175-c48f-43e8-8760-778e145efdf5,9ae8c198-e145-449c-94b0-b853e07348ea,personal,286000.0,129252.65,7222.82,13.0,52,32,2023-11-10,active
daaba8b4-0201-4ee6-b5c5-f4b3ef6eef56,45584dc4-dfaf-4b28-bf68-82e0fca87ca5,education,1377000.0,804735.6,22703.61,9.78,84,42,2023-01-14,active
bcc8992e-9793-4e92-9a77-0fdcd259301f,886e3e7b-e010-4ce5-bfb2-a3e4ff24162d,personal,56000.0,18675.29,1355.11,12.94,55,40,2023-03-15,active
1921f6b1-6d51-4c12-8e27-ebd1bc54b3b3,5ce8f8b4-140d-4dc8-a1f2-465776c839bd,vehicle,1923000.0,771139.54,54476.72,8.8,41,26,2024-05-08,active
dba87957-900a-490a-b531-0002146f3b7a,ae1df051-5017-4c87-b381-2612bf5b7f0e,business,3890000.0,3771464.38,76735.71,11.6,70,3,2026-03-29,active
8d5bfded-01b7-4db6-92ba-678414aa18c9,85029516-7b29-407a-807d-63ea25fd097b,business,1681000.0,484192.77,32564.03,10.51,69,53,2022-02-18,active
c0633120-d265-483b-9d46-15ac73f84bf2,b9330e64-4f4e-4f2f-a810-e1a970395932,vehicle,1270000.0,461731.34,23268.72,10.99,76,54,2022-01-19,active
ccd1143f-1a76-451f-9f41-85acb6e8da3f,0b0a19fb-4730-4246-98d8-2a807f786e9a,personal,71000.0,50959.73,2334.23,12.85,37,12,2025-07-02,active
e0c4884b-d987-49d5-8d85-09b186ba4263,d64126df-d4a9-4b17-9999-7e3efc6d50e6,vehicle,1543000.0,1202504.52,26143.62,9.24,79,22,2024-09-05,active
13fa1c89-a683-4284-a350-eaf6c6f04d59,805883ba-5663-4e7f-9ff4-d0a38ee27e83,home,3229000.0,3023258.43,28046.37,8.49,239,35,2023-08-12,active
1ae95e39-8aed-4dac-99b3-5aed044e22cd,cb0947d3-ae9d-4a22-b9ce-58bae8d6fe01,personal,373000.0,205565.05,19886.52,12.61,21,10,2025-08-31,active
700eed8e-aa21-4965-b272-f00e5bd48789,bfe2ad37-e61d-4e2c-a949-3686605d6a03,home,2023000.0,753264.07,22567.94,8.18,139,101,2018-03-11,active
dc3abb84-6a14-4a96-a141-ebac2e486ef3,ca1ba4b4-4085-4a92-b94c-5ef959a74e09,vehicle,201000.0,86888.95,4541.75,10.36,56,35,2023-08-12,active
97d3706f-ade3-4c00-956d-a04dc5b18b2b,2f36e828-2324-4566-809e-72b07763c075,vehicle,756000.0,428038.04,16324.39,10.7,60,30,2024-01-09,active
b3a45cf8-01a8-4cdc-bf83-ddec8ee8d7e0,25110a3e-7729-4537-bb43-e8c3945df4d3,home,3215000.0,705443.75,26707.85,7.61,228,199,2010-02-21,active
4e9e7901-97d8-4b0b-8c86-83299de56175,46bd62b7-d622-4f32-b4e9-5393c1c273c0,home,5195000.0,4584455.42,46892.65,8.96,236,60,2021-07-23,active
9300e2d6-54c6-42d1-a8b9-27aedaf453ef,727515e3-5d51-4b65-91c5-aabc404fa7bf,home,6257000.0,747138.26,70995.31,8.94,144,133,2015-07-25,active
cfbec774-79b8-48a9-bafb-6d5341c2e224,397d3db0-fce0-4eac-9bb9-fe9ca622f5e6,personal,463000.0,75402.82,38298.61,12.65,13,11,2025-08-01,active
d13d4a4d-8cb0-437b-b398-5ca5389d59c5,889cf1ed-7333-4949-a1c4-862d35eb04fb,home,5479000.0,4692192.18,57067.49,7.8,151,33,2023-10-11,active
65e081b2-4b3d-440f-92af-cbd5b0992b8f,b2c30187-472f-43c0-a392-a4f4ffeaffa7,home,1139000.0,702432.82,13494.07,9.34,138,71,2020-08-27,active
960aadb1-361c-467d-926c-62de9622c9d5,cb1a7157-42ae-4279-ab34-cb62a515ab83,vehicle,1800000.0,1204831.58,44436.52,10.31,50,19,2024-12-04,active
4b6f2cab-d111-4faf-9b45-932af7ef27ef,848be277-5986-473d-b85a-ff4e37ee8cbe,vehicle,1353000.0,1265235.57,39404.66,9.2,40,3,2026-03-29,active
59f5aaef-cd34-4fe0-b28f-bed0077b2461,1f5cea85-b4a6-40a0-b6c0-f8af0c5c1bf5,vehicle,1169000.0,637472.2,22712.1,9.78,67,35,2023-08-12,active
a19d20af-4a4f-4c00-a135-56c6e339d529,5424ce40-643e-4ddc-ac67-415c6d1173d0,business,4042000.0,623904.92,107875.86,12.72,48,42,2023-01-14,active
65492f6a-36f0-43e7-ae6d-4bc69a2196e6,8a478833-093e-41e6-8e5f-e06fe3d264bb,personal,426000.0,351320.23,11637.95,14.81,49,11,2025-08-01,active
1e64d138-3bee-4d26-8cf4-b78aeb537b54,315c24b7-a967-4131-ad20-b037c7713ca8,business,1658000.0,1428790.94,28032.84,10.59,84,16,2025-03-04,active
5c8d6190-5fc5-4264-bd51-092a7e8d57df,92c03172-e725-48a2-a7bc-5de4ec192025,personal,289000.0,108213.51,12605.13,11.46,26,17,2025-02-02,active
a7adaf65-9596-48b6-906d-f7992e85cfa8,36b92731-69e1-4cda-87a5-1be25412eac0,business,2916000.0,576751.25,56064.25,13.6,79,68,2020-11-25,active
b28b1378-6699-45e3-bf63-8630871b2535,92323bcc-43fe-4832-ab9c-b865f40499b6,home,1318000.0,268167.25,16912.25,9.42,121,104,2017-12-11,active
972045fe-fbf1-45f2-a6be-38ad4a488719,1c226a9c-0d60-4217-901d-7d13630f44b2,business,2038000.0,1123808.94,46991.98,10.65,55,28,2024-03-09,active
ee77af5a-f2ae-464f-a362-dc143f397ec2,fbc87d7a-51fe-49ee-a6bf-3f8942d6039d,home,3974000.0,349931.49,36408.53,8.73,218,208,2009-05-27,active
50595417-141b-4609-a425-d71829709319,ab5d3760-752f-4d72-98e3-72c6656edd36,personal,148000.0,78229.09,5344.73,12.81,33,17,2025-02-02,active
d4c97dce-8244-4a4a-bcef-c39e363c649f,7a398ee0-08db-4600-9271-49f29b8ddd58,personal,177000.0,37031.1,6450.73,15.33,34,28,2024-03-09,active
62b5fc07-5753-4554-ab40-ad5e3d18a963,42863500-19fa-4a45-8cca-c1e74202340c,home,5767000.0,2203524.15,56349.74,8.55,184,138,2015-02-25,active
74835fde-8c28-4371-ba6a-9535b29b6e44,83595a20-123d-4669-b0dc-e17935732ee8,home,6117000.0,5396684.68,62111.23,9.15,183,40,2023-03-15,active
764b2915-2f3c-40b4-a724-9d08bc84a2fe,2d5017f1-603c-419e-8566-1dfbbe38b369,personal,183000.0,92593.91,8915.41,11.64,23,12,2025-07-02,active
436dc045-fa84-4a35-bf58-b3b1dd81906d,c64e7d68-4012-4c91-bd79-16a88bd82edd,home,1376000.0,852444.1,11978.08,8.43,235,136,2015-04-26,active
3808c0cb-58a4-48c4-ad4e-809907180633,a076d401-43ee-4346-8ff1-f7116104b7ce,business,3835000.0,3550031.01,71971.33,10.1,71,7,2025-11-29,active
24afd28c-b923-4486-a351-35ac4c13d907,7fc2939a-f948-4b57-8387-9736243aa06e,education,578000.0,122540.11,9222.72,8.46,83,69,2020-10-26,active
d137dbc5-fb19-456e-983d-633004974b9b,beec7d19-5a61-4461-b02c-feebafcbd332,home,7716000.0,4740525.05,82902.13,7.51,140,69,2020-10-26,active
f7c25c7f-4b0c-44c3-9d52-4b1edd202d5a,a343b415-0286-49ba-ae73-e0527a2426cd,personal,263000.0,239437.08,9191.86,15.58,36,4,2026-02-27,active
e1a3e499-c95a-4387-a79a-781d03f2eaec,08a60a4c-64e5-413b-9566-e88d259c1c20,business,2794000.0,55758.02,56278.43,11.2,67,66,2021-01-24,active
9214113c-052c-42bf-9126-e16f041b7478,5e3cd602-cbfb-4de9-a19f-a74d9c4b4ad0,personal,375000.0,60819.3,20655.42,11.28,20,17,2025-02-02,active
7a6a5a92-d27d-4377-a73c-a9cb033fd3ef,925cbae4-a45e-4198-b310-906428a1ecb8,home,1042000.0,346201.64,9662.61,9.14,227,185,2011-04-17,active
a7c0b2a2-6a57-428d-b88b-2b2356ef3083,2e753521-9020-414e-9365-6a444b37095e,vehicle,1200000.0,481143.43,21171.62,8.97,74,49,2022-06-18,active
71ef4a37-b7e9-4f11-8b6d-70363ee25c3f,df65b55c-80a1-4d54-8f08-bbff8b4b98a1,business,3605000.0,1204011.86,76536.72,10.51,61,44,2022-11-15,active
175dd88e-ec9b-4819-b013-843cb394954a,e1a231b1-d670-40f3-bd63-6dc6456ca7ba,business,2508000.0,2258279.09,61401.15,12.85,54,7,2025-11-29,active
03a88d62-1c59-4629-b232-1db43e6de387,2582bc10-9459-496c-9be3-ab759348bf2d,home,7660000.0,6506194.9,79525.27,7.51,148,33,2023-10-11,active
cdc10cbc-82d6-4dc7-8cba-a17afc8622a8,6e1e0a39-4fe3-4fad-9405-d6ad968fdbcb,home,3408000.0,1859860.44,37929.95,9.34,155,93,2018-11-06,active
4d711f22-9636-4f85-8344-f25bf1c73dd2,4dd95d30-d8c9-4ade-a72d-1277d7580cbd,home,6413000.0,4759866.72,59706.28,8.26,196,80,2019-12-01,active
2620d879-205b-4359-86e0-ab571c7a68fb,1bc32e95-dd76-49ac-ae9c-6a17d42bf10c,personal,258000.0,196223.0,10743.18,15.66,29,8,2025-10-30,active
4e313996-0d7d-49f8-85a4-585b25905e1a,31c278cb-2d11-46aa-b85b-341fa7e33e2c,home,6468000.0,1012211.95,57109.29,8.46,228,209,2009-04-27,active
1a145715-aa7a-46f9-926e-b81e1f84325c,c16ccf59-5236-4c3e-a2fa-bc1410570398,home,6885000.0,4722931.45,72848.31,7.95,149,64,2021-03-25,active
1d582719-54c2-4a61-b0d6-b386ab438c71,1d966c3d-6c36-46d0-9460-6b470f75c8ad,vehicle,1614000.0,976202.51,31775.29,8.91,64,29,2024-02-08,active
c49052c3-0c48-489a-8398-01306737f220,da88bbb3-b624-4419-9b9e-5a391a0bc0e8,vehicle,1041000.0,952264.63,29373.68,8.56,41,4,2026-02-27,active
ef226f26-156f-4b34-a8a7-b00664797574,df0025c2-6bdf-46cb-a255-a21a4b43b127,business,4001000.0,2702674.85,92766.26,10.91,55,21,2024-10-05,active
3b1523da-8183-4d7d-b092-de5b574888cf,f41da73c-aca7-49fc-b616-6d987fa3b316,personal,273000.0,77811.31,6506.11,14.56,59,46,2022-09-16,active
3e636a64-1e1c-420a-8789-c6f32e877328,ea074e72-cafc-46d6-9ba2-7fc0e08774a7,personal,298000.0,28639.83,9772.31,14.13,38,35,2023-08-12,active
6946a641-b8ee-4962-b54f-4042228114d9,26ee0db9-1a95-4225-84f9-b1a5d670a6fe,business,643000.0,585695.02,13371.93,12.05,66,8,2025-10-30,active
3870b572-f228-4687-9445-d4da31796e53,6f3d6962-9423-4b96-a37b-6343a2663a37,vehicle,1993000.0,310884.28,53150.51,8.79,44,38,2023-05-14,active
d008bce7-eeb4-4cc9-a6ab-fe57ccbdd2c7,7eb4e300-4718-4cc4-ad28-beedbcfa7e7c,personal,275000.0,137294.37,11320.86,12.09,28,15,2025-04-03,active
b037628d-1cdb-4b7d-876d-950d3e457a59,91634a78-2fad-42b7-ae6c-b1b094cfb95d,education,517000.0,260547.11,9728.55,8.98,68,38,2023-05-14,active
9c090182-19dc-4e3c-98fd-5c5625508089,e734ecca-dd7a-4419-8368-17e35de0df5e,business,416000.0,330417.6,10548.61,10.86,49,12,2025-07-02,active
b2b70836-8a31-495c-94be-3b5372fd2e5b,a160f4ec-d7fc-4b1e-bda7-7bdc467035e4,home,2218000.0,907507.73,20442.18,8.14,197,144,2014-08-29,active
a0564d4f-d332-463c-ab2b-630105da6027,b61d8b26-fbd2-44c6-8271-cc3c50e28512,home,7099000.0,5927289.64,85966.17,8.08,121,28,2024-03-09,active
2110c0f3-6810-4bcb-8f14-159470fedc07,9d19212f-142a-4864-aa8a-dcafe4854178,business,4907000.0,1113193.5,92665.42,13.77,82,69,2020-10-26,active
c3bc01db-8063-434a-9132-97ea0f1df436,aa1e5723-0b41-475c-b46e-cb998393f928,home,3473000.0,1581245.98,33526.7,8.12,179,122,2016-06-19,active
a566a1a8-cea0-4a09-bd25-0ef861106db0,2aa0d6c0-3000-4a4b-b0a1-6d2156400bcd,vehicle,1093000.0,645856.93,35088.7,9.65,36,16,2025-03-04,active
89fcde94-90d7-4c98-83ab-9f7d3340b941,af70f691-71da-44d4-b5a9-8e6f4bb1fa13,personal,235000.0,229332.9,5319.34,12.77,60,2,2026-04-28,active
841b9305-06f7-428e-b935-2467c2c600ef,d65ad09f-47dd-4987-865c-0b480d3a663e,home,7752000.0,6795690.82,83227.93,9.42,168,37,2023-06-13,active
a8ac10e9-0d42-40a8-a326-3bd283937946,7bc8fb58-bc9b-4210-aaca-3077edf66d60,home,7944000.0,392006.69,66830.76,7.81,229,223,2008-03-03,active
59d1511f-97a4-4787-991a-6d04175e3263,31d1c7f4-70e1-47cc-87ec-6f45147d2b06,education,1596000.0,1404786.23,22658.79,9.08,101,17,2025-02-02,active
488a0a92-93e0-44ed-9958-688f7c55eff2,fa5e1a4a-bc27-4996-a0e8-8fcf21cabdb9,personal,468000.0,102484.27,13446.84,13.08,44,36,2023-07-13,active
1213ed78-7565-4e45-891c-36c6796fccc1,2ab4a848-2572-407b-a64e-bea5862c2208,home,4667000.0,3994103.38,51462.96,9.03,153,36,2023-07-13,active
3e1fb732-1f5c-40a1-b728-b7f56dda0041,1bd684ca-27e0-462b-b19d-958b186a7473,business,3600000.0,2748931.24,93985.55,12.39,49,14,2025-05-03,active
781e86d1-dd41-49cc-8207-f7210e7b92d2,7b855d51-60d4-4bf4-87cf-3c0ec208e380,vehicle,1831000.0,152667.0,31335.7,10.45,82,77,2020-02-29,active
c05d0a71-1b09-42ed-985b-0d68a976c006,5cf9b35a-63a9-4ca3-8ad3-6a2f3f81d3c2,education,919000.0,858243.38,17068.83,9.32,70,6,2025-12-29,active
51269f0f-db3f-482a-b18b-24f33ea58e0c,f049fb70-f653-4da1-a104-4695a9457498,vehicle,922000.0,676474.58,18702.88,8.58,61,19,2024-12-04,active
a6caf738-b9db-43a3-a380-f2f1e87e0288,1032cc60-8c16-4fd5-9be1-bc0240b87f62,personal,495000.0,230892.35,30165.42,11.91,18,10,2025-08-31,active
b4158e0e-0506-4332-a45b-44a38589079c,dbced642-6176-4d4a-bd4c-5250ed5027d7,business,1470000.0,291306.67,34018.32,12.08,57,48,2022-07-18,active
9c8dadb4-2061-478e-ba19-61cba4fecdbe,abe35378-370e-4cf9-bbc5-61007b6e60a6,personal,445000.0,133140.66,11795.78,11.46,47,35,2023-08-12,active
1d914bde-a203-4736-9dcb-15385d4cbde2,449b3ce2-8f7b-4e64-9aa0-4b299eca83d8,business,4911000.0,4250082.25,103976.44,11.41,63,11,2025-08-01,active
276bac2e-04d0-4fb9-a45f-01b36b8f05db,0d33b7d5-6fd1-4bc7-ba27-bd0c49581ea5,education,444000.0,105464.7,9259.76,9.75,61,49,2022-06-18,active
954b5831-8f0d-4f9c-93cd-6d5fe05a6a98,95b2c00d-9988-4cb3-a435-954edc336b8f,home,4680000.0,4546491.54,54817.9,8.45,131,6,2025-12-29,active
e6f3784f-507f-4ca1-9b03-c9fdf61a8147,633cf6d2-cdf3-4679-bfea-111c63bcff6c,personal,370000.0,241585.27,16747.47,14.95,26,10,2025-08-31,active
66502da5-735d-4b73-8acd-94ebb06f62f7,2ccfe966-fe72-4a72-811d-948e61521e59,personal,288000.0,73128.32,18835.74,14.45,17,13,2025-06-02,active
778d2b82-fa89-4391-be0c-bed346b43547,5236a119-1124-4164-8706-257c096975ca,home,3122000.0,692980.75,32909.16,8.98,166,143,2014-09-28,active
7df41d85-6eac-442c-8b00-40629cd68ed8,120ffacb-4393-480e-a999-d877f0dba20f,vehicle,1478000.0,1105008.49,28003.84,10.83,72,23,2024-08-06,active
0efc4102-e740-461c-a24d-52ec88d4e34a,34b844f9-92bf-4056-9e52-efbcbc8c07d9,home,2351000.0,2181740.96,23106.46,9.01,193,28,2024-03-09,active
7ce12415-0618-474a-bb98-dc21ad414490,dafd167d-68d8-46d6-97ec-13162ae8bf2a,home,6899000.0,2849111.37,79761.26,9.32,144,102,2018-02-09,active
2c99c644-e38a-49d8-8846-e88c16a31e80,bbcbb65e-d52c-4f52-ad62-9b95376a310e,personal,273000.0,103088.39,7975.7,13.0,43,29,2024-02-08,active
7d59cd5d-eb1d-453c-9e65-9a779e13beec,244a41f6-5f05-4394-822c-b4178fb13170,business,2486000.0,1610710.94,56324.17,12.27,59,25,2024-06-07,active
965a28c6-1a53-4dee-a5c3-9e6c874422a6,d530c9dc-55b4-46b6-8047-37e72dc611c6,vehicle,965000.0,601544.6,24338.63,10.58,49,21,2024-10-05,active
def1c0ad-c8ff-408f-a907-2cffe1f46813,fed5d58b-2b6a-4fd3-80d5-3ce06b51264c,home,2426000.0,1669532.4,21715.07,7.65,196,90,2019-02-04,active
abcb0a57-7b1f-4370-ad72-d6829c5ee29a,cbe29f89-b03b-4e5f-a007-766a85815f20,home,6605000.0,2503074.29,59520.63,7.55,191,142,2014-10-28,active
f0209120-6bd4-4a5a-8777-0b92cd5bc931,6dd7c64d-a3b4-44a0-af51-899dfe360095,business,4037000.0,1400730.96,107541.84,11.73,47,33,2023-10-11,active
5c00221d-772a-4f1a-922f-2cc1b6345baf,7113db00-cb64-4b9b-9c6d-03ec928942d0,vehicle,546000.0,94802.01,9921.01,10.02,74,64,2021-03-25,active
dcfc815a-13b6-4b22-bab1-8e59a4d11b9b,cb8c3a04-c603-429d-9cc6-152ca4531553,vehicle,407000.0,348066.69,12558.16,8.58,37,6,2025-12-29,active
10a41721-952e-4809-b4d7-89cca5572450,c79b43d8-675d-4d8e-8dc9-6bed09b7ac14,home,5073000.0,5038239.24,51649.08,8.12,162,2,2026-04-28,active
82166848-e1df-4602-bc41-a5926df80bf1,0b76e11d-f617-4b1d-9ee8-955ad8b47cad,home,1876000.0,1247294.02,20564.78,8.33,145,66,2021-01-24,active
276a404e-b756-4530-ada7-0f68ce68efc6,7e4d3714-09fc-4e11-8632-19e573238ccb,personal,120000.0,39625.47,8170.65,12.31,16,11,2025-08-01,active
a15c84ac-ea02-41c3-ba75-a75b6119291f,ba20070e-48d3-47f4-8e88-45b951807e6c,business,618000.0,286445.58,11112.74,12.1,82,52,2022-03-20,active
b22cd554-c401-430e-bb8c-c079b475bae1,47f1df87-65f2-4cb7-bdad-8730bacabd50,home,7503000.0,479048.97,70536.39,9.14,219,212,2009-01-27,active
f2c8ccca-8e4f-4b56-9be0-981232a3db5c,c54b4c27-3fe6-4e12-9eec-8034b80552be,personal,257000.0,49457.03,6441.99,11.09,50,42,2023-01-14,active
3dc05923-397f-4e72-a0bb-15332ee791f8,4a60aedd-2b99-41ee-a64a-1437fe1beac6,education,1351000.0,847767.6,20436.01,9.91,96,45,2022-10-16,active
5cbdfe5b-7798-4cdb-885b-fb68ff7ceb46,a07c1b09-0326-4c89-8db3-4e26aa9b5495,education,1014000.0,976034.89,15351.39,9.32,93,5,2026-01-28,active
f2f4dd4e-2287-40af-b960-18f02b83fe3f,9581e1b5-229c-4e65-acbf-fb0a4709b00e,personal,326000.0,33999.74,8729.59,12.9,48,44,2022-11-15,active
291c2a3e-f316-473a-b88f-e6dd312b65e9,0cb8161d-ca56-4236-aca7-5bbed29a20a6,personal,253000.0,113447.26,19682.91,13.92,14,8,2025-10-30,active
b0008d08-f4d5-43ba-a4dd-fa3ba3906160,31dd6773-1301-4d8b-9b9c-6595628abc8d,home,6507000.0,5742365.16,56383.57,7.89,217,48,2022-07-18,active
65f4bb68-7948-481b-bf6c-5d49c1220532,f73c9227-4f3e-4b09-a32f-52bb76354f09,personal,151000.0,35646.89,7331.86,11.29,23,18,2025-01-03,active
010eaa90-5315-424f-a43a-6fb2b6a47487,173041cd-0d05-488d-a6a3-51ff3f1a9e6b,vehicle,1222000.0,123076.86,25293.3,10.95,64,59,2021-08-22,active
21fdc498-e84e-4cff-af29-872b01788b4f,51121d2e-8696-4a73-b862-b8be2b7ed551,home,3223000.0,376285.55,30263.52,7.71,180,167,2012-10-08,active
f91fc78b-2897-43d3-b421-7c425887b739,cdcc828d-b139-45bf-9595-f700701c7640,personal,462000.0,345263.89,14540.32,14.09,40,12,2025-07-02,active
961beb1f-41a1-4e3e-9f91-5cc011950886,9ffba68d-c0a9-4a29-ab0e-ce34a0ea154f,business,2547000.0,1012789.49,82747.7,10.47,36,23,2024-08-06,active
1ad3757e-82a4-41f5-96b4-4c9153a284de,f909ef0d-3062-47a8-ba3d-5203281b759d,personal,328000.0,226094.57,10172.44,14.38,41,15,2025-04-03,active
f5d982bf-ef0e-4654-87e2-62dcf28d64ff,88309c74-f72f-43c7-b21b-662c634858a2,personal,132000.0,35525.48,4130.73,11.02,38,29,2024-02-08,active
ab3d01c0-17a0-49db-9124-17abc367af2e,7382d07f-69c6-48f9-b777-0fe1c174a968,business,2150000.0,633725.71,43279.41,12.75,71,55,2021-12-20,active
25407448-193b-4c3c-ac19-f231f10cdd2a,db0e5737-7735-41c0-ac4b-bbe93d089f6c,vehicle,263000.0,21179.43,4340.34,9.81,84,79,2019-12-31,active
50a1f26d-ecfa-4745-a1d1-2f123b328559,82150d25-a3f7-4831-b504-daee55a2afa1,business,4720000.0,460720.39,94812.4,11.51,68,63,2021-04-24,active
10cb0070-0c93-43a1-8eb5-0dccd427196e,2b3a9a72-36c1-4525-8417-4063c59df72a,vehicle,1672000.0,1116928.35,30018.66,9.23,73,29,2024-02-08,active
bfe69e1c-f0bb-4907-8dbc-be05c3227e18,6078d22a-938e-4acb-97dc-4a9291dcfddc,vehicle,1848000.0,147345.29,37543.5,9.18,62,58,2021-09-21,active
99db6508-008a-4a59-99af-921a42728c87,baba111c-838c-4a73-8f88-3db95a7e4947,personal,126000.0,56100.2,5916.56,11.75,24,14,2025-05-03,active
5a418374-12c9-4a16-9556-fb326142a99f,746e9164-f2ae-4c4c-aa47-2b974c5693f5,vehicle,1384000.0,136545.96,23472.47,10.69,84,78,2020-01-30,active
a3eb58e7-4c14-4640-b813-b8d9984e8ff5,262afc7a-8de1-434c-a213-bef53b9cbf3e,personal,442000.0,175372.71,18738.75,14.68,28,18,2025-01-03,active
1af42db8-56c5-419b-b009-b2eda8be79a0,cc5e2fc0-0d40-4602-abc5-9ede1bf50c86,personal,384000.0,212111.6,13142.87,14.1,36,18,2025-01-03,active
cfe65476-78a1-427f-b943-55d5f959354e,910042c7-ff67-4e14-9ce4-8b1ee16f637c,education,1515000.0,1027639.53,24581.04,8.71,82,32,2023-11-10,active
1609cb49-5bbf-4bcd-beee-1296d1efe15e,26502c32-096d-4b78-83de-8c609a60fb65,personal,250000.0,61285.92,10675.55,15.32,28,22,2024-09-05,active
b402aadb-6a53-46ad-9d04-1221629271fc,c5c54c0d-8999-4476-be57-ffdd7ea44a22,home,5289000.0,2586877.19,54148.17,7.55,152,95,2018-09-07,active
c91126c6-f928-4967-b283-d35ad06083e8,a4d3e259-d293-481d-8f88-323daec45fb0,home,4214000.0,1721446.1,40572.34,8.79,196,145,2014-07-30,active
1a9a8231-9c20-4a8c-919d-67138be33611,58d0dc3c-83a0-4343-a359-61302c95c771,business,3460000.0,1636513.95,61734.24,12.1,83,52,2022-03-20,active
7ef97ef0-d74d-4adf-b07e-cf4dc0ae7e2a,10a021c0-93d3-4392-9ef0-bdb9bf332e17,home,2202000.0,2158399.36,20040.57,8.02,199,8,2025-10-30,active
9bba8fc3-5933-40bc-8e2b-1f33cceff77f,1b05776c-7239-4f5b-8095-54391ee765cd,home,6535000.0,6308520.61,65865.22,8.06,164,10,2025-08-31,active
737c7007-f677-4ace-990f-d7e0937c5a4c,e89bdd00-2975-48e6-ba17-fffe24526500,business,2514000.0,1570155.92,82901.68,11.5,36,15,2025-04-03,active
fef8b81a-38b3-450c-9843-fed0e1c71a97,adcd5a5e-0b00-4155-94cb-f33f9a37a975,home,4503000.0,4057801.33,38665.02,8.31,238,50,2022-05-19,active
0f9d08d8-79e7-408e-a2cc-1503c8f3e864,acc21044-495f-4d58-95ee-a6a23fdb38a4,home,5054000.0,2354353.61,54071.09,8.31,151,99,2018-05-10,active
f913a410-1d5e-4bd7-b4ef-8b85848761f5,72a942f1-5465-47a6-b3fb-3f27acf924b9,personal,383000.0,226696.36,29897.28,14.48,14,6,2025-12-29,active
46228e70-f516-4345-b9d8-a2204400217d,888bf690-4051-46ba-97b3-06a2a1c531d0,vehicle,253000.0,232011.31,6165.31,9.65,50,5,2026-01-28,active
c735252f-abec-43b2-b750-a0ae7c1bf162,c1196510-08b7-4e83-8861-2679338d5996,education,1763000.0,543717.12,34110.47,8.7,65,48,2022-07-18,active
0a2f366d-a336-433d-93f0-f97717eb7b78,d90bb740-5b1c-43c1-8094-86af666c1251,vehicle,593000.0,565989.76,9837.07,9.14,81,5,2026-01-28,active
b91b116d-fcbf-4ab9-93cb-1431f59a9d4f,eb849ca3-6d0b-4719-9284-f4c947cf4ae8,personal,71000.0,43845.91,1723.27,15.4,59,28,2024-03-09,active
0a22b6d3-cc20-4e84-b86d-db5723a4fdc2,66a22ce2-c865-4294-a55c-87424e082254,personal,154000.0,28735.58,4288.52,13.26,46,39,2023-04-14,active
2f14c788-b28b-4ab1-9ad2-7b77cf1750fc,92975a9f-b674-49ea-a643-15496e49ff16,personal,141000.0,72615.81,5707.39,15.62,30,16,2025-03-04,active
584fbb03-e90e-43cb-9a66-4a06141a3c83,3307511f-5ca5-4c6c-a181-8033dbce81c7,personal,242000.0,23809.08,6150.99,15.92,56,52,2022-03-20,active
b4fba47c-5e92-43a9-9e83-55ba859ec500,40245379-c86a-46bc-b6f8-2db72a1fce0d,education,849000.0,592970.09,13534.72,9.49,87,33,2023-10-11,active
b75f2ba5-af00-49c4-91e5-dd2f0e30a790,bffebe5c-aee3-4756-b98c-ff28a23818b1,home,6928000.0,5108036.3,82296.29,9.31,137,52,2022-03-20,active
9edb9f4b-9a99-4b9a-af52-e982171d59e9,509db8e0-dfc2-43c4-8347-cfc6178db54d,vehicle,1227000.0,479001.24,23734.92,9.16,66,44,2022-11-15,active
b31a1f14-39f5-4bd0-a0c3-0f50d5074766,a8629d26-c065-42a8-9c1b-a7a97c19c9e2,business,3956000.0,434549.89,75372.17,13.82,81,75,2020-04-29,active
8baeb3f7-8686-418e-8b01-1dea50df7de0,fe3bd37a-811e-48dd-b270-93096ff5c301,home,6618000.0,6491468.62,82283.18,9.25,126,4,2026-02-27,active
63d91783-11e8-4b22-99c4-db0513444c6a,49ed8c6b-cd1b-467d-836e-193f3fa6501a,home,4169000.0,2286665.48,50311.33,8.47,125,70,2020-09-26,active
db993801-38ca-4c87-8077-1dbce48574d5,411d1c7f-bef7-4090-8985-522a6e053a64,home,7054000.0,4522738.19,70520.94,7.73,161,78,2020-01-30,active
a020659b-c408-45a0-8f28-f7629efbceaa,6504817c-4ee2-4540-a0a2-af1a01f82143,education,599000.0,277777.79,7724.15,8.92,116,74,2020-05-29,active
686b3271-5fd8-406c-8c79-52710d657712,b7b90b67-d89c-4bba-ac18-7774a8421951,business,1170000.0,1114367.67,31960.24,13.98,48,3,2026-03-29,active
bcf00faf-615d-4624-b455-cc7a4b6f1cc7,231b93ec-0680-4c44-8c6f-5131923e0f3b,business,1465000.0,665193.16,39099.57,13.56,49,30,2024-01-09,active
add61bc7-de23-409b-9279-c15c0c787810,e76c2dd7-f4d7-4631-b11a-cdb897e230e8,vehicle,868000.0,171762.17,15170.21,10.87,81,69,2020-10-26,active
03e9e6d4-e51a-489c-93e8-795fc3955308,da2fb29d-00b4-4103-884b-157c45e849e6,personal,435000.0,209934.93,36611.85,15.73,13,7,2025-11-29,active
bd1f1572-3773-4af4-8975-9c9839db15cd,35494723-85b6-496d-ae87-804615e1c450,business,3889000.0,3679882.78,68856.0,10.73,79,6,2025-12-29,active
01e7ad75-dd2f-444f-aaa6-021f16e11f58,dfcd1303-67b8-49ff-8ae8-8285bf344d54,home,4005000.0,2105730.4,36090.77,8.31,212,137,2015-03-27,active
d462203e-67aa-4fc1-9c5d-281b2acb2525,8cede8bc-fe02-4dd4-82d9-f0f33472ef41,business,2277000.0,1952006.14,45265.53,10.24,66,12,2025-07-02,active
ca726244-e062-440d-8560-e6ba5d13dd0e,8087bf10-a1c4-4cf9-9818-205801e7a751,personal,461000.0,389530.64,13099.45,14.4,46,9,2025-09-30,active
410626cb-6050-43fa-af5e-387cefb2bb4f,8f1a7f04-ed95-4f36-8e6a-a4acd3680e0d,vehicle,1279000.0,674092.56,31327.31,10.71,51,27,2024-04-08,active
3ba3d3e2-db5a-461a-a40b-105d57581ade,ff718436-95d5-453c-acb2-17b8a0583614,vehicle,1753000.0,1222881.85,31399.03,8.77,72,26,2024-05-08,active
c883e17f-8073-4678-a0c4-bc6fbf23854e,f231169a-074f-4eb6-ab86-c178ebe91508,personal,164000.0,59676.36,4365.94,14.22,50,35,2023-08-12,active
23f408a8-d098-4e32-a53f-8cf2aa1f506b,6e549544-eb32-43b9-a1f0-d57a7283df1f,education,1924000.0,1226557.59,37445.16,9.4,66,28,2024-03-09,active
3ac60c6b-008a-454e-9013-03a99f123388,545ca952-76d6-4cce-bacb-2e2c25ee6905,vehicle,647000.0,378557.6,13674.99,10.84,62,30,2024-01-09,active
8a1053a3-a6eb-4829-8e40-624f8c6cab62,b2e51b9d-f70b-4cfb-a1c3-35802c6c1bad,home,7375000.0,7299681.36,74299.0,9.06,184,4,2026-02-27,active
1fa459e5-f46f-4b91-986b-3e2e6e315a5a,0ace3ab1-5ccd-4cc7-a9f2-fdd7223261f3,business,517000.0,171132.84,16547.47,12.51,38,27,2024-04-08,active
8f7ba7a9-c944-472b-bc2d-18e556de5b03,bb8cc252-fced-479d-a341-1946132224c9,vehicle,854000.0,449982.34,27138.72,10.55,37,19,2024-12-04,active
8065fce1-cb29-4507-8d06-2616cad023f6,20879224-dded-4f6b-922c-b330473525e1,home,769000.0,259366.91,7641.89,8.56,178,139,2015-01-26,active
3843f160-02ee-42f0-a24a-e63571779f70,25313fd0-ff66-46a4-842d-b89f96c171f8,business,1647000.0,66811.68,33946.31,12.92,69,67,2020-12-25,active
205f6fe7-1e44-4423-9a54-10975519b056,d1dfa99d-6253-4493-98f2-9c6be7463c6d,education,1631000.0,719015.76,28403.61,8.51,74,46,2022-09-16,active
78da1530-21f4-486e-ba28-54f9c32e499c,d28ede87-a5c6-480c-9325-ece3ebd88d5c,personal,245000.0,76572.96,9023.05,14.3,33,24,2024-07-07,active
d5626618-3075-46dc-816d-484dde0f5c27,d730cdd0-4022-45d6-afce-ce8d7fd6e02e,business,4366000.0,1961340.98,109126.58,12.48,52,32,2023-11-10,active
e9176f1c-3002-4238-8b90-af5dd932ae4c,a0f96b4a-0414-4257-a341-3b0da9767ca6,home,933000.0,97564.75,11199.56,7.88,121,112,2017-04-15,active
cd46ddcc-da83-49ed-9352-7364d0071144,fc74d25d-2c76-4d87-8719-5184d0cebbb6,personal,441000.0,204395.98,12485.38,12.22,44,26,2024-05-08,active
5d4828b4-901d-48a9-8c86-a2a6c5d758b2,b6e0f9ae-1b44-45f4-8d35-d0ce7574ad77,vehicle,661000.0,271097.13,11363.66,10.87,83,56,2021-11-20,active
41ea55b3-15fd-40b3-82a4-5da8762708c6,e73ba49c-c74c-4bc3-987a-0a60e69a4350,personal,284000.0,26042.95,6703.38,14.12,59,55,2021-12-20,active
cb381936-8969-419e-b139-16c9c631e784,e4a88cf7-dc3f-4a82-befd-cc3e0cb4702b,home,2458000.0,287488.05,27363.52,9.28,154,143,2014-09-28,active
f92e68a7-bb57-4a88-a229-d1ce9c26e702,749ba5d7-9ce3-49a6-aff8-e5ca7d3da8be,personal,308000.0,130994.13,11883.97,15.98,32,20,2024-11-04,active
376762b7-b35b-4666-8134-6328687cca75,90f86dbd-c005-400d-9790-f3c25331814c,home,1999000.0,1920151.16,23335.24,9.44,143,10,2025-08-31,active
ece7c479-a4a1-4e62-9e88-61f069467bba,09da43a3-9326-4b06-8f4f-df42d79cdd31,personal,449000.0,203743.98,13751.64,11.03,39,23,2024-08-06,active
3f8de3da-4d95-4134-966c-db2244318a8e,a112ff07-0ac5-4e67-b815-7500c784fbe9,home,5145000.0,1077085.22,43530.77,7.61,219,192,2010-09-19,active
1f0f1d2d-8434-4431-8434-f12e47f858e1,21a0581c-6865-4908-8466-30563d5cf763,personal,143000.0,121113.39,3431.86,11.19,53,10,2025-08-31,active
99c9f529-6d56-4ee0-860b-e5af1e5cde91,4d9dfa4e-29d1-4521-9274-9f799ceda7d6,personal,319000.0,248097.15,8175.7,13.01,51,14,2025-05-03,active
93bd8c53-7073-4e34-bdf7-8e062db90fd5,ade2eb9e-a78c-45b2-8253-013edd9bffc1,home,7695000.0,6642536.13,72279.78,9.28,225,64,2021-03-25,active
ca949ddb-5988-4ec9-bfea-2bd1d26ef100,3f36d29c-e264-43d3-ae62-7852c4aa37fc,personal,484000.0,459942.68,16936.3,12.32,34,2,2026-04-28,active
67d15b54-224a-4853-a7f1-3b83b83760d8,8cb34aee-11a8-4082-85bf-d01a160c0012,education,156000.0,136647.9,2277.19,9.29,98,17,2025-02-02,active
68755650-7a8a-4cc5-a868-99b994438d30,a61bd221-6561-4d1d-9371-9bf23c32aeb0,vehicle,695000.0,162445.59,21114.14,10.51,39,31,2023-12-10,active
a4f5ae9a-ee34-4e06-92d0-29506a5e1964,d86f1fc1-5ed8-4b56-a250-40ab0b95fa96,home,1725000.0,704680.52,19223.26,7.79,135,93,2018-11-06,active
a29951ab-8a35-4653-9957-7f2f0956ebb5,746f9448-288b-425b-8133-dc26d844c79f,personal,301000.0,207295.8,10898.75,11.02,32,11,2025-08-01,active
73714b9e-1574-43a5-993f-b0712a422088,45722226-6681-49d3-96d0-34a5f77a3805,home,1088000.0,1054179.27,10030.1,7.78,188,11,2025-08-01,active
a81dfca5-e2ba-482a-9fa7-23cfde0d5979,f2070b10-1976-4e5c-97d5-102dcaae9f48,vehicle,1447000.0,1256598.96,31338.75,10.83,60,10,2025-08-31,active
9d4be661-336a-448d-a5c7-793e73d88c6f,f2e3fae1-d2df-4aca-a849-29d86ca9b761,vehicle,300000.0,280573.69,5838.86,10.69,69,6,2025-12-29,active
87de412a-4074-41cc-8940-c2999531f906,68924052-b984-4380-9a1c-4cc241ad171b,personal,460000.0,256356.5,33941.22,15.55,15,7,2025-11-29,active
a460d32f-60a5-4622-81cc-92f1f8e39d72,fda74890-b951-455e-87cd-3440fba38eea,home,2659000.0,953193.53,25542.87,7.94,177,134,2015-06-25,active
b50e3998-c6bf-4c6b-a616-c8bdc17b2dfe,968cfdcd-afc5-46cc-9f3e-6e5b9857b2cf,personal,390000.0,275391.02,11585.91,14.0,43,15,2025-04-03,active
ed24288c-3e76-4bc4-8e01-8ba2b7a1ba45,df046634-75a0-48b6-843b-1e999330ba2e,personal,286000.0,25004.1,6404.79,11.75,59,55,2021-12-20,active
ad8019c8-1ee9-47f3-9a3b-d1d18557b958,ffa33ee6-2fab-4bdb-92f6-003234ca592f,business,3263000.0,74002.22,74677.49,10.95,56,55,2021-12-20,active
5e9ff8f6-ef52-4eb0-86c8-dde6ca094e5c,0efb3dcc-e7e9-4b8c-b31c-2d29afc94ee8,home,6935000.0,6098190.68,64053.28,7.81,188,39,2023-04-14,active
7caaa760-cccd-4ca5-b3af-21b268dfdfbd,ce386f85-4709-4da1-95d6-595f9e5c10d0,vehicle,538000.0,110397.66,10579.99,10.68,68,57,2021-10-21,active
508fb36b-ef07-4ae6-9dd8-2964adf93c29,c2410ebc-4893-4790-9dbf-f4943bdb8f8d,vehicle,1734000.0,1473165.21,31270.45,9.39,73,14,2025-05-03,active
9b4bc3c8-edec-4c82-ac83-9554d8d1a230,ff4875ba-a70e-4cbd-8271-2f0bf09bf7c7,personal,133000.0,17822.22,4575.28,12.83,35,31,2023-12-10,active
127cb90a-4014-418d-a1b8-36c389588583,ca9ca479-9ee2-4cca-93d9-7481f0c4d463,business,3915000.0,3420550.38,80140.04,12.65,69,12,2025-07-02,active
aaf97ca0-464a-4233-8fa7-94caf6ac5ef5,c1150e6a-d4f5-4f8a-95b2-66ac2a6765f0,personal,202000.0,60666.65,15554.74,12.22,14,10,2025-08-31,active
bf54d961-6e35-4043-8ebe-88034f6373eb,1372656c-c05a-43a5-909b-4e8ff7fd0cef,home,3674000.0,1522206.52,35058.55,9.2,213,160,2013-05-06,active
6e6e3bd8-83d8-48a7-bd14-b581bcd99198,16481875-d45b-4a6c-a176-521918e0c921,home,2775000.0,1957281.08,25226.25,8.5,214,101,2018-03-11,active
c5a91616-9484-41ff-afdb-1a55e59eba04,7ac20dab-e393-4a6a-a523-eef10a5fd098,home,6494000.0,1662536.79,82372.48,9.15,121,99,2018-05-10,active
b7417930-d542-44d7-9850-84e80bd5d7a4,eb98500c-ecd6-45fc-9184-ce722d44e03e,personal,299000.0,16008.73,8151.74,14.7,49,47,2022-08-17,active
1a8f2bad-be6a-424e-98cf-5a1fff917b5d,183f3025-f70c-46e8-9306-d62aa5cb7040,vehicle,1527000.0,869769.07,29453.64,9.93,68,34,2023-09-11,active
1b86b22c-d771-4223-8036-182de3e4b9cd,9bf3b22e-aa5b-418c-b148-14e88d6edb6a,personal,370000.0,191541.61,28486.18,12.19,14,7,2025-11-29,active
f45aca78-2b67-4d24-8210-0ed763d3f34e,5cc100ac-973b-43a8-9e0b-116d4bd4721d,home,7496000.0,4538086.7,76355.92,8.69,172,94,2018-10-07,active
9534b0b7-1e3e-4ece-9ec4-f563bc8d6fe5,c60a738c-9a9e-4cd0-bb98-f389fd0d0087,personal,209000.0,166405.13,5211.91,15.0,56,15,2025-04-03,active
3906cb4d-b464-407c-8c5a-8fccf9f736fe,5ae4e245-ccc4-4ad5-ade8-4bedf4d3faef,personal,200000.0,181230.09,5581.73,11.39,44,5,2026-01-28,active
74030f81-2bbe-40db-bdeb-3669d83b7d3e,ec69b354-144a-4323-a3c8-64c71cafca86,business,3617000.0,1175477.0,64382.29,10.61,78,58,2021-09-21,active
e24f133c-30d5-47b8-8769-3803d233371e,b1ceabbf-6347-42bd-9422-47beabffec40,vehicle,740000.0,44229.57,14991.32,10.07,64,61,2021-06-23,active
44839eaf-a121-4931-8810-ddd345a59f03,77e96cb8-68bf-4194-86e7-99c251cbf446,personal,217000.0,174240.25,10694.45,12.85,23,5,2026-01-28,active
dc8e92ad-d908-4268-a306-595281c09f01,f3ca0105-cacd-47d0-9d16-1e576e2fef63,home,4357000.0,2858394.86,51276.11,9.2,138,65,2021-02-23,active
3e0535ee-de91-4c55-a9a6-50121a0b532e,bb9f3d57-a31a-4489-816b-62a877d997f6,personal,261000.0,225740.39,19960.79,11.09,14,2,2026-04-28,active
c55f3313-9887-4a52-be0a-e24d5770e43c,d7f58f04-852f-4603-b061-9f570eab603e,vehicle,1773000.0,1266271.73,38163.85,10.0,59,20,2024-11-04,active
2452e5f1-c6ca-41ce-a3a0-2a4d0d3cbd1b,e0cb049e-3da9-4404-baa4-fa0909cd5fe1,personal,190000.0,100859.07,4707.6,14.69,56,31,2023-12-10,active
cc744978-0aea-4439-86f4-33903efa2f2b,797d833e-41dd-4db7-8dec-b5fdd3eda9ee,vehicle,1860000.0,1471807.96,52308.04,9.59,42,10,2025-08-31,active
a58720e9-ba71-429a-b5e6-022629475adc,62072958-8e5e-4ae1-98e0-f0128747f32f,home,4727000.0,83143.79,42005.78,8.34,220,218,2008-07-31,active
08541e5b-6307-4c40-a214-df414fa843bf,08b4d562-0914-45e7-8be4-c0499e917a96,business,939000.0,638397.77,21307.76,12.34,59,23,2024-08-06,active
7419c0b0-8a69-4b6b-ac0b-9b103b157b13,2a0a9095-c8cb-452e-85cf-3528fce4c74c,vehicle,1874000.0,1439360.41,37510.1,9.58,64,18,2025-01-03,active
072c9567-7a2a-4ade-b575-f08e5a3c6c73,78e90f76-e237-48be-ad0d-12b821cfccac,personal,406000.0,297599.54,13584.12,12.51,36,11,2025-08-01,active
d2d967de-eabd-4a3d-8128-4a910b13e68c,61ff6649-ea30-454b-b1d0-bccb27ef2bb2,vehicle,1974000.0,147129.4,37464.56,8.87,67,63,2021-04-24,active
4a53708c-9ae5-45d9-ab1e-a9ef984c2bb7,0fe85090-7c13-4cf5-9b6f-eed894c59383,personal,139000.0,9560.49,9685.65,15.71,16,15,2025-04-03,active
1b0774fe-be78-4fe5-8f1d-9a54640cb241,7ecfe740-2001-4253-8ba1-8585a1f63832,personal,101000.0,88653.84,2500.86,12.01,52,8,2025-10-30,active
33c37df4-287a-4c3b-b7b9-2f740bc0ec9d,a8504c57-aed6-49de-9668-c1720e56f6e3,personal,468000.0,288641.62,33597.44,11.28,15,6,2025-12-29,active
062c56b6-f548-468b-ada6-430b1b0ef5df,f34d7a1c-eea4-4a22-9ef1-3038bc9b8323,education,739000.0,328378.48,13133.93,9.58,75,47,2022-08-17,active
71902827-9ba4-4f3a-803a-23f0f60b2960,2556b7fb-0b42-480f-880b-faf828f96a8c,personal,484000.0,329208.07,17305.24,15.62,35,13,2025-06-02,active
87848611-7362-4ce6-aeac-94102f7cbe98,21b6baa3-2924-4905-8028-984078d0b41b,education,906000.0,119218.46,13799.46,9.91,95,86,2019-06-04,active
4020da92-f39f-4450-ac3c-2cb6b92a26ac,fac00dc3-fc6f-4e02-ae02-bbf9af30ffd1,home,3298000.0,1364209.61,29382.6,8.82,238,181,2011-08-15,active
67076080-4205-4a88-9d9c-01a7a89bfbbc,c8c34125-d044-4fa9-9670-83a34dd01246,education,1552000.0,303204.28,24568.98,9.02,86,73,2020-06-28,active
87de81d7-97bf-486c-8c93-417eb1e89eb8,98894ada-3c94-4229-8925-3f77c3938a99,vehicle,1303000.0,160029.25,20648.05,8.52,84,76,2020-03-30,active
853a6d4b-6602-4f86-bf6c-abd5dbb20212,33b47ff8-32c2-421d-b58c-70ac0596de4c,home,4271000.0,3449057.83,39761.57,8.94,217,77,2020-02-29,active
87398e33-b6ce-4d6d-929d-3bd9d539999c,d57f76d6-8e4d-4c7f-9d98-807430795341,home,4052000.0,1642547.67,43390.55,9.32,167,122,2016-06-19,active
c9415602-36d4-4551-a114-9e705ba1e2e4,cc2489b9-1a2e-4ea3-a8d9-97679fc32cb8,personal,395000.0,148468.38,25774.47,14.13,17,11,2025-08-01,active
b4578dca-6065-460e-927a-1acd99f24b70,41e76117-2124-45dc-a7a4-22c1f8f5eb32,personal,154000.0,140310.96,5132.3,13.78,37,4,2026-02-27,active
878d3262-5bbb-45e0-93ce-dee6a20529be,ae5a3301-3a45-4417-90f5-e472a61639c9,vehicle,1309000.0,216524.4,32042.99,10.68,51,44,2022-11-15,active
00b28bd0-80eb-4820-ab54-3b9dd70c2faa,ec0382d2-0238-4ac4-b15e-0877fcdb4194,business,373000.0,29739.01,7650.04,13.82,72,68,2020-11-25,active
f6312aba-5c4e-4c83-92da-f817b24768a6,1ef7e1e8-bf0f-474b-ab20-52d32e4be4df,education,1138000.0,1036517.72,16324.02,9.36,101,13,2025-06-02,active
065e2b18-a6f9-4b34-8c3d-278541c2f53d,f44c2bdd-39fa-4fd9-8981-a2c8ad9dccf1,home,3289000.0,1512826.08,29925.12,8.6,217,154,2013-11-02,active
3cbab24b-6643-40bb-b3f0-1811f6f9603a,e85998c1-a6e9-45fb-b955-64a3c27a2a1b,home,1310000.0,1276077.67,11142.87,7.91,227,13,2025-06-02,active
f9ac6c9d-e979-4256-9a78-8252f94304aa,f0bf5dcc-3273-4bbd-9471-db918e868760,home,2638000.0,2262249.57,32351.43,8.72,124,26,2024-05-08,active
ede35db5-a126-4fa7-82cb-086d4a75ae99,d928f9c9-f809-48b2-b889-ac35318726ca,business,3721000.0,378118.04,65032.67,10.87,81,75,2020-04-29,active
082a4f0b-d1e4-4da7-bce4-95a3fccd09f4,96ff0998-4525-457b-8865-6c81e0990f31,personal,275000.0,238005.34,21137.58,11.92,14,2,2026-04-28,active
7b6c2cdd-0dbf-421a-96c9-cb9b00a06bcf,9740da8a-e827-4dc8-b03d-c6076a926f9a,business,4469000.0,928226.53,89635.88,12.24,70,59,2021-08-22,active
49319ee1-a86a-4d37-9cd7-6011aeeb0ca4,1b45dc3f-daa2-472e-9c3b-f6a48c01a820,business,4729000.0,3176076.63,144572.07,12.24,40,15,2025-04-03,active
10ed7f6d-7d23-47ec-b4fb-84d6de0dd399,586c300c-8a14-4bfd-89f3-6b866f2cdc6e,personal,177000.0,61698.55,5528.13,13.6,40,28,2024-03-09,active
38277dee-fbc9-4ce6-805a-2f261e52c97e,6b50f6ab-a117-4c1b-8db0-4c0556d3ba00,business,2275000.0,1569229.16,58283.57,12.99,51,19,2024-12-04,active
f06bb9bc-ee2c-4f04-9484-79d78ef7e565,f3958f3a-12a8-4ac1-95e3-ea6624895eec,vehicle,1648000.0,1142173.68,26345.54,8.52,83,31,2023-12-10,active
0fef67e7-82df-47d2-8b31-242f7f2a2012,2901a68b-2b4a-45e6-8f25-eb6f83192d60,personal,365000.0,153239.2,17923.44,12.47,23,14,2025-05-03,active
1278568e-031f-4044-965d-13ff4efc0f87,bdd02166-b363-46ab-afbf-73074a9b9943,personal,266000.0,83029.82,14435.17,14.64,21,15,2025-04-03,active
3fd8187f-49eb-441b-87de-790eb99925ae,fd41f3ab-58d1-4cf2-9657-88e2db0a08b2,home,6862000.0,501035.26,73601.84,8.43,152,145,2014-07-30,active
f43f1df8-0258-4c12-94d6-69aaeff1b347,96a66cd7-2565-4fad-a5ca-8bb6b4bd2aa5,home,5632000.0,1633645.54,64917.68,9.02,141,113,2017-03-16,active
a9b08bf4-fd5a-4027-9739-680e64e6c06e,394f7acb-54ca-4c56-9b17-76ba9fac00a9,business,2323000.0,2038553.66,42564.5,11.31,77,13,2025-06-02,active
0a123c75-b6ba-4f77-82d7-33da3c64a833,d01dfae5-9b78-4409-9415-3ac4f21a75ff,business,2838000.0,2116670.94,62150.21,13.3,64,21,2024-10-05,active
821662c8-662f-45e8-8917-f460061e29f0,f83346a1-564b-49e0-891a-89fefcd55c5a,personal,305000.0,160237.29,11627.08,12.94,31,16,2025-03-04,active
ecb8861b-74c4-47ff-a413-ce2c09044441,ac29612e-8fbb-4481-8a5c-4ee41df06f82,business,1669000.0,425384.78,40938.27,11.54,52,41,2023-02-13,active
69685881-3cb7-44b1-944b-3cc2a048de19,f1052162-a154-490f-8aea-4924b9d1fb4c,home,6449000.0,5251930.81,62279.23,8.91,198,65,2021-02-23,active
cedd54f6-a542-470f-88aa-7d054399045b,9486565b-bffb-4e68-bfcb-329f6b177172,home,2953000.0,2351549.02,26146.6,8.37,223,81,2019-11-01,active
7024926b-7755-4206-8078-8508f500db30,d84691dd-52fa-4e1a-870b-bfd909476f51,business,1141000.0,943738.01,26741.58,10.04,53,11,2025-08-01,active
ab6a5238-6d74-448c-8600-9432298b8bff,47df220d-69d6-44af-bb45-fe11e708f884,business,4003000.0,1614538.57,79713.45,13.04,73,50,2022-05-19,active
1755e108-6d94-4344-b22f-6612197ba76f,48866a5b-8421-4c63-881f-5d38bcc40089,home,7664000.0,2385618.99,76955.63,8.28,169,134,2015-06-25,active
aff8fc28-3329-46bb-90b4-8db85ff0d940,a85f2bca-322a-41f4-834b-e10c8399f46c,home,7230000.0,6395420.27,71425.83,9.47,204,48,2022-07-18,active
4c363458-1e7c-4e15-aa77-6ffa0bcd51e3,8d0234fc-b55d-41f3-99a0-8f616e542367,vehicle,1238000.0,64426.79,32580.69,9.11,45,43,2022-12-15,active
37528a13-f823-48ab-a77a-64fe06be2128,19f0e31a-6e98-415b-b011-bdf549a05537,personal,446000.0,24531.66,24783.72,12.33,20,19,2024-12-04,active
0335162f-df3d-4607-9ddc-8205991db51f,66cfa82a-36f9-455f-bf7b-6cff529542a9,personal,134000.0,91559.77,9672.69,12.13,15,5,2026-01-28,active
4ed139f9-aebd-4f06-8257-53932af1bcd5,30d73d38-2949-4417-b559-deb4d21d368a,home,5803000.0,4118025.38,50603.92,8.04,219,101,2018-03-11,active
27f7f9d0-155c-40b8-b457-ab5dcdf8697c,1a1800d5-7a75-47ec-9791-807f196c2dca,business,509000.0,250510.85,10260.96,11.65,68,40,2023-03-15,active
3273b1b2-17f2-4fa9-bb81-7150efaea89c,81e65cee-6534-42d1-b153-c57b56b461bb,business,4949000.0,3725562.77,115797.87,11.98,56,17,2025-02-02,active
4af78acf-c5d8-4d1d-9d42-674aa9500120,35c18235-ca66-469c-bb48-d80b30457433,home,2491000.0,1282344.49,25417.62,8.16,162,100,2018-04-10,active
88971661-0d9a-489e-8e6a-3efa225cf5aa,3bd5899b-ab16-411b-b4e6-092f5f95f1c5,business,4584000.0,2464310.49,108916.31,12.7,56,30,2024-01-09,active
bb97e5a7-acd6-40e2-901b-53ed092ead45,ec9f2451-2561-4d82-a9ea-5046e74bcf61,business,3328000.0,1588023.52,64602.61,13.66,78,49,2022-06-18,active
384f2437-18fb-424d-9b91-c3fe1544fae7,c0d17f87-d4c3-4701-a091-9e1c14125aef,vehicle,1029000.0,1002243.36,21812.61,9.9,60,2,2026-04-28,active
23ec361d-5327-458f-bbe8-959009f8bd5a,e5665e57-697b-4f65-ae5c-3a59ab3fa589,home,3144000.0,2864552.69,38641.61,9.2,128,18,2025-01-03,active
4bc1433e-f43e-463b-b01f-bdad563be701,f1a493c2-9920-4c73-abec-87448f4f4551,vehicle,1347000.0,725681.9,26703.63,10.13,66,35,2023-08-12,active
f7f8696e-815d-47f5-ab5e-d8d884540ccd,dd7157ce-0122-44e6-9a61-c15d16970c48,personal,473000.0,236119.08,19467.42,12.07,28,15,2025-04-03,active
f09ab09b-5c93-4b69-908c-f446fc432f1a,9ff98a71-95ab-4b32-8355-25a3d9002ed1,vehicle,498000.0,405088.05,15207.94,9.42,38,8,2025-10-30,active
aa64dce1-06c0-46c2-97d1-eb01d47d9fc8,462773d0-e4d1-46b0-b711-8640d765ef1f,personal,245000.0,151940.05,11927.01,15.41,24,10,2025-08-31,active
c4847b96-8cf4-421d-8f70-55fb5b1609ef,d43b9b37-9cf8-4fd4-99bb-11eb6a871352,home,961000.0,71378.39,10459.62,7.68,139,132,2015-08-24,active
3ad60f5f-52a1-40f0-9a26-37e8742131ac,67d47ad3-fc61-4b51-b0d6-e3988ad82d37,personal,163000.0,102232.52,3724.79,11.5,57,25,2024-06-07,active
539dcb61-0996-4a7e-9c41-2db0b4fd96df,55803e6f-e04f-43ba-8274-04d3ac96bdb3,home,2372000.0,2071523.28,28314.97,8.76,130,25,2024-06-07,active
100c1e99-0b93-41e2-9684-9f03ee28f2a9,1aab9096-da2f-474f-b078-e2e6a005361a,personal,287000.0,275790.11,7447.8,15.72,54,3,2026-03-29,active
efe81a5c-4c5a-4fa9-bdc2-511c48d96868,a2458750-e032-4e17-b580-cfe3d3276a0e,vehicle,936000.0,626707.57,16085.59,8.75,76,30,2024-01-09,active
0b68538c-1033-42fc-bc29-29261e7cba1f,67eed393-5850-45db-9562-0581129d291d,home,6892000.0,6246203.52,68649.24,7.6,160,24,2024-07-07,active
851f0ca2-11d3-4251-b4ef-b3786af55cc8,8a244562-9c0f-4f6f-99ff-55d7f90f7976,business,4947000.0,1155990.29,135682.39,13.33,47,38,2023-05-14,active
c3261c56-06b6-4cd9-9e1a-b015a8c26495,87493bba-de47-4f77-b99e-b26112406571,business,4660000.0,3792584.43,99204.24,11.64,63,15,2025-04-03,active
bc485264-6cc8-42d0-ad43-dff345a057ef,94038442-bdba-4c33-8717-a42bafddf64d,home,4175000.0,4033620.05,40516.78,8.88,195,14,2025-05-03,active
0fd6ca02-448e-4e6d-b8b5-2241b8aa255b,4fa1a3d5-30ea-451c-8a99-10fbc34150c3,business,819000.0,792905.81,21300.84,12.19,49,2,2026-04-28,active
effc468d-2bfc-4a23-878c-ba52c7e8313c,501dce6f-9524-48c6-9cf0-51c0b896b9f7,personal,464000.0,178963.1,11164.57,15.0,59,41,2023-02-13,active
6f18a306-6484-4574-ad1f-611992e96a28,efd81359-74c6-4aa1-8b9b-98d1b49962d6,education,1500000.0,822842.54,22107.34,8.09,91,48,2022-07-18,active
9283ddac-52a4-4b0c-9cdb-204d6082ef44,08519b3c-20c4-49cc-ac1c-a7dd6ed07e89,home,5024000.0,2570289.58,47172.27,8.03,187,119,2016-09-17,active
07c1b645-d14e-48a8-9884-3e1fb672595f,da5fd5d9-4156-478c-abba-81c5a15dbb8b,vehicle,1378000.0,93722.39,31760.3,9.95,54,51,2022-04-19,active
32119090-7e80-413e-b847-36f54faad636,c07144b3-2c30-4ed0-8a39-23216ba501aa,personal,328000.0,231803.59,27134.69,12.67,13,4,2026-02-27,active
8dfcd1be-66ef-4d15-932d-83eeaa8ed336,1a4173d5-b1b5-4f29-be53-004282f472d9,personal,366000.0,63335.74,13116.5,14.08,34,29,2024-02-08,active
d49ee34a-b07b-4409-8842-9dbb61d70723,391070bc-2de1-45ad-ac8e-35cb7a34d1b6,home,1348000.0,340783.87,13822.65,7.93,157,130,2015-10-23,active
3b27a7e4-5a18-4dde-99db-379245fa253d,ec3001ae-f9dd-4688-b77a-30bf1f31cbcf,vehicle,281000.0,35556.21,9076.32,10.07,36,32,2023-11-10,active
d13eb81d-1cbc-4d14-83dd-184086640b94,982554b5-daf5-4999-8a6d-c86df3293bb5,vehicle,1536000.0,1451494.01,32172.06,8.81,59,4,2026-02-27,active
4a21349d-de04-40b4-af79-0339e2b8045b,2b3f4b3d-fe2d-4b1b-b653-258429e85491,personal,55000.0,2398.77,1217.06,11.77,60,58,2021-09-21,active
dd3419ef-5a1e-43a6-a9dd-4c59115ce10a,ad6b7f9a-a6fe-4b61-afbc-962439ae68aa,education,307000.0,209961.43,4558.67,9.18,95,38,2023-05-14,active
7c7fa136-4bc9-490b-8689-9af4c17ea1c1,d16681d7-1379-4a7b-9fbb-a420190acc4b,home,7519000.0,6185857.55,66561.33,8.42,225,74,2020-05-29,active
c277a9c0-2a35-4d8e-b5b5-049d5a3e5edc,a2552d5d-f1f1-4ff2-98e9-b130206bbc17,education,554000.0,413357.28,7084.66,8.31,113,38,2023-05-14,active
c5b2dfc6-343e-49aa-976c-7bf26d572760,8cfca70f-afef-4339-9e04-8af38d416bea,home,5072000.0,4678849.55,49218.16,8.06,176,24,2024-07-07,active
1e9c42c5-87d9-48f0-9e15-11fb55a381e1,67759f84-35a3-4b23-a61a-9e4d6cb06668,home,3687000.0,3522174.64,37662.91,8.3,164,13,2025-06-02,active
decf4440-3859-4e90-8b53-3061ff2b1627,85937ce6-8b7c-4a6f-ac4e-db4ecf55f45b,home,2009000.0,803031.09,24481.61,9.31,131,93,2018-11-06,active
5c8255ec-b716-424f-8e66-6e36c5339c9a,11da70b0-91bf-4974-8b26-64b8aa6e3347,home,666000.0,417582.4,5730.81,7.79,217,118,2016-10-17,active
1c727d68-f5f3-40b7-b95f-3f025f7b0b93,33611057-b1ce-4331-8786-08ebac28f105,home,3038000.0,2656406.34,30361.11,8.41,173,37,2023-06-13,active
e89194ea-ab7e-47a5-9777-65cd7fe6720f,630cd034-3c7f-4022-b78f-ed221642d3fb,vehicle,1414000.0,762001.38,29712.25,10.07,61,32,2023-11-10,active
bc8d8b5d-52c1-40d9-8bdc-4bea808d0b2c,30320498-bcc9-4ef3-976f-366bda46c5c6,business,891000.0,876402.01,15625.46,11.26,82,2,2026-04-28,active
01aa2601-33fa-422f-a7f9-e92f43b1a911,b13c6966-4272-44a5-93c0-c8896fec169a,home,7701000.0,1171496.87,69818.48,9.0,235,217,2008-08-30,active
9da7b30f-8bd2-400e-8424-716eaf25138a,0ae72b64-aeb3-4594-bfe6-f614b0918eb2,vehicle,1862000.0,486696.34,34588.52,9.72,71,56,2021-11-20,active
23d6fa27-f57e-44a9-ad7d-dce54d3954cf,3bf560e8-fc13-4ddc-9951-417664b93891,personal,194000.0,149020.54,13440.5,14.86,16,4,2026-02-27,active
f899c5c6-3718-48cf-b885-5d289674e775,87725b01-3720-40df-9a28-5b19bd3e8dda,home,4419000.0,151367.13,38496.0,8.27,228,224,2008-02-02,active
5c6edf98-46fb-4b7a-91e8-5386ec60149c,c2e52ed1-ae5c-4884-8c15-d043c1c4c5fb,business,1173000.0,628024.91,32499.39,13.89,47,25,2024-06-07,active
584a7c6e-e547-4334-9aa7-1e10f730072b,f03a4235-ecb8-42d8-ac85-8de97002c0ba,business,1101000.0,810991.54,28657.71,13.04,50,16,2025-03-04,active
3e6c315f-d4a6-4197-ae89-9d896b6062b7,ffe7c791-1780-488b-b927-1b7c78330a03,home,6988000.0,221593.91,74920.93,8.56,154,151,2014-01-31,active
5dc5b91d-6766-465b-826d-4a71759d52eb,7a363c1c-2369-4896-9204-9240342b3c74,vehicle,1943000.0,306120.75,39615.99,9.33,62,54,2022-01-19,active
5146a263-7e19-43ab-8a25-f093cbffeac0,275e96de-19eb-472b-ac9e-25a31ac27273,home,3818000.0,3373245.41,39044.09,7.88,157,29,2024-02-08,active
28461c47-d534-4a43-92eb-98e585ed3e52,f717b7c3-831f-4a8b-9628-f080d397d0b4,business,1291000.0,581193.2,35197.16,11.09,45,27,2024-04-08,active
d066f72a-fb35-4232-8bf0-be2bec6a5c28,80a85698-3f7d-4579-9913-f8f88bda177c,business,2179000.0,983040.1,45162.57,13.14,69,44,2022-11-15,active
ad8dac3d-7908-4cdd-8ace-b65533a1ecae,f000ec51-915c-486e-a10a-d4fb3d4ff484,business,2953000.0,1749706.06,83085.63,12.88,45,21,2024-10-05,active
7813ee54-d54f-4990-a3d8-5d6752c4637f,dc3b023b-6309-44d6-b0f0-41568a044f5f,home,6311000.0,2287894.48,51810.12,7.63,235,183,2011-06-16,active
37179d63-d0fa-4dd6-8fba-a3eea2395d98,d3568f92-cd18-499d-920b-2edfaaa4f929,home,4283000.0,4157642.84,37583.75,8.13,219,14,2025-05-03,active
70f4541a-5547-4c58-b798-6f5220d35c33,8680ba41-ab56-43a2-9eaf-cc1505cf96da,business,1114000.0,302774.2,25108.73,13.1,61,48,2022-07-18,active
c115b09a-c40f-48f7-81e3-f1ab31e8f78c,b4082ece-0877-4232-b906-3b7aa608aa8c,home,7854000.0,7763110.61,89170.97,9.03,145,3,2026-03-29,active
72980528-d78a-4d2e-a8a6-5c4f4151738c,7875651f-30dc-400d-96f9-d9fd84e9571b,home,5815000.0,4721984.35,60839.69,8.9,167,51,2022-04-19,active
bb3a6c9a-d378-437c-a0d0-ef5f617aa334,8ea9095e-3867-4597-ba09-936d38d7400d,personal,442000.0,77969.72,39663.03,13.89,12,10,2025-08-31,active
68774752-f512-4afb-9078-18c6f8ec770a,45187764-65b1-47a2-9bcb-32f052e2c264,vehicle,415000.0,195566.74,9683.32,9.08,52,30,2024-01-09,active
805b524b-eb68-4905-a587-ff934723f328,d6c92351-9bce-4912-8941-fddff17c8f1d,home,5351000.0,5254858.18,64209.3,9.07,132,4,2026-02-27,active
4eefb602-5864-4fc8-96ac-88e615f7d614,c0061aa7-6649-4193-b1cc-c1d883672df6,vehicle,1544000.0,290378.92,30201.52,8.65,64,54,2022-01-19,active
c9a87758-1713-4f81-b0bb-74a0e0aee36c,3407dff7-7e0e-44f0-a103-b3adebe904af,home,5778000.0,3354554.27,51766.23,8.74,231,143,2014-09-28,active
329a3f14-c73f-49b3-9213-465edad2b512,efcaf723-f91b-4245-ba7f-af75a0febe0b,vehicle,1702000.0,325309.88,42306.04,10.66,50,42,2023-01-14,active
322e3402-6776-4f67-84fe-c5b69732e13a,0b00b450-63c2-4ccc-8d88-080b35320109,vehicle,1541000.0,216022.42,44249.08,9.62,41,36,2023-07-13,active
ed9dd6d6-e5cc-40a3-b01f-e4112099a801,02277272-01f6-4890-9c68-8957181b2a4e,personal,288000.0,90029.91,8721.42,12.89,41,30,2024-01-09,active
cf13036d-eeed-445e-ab6f-35781e1f046a,597f644b-fd4a-4176-b42d-53e88de62ab3,personal,210000.0,110269.83,12950.09,13.47,18,9,2025-09-30,active
f5ebfed7-83c2-45ef-abe5-85e7e7433e1c,ba066f61-2d31-4d67-baee-9756bb47bf3a,education,1571000.0,1404214.5,26732.51,8.06,75,10,2025-08-31,active
d96ba228-e8e0-46dc-a076-ada97d0cbcc2,f61dcc2a-7eef-46f0-8d6d-7a48b5ead5b4,education,1403000.0,496041.65,19034.55,8.73,106,77,2020-02-29,active
2d0a580d-844d-405e-b13f-cb6b0decabf1,2d58695c-73dd-4434-b05c-7a6b62819740,home,3338000.0,2811279.17,30312.81,8.6,218,65,2021-02-23,active
329ac8de-2181-4f14-a8a5-2e44b3392ef7,3881811c-ffb0-43ba-b259-cd13035c4df9,vehicle,333000.0,125134.38,5945.41,9.03,73,50,2022-05-19,active
9f935ee4-6a97-4dea-8839-db225fb90222,0a75d4e5-daad-4914-bf42-142a33d75033,home,4247000.0,3313711.78,41659.54,8.7,186,67,2020-12-25,active
cd895f9b-5aa0-4cb0-80f9-91942738d602,2d924528-7baa-48cd-91de-228db90cf8e3,vehicle,278000.0,29730.23,6099.43,10.26,58,53,2022-02-18,active
0d16ed1d-78c8-470d-a6ea-c5f527cab62b,7463f197-7a8d-4cc8-9ce6-a845f1e56119,business,4655000.0,930891.12,109252.88,13.31,58,49,2022-06-18,active
89bf7a05-7313-4026-92d8-55892e8629df,f9d98f0d-633d-4781-9b38-1621a8b55a17,personal,141000.0,9609.59,4885.06,13.34,35,33,2023-10-11,active
9e08a594-71f2-404f-8927-e87177f441ed,4c976be4-e35a-41b6-b1f3-2997e586a462,vehicle,1983000.0,1463123.7,41257.33,8.52,59,18,2025-01-03,active
9e2b4e53-585a-47e6-bfff-50a454f5b579,7efaa887-f139-49c4-b1b1-bce0c0595a5a,personal,441000.0,236179.55,13274.32,13.69,42,22,2024-09-05,active
281054ea-9d01-4136-ae2b-e4925df47594,24334690-b38b-400b-b704-e7c70c277158,personal,344000.0,302646.61,7829.61,11.91,58,9,2025-09-30,active
93e807af-4166-47f0-b3e9-bb1666c5f3e9,dbc072b6-de5b-4f3b-8db9-14adb7d68b5a,business,4130000.0,3600129.7,85771.81,10.1,62,10,2025-08-31,active
fd0fd75d-7fdb-4148-bc00-f08f9e09c337,184c49f3-8d20-405b-85c0-e5e04379a35a,education,1677000.0,136765.96,23380.92,8.77,102,96,2018-08-08,active
af03b038-33ba-421b-a572-10b83f0d38cf,fe749688-e50e-4970-ab38-375e8e88944e,vehicle,317000.0,303500.82,5867.97,9.59,71,4,2026-02-27,active
35d6bdbe-9fa7-452b-99d4-b2773fb21d3c,b4b6de11-a278-4c98-9f47-57805f7354a1,vehicle,248000.0,166558.74,4594.67,10.72,74,30,2024-01-09,active
ca79c39e-53d4-4069-8d5a-00e80301c01b,782b79a9-c722-4b29-95ff-0a54c8d7262b,personal,51000.0,35558.26,1227.72,11.34,53,19,2024-12-04,active
b7f3bf54-f1b4-4d47-9390-3e4ec923413d,dd61fb7e-ee40-439c-8307-8aff279abca7,vehicle,206000.0,35755.55,3719.17,8.67,71,61,2021-06-23,active
5efc6c16-471b-470b-be6d-3c4381874b2c,6b724de5-3d38-4803-892f-c38ce1bfb96c,home,7043000.0,2297486.17,80493.4,8.5,137,105,2017-11-11,active
d745ba4d-39de-4d3e-8c04-39dac15435b0,078a71af-b01a-49dc-8ff7-2e1cf139e65f,business,2731000.0,312550.72,64670.49,13.72,58,53,2022-02-18,active
940a0b48-d3b8-4452-97a3-e3e97addb943,251d56a8-cb7f-4994-ae27-edfb57d2de09,business,3514000.0,2008788.37,73530.93,11.86,65,33,2023-10-11,active
5757f226-1a77-4c92-9332-f890059cd8ce,035f5a5e-f936-4514-b4a4-63902b9b6e89,vehicle,1613000.0,90933.74,45989.83,9.19,41,39,2023-04-14,active
a35e090b-55c4-4266-a691-95255cf87cf7,97dba71a-8182-4a08-8138-ea5f4ea1bf3c,personal,364000.0,308785.31,10204.55,11.65,44,8,2025-10-30,active
5db09eb8-e1e9-4564-8f8e-ad08208e75d2,ff91b7a3-83d0-48d2-abd9-8bad217fd9da,home,3019000.0,328711.56,28717.36,8.81,202,190,2010-11-18,active
b73b82b4-de21-404d-a95b-c9a7daa53795,0af0a54c-f30a-4dfd-9c92-8e7b37ca63b1,personal,231000.0,41173.98,7087.01,11.14,39,33,2023-10-11,active
59c17471-fa06-4f50-88b4-0e6c80b65ce4,b0bb2d0c-e3ef-4333-93c7-37197790013b,personal,336000.0,33918.62,8707.16,12.81,50,46,2022-09-16,active
5dd5efbc-1246-4771-b903-72c83751adf7,785c18bd-d4d8-45be-a42e-138390cfd17e,vehicle,1435000.0,1111210.03,26711.79,10.54,73,21,2024-10-05,active
bd945e69-6164-4490-ba0f-e4dd1709ae46,94a138c7-fe6a-4757-a8a0-2be6bd4dccf6,home,6990000.0,6278238.91,64224.08,9.19,235,54,2022-01-19,active
a7f47c6a-8eb0-4417-9726-7a828072a2f3,79e51218-7bea-419b-baa5-c8b01fda0815,personal,158000.0,32644.14,3860.23,15.17,58,49,2022-06-18,active
e90c62ba-33fb-4e24-b06b-07b272029a40,bcdea787-da61-4d53-8614-81d9fdcb3ac4,business,4026000.0,142709.55,72437.61,12.12,82,80,2019-12-01,active
a8765c3a-4dce-4ed2-91a4-c5f5cc888e13,1fa40b6b-28f6-4397-8868-11c7702d6d68,home,837000.0,460383.3,8033.18,8.21,183,110,2017-06-14,active
c464ec70-1969-4952-a439-68ffe5cf30ed,4767520d-987f-4d5b-a9b9-61a24a49e30e,personal,170000.0,58470.33,4016.9,13.62,58,42,2023-01-14,active
a0bebdfa-29e8-4edd-854b-4f550ad59e21,0a74956c-8f56-4d96-bdda-5b06427a5e4a,personal,213000.0,161338.01,12538.94,13.75,19,5,2026-01-28,active
92ba8352-398f-4d3d-a360-8f1cf0227c93,bd14155e-2801-4181-8460-cca33f876964,personal,273000.0,165063.71,7866.83,13.25,44,20,2024-11-04,active
27fcc712-3a11-4197-ad06-b0bef0012c36,d93e3cdc-8261-4555-b029-200e9eac9354,business,3115000.0,1175011.91,72448.59,13.45,59,41,2023-02-13,active
160c9e0e-f541-4982-a80a-2043857dbcba,8d6a9f5a-6831-4d8d-9956-2601ff543096,vehicle,1400000.0,960353.22,31051.06,10.14,57,21,2024-10-05,active
31541815-d4a3-41d1-841d-3f3dad866449,5f9376a6-b27e-4c70-a546-100b38fef039,home,2264000.0,350691.5,23294.93,8.71,169,153,2013-12-02,active
49178268-3ed2-4734-98a5-c55e22b35120,fa8f9335-b773-4a96-be85-ac2727b78eb8,personal,106000.0,95269.39,3678.94,11.72,34,4,2026-02-27,active
0574a977-16ff-4f8c-9a8c-a3b206ad87bc,7db503a1-966a-4728-ab97-956d6c1859db,vehicle,1301000.0,753763.17,39358.06,10.24,39,18,2025-01-03,active
b7174a3d-a35a-4621-b62a-af6582530556,646d622e-1809-4246-a0b7-8f90e77f85a6,personal,310000.0,64539.33,16571.11,12.91,21,17,2025-02-02,active
b5bb2584-e4eb-49ef-ac6a-65adc3ac2879,415b0161-ffe3-49b2-b2b5-9382bb5f3f63,home,1168000.0,269536.02,12365.69,9.42,173,149,2014-04-01,active
6786c2b0-56e8-4852-833e-679227939355,b9bdf495-caec-45a1-87d4-4c50049b8b1e,home,3272000.0,1089590.95,28441.56,7.58,206,162,2013-03-07,active
ac4781b7-e919-465b-b574-77bcdbd3f853,8a0e4111-b68b-4a5a-a1cd-8c97deb4ff93,home,6235000.0,6024032.6,61633.71,8.61,181,12,2025-07-02,active
731dbf87-de95-4550-9350-37cdd8813df4,ccc1ab94-d391-4777-a35f-d5042b3aca72,personal,227000.0,37390.6,12746.68,13.58,20,17,2025-02-02,active
c111053c-4be6-4aa6-9cb7-91116885e29d,e6cdc650-aa77-4f4a-81dd-10624c7e326e,personal,156000.0,47694.15,5565.34,11.89,33,24,2024-07-07,active
729aaf7b-a9f9-4a17-8b5f-f5e9dc65de4e,71bdb91b-b24f-4493-a0c6-59423b88246b,home,1518000.0,706729.26,13618.67,8.05,206,142,2014-10-28,active
816a1663-4eae-4288-9b98-243803691674,50cca32d-35d9-4e88-8ac5-516b7ee10521,education,582000.0,458189.18,8557.23,8.25,92,25,2024-06-07,active
26075b8a-1ab5-4756-a0ce-0207e7e15010,d50fc007-4ea4-43ea-acaa-876c7f97a610,business,2136000.0,1278614.83,39975.86,12.36,78,39,2023-04-14,active
4455eb2c-d9e6-44f0-9d48-f45036df571f,d58556a5-2bbf-4035-8bc3-1150fee8663f,business,787000.0,632913.53,20187.4,12.28,50,12,2025-07-02,active
64a58811-3db1-4170-b1e6-d5b345f7be04,35100bf7-8bfe-4719-b70e-4e1bf5052cd0,vehicle,447000.0,72718.86,10692.2,8.71,50,43,2022-12-15,active
3d83a584-4fb8-4b21-a324-bc6f17bc4114,0e8c0954-b24d-43d5-803e-700069c23e36,personal,244000.0,21748.26,22019.57,14.97,12,11,2025-08-01,active
5aa31d9c-5a92-4eb1-b3c6-d201c01731ae,929790cf-588a-4fdf-856f-b0d707e6075d,business,3491000.0,954936.61,73209.18,11.49,64,50,2022-05-19,active
e842de5e-c8dd-4e4c-9e73-edb49350877d,669c69ad-8d51-4cfd-a1af-afe95205547f,personal,75000.0,21793.23,2888.34,15.83,32,24,2024-07-07,active
6a8c2f73-bb72-45f4-8543-5f9a8d31b1d2,3b30f98b-3af0-4670-be0e-04f2f4112b69,business,3679000.0,1916140.38,68751.73,10.32,72,40,2023-03-15,active
14d4740d-0edb-489a-9d5e-47e6918d6e5c,f396f191-2957-4f2c-be6b-b0ea63019fc7,home,7360000.0,5622598.76,66399.79,8.1,205,79,2019-12-31,active
f195c9e5-90f9-45e9-9df4-bcd0ac094556,bc032755-9f58-482c-8107-f0f26123bcbb,personal,143000.0,18105.36,6171.52,13.51,27,24,2024-07-07,active
265a517f-4e79-4a17-bfee-94fce3a069fd,e251e56c-094a-4c49-b5d8-26fd90f58ac2,home,5675000.0,1516035.42,54433.17,8.2,183,152,2014-01-01,active
c3afe3af-a5f6-4e0e-93ef-044ab73fd9aa,48a891e1-8485-4409-b406-74a4c92ccefd,home,7765000.0,4672842.45,83804.88,7.6,140,71,2020-08-27,active
e1330d49-a1a0-42fd-b4e1-ac1adaf06a4a,b40f6a30-d876-41e7-97ac-07490d796686,business,3719000.0,191362.69,97061.35,11.52,48,46,2022-09-16,active
0e700207-4890-45cd-b8c7-5772923569d8,ec7585f5-12f1-4226-aacb-79df4bddb75d,vehicle,1011000.0,828409.64,22541.35,10.98,58,13,2025-06-02,active
c55712f1-2b26-4a99-a2b7-71c178d03cd0,3d80b45b-daa5-465d-b54b-a1feef285e74,vehicle,662000.0,307937.08,16770.96,9.94,48,28,2024-03-09,active
08a9d2c8-6015-449f-8a4f-0eb4ff8c6107,d06caed8-f4eb-49b7-bf2c-6d51d560406b,personal,450000.0,81915.02,14291.77,15.88,41,35,2023-08-12,active
2638b355-2fd2-496f-86d3-ebc58b1facf2,80b0e819-a267-4f00-aec0-9fc1e1eb1ec6,personal,196000.0,105734.7,6539.65,13.86,37,19,2024-12-04,active
a9ea63ab-7659-40aa-b570-298d7b7f8cab,b013c9c9-81d8-43c6-b6a2-36c0ee252888,home,7421000.0,6008144.37,72961.69,9.33,202,70,2020-09-26,active
ab3cbd8e-4a00-4bb3-aa37-9baf73c9d927,efbd0b1d-cb00-4a74-9fb7-8c008a89d13f,vehicle,309000.0,178742.11,5052.72,8.67,81,40,2023-03-15,active
e67b751d-e31f-4c85-a7ad-a89709aebdb8,ae5ead40-9a14-4415-8bd5-ee53eeb7cf30,home,4151000.0,3443809.54,38145.57,8.69,215,68,2020-11-25,active
803c551a-90da-42ae-a225-c0705d84ce35,22780cb6-abf9-4009-a924-82eaecd6a0ed,business,1874000.0,1837063.15,34940.88,10.6,73,2,2026-04-28,active
8a8fb326-9140-49c3-85e2-4fdd4b9a4d75,a14d5a57-7879-415d-9eb3-3b518af86556,home,4434000.0,745587.92,52572.33,8.51,129,114,2017-02-14,active
c8f4875d-4024-4a23-a7c7-8e8946cf1567,0a2b2907-e67a-4016-aaff-1bce047d9dc9,personal,237000.0,181370.61,6217.33,14.21,51,15,2025-04-03,active
6842c101-deef-47e7-9f91-748823afe65e,d51958bd-94e8-49fe-be66-a64fc91a731b,education,1549000.0,1234149.08,20367.32,9.26,115,33,2023-10-11,active
813d865f-3a28-4bf7-9f76-f7c907af50d5,b9fa1a53-6016-4843-a427-42b7b9358c0e,personal,487000.0,336831.31,17870.26,12.05,32,11,2025-08-01,active
8dc878e4-d00b-48bb-ab89-0b81cc98244c,8685214e-e59b-485f-874b-5a34eadbb22e,vehicle,1798000.0,873961.13,51985.94,8.75,40,22,2024-09-05,active
29386d15-d78c-4cc9-a1d3-892164ddc7f7,a3ccd399-f14e-4a79-8056-f30350f33ecc,business,380000.0,203205.96,9858.25,11.2,48,25,2024-06-07,active
2099a676-2601-4ffc-9a51-fca6bdc0737e,81da68bb-7309-4406-82b2-5aa93ee2e7b4,personal,339000.0,245905.9,10837.21,12.43,38,12,2025-07-02,active
eb1d6bba-7c66-46da-80b7-b2572c64cd3f,bea2122b-8ccd-410d-829c-1f2defc40664,personal,186000.0,132540.06,6962.1,15.54,33,11,2025-08-01,active
8d283de1-601e-4b69-95b2-3aa7e86ac36f,7b1eb6f0-216e-47b7-b0e8-ca8d708a4d30,personal,123000.0,79223.52,6233.83,15.81,23,9,2025-09-30,active
bf7bcb1a-00bc-4f97-a11f-15ff3ea8b7a0,b2646221-386a-4b05-b5c8-157a5f63820b,home,2380000.0,1998701.5,24543.78,8.75,169,45,2022-10-16,active
9b99a6d2-aaaf-4742-8f01-d85dcba5d149,23a23352-ded9-486c-890c-02e75875691e,home,2375000.0,2152438.06,23890.61,7.51,156,23,2024-08-06,active
99dcdeef-ebda-43a7-b249-5ee1271032f4,9d54d903-f3ee-4fa0-8213-dcbb405e45fc,business,1381000.0,799732.32,32484.07,10.92,54,26,2024-05-08,active
eb109edc-e289-44c9-93b1-ffd8163a2833,2afd9aa7-1cfa-4b6e-a545-fc73329fcb1e,personal,78000.0,56112.71,2102.8,15.63,51,18,2025-01-03,active
ef2aa128-c3d2-4732-abb9-8f8592919c14,f93b5850-8fe1-4b3d-bf72-60f74c12d159,business,438000.0,405187.66,7704.07,10.2,78,8,2025-10-30,active
66aae183-01f3-4d88-a397-14a9fbe9f132,283ec035-068b-4238-893e-1a14bdb763e8,business,1399000.0,1244900.31,27423.53,12.1,72,11,2025-08-01,active
d32c2ad5-48db-44f2-b078-2945e7369858,7d6c8ff1-2d0f-4625-99cf-96e5ad94120b,home,4836000.0,3428309.86,42672.59,8.21,219,102,2018-02-09,active
f0a2854c-c1cb-4dff-bb31-0064df412671,8bfa0f87-7c37-463e-9c33-fc0f0fe673d3,home,1501000.0,1367212.33,16320.64,8.76,153,23,2024-08-06,active
e125da2d-fa1b-482c-aa8a-d5f2b1b984e4,e754e100-83ab-4bc9-aac5-8b42e28336ed,vehicle,201000.0,20318.32,5174.22,8.91,46,42,2023-01-14,active
01ece25a-3917-4945-a98e-9bee2f6f607f,19ce1671-d551-4daa-ba0e-44971559823b,home,3035000.0,2928894.82,35763.57,8.27,128,7,2025-11-29,active
30740242-944c-40e4-b669-51b5df596f1a,58bb9a84-6e0f-4303-9eae-418f0c98cbf8,vehicle,807000.0,717839.21,19249.97,10.16,52,7,2025-11-29,active
c53928da-ca39-40e4-aedd-2cb58372bf13,6e2a5ca1-15f9-486e-ad1a-d6a002e9102d,personal,479000.0,377285.16,17193.12,12.35,33,8,2025-10-30,active
d3821352-2de1-46d9-8acd-953a39449ab7,d7a1f0dd-4647-4128-a586-aeb3ed480a8a,home,1978000.0,1946662.04,19731.61,8.22,170,5,2026-01-28,active
601fb342-127f-4502-9099-139b5ece63a9,a348c2e3-6602-424b-8795-52e4046d1ff2,home,3054000.0,79461.52,26871.72,8.69,240,237,2007-01-08,active
be1a43ff-b8c2-48e1-acdf-16c682bfcbaf,757d28d7-cf8f-4848-b65b-c9b72b6b2786,home,7286000.0,5626248.14,69242.68,9.02,209,83,2019-09-02,active
3a69f97a-c067-44c0-9d74-748f7e45c0c2,410a94de-188a-496c-8f6a-6a93577f7ba7,personal,248000.0,141394.24,6169.08,11.49,51,25,2024-06-07,active
bb461ce4-c06e-4599-acab-86941a338bb1,6fd942d7-cfa1-4c72-b972-326919a9efcd,business,2834000.0,1311241.96,52845.86,10.24,72,44,2022-11-15,active
44892d66-c5cd-48f4-ad13-1d97412f17cd,9eb80ad8-288f-413f-a857-4cf917f6cac1,home,6522000.0,6111134.73,59329.33,7.86,195,23,2024-08-06,active
b5b50ace-b6fa-45b3-80d9-504ffbc02f7e,2b0ab7f5-2ffd-4227-94ef-c4a72044d4f0,vehicle,1753000.0,1029356.61,31125.66,10.21,77,38,2023-05-14,active
9ef7c9d7-bd9b-4120-978d-694551e4e351,c1e80e40-6774-49c9-979c-75ad58abbc2a,home,4872000.0,4475669.9,44614.21,8.04,197,30,2024-01-09,active
2c0472fb-a6af-402e-88af-d3e7d75c7542,e4e81496-d348-429b-9f37-1ae0707a0b67,personal,178000.0,22683.71,3907.54,11.42,60,54,2022-01-19,active
4069d4f9-de3e-47eb-b012-56feee8efa97,e479334b-7506-40b4-9769-a01723ebb574,business,1937000.0,200670.31,34584.69,11.59,81,75,2020-04-29,active
0d7ac0e2-4f8b-4887-9919-2523a5037927,44dc7d2a-8aab-4314-bc7d-c82d1e5e9833,business,2986000.0,1660707.39,73962.88,13.42,54,28,2024-03-09,active
2ed9d15b-f203-4a15-9fdb-d509e8e00358,ca63eca8-6a66-4d7c-bdc9-88317696087f,personal,53000.0,47996.73,3154.64,15.14,19,2,2026-04-28,active
6d126c46-b8d5-47b6-b42d-ba1b5dc54d8c,73449d52-e2a4-4c24-bb3a-658d2073e718,home,2765000.0,1235551.68,32377.96,7.8,125,81,2019-11-01,active
10f9a667-0979-4913-adfd-8069565e649d,4ba9e150-3750-4535-9340-427d29e04fae,vehicle,1364000.0,303049.04,22921.4,9.27,80,66,2021-01-24,active
08bbf917-4687-47ae-a1d1-d17162c9bbae,94726fef-57c3-44f7-bbac-090903548346,personal,284000.0,136591.69,9332.79,12.82,37,21,2024-10-05,active
be745d83-c05f-45ad-86c8-6177e8667ee4,e97be910-e2cc-4dd8-bcaa-90d19810c795,personal,361000.0,282478.58,19366.6,13.32,21,5,2026-01-28,active
75ad97e7-3366-46cc-a665-7f06a2d199e3,8e8f6483-f174-48e0-ac49-eb136754b181,home,3392000.0,1770374.58,30504.1,8.84,233,157,2013-08-04,active
60cc3598-fcc9-47ff-9f25-170e25db7aba,11662a01-15fb-4791-80c7-26ccdfdaae08,education,1835000.0,124285.22,31715.44,9.91,79,75,2020-04-29,active
a673f5d3-2f78-4b4e-bb3e-ef6e0be3ff51,8dc4f542-2fd2-489e-8cc4-d53231c20ea7,home,7316000.0,6132321.94,74013.72,7.88,160,40,2023-03-15,active
d8a057f3-69a2-426b-8ce5-989807c0ccf2,3f1d1e32-08aa-4a0b-8aa6-1023ceb39306,business,2887000.0,2360326.43,95919.64,13.57,37,8,2025-10-30,active
58f144ed-198f-462d-acce-bff8ffc8897d,97780557-848b-4651-9775-70ae03c359c5,home,4380000.0,4129971.13,36533.88,7.77,232,28,2024-03-09,active
181585eb-f388-4887-917f-50b0ff9c551d,eed8fd80-3de7-4687-93cd-460992cca78e,personal,423000.0,293683.61,12113.1,14.84,46,17,2025-02-02,active
5fcdb786-25e2-4a92-96d5-00a1bc248079,17cb7f15-0fec-406e-aafb-db161dcca698,personal,294000.0,62192.0,7374.87,15.86,57,48,2022-07-18,active
eaab7d14-1c3b-4ed8-a731-c05aff38487e,def5a912-1637-4569-9a28-39d6206e9ef9,home,7111000.0,6135627.98,64640.24,8.97,232,66,2021-01-24,active
8c728d21-aaae-4dc2-b4e2-e91e4d8e3a6e,1cec09c3-0d1b-4065-8132-dc6e5ce50d31,personal,474000.0,311602.38,14615.23,15.17,42,17,2025-02-02,active
53c85444-fdd7-41e6-8206-d2ae551b88b2,b9d04fa1-efb7-42b5-b4d1-2c00e1616165,education,400000.0,224244.35,7458.17,8.63,68,34,2023-09-11,active
825e1ca6-a586-403c-80f8-5c3101a9b091,303aa830-62c8-4ee2-a866-1ee9d8326628,home,4527000.0,2243490.62,46680.13,9.1,176,116,2016-12-16,active
48d57ff4-3c00-4424-8497-09779b2d6418,b3f2b233-c711-4d43-b9fc-da3dd860b0aa,personal,63000.0,39550.58,3552.99,14.1,20,8,2025-10-30,active
e64e669d-dd9e-4027-9dc4-6ed37b2be75f,859cf7ac-f243-4aa0-8d7c-903a490e6139,business,3246000.0,467436.45,61232.97,12.64,78,70,2020-09-26,active
541713b5-91d8-4ecd-9373-845cf7f348f9,99f58620-f90e-44b8-b33d-7e871fbea1b2,personal,368000.0,79380.53,11896.31,14.54,39,32,2023-11-10,active
e0069888-cfac-4067-be90-a72612bf1324,97c85e50-79e9-473d-b926-285d82d25049,home,7785000.0,4471589.83,75097.78,9.25,209,129,2015-11-22,active
c093a1b3-b6d6-4b32-91c1-f1ff17ea393f,ab09cce2-f1bd-4fb6-a6c7-3fda29f1ae1d,personal,110000.0,57111.25,8522.77,13.24,14,7,2025-11-29,active
fd3de37f-5d6f-4eb6-8ffc-88e162ac1643,fe203bae-61aa-4c7d-a157-dc8cbef17112,home,2691000.0,2207388.22,23313.48,7.6,208,63,2021-04-24,active
6496d79a-6cf4-4fe1-b2eb-a9ed88b782dc,2b280b32-291f-4cd0-a4e9-c96263d2bfd0,vehicle,1458000.0,1400747.27,31843.63,10.64,59,3,2026-03-29,active
5b9b211c-8006-4de2-8d4d-ef383d425311,481ba5ce-46a8-4810-bd8a-fbef917f4870,business,4109000.0,1260362.31,73394.86,12.39,84,65,2021-02-23,active
418f2118-5756-4fa7-9cb5-ff8c3918d062,19f87b4a-e635-44ab-8bae-c4d30b1b6eae,education,375000.0,330566.62,4973.51,8.92,111,19,2024-12-04,active
6803aa1c-f9b4-4f5c-af04-441f935026a7,2136fa6c-bdfa-4512-8e19-acdebf3d0d75,personal,132000.0,111939.9,4627.18,12.45,34,6,2025-12-29,active
08d4ad1b-8432-40a6-840b-54b8066ecb70,508ab399-f02b-4b47-87e0-3659eb74e96a,personal,415000.0,303067.24,11701.08,13.96,46,15,2025-04-03,active
7d9e7e05-a8db-4f98-b1b8-96e809a26cd6,3e123a71-f032-4f6c-94e0-fd4e39f361fc,business,2530000.0,671178.04,55631.77,13.01,63,50,2022-05-19,active
507fc15a-373c-4a6d-a837-f687461fbe23,9e70aeb4-9508-4cbb-b079-7aa4525b3fda,business,1323000.0,953325.71,25622.76,11.28,71,25,2024-06-07,active
4497687c-1745-4cd3-9be9-83bc394fd571,8b301258-2eef-4346-af31-100cdcd3f6ff,home,5432000.0,822540.01,48870.78,8.6,223,205,2009-08-25,active
d591eb15-a90a-4fab-8acc-644b176bcccc,b3931ad1-6e29-47c4-9ffd-92794ab8b235,vehicle,1238000.0,393250.79,26377.0,10.12,60,44,2022-11-15,active
9dea3cb4-2d7e-49d0-995d-47cf209dd7a5,7b879f92-b449-4ea6-8db9-e231fde6d024,business,3930000.0,2489332.22,82919.44,12.2,65,29,2024-02-08,active
db82d65f-622e-4f89-999c-b4f80cb79a3f,86a7a132-b6e8-4769-b97d-420683f3c621,business,2495000.0,1662577.33,46636.9,13.67,83,37,2023-06-13,active
62495dbf-f62a-4b34-a5d0-61de6a95aa78,40d24e97-a516-482c-a389-3b68571c5a49,home,7073000.0,2989465.31,76149.21,9.31,165,118,2016-10-17,active
03c2874d-818a-432c-9bdb-f58627f9ffbf,1e99b95a-dcd1-4e46-8f8a-fc4e9cd5f186,business,1309000.0,479346.49,26665.78,12.46,69,49,2022-06-18,active
0324a291-7306-4f53-9bdf-99d6c3a49b97,67d493ac-7870-4083-a84d-804dc7c802a3,business,540000.0,32190.6,16355.3,12.9,41,39,2023-04-14,active
5b528449-8b90-48c5-8c3c-3128c8cadd20,68b2ea2c-9bbb-43b0-b0a2-63864a18579b,business,3437000.0,2245851.55,61996.93,10.76,77,33,2023-10-11,active
73dd1d76-2bf8-455a-a052-e1016c2d0409,41e03f19-8791-4d98-b8a7-99cac9d429ed,personal,260000.0,108962.12,18840.56,12.73,15,9,2025-09-30,active
d2d519ea-3d7a-4ecd-a63a-4d8345da2ea2,a175558b-5aa8-4716-ab93-4f628947054f,education,1994000.0,1269905.58,41382.48,8.99,60,25,2024-06-07,active
fed86f63-5991-4a41-98f4-2ed7e50bd75f,d1057ae8-9c25-43c8-b285-74095d92613e,home,4689000.0,3931677.62,42530.31,9.05,237,78,2020-01-30,active
aa56f771-981d-48ff-8d73-c229fd2264c7,8d6548b7-a29c-4b97-8b4b-d7cdeb79ee69,personal,346000.0,188390.07,9050.49,14.06,51,27,2024-04-08,active
bf9b38e2-5924-450c-99dc-b3baca8fa046,83eb3d23-dfd8-4cc3-a8b9-af66abd3f8c1,home,3099000.0,1541084.43,31625.13,8.51,168,108,2017-08-13,active
7812b65d-3bd6-4442-9b29-baf169296e74,4f3fe453-6f33-4d3c-b744-86b95b343e1b,home,1030000.0,741863.69,10443.77,9.37,189,85,2019-07-04,active
f3952edf-90df-4d02-8796-6391a1661f56,5b2de052-a993-4a07-86b9-001ac087788e,vehicle,845000.0,528753.82,15390.91,10.45,75,34,2023-09-11,active
2dd4485a-7ac9-45f5-9135-08589444734f,31fbfd44-0563-4e24-bd28-c3f446351c22,business,3751000.0,3078611.32,93378.74,12.99,53,12,2025-07-02,active
46f1be0b-5cf5-427f-84b4-a89226c19837,1aa2d073-8973-4ae8-807f-21facc8f983b,vehicle,1249000.0,79416.38,26859.11,8.75,57,54,2022-01-19,active
acafe000-a730-4dc1-acb3-3db17e972d4e,0971a571-dfef-49fd-b05c-8d25cbf6ba74,vehicle,540000.0,466014.38,16729.46,10.36,38,6,2025-12-29,active
11fa59e8-a614-46ed-a1f6-fba8bb3ffa09,643dab8b-a5a7-4e51-8287-7eb46b92402c,personal,93000.0,38424.49,2955.6,12.04,38,24,2024-07-07,active
eae69818-002f-4678-81ca-6cdc98496308,c9d8e88d-8175-4071-a1f3-00c8f54f6c29,home,6107000.0,6033587.97,56411.61,9.33,238,8,2025-10-30,active
118c9ebc-9718-4675-8a4a-36c2b3616828,1a04ad16-6646-4962-bcf8-7bfc0d1b3941,business,2590000.0,1986816.29,57813.13,10.43,57,16,2025-03-04,active
2e2b02ad-5767-443d-8262-a2b1faf3b18d,b2364e0f-ad18-49a6-bd90-2099644403fb,education,1633000.0,874813.15,25175.28,8.46,87,47,2022-08-17,active
58e2e426-3d40-4b8e-8b46-f044d299db86,48118162-41eb-44f6-b6a6-046851e99bab,business,247000.0,184598.65,5823.25,12.94,57,18,2025-01-03,active
19a2ea65-fe76-41c8-9e1d-ac3e0668060a,edffdd3b-e03c-4c09-aeb6-737c5edca1c0,home,2280000.0,2126500.57,21233.08,9.34,233,38,2023-05-14,active
3f390ea6-59e0-4345-9a4b-0c55e0847d50,58f851d4-0851-4ef2-b502-ec02e08d497f,home,2456000.0,1011402.82,25724.51,9.23,173,126,2016-02-20,active
b8ddb8f9-5a0e-4039-8ee1-710b95808c3f,7f48343f-9d5e-43e6-bd74-ad4e94aac10f,vehicle,1616000.0,64817.41,32841.6,10.67,65,63,2021-04-24,active
d41c917a-24a3-41d2-80c6-5f3e296c97c3,1e5a0479-61c5-4590-b0be-f0e439470bc3,home,5820000.0,2530251.76,54463.08,9.41,233,175,2012-02-11,active
90d20843-c970-4694-bce4-22ae8e8e1f16,6e286c2f-edbc-46f8-99cd-9031e63b2236,home,5250000.0,2221473.14,48085.13,7.72,189,134,2015-06-25,active
1dd2b449-a984-4bf9-b637-565b8e8ea0d8,05b81cb7-d691-4c8c-a693-c17c294630d1,home,973000.0,96490.71,9182.77,9.25,221,210,2009-03-28,active
c8c831d5-2569-409d-bc79-da4ab7bfb4ff,379dd42d-e59d-407d-af5f-433afe32022c,personal,376000.0,24675.96,8392.44,12.15,60,57,2021-10-21,active
607b2282-4de0-4207-a8a8-6186971d1358,76064ebd-45a7-46d8-96f4-d9cbaf214214,home,3823000.0,2946422.6,36903.71,9.2,207,83,2019-09-02,active
fadc2b54-97cf-4942-b9eb-6400d8d2dd79,7efcae94-20e1-47d8-a522-bf6b744ec1e3,vehicle,1918000.0,1441082.0,52060.27,8.68,43,12,2025-07-02,active
8d7bb95c-873d-4730-ad24-7dec8648cf26,26903d52-5037-4957-b0e4-548596b059ff,personal,193000.0,74614.81,5108.59,13.12,49,33,2023-10-11,active
0adcdc84-c241-470b-b083-fc0b12783bdc,711a1636-3824-4558-97bd-6bee23c752cf,vehicle,591000.0,396042.6,16870.04,9.26,41,15,2025-04-03,active
efcc4cac-687e-4dd0-a684-f4ce9563daac,58f8561e-71d7-4390-b4e8-63612cf5e13c,home,7910000.0,4646085.08,64575.77,7.53,234,138,2015-02-25,active
f410353f-684c-46b1-8eb0-63c3f2e1f250,1d40950a-811b-481d-866d-f94d213485ad,personal,123000.0,58512.15,5178.77,11.27,27,15,2025-04-03,active
d99a9024-9312-4be6-b1f0-67142c1d6b39,3e65c340-d72d-4366-9164-60073b65643b,vehicle,802000.0,762103.72,15002.5,10.72,73,5,2026-01-28,active
cca8d2c3-cb35-4caa-a871-e976c3c02108,b637f470-f15b-4d48-8878-c0647ac96c14,home,6605000.0,6493917.08,60546.47,7.69,188,6,2025-12-29,active
96913583-cda8-4754-aea2-e98390181fbf,c4869622-6b57-4aab-9ca1-726c18e1b1a6,home,3631000.0,179745.58,36798.31,9.4,190,185,2011-04-17,active
9f1a17cf-3c4d-4835-a65f-1797b76108ee,59d602a5-e18b-432c-9f66-084c17a820cb,home,781000.0,446583.17,9128.91,7.76,125,66,2021-01-24,active
d78e6680-44ab-4480-9c3c-8ae64803a45a,4b27447b-ebb1-4dda-8d88-940288fa4b17,home,1069000.0,960080.97,10944.3,7.55,152,24,2024-07-07,active
91b08999-543a-4d58-a968-277ca9affd4c,1c5a1c37-7d7a-42b9-85c4-9e1d2641319e,personal,111000.0,97528.87,4768.8,15.86,28,4,2026-02-27,active
e4dc6211-bc94-4f95-8a23-fb9b5bb99dcd,9d00a067-f5c4-477b-9b46-3e8cf643120c,personal,298000.0,32281.92,8294.14,13.23,46,42,2023-01-14,active
f58049ee-a069-4d10-aae1-e505a25886f5,84ecd9ca-c1ff-44df-82c5-1557b6c554f1,home,6196000.0,513175.28,66242.66,8.64,156,148,2014-05-01,active
63f721ab-c347-4510-9319-9ed6250b6de9,02042a5e-bd1d-4aa4-9108-53c821944a96,personal,462000.0,314112.2,41058.95,12.05,12,4,2026-02-27,active
346cd2db-5dab-489a-9c0c-0877550195cc,5578ce46-2460-47b0-9b89-69f9d4812fe0,education,632000.0,278939.51,8820.95,8.62,101,65,2021-02-23,active
7a2b6809-d43a-4a8c-b187-27d709bfde0a,03da4d42-6e9f-4cde-9b7d-254431bcec25,personal,376000.0,323237.67,14260.45,12.53,31,5,2026-01-28,active
d07d595f-0b4a-42fe-96a7-f597a0292f7c,677ebae5-de98-4356-bb50-794aaf2e2d42,home,3209000.0,3164997.66,26464.7,7.59,231,7,2025-11-29,active
e4b62ac6-1cfd-45fe-b2b7-180caefa3bb9,8efea324-7511-45e2-b8f9-d082d5d648be,home,3463000.0,2682920.38,39421.02,7.52,128,39,2023-04-14,active
077b00fe-3770-4af5-b1c8-50f3688a0967,7093be0a-23f6-4881-b240-2095540c695a,home,1415000.0,557690.39,14445.86,8.23,163,118,2016-10-17,active
680cadc0-2e2e-4c38-b0d7-8f956d9795b8,6dd9da01-1415-4575-bbb2-59ab413750e3,personal,110000.0,94180.56,2584.51,13.36,58,11,2025-08-01,active
9d2cadea-2236-4e8c-81eb-9166d02449fc,c4c9e6de-486a-42a2-a493-5186242ee1bd,business,814000.0,474993.81,20924.32,12.39,50,24,2024-07-07,active
3b39de88-a939-474d-8b8f-64345c687749,be6f1bed-88d2-4bfa-b064-296441f90a8b,personal,437000.0,117589.73,10520.46,13.32,56,44,2022-11-15,active
40f0a67d-14e5-4173-a415-f999d411e789,b08d330a-af72-439c-a84f-a4793af10253,home,3333000.0,1834867.92,28279.74,7.65,219,135,2015-05-26,active
cc5717b5-bee6-488f-b134-d706aff728db,63257e90-7424-4085-89a9-3c4598cf632f,vehicle,1280000.0,163345.18,21183.44,9.9,84,76,2020-03-30,active
de003c7a-7a11-45d0-a7af-d4d23ed5f484,9f6466c6-e3bc-41d9-9996-644bf58162c6,personal,372000.0,96808.48,11368.73,13.46,41,32,2023-11-10,active
5dc1a358-be59-4668-b54d-597e73ba3ee1,c1629b03-85dc-4ffa-a7db-9c244032daa4,business,4606000.0,1058660.41,137783.5,10.87,40,32,2023-11-10,active
1c177bba-c184-4d27-89e7-ac8af0125306,5f2cdf63-7efd-4d5a-85a7-4b9e58512a43,business,567000.0,502435.9,14813.94,12.43,49,7,2025-11-29,active
d993153f-de71-43af-a618-cac25c88df8e,3b1e6c60-84f4-42e7-aef5-535f3bafea29,business,2954000.0,2299423.4,55910.87,11.83,75,22,2024-09-05,active
ee9c1ad0-2cdc-423b-b5cb-79e26f976a0e,4d04913f-a8e0-48ab-9f15-49082e42894a,home,4300000.0,2044637.68,44806.03,7.58,148,94,2018-10-07,active
e5dab4bd-4d9d-43bb-a205-e693dbbdf4a1,92e22d39-e78a-4d1b-a797-3ab021a2319e,home,2397000.0,1179839.7,25502.59,8.98,163,106,2017-10-12,active
8a857e86-0e30-4bab-8b03-ac58d5b0b20a,0a2005d0-507e-4405-96f8-a8deec2534cf,vehicle,1655000.0,457591.96,47906.24,10.11,41,31,2023-12-10,active
54638817-dffd-4f6d-a268-460b6923e492,a6e91604-93a0-410d-9b7d-08baf4e5a22d,vehicle,602000.0,566516.96,16672.54,9.85,43,3,2026-03-29,active
b00a71ea-c083-4106-9dc9-c67845378614,6577e787-513f-49b9-a2e4-6cb463f9d6ad,personal,489000.0,331720.64,12011.16,13.01,54,21,2024-10-05,active
a3af60fe-49ba-4de4-8c4b-d2cf68d02a91,738061db-983c-4a43-8fd5-6ef864a2f054,vehicle,272000.0,231070.08,4856.59,10.08,76,15,2025-04-03,active
620d35dc-4fee-46fd-9782-5102c00dd423,5c23e295-9116-4c5a-ad59-6334bd0762f7,personal,268000.0,103162.61,10025.69,13.55,32,21,2024-10-05,active
f6d2486f-f5cf-4ca9-8858-140e1483e8cd,ad19f7b7-0790-4ca9-91be-9a07f752b545,home,4765000.0,1980460.58,45870.05,9.47,218,165,2012-12-07,active
1252c298-83d3-47dd-91f2-12c1ff429963,5c96e3e7-8f85-4e7f-8b9c-086b5a12d604,personal,348000.0,221552.3,7883.99,11.7,58,25,2024-06-07,active
f8ef9f5a-6353-48bd-a0d8-617894a2d26d,3d2c9b03-e9c5-43a0-a236-cd5911a4b1f4,vehicle,1689000.0,1070858.21,29807.47,8.98,74,32,2023-11-10,active
04cb657f-52ba-42a9-9761-e9188d740ade,7fe4b49d-9a33-4f6c-87c7-e9916653e859,business,2351000.0,1563182.08,43498.8,12.25,79,34,2023-09-11,active
bd41a63c-1a4f-47ee-aada-bd000e60a1ee,31fa24a8-c093-44d0-a34c-d31d9b6c3656,home,3579000.0,2028902.16,33904.33,8.13,186,109,2017-07-14,active
3ff0a2fd-b79d-4a3e-9edf-6ea518e07487,a30158f0-8b6e-4cbb-bfad-5eae9376b5df,vehicle,215000.0,186423.79,6515.41,10.35,39,6,2025-12-29,active
74f15245-9430-4a7a-ad4b-89122f6e2fd1,885b9161-2e79-4453-9ca3-a5e5e32f1487,vehicle,555000.0,396041.05,10426.86,10.14,71,25,2024-06-07,active
aab0b0f0-3d9c-41a0-925f-5084b5f7363e,898c9989-8d34-4d74-bf18-295a4a53c831,home,7215000.0,4308789.91,75784.27,8.86,165,91,2019-01-05,active
e5e8da2d-5637-4556-9352-854fd7d1aa36,d76704fe-a076-486b-a844-1068c14856be,vehicle,1560000.0,927013.26,26478.94,9.3,79,38,2023-05-14,active
0159a44c-b30c-48e5-b51b-0b7c5cdbe774,5418c42e-8d14-4f3e-8043-c73156680a6e,vehicle,1729000.0,138236.03,35311.02,10.4,64,60,2021-07-23,active
40daa84b-1f2b-45b5-a487-708af82732fc,b7019a6f-91c1-429b-81bd-0521eb056d9e,business,3049000.0,971798.43,65947.2,11.82,62,46,2022-09-16,active
d4f46153-90e3-423d-b7c7-99cb17f94f9d,692f06a8-3c7d-42ab-a5d9-56163f60356b,education,1762000.0,427352.08,27053.63,9.94,94,77,2020-02-29,active
2aef7657-690e-48e4-b304-e9790c71f70e,7169aed4-d50c-4567-8391-b590df2606db,vehicle,497000.0,410343.87,8652.53,10.74,81,19,2024-12-04,active
24275a05-61be-4726-8412-ae536da657ba,d40092f2-0b8d-42fd-8384-f9bc8525e202,education,1618000.0,257815.52,22648.1,9.85,108,96,2018-08-08,active
a92e5c1d-e4d1-47c0-bdbf-8d78af5af072,6399cf1b-5166-4be3-9d2f-f478b0e00b6d,home,6347000.0,5096106.81,59941.48,8.83,206,72,2020-07-28,active
6fed3ce0-6473-4fd1-8a40-3b2f710f8542,fafde690-7e20-4470-a1de-919ea02fd191,home,6171000.0,5743235.39,64773.86,8.49,159,19,2024-12-04,active
04092a6a-b261-4a70-b3ea-d1b005b15365,3e8a8160-bfd2-454d-8638-e6d36ab07a19,education,1586000.0,496452.91,26780.47,8.81,78,58,2021-09-21,active
afc80fab-9b9d-48aa-b184-54840674708f,b14701bc-6d7b-4cf0-a8b0-84e81d0f778c,personal,271000.0,194182.7,6219.56,11.08,56,19,2024-12-04,active
4841275e-a525-4668-8c3c-88f0f2dbb79f,9acf76a3-fc7b-4ea2-804a-649533a6eaeb,home,7158000.0,3557175.57,70167.56,9.47,208,143,2014-09-28,active
a39e9009-3411-4689-80a4-4f5716bc11ab,84581e6e-f715-41d9-8224-fdfac56e8c05,personal,268000.0,170526.45,7568.17,13.09,45,19,2024-12-04,active
863966e5-b094-4ea1-8839-36656734ccdf,52ac8de6-a972-4efd-8f87-65880ad188cc,home,3751000.0,192638.2,32867.24,8.08,218,212,2009-01-27,active
5559f1b1-43e3-4c76-bdfe-9721a8f4757b,88828793-f572-45cb-99ca-fea431c0ed9f,vehicle,1096000.0,141898.26,18351.29,9.15,80,72,2020-07-28,active
9b5d2915-4399-4c9a-84cf-44d587abfa74,485423fe-cbad-4fac-bb24-3a7f164c179b,personal,87000.0,21417.99,7329.35,15.9,13,10,2025-08-31,active
87e92526-f76d-40ff-a0a6-17c2574f01d5,3a1f204a-6bf0-4fc0-8b68-8226bcb01f00,personal,400000.0,228404.6,17586.92,12.21,26,12,2025-07-02,active
7f68030c-c37b-4d29-bfc0-f757c3c95111,cdc5667d-e2d1-4cbe-9136-b89b2ca12c6c,personal,71000.0,52281.01,2828.79,14.3,30,9,2025-09-30,active
22b6bae3-cb78-42aa-a37b-f5257cb76446,00c4b1a3-6dac-450f-b799-c9b9abc2da2c,business,340000.0,185563.49,8299.69,10.54,51,26,2024-05-08,active
b9ec74d5-cf03-4775-9f21-2c78e4436d20,c57a834e-f251-41dd-abfb-c4e29801dd0e,business,3909000.0,683940.2,80485.05,13.97,72,63,2021-04-24,active
92d4b17a-2edb-4bff-a033-2211008d5ffa,b8eebc47-b5b8-4d4b-9ef2-f0bfd9db1011,business,1431000.0,1013045.76,24974.71,10.24,79,29,2024-02-08,active
88735d71-b17b-49c3-bdaa-91e22285060e,84cdb843-aa0f-4f69-a72a-1db28714a653,personal,76000.0,63056.73,3390.2,13.57,26,5,2026-01-28,active
d55f1200-ad9c-4d35-9dab-b1e31e7c39dd,53e368a6-8272-4eef-8c7b-d54d0f2a6203,vehicle,996000.0,141792.33,18442.58,10.7,74,66,2021-01-24,active
faa08f4f-429b-4b51-907e-f050d358e749,aaa91b0f-9974-451d-84a5-ada029343baf,vehicle,1232000.0,382866.92,29000.91,9.51,52,38,2023-05-14,active
4300bb67-21eb-4c2b-a570-93418cb29145,ebecef7f-218a-42a9-b58d-4be01481a569,home,4003000.0,3502652.03,44103.77,9.21,156,33,2023-10-11,active
bdb3c118-7407-419e-b12e-67a47ffcb407,0e0a3b01-14b5-458a-9c48-10bf97effbda,home,7512000.0,918722.04,79756.86,7.62,144,132,2015-08-24,active
17d71d6f-a56d-4200-9969-d223e93970b0,b39bc2e5-6aaa-496d-8ca5-dd82681e0655,personal,490000.0,425240.2,20724.82,11.68,27,4,2026-02-27,active
1a4ff495-6656-497e-9d6a-89f4ebd7686c,bfbc2e9f-8528-42b5-9058-186c793fb406,vehicle,1860000.0,861419.84,31426.18,9.45,80,49,2022-06-18,active
0b95627a-81eb-4381-a9ab-c2bd2c3f0b56,e94a7e50-647c-4be5-be5d-d77642364d72,home,6404000.0,5770568.61,71713.61,8.43,141,22,2024-09-05,active
f0407cb2-5847-4200-b3f1-21a95cc5417d,f625c177-f65c-41d0-a899-3127bc84b01f,vehicle,1054000.0,606157.64,32781.64,9.11,37,17,2025-02-02,active
13bc7fd0-8593-4c75-a02d-381e9a95162b,45af4c9b-b24e-4569-b323-9a71647d13b0,vehicle,1029000.0,829072.02,26256.52,10.32,48,11,2025-08-01,active
ee528697-740d-4475-a2df-7a76b1e1eebd,b22eae74-c35b-4eba-8e3e-8534112e0e8a,personal,222000.0,213054.0,5416.99,13.34,55,3,2026-03-29,active
32353da8-22f5-44a4-a4e5-0ee8cf2ebac6,da6e3e71-bd0d-4eed-a680-674e197a30a5,education,1609000.0,1319703.03,21859.76,9.38,110,28,2024-03-09,active
f1ee1006-ffe6-4cca-a55b-96755cb09f41,697bfe62-0b80-4ed6-84cd-28b0c12a72a4,personal,192000.0,149306.13,4913.0,14.36,53,15,2025-04-03,active
7d515d8c-35ad-4612-a0dd-8eff12cf8e48,2fef4837-cae0-43ea-aebd-9e4b5fb26d03,home,6662000.0,6144324.65,68561.1,7.72,153,19,2024-12-04,active
3546f26b-e361-4f65-9056-233cddd6b2ac,d0ef66e3-e9fb-4e4c-85c7-5273662ec042,home,6770000.0,6244697.03,55247.92,7.55,235,37,2023-06-13,active
09bbb4ed-0f8a-4b17-92ac-373df4613f5d,064c7fe4-b0f7-4d7d-b522-ab9200112f4c,home,587000.0,175335.83,6669.41,8.0,133,104,2017-12-11,active
d7312b2e-d52f-405c-9ab4-7f5118f2828c,a7bf149e-7118-4c06-8817-504291fcc216,business,1179000.0,908695.06,37130.85,11.44,38,10,2025-08-31,active
e3a2e6a7-f080-4a0b-985d-9b02858ca8f7,2777d939-21e2-49e7-a835-0f9553d14865,home,7833000.0,3340431.59,80184.11,8.03,159,110,2017-06-14,active
0fe73313-749f-4c96-bae9-a20efcac0878,b1c0b952-950e-4f44-a8d6-1be01698b51d,vehicle,988000.0,557567.66,24036.35,10.37,51,25,2024-06-07,active
8790342f-dcf5-4ce3-9530-0dd7c2f43e8c,f9c4b73e-3ad4-494a-b0dd-8184f63fc187,vehicle,1209000.0,413583.8,20432.77,8.84,78,56,2021-11-20,active
f3db3a84-2e4d-48cd-bf24-aeaec425fdec,bea732d0-0d82-43c3-92ab-320cac9d851c,home,6744000.0,3431285.04,81920.85,9.43,133,82,2019-10-02,active
ee97cd60-4b4a-4c8f-822e-5be9c16e27bb,63a60d2e-da53-4fad-a40c-765009b4ac35,business,3182000.0,2086339.41,58250.68,12.44,81,36,2023-07-13,active
bb66450a-9a32-4fe3-9a18-8a4a7bf8f57a,af88af04-4098-45e4-a706-c0a103541045,vehicle,944000.0,574334.07,15597.23,8.71,80,37,2023-06-13,active
0c091246-a8fe-4100-8f63-d1ec39db6251,3f3912c7-bcf9-44f6-82a2-10c90e912fb1,vehicle,793000.0,474885.49,19626.21,9.6,49,22,2024-09-05,active
59b944c2-fba3-4905-b56f-d216ed734f27,e9e41afe-c07f-4438-8536-b01c79a96dc0,personal,119000.0,6457.99,3276.05,11.64,45,43,2022-12-15,active
8ba98e17-741e-421c-b81d-4424a852dc6b,e873896d-0caa-4977-a7d9-ba7131e8e39c,business,488000.0,13941.4,14070.13,11.08,42,41,2023-02-13,active
3389cc2e-34ac-4d47-a8a1-44a323b6ca97,9855dcfa-1360-4937-a93d-32e867ddd43b,personal,433000.0,350005.72,17110.62,15.84,31,7,2025-11-29,active
fa5ee801-cc13-4774-b6b1-99d6632daea7,05110047-f790-4d85-a93a-5c7beaf8f341,vehicle,440000.0,167739.55,9573.91,9.89,58,39,2023-04-14,active
23449dee-02b1-4337-9700-5e2eef77423a,2b2ab4d1-32e5-4904-86da-1db93d009bc9,home,3109000.0,148678.32,37860.53,8.89,127,123,2016-05-20,active
a58e36cb-2ceb-46d3-8b0d-98fd715a08c2,61657766-9e3c-4df0-adee-4dfaec2088b9,business,4678000.0,3924570.99,111622.52,13.5,57,12,2025-07-02,active
21959ebf-65ea-4b38-ae33-38e0d5d2121b,7714d489-f2f9-4103-9beb-33f753fa318a,personal,64000.0,20850.85,5383.55,15.63,13,9,2025-09-30,active
90f1e7c9-e14d-4e46-b81a-677d87b629f8,1bde646b-3316-498c-95ba-cf8edea6042f,personal,443000.0,403316.38,10759.37,14.33,57,7,2025-11-29,active
a67001ee-0619-43d6-957c-8d1ab0c35937,02f1f129-51bf-4236-a834-43e6ab5ff2ef,personal,447000.0,346338.64,11767.46,15.11,52,15,2025-04-03,active
5e3ead03-147c-447a-b630-916971812096,0d41f006-0cd4-4046-85d3-9624e3717c7d,personal,405000.0,248495.8,16381.81,15.56,30,13,2025-06-02,active
2987b5df-b232-434d-b286-8f4c68338275,e194dfbd-7211-4ada-a50b-7bacdc8a54c3,home,5778000.0,2582404.72,56830.53,8.48,180,125,2016-03-21,active
3b189adf-fd57-4724-a504-aa0eae379b36,0777d993-8884-441d-8f4d-6e156b71be5d,home,6340000.0,4348863.71,67983.7,8.63,155,69,2020-10-26,active
7a496b57-8303-4d49-bfe1-351339497d9b,734e8bc0-8f20-40ae-8e41-87f8a4abe6ae,business,1377000.0,64005.97,32472.19,11.71,55,53,2022-02-18,active
f04ef30c-461e-4633-a0ef-ed1125fe7b4d,5eff86a6-fe78-4deb-b4e6-541678c3be87,home,3761000.0,1248095.12,38545.28,8.64,169,132,2015-08-24,active
ed67f099-59ed-4af5-b829-6b1223f79988,8a1ae286-816c-42b5-b442-68c4d57fdb3a,vehicle,902000.0,161557.76,16874.37,9.59,70,60,2021-07-23,active
cb665d88-312e-4dc1-8741-b364f01b37a9,58703bdc-7153-47e3-8549-847557742209,personal,214000.0,47709.36,9865.83,13.48,25,20,2024-11-04,active
4dbd108e-fbe3-492b-be52-5b0b76d25b5b,dd3ed7b8-0d0d-4dae-8c68-f1132806da88,personal,449000.0,47483.28,12188.06,12.76,47,43,2022-12-15,active
f619019b-8685-432d-b173-e48804c4a332,13f499c2-a4e4-4070-a00c-c70334c6ad34,vehicle,1376000.0,1224584.96,28263.92,8.55,60,8,2025-10-30,active
eb7e0138-da94-45f4-bb48-781d42dd15c5,c9a6fd75-bbd8-47ec-8b98-dd4f4647bc3d,home,666000.0,434501.98,5695.07,8.01,228,121,2016-07-19,active
ba0aad87-d289-4e3f-9728-e6fff7e2c73d,e9f8006b-56c2-4fc9-b8b2-eac2f1253045,home,3203000.0,908146.05,30554.03,9.46,223,189,2010-12-18,active
74e176d8-0720-4477-9a94-fd61f1b4a929,a9c0affe-0bb8-44d9-a231-8c0c0a1b7326,home,3763000.0,3456385.69,45230.93,9.01,131,17,2025-02-02,active
657a051d-cc17-4f9a-9eb8-472e80344e61,b6691728-a544-4d3a-b0d0-c7ae841b4ffb,business,4960000.0,946670.6,123072.27,10.57,50,42,2023-01-14,active
a192aa05-a7a8-406d-ac33-61e607f8e507,c2ada596-cfa8-45e8-ae5e-dd7afc60f3f4,vehicle,1044000.0,669289.77,21067.06,9.91,64,27,2024-04-08,active
e40f3650-67a5-487d-90d2-0a501b846df4,d19b3b91-cb3f-4740-834f-a0fb334ec319,education,785000.0,723380.17,10282.76,9.79,120,15,2025-04-03,active
2f92d747-5679-443f-8f97-8620de8c4e55,76fcbc4f-9a99-48cc-9fea-10a1b251a730,business,1624000.0,1470795.99,47238.53,12.74,43,5,2026-01-28,active
343afb38-e993-4513-8536-f66cc37ad84f,faa3c3ac-bc7e-490b-b4e1-6f3d0bfe268b,home,3288000.0,305972.09,31895.0,9.15,203,193,2010-08-20,active
75a4ecdb-5220-40fc-85ba-505bf07481eb,76e23683-98dd-487c-a135-fccbebb7c0d9,business,3524000.0,387867.83,66770.8,11.19,73,67,2020-12-25,active
1ca51618-249b-4438-9da3-a98b525bc561,9c8b0bb1-4e65-4d86-88c9-541167995838,vehicle,666000.0,315327.34,15868.86,10.84,53,31,2023-12-10,active
aa6f05d1-e7c8-4304-8298-1243fff3b742,6251074f-bc3e-4350-84d7-bc38da135c98,personal,211000.0,118375.18,5395.98,15.62,55,29,2024-02-08,active
54cb4261-7184-4a7a-8bb4-cbdadfdf1eed,7ea73cc7-33d6-4d3b-b5f9-9cb9c195cbb9,home,6884000.0,2742000.21,68652.19,9.32,195,147,2014-05-31,active
20d4b197-5e66-4973-8c63-c5168fc01655,ab6d9371-2be5-4c3b-be3c-54dc53a581ee,business,1460000.0,202293.75,34947.45,12.42,55,49,2022-06-18,active
325202b2-1afa-4469-a7a3-1421d5be81ef,056164d5-b0fd-48a4-a5ef-456e8a6959c4,vehicle,1480000.0,311902.85,32727.07,10.61,58,48,2022-07-18,active
04e5a585-da02-4609-9bc8-5c6e46ba6da8,e400ddd1-3926-4515-8da4-c97f9214dd6b,personal,102000.0,85352.36,3237.32,14.63,40,8,2025-10-30,active
4552f63b-16c7-4183-9458-65aed85a2c28,6f3d6ebc-7523-4c25-a02e-f6ab9c41950f,personal,443000.0,113656.82,11104.05,14.64,55,44,2022-11-15,active
5f564d5a-afe7-4299-87e2-1fa7ae49e17d,9597dc51-91fd-4d2d-85eb-b9eed4721acc,vehicle,991000.0,784844.87,27977.37,9.82,42,10,2025-08-31,active
7b03f3de-8e50-4c8b-a758-b10cde10c130,ebb8174e-307e-4dbd-8f18-9be3716e469e,vehicle,1877000.0,1526200.04,44649.95,10.76,53,12,2025-07-02,active
2d670a81-51b4-4b60-a0a9-0d2516db28c6,1107b064-569a-44d2-a20a-8614f8414765,home,7737000.0,6848006.46,81680.3,9.22,170,35,2023-08-12,active
552c5cb9-d10d-40bc-8673-2cbb7e80d5e7,2106ab2d-15bb-451a-8090-b008d87be938,personal,96000.0,53856.72,3217.07,15.59,38,19,2024-12-04,active
1a6f6ee4-a85e-4a43-a19e-958ea6644bfc,863949b5-b758-4946-9017-adeb6897b622,vehicle,1580000.0,1098691.85,37732.08,10.95,53,19,2024-12-04,active
c5c5cbd9-5e9e-4e25-b7eb-8cc879f61cd5,7287e74b-18c0-47bf-a691-94314d2f1a54,vehicle,901000.0,795513.86,15490.26,9.42,78,12,2025-07-02,active
c9883ecf-79b4-4166-85cb-198883e14023,ab323938-db67-4c15-b1fb-fa47999d2c92,home,3333000.0,2982924.3,30839.58,7.66,184,33,2023-10-11,active
f43de5e6-83a4-40ee-ad66-5ec607430493,ddf4c6f1-7263-4d8c-bc5d-6464f7a94704,education,765000.0,63962.1,9391.06,8.27,120,113,2017-03-16,active
3ed2aca7-eb9c-4615-ae64-a9a764d4517d,4f531c9f-d8f3-42e5-8b7f-d1504c542c79,vehicle,1157000.0,214439.29,20372.67,8.9,74,63,2021-04-24,active
c4a7fdc2-3d4a-4c0b-91b7-f0cad02a2969,acc6775b-166a-45b2-936b-a1c19b60b1e9,business,1601000.0,748475.18,29631.88,11.35,76,47,2022-08-17,active
6335785d-f442-48b8-ac07-0f29bede60c3,5f619427-c082-4640-871e-6d0cab7f61a0,home,7597000.0,6853842.7,77762.17,9.45,187,36,2023-07-13,active
489cdaae-f4db-4421-b996-876b8b2e937f,1784acff-a30f-4aa4-a76d-df14885feedb,personal,469000.0,259238.08,15224.48,13.45,38,19,2024-12-04,active
c21c9763-29c7-4285-81de-89caea125e2f,37ec779a-e858-4f21-a574-b64df3aa332f,home,5187000.0,3985841.15,55478.73,8.9,160,57,2021-10-21,active
0bc0563f-b341-40b5-a04a-481e0f872f54,cd0defc6-fc88-4321-a58f-9498c465ec99,vehicle,613000.0,166448.01,11231.28,10.99,76,60,2021-07-23,active
add5e7ca-7117-452a-a7d0-376d0f2b8081,f9f8023a-d33d-408b-90f0-bf08b5e35358,home,6407000.0,5473665.92,58129.6,8.38,211,57,2021-10-21,active
7488dc4b-871c-4e6d-bf07-e941a7fbf0b3,abef5e03-ad2f-4450-9749-41d7ca27e1c2,personal,396000.0,225888.96,10250.55,11.94,49,24,2024-07-07,active
67817ceb-6068-4670-a169-b0c0d7d7e262,5ab3d6b2-6f2c-479b-bcaf-c7c37b68b830,home,589000.0,259318.6,5672.91,7.5,168,114,2017-02-14,active
23f4fd3a-aaaf-4693-974e-f3d4953f7a74,a27cedf5-1667-4fe7-b5c7-3cc68605c004,vehicle,322000.0,48169.84,8281.66,10.74,48,42,2023-01-14,active
4135b498-a735-450c-8689-3febbf83c8c5,5c740474-7948-4395-991a-6c42b9aa494e,home,7975000.0,2598203.94,76202.1,8.27,186,147,2014-05-31,active
eb3ed840-bfe1-4657-8762-025945f7db32,5bd75835-8a39-4036-8052-f92f8d6a0917,business,2037000.0,986331.37,45911.27,10.87,57,33,2023-10-11,active
d61d6e94-8603-4ea8-8911-f1398b3dd275,2775280c-a623-49e1-91c6-b12e291aa5c6,home,7270000.0,7097951.63,69475.91,8.0,180,8,2025-10-30,active
ae1edd1e-32e5-4a24-beab-cf6853ccd933,1ba3cbcd-6aa4-4fb3-9879-52bec94ad3af,personal,52000.0,46950.16,1415.77,13.8,48,6,2025-12-29,active
17828e63-f8c8-4573-9fb6-100301ad31d1,80545aa9-b3f6-4d91-a9ce-09d4d5905c3b,personal,150000.0,92886.39,3840.51,15.05,54,25,2024-06-07,active
973c34e1-20a5-43bb-8eb9-4a6b7f0b1711,d7958426-a30b-46c5-8960-8e13748349aa,home,5170000.0,3439331.03,44165.83,7.97,227,117,2016-11-16,active
33c912d6-ef67-45a2-beff-6cf0cff85ddc,c6662bb0-1345-4f7c-bd3d-b69de0ed58bf,vehicle,1828000.0,52124.07,52600.13,10.96,42,41,2023-02-13,active
20947766-bcab-4297-873b-5ad405d0052b,1403b6c0-2c06-449e-92c1-df710e57e002,personal,137000.0,22103.92,5708.02,15.71,29,25,2024-06-07,active
43b75f3b-f878-49cf-9811-b4e65be858e2,dafb8cc8-85f8-4311-af87-6e4e564b3876,home,3049000.0,2823415.93,28588.09,9.46,234,42,2023-01-14,active
32e2c8fc-fea0-487f-86bb-023c68608e92,122a191a-eb3c-422c-9b07-82878c819ca5,business,2379000.0,210881.59,54092.67,12.43,59,55,2021-12-20,active
fa429150-7f0c-4797-bbc4-4b24fd87c9c4,951e8405-e8bb-487c-af7f-5be9f17a44a0,vehicle,248000.0,234070.46,6576.03,9.53,45,3,2026-03-29,active
fc8c2672-4575-4588-a6a4-e0eb6c8436d5,f13c7ea9-a122-4dbf-b588-228c618feee7,home,941000.0,147110.69,10328.44,7.85,139,124,2016-04-20,active
dfd1bb0c-7ccc-4283-95fe-95cd49fb5826,133f0d64-d454-455a-b5fe-8f578f56e76b,home,1675000.0,762232.32,14393.35,7.74,216,151,2014-01-31,active
4f1c9338-c443-4756-8f4a-0db4ab7d1714,f478d65e-66b2-400e-b701-a5da864a6aa6,vehicle,1956000.0,699395.73,41666.32,8.95,58,40,2023-03-15,active
e0e3482a-e34e-41c4-851a-183d3d43c96c,2ef2244f-868e-4be1-8ce6-b4190b92f211,education,1429000.0,1366086.91,20809.33,8.83,96,6,2025-12-29,active
c507d603-bdbe-46c0-89e9-a7e38bcf732a,d0c5aecc-12cc-429a-91b9-0379e876f665,home,2073000.0,934240.66,18052.4,8.16,224,160,2013-05-06,active
64efcd8c-d31b-4658-8c70-afc3b42fdaa0,40424bae-829e-4809-b891-7eb1af11d593,vehicle,1809000.0,724623.5,34852.05,10.3,69,46,2022-09-16,active
97003300-f593-494f-9bb7-f1219b829b42,27decacf-8b14-4a6a-b95d-156f175d9f32,home,3206000.0,2835959.89,29229.4,8.74,221,52,2022-03-20,active
a50b6a17-4cbd-47dc-8c29-ba714af4be3a,3fe588d3-3c15-4459-8a5f-c88ebfbbb376,home,603000.0,375979.69,5279.52,8.6,239,139,2015-01-26,active
bf22942e-5c9f-4538-be9a-5ec1306bf82c,d5dfd828-e1e0-4785-b439-1aab4f742386,home,3755000.0,2914742.1,48117.18,9.27,120,38,2023-05-14,active
44c262b7-27b4-4f8f-8646-8f4a5e19952b,30321cba-7d75-4de3-ada9-a38ddd1690f5,vehicle,1037000.0,524181.25,32937.73,8.92,36,19,2024-12-04,active
16aa19a5-9af1-448d-a6a1-157f37057f89,ba0fe89c-74c8-4d7e-860d-7b34e565ec10,home,2158000.0,1189844.97,25298.22,7.59,123,67,2020-12-25,active
fae0d7a4-d8c3-4fc1-8240-dfadb0c69056,12204d4d-c117-4c27-b505-d8bc37fc09d2,personal,240000.0,39906.18,5945.73,12.75,53,46,2022-09-16,active
8ce1175a-d465-428c-b7c8-b5649a11efb5,4c87504a-5f6b-452d-ae02-eb6d386855e5,vehicle,784000.0,769759.78,13526.34,9.85,79,2,2026-04-28,active
40196a66-dec7-47b6-a4e1-e7ead7d9d49e,5d4b4bc3-1a67-43b5-b530-56d131b52eb2,business,2960000.0,2725228.54,85528.14,11.21,42,4,2026-02-27,active
ac990993-d6d3-4eeb-9e58-73f45c81078f,5a3f3007-6f34-4c4f-9d1f-6fbf0a4c0f71,home,6716000.0,5067763.06,64362.74,7.85,176,65,2021-02-23,active
2300860b-d078-414c-b275-4ed24e308933,61578d17-71cb-4ab4-a497-3ac4faf725d8,personal,330000.0,174229.57,7990.47,12.97,55,30,2024-01-09,active
47da1d6f-c427-4e08-bbcb-898604dfd611,be7ca297-d682-4571-a3d6-f492f7fc6e0a,home,3719000.0,3243419.24,36878.33,7.71,163,33,2023-10-11,active
90fb4c1f-f2e9-4c82-8e91-f5cc6c5a764a,0f5db515-98c9-4316-9ab2-9eb2c49e7d81,personal,360000.0,237399.17,27775.02,12.54,14,5,2026-01-28,active
631d1f58-f194-4189-8dbc-cfc2d9efc75e,f3eb749a-f04c-4f74-ab8f-65faf7b24a15,business,1498000.0,1403710.6,27200.31,11.3,78,7,2025-11-29,active
134f6a61-17a3-4dc4-a11a-1117ee0de168,1fef637d-d596-4a24-86c6-48273f215699,business,3506000.0,1842717.84,74556.79,10.58,61,33,2023-10-11,active
cd3683d1-b659-4289-98bf-cb62bd251db6,4a00682c-747e-44a5-8f92-ef07b0257fd0,vehicle,669000.0,132428.32,17232.23,10.82,48,40,2023-03-15,active
88e9768a-7880-4197-aac4-8bba38eaca4b,f9ccfd7b-9272-42d3-b76d-a50d17611d16,vehicle,1745000.0,77600.46,39226.09,8.77,54,52,2022-03-20,active
0ad35fc4-5bff-451c-af3a-d6c04c0081e7,79c27d09-8750-442f-9853-f69b4540d14e,vehicle,1906000.0,722051.07,32355.44,10.72,84,59,2021-08-22,active
3e6e4e11-fe4b-465d-9913-e70bb7c26ebb,3e78dc7f-3b24-4391-b29b-2c81f481262a,home,751000.0,290993.36,7543.24,9.29,191,145,2014-07-30,active
d9e2b4d7-983c-4d9b-9cf7-c63b79637e81,6400493d-3dec-40a8-8259-9aa71ca7d947,business,3536000.0,1469524.1,69203.06,12.04,72,48,2022-07-18,active
8f310b38-c1fe-4b8c-92d8-8e72dd13cd91,22d800b3-aa7c-4d86-ac41-142d5564ae7b,business,2343000.0,2036519.8,42496.22,10.3,75,13,2025-06-02,active
f5954989-2fc4-4622-8a69-a4d68925e8e4,126278d6-9167-4c9d-b68b-910d43fee04d,home,5342000.0,2624163.81,45995.09,8.37,239,166,2012-11-07,active
991491a7-8382-4b35-b0e9-05e4c2146c99,eedcfb12-1ae3-4e5a-aca9-41ce3346564f,home,3716000.0,2375134.02,43647.69,8.51,131,62,2021-05-24,active
35b52bc7-a86f-46c9-991e-fad61b022b90,15997845-6c40-4d46-b8ab-0368ff0159dc,business,2360000.0,1672846.84,46841.84,13.57,75,29,2024-02-08,active
ba28df61-c0b5-4650-af4a-49361e8e3817,491db544-62d1-447b-922b-17857b719db8,personal,74000.0,49004.04,3777.37,12.39,22,8,2025-10-30,active
1b53742b-e9c2-454f-b8d0-0484c8f63f7c,354e8b32-f803-49a0-9fd5-ff6a0a670715,vehicle,397000.0,31646.25,6474.92,9.16,83,78,2020-01-30,active
b683e68a-5dde-4d87-b134-629af2b380c8,691c2a42-b385-42a7-b4e2-f19b8d884800,business,907000.0,450692.42,23331.17,13.93,52,30,2024-01-09,active
6a5a8400-0f4c-46a1-bf7f-b91bb6cd9be4,a6649064-2310-4c70-a967-95ae32ef4b97,business,1498000.0,192160.68,49163.28,11.17,36,32,2023-11-10,active
31605141-6c58-4fbe-b4db-98acc1965db8,cc7a4349-435a-437f-af50-7a2cba58f1da,personal,140000.0,18886.78,4833.77,11.34,34,30,2024-01-09,active
07c6fe59-28b8-4303-b322-4f18e96527ca,88debdb1-4d46-422b-a591-c78e6574d918,personal,404000.0,59898.07,20498.45,15.93,23,20,2024-11-04,active
d3062053-3af5-469c-9806-e67afb2e612f,b57cec98-957c-4337-b791-8682f6264f23,home,876000.0,761629.59,8185.78,9.05,219,58,2021-09-21,active
a8b1c794-ac79-4772-b39f-95ff80d89ac1,2e434ba1-aeb9-4623-ba9a-c28c90ecdd6c,business,4753000.0,3432702.32,129134.95,11.88,46,15,2025-04-03,active
09cb1f78-f53f-4187-b2b4-3d87fc612cdf,e7a19573-f53d-4002-bde6-874e2523f54d,education,1575000.0,444490.33,29437.98,8.28,67,51,2022-04-19,active
cd7c8c7a-24da-49bf-a087-818d4c320d5f,1f2310d1-ede9-4aad-a9b0-1141efee352e,vehicle,1982000.0,1210497.12,57435.71,8.89,40,17,2025-02-02,active
0c4a2201-408f-4479-9bb9-37f27534dd75,cd456efb-99a0-4b83-8b43-db2adcf90611,home,4644000.0,1369004.82,47913.2,8.42,163,131,2015-09-23,active
98f29f50-016b-458c-8e5a-2d2671623d3e,f5000963-93e3-46d3-9b19-c1aa1886739e,vehicle,828000.0,529249.36,14684.52,8.79,73,31,2023-12-10,active
2ae9784e-e989-4770-b587-7f622dfb04b3,2502a5bf-4213-46e0-910f-f73bf8f8e77c,home,2787000.0,1506660.95,29765.18,9.05,163,99,2018-05-10,active
cf72db30-66d9-4e5a-8ff5-7b72093e7094,52b7dfab-75b0-48cc-b950-c890ecfac1af,home,4853000.0,4835398.76,44963.22,8.95,220,2,2026-04-28,active
571d2fbc-7aa6-4387-b21e-c990adfd43f5,2b5ddb1b-469d-4992-a395-f3c5520ee9a8,vehicle,801000.0,510703.35,15862.91,10.53,67,29,2024-02-08,active
75ea160f-ce95-47d7-99cd-02d14d9638e4,d89ca984-fcee-40a1-a162-43b7d762d7f6,personal,323000.0,311025.06,8184.4,15.77,56,3,2026-03-29,active
6750c249-b170-416e-8a11-d5681d6d5ad9,345ac5cb-e53c-4405-ac52-bf1f387b2c41,personal,460000.0,326012.38,31923.28,15.11,16,5,2026-01-28,active
c9ffa165-84ff-4df6-9bac-97a8d029188c,07d56eec-0b8f-4402-b831-e283907944b8,vehicle,930000.0,152934.97,15929.27,8.97,77,67,2020-12-25,active
9a9e86df-6474-4b36-9f0b-3b457497fce9,926c4acb-ecb4-4fe1-b67c-e64b3a53c4eb,personal,380000.0,10302.08,10407.93,12.33,46,45,2022-10-16,active
4d11d798-0b61-4a6d-8f46-21284bd3cfe2,9a999201-2dcb-4ad9-9009-6ced82514f0d,business,4324000.0,4156678.71,80335.59,13.21,82,5,2026-01-28,active
f8b85984-6cd3-414a-8d0a-3d675f5360ab,46bf1720-cc3a-473b-83c8-9932a150c633,vehicle,1642000.0,874082.79,32488.27,8.61,63,33,2023-10-11,active
e63eb6ab-89ba-4e92-9f1f-792a6df85440,9752a8cb-f449-4ea4-aa4a-2a7875360760,personal,220000.0,159961.7,9084.56,14.94,29,9,2025-09-30,active
45cdcb85-b125-4b1a-9813-fec70eb71adf,2c5c2f45-52b9-4819-a7e1-1118abe90655,vehicle,256000.0,216192.78,7771.22,10.46,39,7,2025-11-29,active
0c2ea170-d718-48f4-8d4e-a0f276db4f5a,32bd5719-961e-4ab1-ac03-f78db9a8a5dd,business,3370000.0,2377227.73,82624.76,13.57,55,20,2024-11-04,active
eceadb3d-4f9d-4225-804e-a893df4a8a5b,99797cc1-b444-4150-a2a8-4083758632ab,home,4699000.0,1554200.76,56247.14,8.82,130,99,2018-05-10,active
fef4314d-52d0-4987-b392-3df67ae7d70f,ff1d7808-75ac-4174-afeb-5c1a93956c87,home,7328000.0,6833007.73,72008.52,8.37,178,22,2024-09-05,active
7c28e6f4-154a-448f-a692-57f9faf2eeb8,70d7cd5c-8120-4657-85de-e85afd79ca6f,vehicle,1806000.0,1060149.66,30491.76,9.72,81,40,2023-03-15,active
1ac28093-0d53-4673-ad2f-e1451ae5c466,d679b3e7-3960-456f-9b02-ad10b092a57c,vehicle,1530000.0,612871.89,37070.28,10.93,52,34,2023-09-11,active
3e264d02-aa73-4a78-b141-86a2c01a5bf8,4b2c5c41-2246-4577-8621-843af1606fc3,personal,105000.0,11008.86,5590.24,12.45,21,19,2024-12-04,active
00c0e67a-e95c-4996-970a-87d268b80f54,d5b15cc9-b68c-4a16-98f2-bbfbd0405989,business,1677000.0,693359.04,39826.71,10.68,53,34,2023-09-11,active
497a4061-35d3-473d-8ab6-ff77ad20bae8,d4124731-2277-4db7-b8d9-1a8fdbcdcc81,personal,155000.0,31012.96,10549.43,12.25,16,13,2025-06-02,active
a0cb20f2-3d2b-4c26-a9b7-39f70dafb50e,664669a4-85df-4de7-9203-691ddf87cac2,business,2615000.0,1688519.79,52574.96,10.69,66,28,2024-03-09,active
4e1c2b11-0d9b-45bf-b99f-f1ec22b921c9,dff5cff3-b077-4995-a9b3-57975fe9b574,business,3493000.0,2730226.05,90679.77,10.33,47,12,2025-07-02,active
81171db5-d311-4a05-9af5-d7b7dca40c2a,1fef0f69-3438-4bd4-8d34-6b8fa025919e,home,5853000.0,2683594.93,58343.97,9.24,193,136,2015-04-26,active
8d9d887d-005d-43b0-b63c-69b2983d2089,91544523-c22b-4b93-a2e2-15d970f2e791,vehicle,1671000.0,332416.72,42936.58,8.81,46,38,2023-05-14,active
388d908e-7493-482e-83bb-9654fdad91b6,362b3461-6faa-4b67-a626-58eff34c362e,vehicle,226000.0,161627.47,3947.04,10.56,80,29,2024-02-08,active
af49ac89-c893-4c75-859b-2378330c6a83,d5d778a3-b92d-4c8b-94f2-023f8f1fdd6d,vehicle,450000.0,278517.56,7392.34,8.52,80,36,2023-07-13,active
36e48ac7-bcf0-43b6-827a-60d76de7b703,cc4992e3-9112-48aa-a39e-dd6097bc5b48,vehicle,665000.0,83805.91,14359.28,9.55,58,52,2022-03-20,active
1c7381cf-aebd-4daf-a145-41b2cf79a5c2,be0df42b-3792-42d2-b13f-46d9621177bc,personal,214000.0,30011.63,5183.35,12.33,54,48,2022-07-18,active
c70a5d1c-6804-4dc9-ab06-c64ba39a8aca,21bef7f2-a44b-41a8-86c9-a2a04500fce7,education,1335000.0,815329.19,21330.17,8.78,84,39,2023-04-14,active
d4f820af-2974-4b68-ab85-613daf090b6b,1b1ea987-24e0-4861-b189-4c06a626f5ad,personal,297000.0,246562.45,13292.13,13.88,26,5,2026-01-28,active
a4224c6f-4baa-48a8-bb2f-b31072b581d0,093382ea-43b6-4273-baf3-5693c1226021,personal,418000.0,135874.06,15916.92,12.85,31,22,2024-09-05,active
819a2bb7-d1f8-4068-a6fd-d1f6e2e8986d,ebaacd0e-67ed-4976-afc9-f31f562dc2bd,personal,464000.0,46635.62,12043.46,15.73,54,50,2022-05-19,active
65bdc57b-056b-419a-a140-cdf484af5fe9,3c84a483-c4f0-44a2-a93a-ed938c73d20c,vehicle,1878000.0,524141.1,37389.98,10.3,66,51,2022-04-19,active
93c3cc75-bec5-4a13-8a96-808b74ad8be9,f58cf053-be6b-4bec-94b8-d87602c5fc6a,personal,163000.0,63766.37,5232.42,11.23,37,24,2024-07-07,active
11047bc3-fdd3-4c40-b8ab-1334f2d2cea1,41926b9a-8553-4054-8918-b278e3f185a0,home,4251000.0,1632978.35,40916.45,9.36,214,166,2012-11-07,active
e11d3e63-fa85-4288-9d39-cff33dc43014,a61f3c35-87f3-4784-be63-72a2d1c72733,home,3768000.0,3071331.63,40829.28,9.26,162,49,2022-06-18,active
c62e6a45-82ef-436b-8313-78a4ae336a1c,59571470-08e1-4810-be44-6da90b7d2612,home,3228000.0,550598.07,34529.54,8.65,156,139,2015-01-26,active
e23b148f-0a97-4c29-9b52-cf06819edb8e,c32eaf24-483b-4cb2-bd55-d25b799c6acc,business,2740000.0,456953.07,53394.82,12.23,73,64,2021-03-25,active
c17db846-6d1b-4c7a-87ed-cfde7765fa4e,64ee1c69-245d-4762-9693-329b28e969e6,education,989000.0,793448.08,16877.09,9.48,79,20,2024-11-04,active
fa74e725-f86e-4a76-b10d-a9b870a13d80,59a834c3-dcc2-4ad6-8ce0-5abb3bf8b777,home,3733000.0,2697728.6,35342.51,8.9,207,94,2018-10-07,active
4723b875-ef56-4dc8-b221-cbe443c14ecd,01463d12-9ece-4353-87f4-edabb3b4a795,business,2188000.0,158427.48,40492.03,10.68,74,70,2020-09-26,active
972e236b-ed02-410a-925e-2f080c2e0c4b,256b4c37-9d14-4d93-b71c-b67a412e8aa9,personal,356000.0,8876.53,8977.35,13.63,53,52,2022-03-20,active
989cd73e-ddcf-4f61-a0ad-d080da7c913c,5b1c75c9-27b5-49bf-a3c7-303ea6cd58e1,business,367000.0,321271.85,8388.0,13.2,60,10,2025-08-31,active
2b90000b-ab10-479b-a180-44e91db7f877,552ef526-2535-4008-b99e-48b0d4fdd56f,personal,437000.0,399580.96,13589.13,12.01,39,4,2026-02-27,active
a63d5bcb-8bd5-4b17-aa5b-0a295e88b78f,976df899-6eeb-4474-9cd2-bcec3f567916,personal,410000.0,365365.8,26399.16,12.28,17,2,2026-04-28,active
8833a862-d9bf-4edd-8f38-9adb1a7c7377,c3b2f029-493d-44e8-be00-2df01130ee3b,home,4580000.0,3185185.61,53419.89,9.5,144,63,2021-04-24,active
3356036e-825c-495e-8922-0866554517af,64fa6b39-d746-4b66-87ea-3249e14f13e3,home,649000.0,543236.1,7382.72,7.72,130,30,2024-01-09,active
8ac5f3be-623e-4f94-8777-327f651b81f5,653e5456-5866-418b-b960-3f088c160622,vehicle,1115000.0,518014.86,18682.68,8.55,78,47,2022-08-17,active
f555878f-b3bd-4143-974b-4f0b1192ad25,25cb59a0-95ba-4d48-bfef-f75e0f22325c,personal,289000.0,196119.55,10548.83,13.62,33,12,2025-07-02,active
48ae3f9c-07df-4008-a45b-a47ac75fe3b7,cc083025-f71d-4a71-902b-702ad093d36d,personal,363000.0,84887.75,12607.24,11.77,34,27,2024-04-08,active
214d6e97-4542-4420-abfd-76354e2bcbba,ba5b7d1f-c75f-43bd-9d0e-74c5a3d1713c,home,1061000.0,267059.13,11671.8,8.32,144,119,2016-09-17,active
3f4028c6-e602-4c29-b42f-e5179d3dadab,76a1e2aa-2ef7-43e1-b620-4c5f6d8230cc,vehicle,824000.0,595159.11,14405.51,10.88,81,29,2024-02-08,active
b9047d81-530f-4308-92cd-c12c23470d13,31f17f45-0e14-4d77-a7e9-7b71f6072198,home,7531000.0,6419892.28,75162.57,9.26,193,53,2022-02-18,active
4ac9f69f-cc2a-4421-aa9c-7d5fe65cc212,19389bbc-cbba-40fb-bbb9-54ab50ec0cc1,business,2390000.0,1176226.23,72073.38,12.63,41,23,2024-08-06,active
89f3e902-b028-47bc-ba36-35137d9f9077,79b82a49-e53a-48f6-b720-ab5da8e3686d,personal,229000.0,70095.24,7519.41,15.57,39,29,2024-02-08,active
55174f2c-8ff1-4d1d-b4d0-f29197d7adcf,3e888566-3ae6-4f7a-9c6a-cea4f5741953,education,570000.0,20443.71,10344.94,9.62,73,71,2020-08-27,active
125042fc-aee3-4d68-9095-5ab3a3a36fdc,2e2327bb-0087-4363-bae5-d29aa027b098,business,2961000.0,575872.64,55962.55,13.54,81,70,2020-09-26,active
d1ec1203-3b56-4d6e-a485-2b620e20a4fe,6d00f910-4000-416a-b47b-4d121593093c,personal,163000.0,126704.78,5046.36,14.27,41,11,2025-08-01,active
781b42a8-ff8f-4c1d-a70a-227a9958162c,efc5c421-dac7-40cd-97d8-bc8c10c99d2c,home,5619000.0,5236792.81,45991.96,7.59,235,33,2023-10-11,active
d30ccab8-a788-44d0-b147-600f4b90c248,f98e5ba7-6198-485c-a609-cccfa6daf7b9,business,3800000.0,1436470.5,111203.37,13.1,43,29,2024-02-08,active
9ff6a331-ca97-4d09-8256-45f8305fb3ca,dfb91a29-4263-43d9-aa66-b5b856240133,home,6955000.0,3540341.88,61380.02,8.71,239,164,2013-01-06,active
6814f954-c887-4e60-af4b-e6a2d84bc061,d0da9497-08a9-40e8-aea5-8c85c9dabd40,personal,367000.0,144370.74,19003.81,13.96,22,14,2025-05-03,active
e3aea962-d997-4f87-9707-b94f9e8c6f7c,0871c726-db41-4431-bb0c-9bf77a34da2b,vehicle,1431000.0,326683.01,26500.18,9.21,70,57,2021-10-21,active
8ab76243-6cd3-459d-8d50-ff374675d7eb,ae9c258a-de5e-4763-abdd-1032bac3583c,personal,213000.0,36696.65,12507.03,13.43,19,16,2025-03-04,active
26c74a52-dc51-4cec-a391-723ac51a6c54,0e1c2fab-3caa-4f69-91e8-f00590fa2f34,home,4110000.0,3996288.44,39167.57,9.18,213,14,2025-05-03,active
ccd0d424-059c-4c6b-ae91-fe4ba6092310,2acf3eec-0f37-49b0-b865-83eea1dd0f25,home,7083000.0,638825.41,82513.84,8.81,136,128,2015-12-22,active
4dbd2bf9-b6e8-407e-8861-9ffc0197c3df,a1761bc8-b5e6-4fcb-91c5-82cb841b0f87,vehicle,1292000.0,615866.16,39061.35,10.2,39,22,2024-09-05,active
e2699e11-c2c3-4bd5-902d-b5315d5d34b4,f43d2b1e-4a6c-4231-b859-65552e7a80b9,vehicle,1534000.0,1108562.47,42221.07,10.59,44,14,2025-05-03,active
f899a7c7-1f9f-42f6-8f10-1e08f7514cb4,ea8a2101-796c-4e2a-a9b8-aa250578342d,personal,347000.0,259464.65,17569.0,11.5,22,6,2025-12-29,active
221da278-1002-47f1-9a36-757ec505617e,41f8852c-59ef-4b79-b7f0-9bc827c58e45,home,6953000.0,1217703.98,72444.0,8.77,166,148,2014-05-01,active
1c1b4b02-b7a8-4fe8-83df-2741f02d9ea0,6275cd00-fea1-41fa-9c77-db2690d27244,home,2555000.0,1402152.12,26985.28,8.96,165,99,2018-05-10,active
8ed32bfe-fc2a-4e62-b4d3-2eb547810ea1,929a8a37-5fc7-4108-8183-e2c37f43a890,home,2786000.0,747281.66,24650.46,8.04,212,178,2011-11-13,active
e8311a93-128d-419c-a8f7-f1698362738b,58e567e0-42f7-4413-8ce1-4af4c80820bd,home,767000.0,394728.4,7629.27,8.17,170,106,2017-10-12,active
69b45f3b-c02f-41e9-ba1f-dfbf3456612d,f1920dd6-6271-4acd-ba8a-fafe48766303,home,6440000.0,1194610.5,58516.74,7.92,197,175,2012-02-11,active
83722d43-672a-4f89-8910-1e29ae833586,2875438f-9c49-4bba-90bf-3556bba80fc4,personal,285000.0,234563.5,11035.15,11.94,30,6,2025-12-29,active
fff42ca9-32f7-462c-8230-b81d4ae7b66e,1aee0f91-3810-42bb-a833-2a5f8220a46e,business,1751000.0,1100731.13,32304.58,12.15,79,37,2023-06-13,active
ca1e5667-4821-40b4-b4b6-3a1b8156ed09,16223d63-4aa6-4652-a949-4aedb445854a,home,902000.0,226130.01,8614.97,8.13,183,154,2013-11-02,active
7a4916f6-d813-4a95-bbd4-1c5a3a44da4a,c1fd2877-1ead-49f6-b09c-e12c631625e3,vehicle,1709000.0,1255452.33,50562.45,10.18,40,12,2025-07-02,active
4613bc56-77fd-452a-bc7f-65aa6ab21bc7,614bbc40-a3fb-4503-9827-d10737230f46,home,7131000.0,4774888.5,67247.21,8.1,187,90,2019-02-04,active
9d36b8af-89de-4e81-aa77-5a890a730fd1,78997b28-61f0-4366-9c8c-f6fb7e3ec926,home,2600000.0,717728.53,32795.83,9.02,121,97,2018-07-09,active
5c6f92ed-77db-4967-860a-eaa367c53d09,8e8d1aaf-1354-419a-99a7-fa711ddeaded,personal,382000.0,142494.9,16887.12,15.71,27,18,2025-01-03,active
da823629-a68d-4520-bd47-7da3fed12a3f,e4a0b4cf-ab32-42da-a4e6-984f674e9ae9,home,4882000.0,2734899.11,44744.26,9.26,240,157,2013-08-04,active
c852498e-5259-4926-89a6-8c98bee599fe,6d54639f-8edb-4545-b918-7e7091106d2b,vehicle,244000.0,156905.37,5703.85,9.17,52,21,2024-10-05,active
962da438-0fc1-4474-8747-dd07c1df373c,d9720331-875f-4017-a0f3-48b7a346eecc,vehicle,564000.0,538044.46,17981.69,10.77,37,2,2026-04-28,active
bec9e954-a9be-4a64-a530-d948b92e3614,6224119d-2895-4834-8988-a10951bd35e8,personal,93000.0,4894.84,2483.8,11.87,47,45,2022-10-16,active
83730d9d-057b-4f14-ab14-442bbd6f0075,1cfafeb4-4bbc-4996-9da4-a073d6707947,personal,360000.0,59775.51,20418.0,14.78,20,17,2025-02-02,active
19a99584-51c6-4288-a275-befc63f565b2,b83d58fb-ec5b-46e2-96b6-97480d06c531,personal,339000.0,177498.82,9933.82,13.18,43,23,2024-08-06,active
5803edc4-783b-4817-bdf4-c598c7c74838,da0abd0c-a390-42dd-ad08-36ab89a54809,home,3484000.0,2127238.58,33190.09,7.75,176,93,2018-11-06,active
5c2bfee1-f7d1-4821-9411-4716ec5b9725,46d988cd-862f-4279-b403-842ff9b40b71,personal,151000.0,5519.0,5576.72,12.55,32,31,2023-12-10,active
2f360f9b-afda-4338-ad9c-a1cb7a2d0b5f,30b81290-2b5b-4861-84c5-eca4dd2b8716,home,4011000.0,1272359.78,45485.58,7.86,132,101,2018-03-11,active
1febae76-1207-4b31-906c-154acfcac713,6f9c1afc-99da-404f-96cc-1377a3c2d92e,business,708000.0,504886.22,12630.89,10.99,79,29,2024-02-08,active
e85aacac-6bef-4e0f-893e-cacb37447e82,83b2a80b-f411-4689-9fe9-b2b4a812fde0,business,2970000.0,2227855.03,84389.59,12.43,44,13,2025-06-02,active
fb2395de-63aa-43fb-93b0-12a0416c334e,81e96b7c-21ad-4994-ae8b-9bec2465675b,personal,73000.0,27749.33,4175.84,15.81,20,13,2025-06-02,active
81c08fb2-185e-46a1-bbe5-2855f40a1a98,29d9aa94-84e5-462f-b7c6-646a87fcab68,home,5313000.0,3873014.71,60816.46,9.27,146,58,2021-09-21,active
dfec5d8e-a188-469a-8a4b-35efe9bc5f81,996c2948-3bff-4b39-9b6f-6ac3d41725a4,business,2933000.0,1213450.32,60949.04,10.63,63,41,2023-02-13,active
feab41fe-8c3a-4d4e-abb5-976fa9827103,e06f2ce3-2bf8-4679-b3bc-c45f8f662ba5,vehicle,1171000.0,574247.19,21125.78,10.11,75,44,2022-11-15,active
0ecf2a60-2bcd-4a43-9656-93c79d90f649,592eefe4-42ec-44f3-83f7-1588c3ee54a5,personal,451000.0,304779.33,14035.12,13.37,40,15,2025-04-03,active
fcbdabce-03ab-4829-bb21-923679e2be5c,f3f0fac7-b5b6-4640-905a-a7472981d8c1,business,4195000.0,3853900.37,130466.55,13.33,40,4,2026-02-27,active
8f945407-f150-47d6-a20d-af815fe341ed,43bda5a9-e6b7-47e1-a68c-25c7bb4ec9dd,home,7392000.0,6703368.72,68933.91,8.7,208,39,2023-04-14,active
21f677ae-90e5-4c86-a11c-abac5f05a74d,df33d654-72d8-4399-a5ff-9d265d2b78bf,education,759000.0,323945.47,13317.91,9.13,75,48,2022-07-18,active
5665e5fc-e841-41ea-94be-9c3224de5578,1c479038-1457-4229-afc8-29967d9030a4,personal,351000.0,67722.91,23169.07,15.74,17,14,2025-05-03,active
52b55c21-6f02-4fda-80b4-8755a18b33ef,6c7f9722-b0dc-4909-81ea-f3c426a40bae,home,6423000.0,4666592.21,74850.37,8.34,131,49,2022-06-18,active
decdd88c-c89d-4c95-815b-e7926baebb62,b6107b94-fd5b-4bfd-87a7-83a10b012871,education,164000.0,16413.72,2124.77,9.41,119,111,2017-05-15,active
e6505499-c7de-419c-a525-eee30a2fe575,fe1b2503-822e-459e-8a31-8e12c5f46012,business,3430000.0,3363103.96,62916.59,10.36,74,2,2026-04-28,active
889d724f-7ef6-4743-920c-80895081adb7,8beef970-b41a-4b71-9801-3129da9241a5,vehicle,1701000.0,1236655.8,42718.21,9.48,48,15,2025-04-03,active
ae65bd22-a609-4021-8f17-b0cb28e00e76,f0bf1439-96d6-4abc-b796-420455fc81af,personal,181000.0,40868.34,8485.21,15.12,25,20,2024-11-04,active
7ccc2be1-ba9b-4f68-b819-2cfd6dd69414,041ce046-d0ec-46b8-a565-9aa9d9cf8035,vehicle,953000.0,704020.57,27145.05,9.13,41,12,2025-07-02,active
d3a12238-31f8-4d31-be96-cfeff0037e75,61fc6b2a-35f1-4ea8-a295-a46a5234e8b3,business,4907000.0,4510407.61,83627.33,10.03,81,9,2025-09-30,active
7e15eae2-9d4e-4695-9610-b6269de6e2c8,d805ad57-3c41-4142-913e-89e5b350843d,personal,118000.0,21095.47,3650.32,12.99,40,34,2023-09-11,active
99b8293c-ac4a-463c-ae03-4fa61cd6653c,81397da3-c0f8-4d6f-8744-4aee59d5f02b,home,1679000.0,329184.38,15423.78,7.59,185,162,2013-03-07,active
6f2e71b1-c8a6-43d0-b03e-167ee3c3d6c6,0166748a-9c80-4259-8232-1ebfae2faa57,personal,447000.0,229835.2,14404.29,15.61,40,22,2024-09-05,active
6cdf94b9-482b-4020-8af5-b79e3736674b,acc8019c-0bfc-429b-967b-2cda0e8702f1,business,711000.0,525400.81,14267.9,13.66,74,26,2024-05-08,active
b79cb342-2326-49b4-b564-31b18e630d8b,023656f4-d7f7-484a-95d3-4d3668ddcb5f,personal,217000.0,48876.68,16593.74,11.07,14,11,2025-08-01,active
fcb93e6e-7e95-4870-a470-2b0a162ac9d5,9e8fe8c0-aa1c-4486-96fe-7970a21c8c1d,home,950000.0,827737.46,9198.17,7.92,174,37,2023-06-13,active
574be8eb-8049-41d5-9cba-d8c8b10e925c,8c2bf995-fd60-4b0a-927b-6bb9094d72cd,personal,379000.0,81450.37,12194.2,14.23,39,32,2023-11-10,active
b0aa6177-fdd9-4bd0-a481-145852f89e9d,70a09ab9-5165-4e98-bffd-cc6ab87fbce8,vehicle,1792000.0,648422.38,40920.26,9.51,54,37,2023-06-13,active
4a5ed06b-8913-45d3-831f-4dbf4716a751,032e48d2-da5f-4370-bf10-28c667c1ddd5,personal,266000.0,107560.68,7423.13,14.29,47,31,2023-12-10,active
99ffca0b-e921-4479-a5d9-0026e1d34d9c,85e46561-2637-4532-90fc-50d7dba9a880,business,1358000.0,349987.68,33956.92,13.21,53,42,2023-01-14,active
6b7cb13d-3b50-4bb4-b4ee-ba4a4616742b,cb40b0af-023f-4483-b0ce-7cdf833b134d,home,1879000.0,1041746.66,20626.37,9.14,156,92,2018-12-06,active
f4252acc-71a6-4140-814f-3e5764d6baba,b50f55ad-fdb9-4444-b8c9-aa5371dd2f66,business,4866000.0,765575.99,89246.33,11.65,78,69,2020-10-26,active
6b7d8446-d16c-4e09-bb18-71de8431e154,28e976cc-598a-4155-8e91-15dc839bb81a,home,6667000.0,2178900.4,78203.29,8.17,128,97,2018-07-09,active
6d3fbef1-9053-471f-b2cc-3a02bde811e3,994a7b4f-cdf6-44df-b3c3-108091c263dd,business,1163000.0,315885.51,33330.98,11.86,43,33,2023-10-11,active
359f499a-fb99-4823-97e0-3d2fa1834c8b,8c6d7689-ccab-4ca8-9ab2-0f814da6bda5,home,7797000.0,4279208.14,66533.25,7.64,216,133,2015-07-25,active
9909d3f9-3fbd-42f2-a786-637aaf143787,88404464-bd4a-411f-8f26-3820b1a251b8,personal,404000.0,182323.32,11798.91,12.98,43,26,2024-05-08,active
9f50c701-45f3-43ea-bbbf-458a3a5dbe3b,15eee028-24ce-4053-aeb3-70b1fb6b0561,personal,418000.0,99324.88,14935.18,15.57,35,28,2024-03-09,active
5a670f7c-6f33-43d3-8208-c46cbe22b472,4e04b0b0-fe40-49b2-bc3c-f31aa84b5d8f,home,3589000.0,1595583.93,44480.77,9.07,125,83,2019-09-02,active
4e972b2b-7fe0-4017-811b-5f35c36f36ad,604ae9ef-34a9-4aaf-91ca-c4637097c463,vehicle,1853000.0,836849.46,45700.1,10.26,50,30,2024-01-09,active
a980a863-e83b-4312-aa76-815976f72a0e,0c50f6d6-d9bb-4216-93c4-d316f217c533,vehicle,476000.0,275398.77,8965.42,10.61,72,36,2023-07-13,active
5f082349-7f1b-4247-b891-d6205c80723b,8a4f8159-36ba-4456-9530-baec5235548a,personal,337000.0,262359.48,21504.99,11.04,17,4,2026-02-27,active
bea85103-2e26-4793-a53a-729e6befd5bb,3710c6f0-b2b7-4a39-a162-146ecba20884,home,7155000.0,4949259.6,71371.15,7.69,161,69,2020-10-26,active
716e074c-f0e1-4e87-814b-da51ef6fad8e,7d019dc8-f453-4802-adaa-649081b759ac,home,4100000.0,342992.21,39516.38,8.77,195,186,2011-03-18,active
87a00351-88e1-44b8-8326-aa5b4149c825,4df3db9a-e5c0-4c41-932d-319ff0770fe6,home,5309000.0,2091128.53,57707.04,8.47,149,107,2017-09-12,active
d6c3cb80-f0d6-4d76-87eb-29d6d3bd7e61,9b383500-7cc9-4489-847b-5cd1514e72ad,home,1026000.0,566029.36,12172.65,9.37,138,80,2019-12-01,active
85e31452-ea9c-4dd2-aff3-ce60e5c567c4,5936d7f3-f894-4fa6-83d1-a35d7ae68144,home,1887000.0,1079920.48,16637.78,8.44,228,141,2014-11-27,active
436db4f7-77cf-4c67-8c6b-f13759d83999,404a7282-4e8c-42c8-bf6c-d2efa4f56387,home,6426000.0,5201845.66,70566.77,7.86,139,38,2023-05-14,active
c2be125c-d2a3-4728-b3bd-d29491cdd15a,c28e0a8b-d5ef-449f-bd34-edfca67618fb,home,5150000.0,4193667.37,56141.05,8.22,145,40,2023-03-15,active
9c4f4ca9-7a99-4d7f-bfe4-356db6fc3a90,54c50721-87f2-46a2-bd62-b9b4ab1d3f34,home,7842000.0,6239297.61,87968.42,8.71,144,44,2022-11-15,active
5e9cb53f-1ba1-426e-a18e-1541c83e74a0,a9dda3f7-8256-46b0-9367-e1984263c42e,business,1973000.0,1070007.86,59728.58,12.87,41,21,2024-10-05,active
c2806be8-e07c-4357-b53f-4173a7e1920c,3ccbea96-1f78-425c-be60-1d0594d68aaa,business,4509000.0,903840.51,86772.17,11.04,71,60,2021-07-23,active
8025f8d3-0482-47c7-81ed-ab016ee29726,c9a70982-fa1c-43d2-ae80-520cd05d2867,vehicle,1418000.0,731309.87,24782.0,9.98,78,44,2022-11-15,active
4e4a5f30-4563-4b28-ad8c-e1a9cc3fec04,2ce081ec-ad8f-4537-b227-bbc95b17f978,home,908000.0,749918.92,8699.41,8.44,189,56,2021-11-20,active
bcaa7744-c92d-42e2-8763-f4ea90b9b7b7,3c77369b-5190-417b-978c-676e2a866ad1,business,3350000.0,1256262.86,59136.65,12.0,84,60,2021-07-23,active
fe1d0a93-61f5-4d4c-9377-db6f58f7912d,246ac6df-b8ad-4498-8db9-7e34f55b5741,business,315000.0,232824.83,6690.7,12.02,64,21,2024-10-05,active
e46b2817-6e78-424b-9200-5127ca06c581,270d996f-7e6e-4225-8345-8813c7d3a501,personal,244000.0,117417.89,8026.55,12.89,37,21,2024-10-05,active
6e33a39b-30d6-46f5-877b-b6b4b617c4a6,0c25298f-b751-4d9b-b45d-23950e63f1ac,business,1266000.0,116704.93,24121.59,13.28,79,74,2020-05-29,active
3e6f5a6f-6a03-4aef-8825-e3a62325a366,ba4b0c0c-e8a1-46f5-b795-e13731f3c65a,personal,145000.0,60716.91,4712.57,13.53,38,24,2024-07-07,active
070625b4-f765-41e5-a6a4-ec81b970f003,aafc2b9c-8b9e-445e-8499-f8592b82824c,vehicle,230000.0,185139.21,5082.76,9.34,56,13,2025-06-02,active
e25ffedc-9510-4022-8d7f-f87c68996b07,eacfaaab-9359-4d94-9699-40453899c0b5,personal,335000.0,237432.35,17329.47,13.85,22,7,2025-11-29,active
b3e77676-769e-435b-a9e2-fb91146f0515,34e036cc-c76f-4ec7-8b1a-0bbb4511bd01,personal,305000.0,224284.72,16181.48,12.05,21,6,2025-12-29,active
b9e78b10-db6e-4c42-b8e2-58107796c10c,3dd32376-0c8d-4b91-91d0-3b4cc7da4409,home,6008000.0,3346711.33,67726.78,8.48,140,79,2019-12-31,active
44fb8c48-1535-4d23-a41c-84679ff3f436,72b48348-1b58-4349-ac76-8eece7394a2e,business,4433000.0,3332795.1,91326.5,13.28,70,23,2024-08-06,active
dc7fc837-c26c-480c-ae43-0bdfe02ab12a,0e0737a9-5659-4263-904b-35b7499954da,personal,75000.0,60879.29,1792.61,12.35,55,13,2025-06-02,active
e9b53019-a217-4cae-80dc-03c3347e9576,08b97519-8307-486d-b14e-e3bc62e08ac7,home,5540000.0,3756708.11,58571.58,8.01,150,66,2021-01-24,active
482b8674-6e15-48b4-9f28-da8f20eea321,41878229-d818-4787-aee5-d080f4186862,vehicle,1961000.0,1861311.25,40136.73,9.49,62,4,2026-02-27,active
6ff2df13-4d37-4f92-a32c-50d0d1c9ba08,e85429b6-1baa-4ea5-833d-4bc58830ec3b,personal,472000.0,105063.07,18232.43,14.0,31,25,2024-06-07,active
6c0a186e-452a-4d86-9b6a-4e125e5efb4b,8d1c2311-7f73-437b-a8d8-aedf75ee7b30,personal,296000.0,87138.05,10311.74,15.35,36,27,2024-04-08,active
ecf7345b-d0c6-42b0-8cf7-ced98b1e2486,9eab03df-dac9-43b5-857d-e88a553e1dde,home,6603000.0,2067409.1,69133.77,9.02,169,135,2015-05-26,active
36fc47ff-8923-47d7-8b8e-f2501ca53cad,0f5250cb-2ad0-48cf-a941-0f44d27d2cf0,business,4787000.0,2993448.96,95785.42,13.87,75,36,2023-07-13,active
417fe5ac-1852-474f-b105-5ab24e1ca99f,23e2d6e1-c85c-4e0a-8aaf-e7add7e5a33b,education,1248000.0,798678.65,22093.07,9.78,76,33,2023-10-11,active
cc785fcf-a137-4933-9eda-87541f591050,d0ddd584-9657-46e1-8bcf-2449e4da77eb,business,4022000.0,1905193.97,76637.23,12.7,77,48,2022-07-18,active
80f5d07d-d80a-462c-93ac-903f824c7d65,15f2f9cb-7df2-49bd-a10e-cf4c5a4d3d0b,home,7678000.0,4881603.23,73983.99,8.91,199,108,2017-08-13,active
36f8a0cd-7cdf-40b5-8c57-af77d1f83e19,1212e18d-c14b-432b-a16e-a4381ae711f8,vehicle,613000.0,229491.11,13696.08,9.18,55,37,2023-06-13,active
cf8143b5-6759-48ea-ae09-d2036248f5a9,8e39f9a5-cd14-4ad2-ab87-2730f536df1f,education,533000.0,479698.53,7397.74,8.47,101,14,2025-05-03,active
8a558182-28bd-4afd-8a0f-634494c1975f,8e78aab3-10ef-4c01-9162-1a204cafc098,business,2813000.0,2021232.85,80237.99,11.58,43,14,2025-05-03,active
797c2031-1278-4488-9bd1-0e3994458b28,ee0af761-54c3-4175-8761-0bfb5fe46b78,home,3656000.0,1668687.38,44753.2,9.11,128,84,2019-08-03,active
a0b99746-85ea-484c-b3c4-9548746379d3,9fcab904-df21-4bee-9df0-a16ca7b0bc03,vehicle,1853000.0,1079476.72,37051.82,10.91,67,33,2023-10-11,active
59aad753-f623-4908-827e-53ca58ce5193,a8567a81-8d0f-4cf5-9275-3c231bfe8fb8,business,3128000.0,2190855.4,101461.28,10.36,36,12,2025-07-02,active
a8ed073a-e2cc-4421-8445-25fcd2964d8d,5d40f1d5-a29d-453b-a541-289668cbe7a6,home,6498000.0,6037886.5,76200.35,8.27,129,14,2025-05-03,active
969cbcd8-32d9-4c19-a019-c21026c704c8,dd3e54c2-d9d5-4b19-bd4e-34fe4efaa0ac,personal,215000.0,151548.5,17622.04,11.03,13,4,2026-02-27,active
2b7239ae-4e06-448d-acfc-8eb9f585dd05,9989246e-ea15-46c6-bd89-658899dd8d3d,home,1246000.0,913962.48,13730.21,7.93,139,51,2022-04-19,active
cba8ac8d-b629-4ddd-940a-76649d04ecf5,b4a90f05-5568-4930-990a-72fd4d883606,home,6695000.0,5678026.52,64681.66,9.02,201,57,2021-10-21,active
e6e57c22-b779-4a32-9e6f-6c5c6046baf3,1215c145-0357-413c-8b59-5a43c51e9579,business,1597000.0,1086984.57,53325.92,12.37,36,13,2025-06-02,active
0ba85195-fb4b-471e-a4f7-5ec9a28ac92a,84dec19d-6481-4e7e-8f77-c65e803c52e9,home,4138000.0,44658.9,44956.25,7.99,143,142,2014-10-28,active
4f787b3a-91aa-4487-82f7-14b77b7a620d,a62d6cf4-ad9f-4dea-b213-4add281f10d8,business,2247000.0,1882588.65,58127.92,10.14,47,9,2025-09-30,active
5324277a-ab33-44c3-a839-fa3755c82b14,8b51d948-5048-4936-aab2-454c9529fb1d,home,3108000.0,2531666.78,39480.66,9.3,122,33,2023-10-11,active
949ce2c9-587b-4e72-b99c-518085b9040a,33636e46-8c3d-4fb0-9561-093c68836592,home,6300000.0,3717937.33,62705.02,8.77,182,104,2017-12-11,active
c1803f21-7b76-48db-b986-65c1f908138d,d8735e5b-c573-4384-af14-5ad468a156e8,vehicle,1455000.0,1383519.64,45944.25,8.52,36,2,2026-04-28,active
11d75a28-4140-40c6-bc77-4fac64e973b0,dba3a141-31e1-4674-af00-fe3f3b0c2db9,business,3350000.0,2996225.61,66693.71,13.99,76,12,2025-07-02,active
740f341b-27d2-4aca-bd78-a2c2903b2859,2d4c064e-f4cf-4050-8830-b39d64888f94,education,815000.0,581875.44,13747.63,9.69,81,29,2024-02-08,active
303324f6-1548-45e3-b2b4-47e549c007e6,44b44041-095a-47ab-9ba7-8e9d217a997f,vehicle,513000.0,208862.69,11991.34,10.62,54,35,2023-08-12,active
e1133d26-cfb0-4131-9acb-e164fd6c3f98,00366ff6-78ea-42de-9ea0-95fdfa77c6df,home,7934000.0,1319419.39,74907.2,9.23,220,201,2009-12-23,active
5189f647-ea2b-4b9f-8db8-b5ab010c0613,22191a18-240a-4081-aecf-35c548066aea,personal,218000.0,43688.41,14868.71,12.56,16,13,2025-06-02,active
6f0de275-9338-42ba-9cb1-246eec5b78ad,3ed28aa0-3e8e-4371-99c7-6b3782e82806,personal,246000.0,210076.53,14231.63,11.57,19,3,2026-03-29,active
9e1c8292-6ebe-42eb-b837-805c53838ebc,ba0c2705-f8ad-4462-b790-69fccf89b240,vehicle,1442000.0,802363.61,28122.25,8.53,64,32,2023-11-10,active
6884a005-bee9-45da-9460-1c548a4fc85d,56e4d836-8bff-46cc-bb16-0410b5012db8,home,7755000.0,6553945.22,63380.71,7.57,235,67,2020-12-25,active
19463d0a-7acc-4143-8c41-9ab797a0ed9f,db4c61c4-befd-49eb-abaa-c89df22ecf93,home,5174000.0,855039.42,51146.69,9.48,204,186,2011-03-18,active
118901ad-cb6d-41b7-84ee-ec5cd142c362,4c0665f5-4aa9-4a82-9c41-02aafca23621,business,4333000.0,3053276.53,90297.68,13.73,70,27,2024-04-08,active
dbb1484e-18a5-4438-9400-bcd56bab2fdc,49190042-484d-4c8a-b80d-fdef1856f102,personal,371000.0,284360.49,8973.17,11.57,53,15,2025-04-03,active
b7ce3edc-f200-4942-82a5-ca5fee0ff23a,ab103d45-7753-4353-ab3b-203d94789988,home,3353000.0,2297321.12,28978.2,7.53,207,97,2018-07-09,active
fa37f8fc-23b0-4589-895c-d0c625ed49e4,e12fc902-ffaf-4328-b1db-06d8d8886f8a,vehicle,1767000.0,127620.44,43175.56,8.94,49,46,2022-09-16,active
725d7b8e-d4c3-42ee-91e5-9ff686341784,095eb66c-0432-4c40-82e8-69aa16748c90,home,2251000.0,1656768.92,21408.63,8.97,207,91,2019-01-05,active
ceab4a15-1013-4d58-9b05-9d2670bb1e69,f920e323-a5de-414c-875b-a2d7f07e76bd,home,3882000.0,3674947.85,43205.6,8.22,140,12,2025-07-02,active
695e5e25-8ac4-4111-8ec3-af00f8f1ad9b,1e5548d8-b575-4b9c-84d3-b1a7e85551a1,vehicle,359000.0,111708.54,9756.13,8.75,43,31,2023-12-10,active
47f6bed5-dd3e-4829-a51e-a03efb936576,8a2d99c8-9f14-4c30-8adb-c97e7e7499f9,business,3683000.0,2663379.75,100495.91,12.12,46,15,2025-04-03,active
e3fcec9f-89b9-4a0d-a6ee-eac7e0121fdd,a7895982-0869-4a37-b89f-abbac88c8ba5,home,3397000.0,366731.34,29468.11,7.55,206,193,2010-08-20,active
0e6cc2c8-3d69-406f-b285-b31dfb4a929d,6ffd2790-e146-4246-a453-4e1736e70fd9,vehicle,922000.0,181771.11,17258.89,8.78,68,57,2021-10-21,active
0a01fc46-a586-4fe6-a4a5-2fb577e1bcf3,88e3504f-ce04-48e5-b685-eae662465531,education,990000.0,624250.36,13278.16,9.48,113,54,2022-01-19,active
521766da-597e-44b0-9a0b-a8cb0dea4fdf,c1d614a7-49f1-4699-b9a9-02d93e426b5c,vehicle,1916000.0,1533374.86,60883.71,8.95,36,8,2025-10-30,active
a2d762b8-9bca-42ea-892a-8e62cb3f0b92,686167d7-df35-48eb-abbb-7cc5659c123e,home,4304000.0,3892411.2,36600.87,8.01,231,45,2022-10-16,active
53551108-2bf3-4907-ba7c-2b1e839f877b,7b5e9d6b-4ce0-44a0-9a7e-ae88aeeaae95,personal,155000.0,132423.42,12763.45,11.85,13,2,2026-04-28,active
c9d715f7-9120-4479-80f5-8d0f53235b60,7d03f28b-c82e-4681-944e-832bbd480d07,business,1635000.0,647921.18,34583.29,12.74,66,45,2022-10-16,active
ad406306-4568-4797-bdfb-c4d0f436e63e,324b4b9e-6d58-4edc-bcd7-9db0c151ef89,home,6928000.0,6811996.56,77052.03,9.39,156,5,2026-01-28,active
aafb55c7-07f6-4fa5-9803-f8ca64b8f94c,acdcd564-b0fa-4433-9039-822d7585ba15,personal,139000.0,126153.46,3657.67,13.61,50,6,2025-12-29,active
04afaabe-ba80-4a3e-8618-18ddce0c57e3,9b9d4b6c-3f31-4efe-a7ce-051c6674da7a,home,3070000.0,2069250.95,29844.46,8.14,177,83,2019-09-02,active
9fc7bf61-b7e9-425c-8a38-31013a3fe7cf,66339548-980a-4311-856f-859be80c8f85,home,2446000.0,1591899.09,24677.07,7.83,160,76,2020-03-30,active
396efb7b-6c22-4120-9961-31e53c212d0d,7ce26dcb-2401-4dee-bcb7-5febf2dc8d2a,personal,270000.0,112922.46,19493.52,12.16,15,9,2025-09-30,active
404b3f4d-1f91-4be9-81a5-086e883bc0d1,0c823122-b7c2-42b6-9fc1-d9921914e5c1,personal,246000.0,18660.68,6360.29,13.46,51,48,2022-07-18,active
ea7cf332-a387-4294-9b07-8a7c626a5f27,cc98111d-be1f-4147-b26c-18ac80b8deb6,home,5413000.0,1745956.11,61970.13,9.49,149,117,2016-11-16,active
e017a7c4-576f-4713-af0c-a4fabf4a0ce2,90a029b8-9f3e-4d6e-bfc7-7b8ede227742,personal,347000.0,104414.58,26797.94,12.7,14,10,2025-08-31,active
bee47452-0128-4d03-a828-8eec1635b7a7,51af7fac-73f2-4ab6-9450-8acd02c45499,home,2958000.0,1852341.25,24130.58,7.52,234,129,2015-11-22,active
b9ed5c08-b616-4d8c-a381-48b4e93d3d79,a3c7ebca-d2f7-478c-9115-2184c6a1f7f0,vehicle,995000.0,19771.24,19937.65,10.1,65,64,2021-03-25,active
ffff74b1-2a4d-48ab-b85c-67b70484e2a7,7ef16b41-8454-4a39-9b8e-c82c628f4a9d,personal,468000.0,425848.05,26314.6,13.74,20,2,2026-04-28,active
376bed7b-8101-47a0-bb4a-fcfed3ce7444,6e779c4d-a069-49d8-b442-ed3758fc30a2,home,5672000.0,5631625.37,47665.19,7.97,236,4,2026-02-27,active
acc975d6-3810-4569-8985-0e7332c5168d,afb55d35-904b-4b6a-ac8b-08b7b473a747,personal,90000.0,59401.75,4549.28,11.32,22,8,2025-10-30,active
0865985e-dbcb-4618-91b9-54da4352c404,195a8ded-588a-4c7f-8829-6576b5caebbb,home,3704000.0,287970.8,42409.91,9.2,145,138,2015-02-25,active
b71a91b9-70bb-4195-b1ae-05a9273c54cc,a333d596-f64f-4f0f-a6fd-7970b4877e60,home,7143000.0,6971993.47,63645.63,7.58,196,9,2025-09-30,active
fe07f76c-73b0-4c41-9918-2a7182a1c0c7,eb844fbd-9024-4316-bf5c-b379ed411d19,home,811000.0,272390.61,8091.64,7.63,160,122,2016-06-19,active
4c83d040-e25a-4467-a41f-65c4af2782b1,7a3e30a3-6a2b-4190-bd8f-c93b6083469d,personal,424000.0,367771.74,13039.71,15.01,42,7,2025-11-29,active
544e2b86-b84a-4f1f-bb1e-155e35efd809,b6cbeb74-428b-45ec-8858-065729f6b7e8,personal,351000.0,28089.6,14285.77,13.7,29,27,2024-04-08,active
78c2365a-05f3-4b45-a573-236583c56232,c8b03282-3774-4a91-ae0a-81931e4402c8,vehicle,1220000.0,831699.38,23507.68,9.89,68,26,2024-05-08,active
9ad2d507-4149-4adb-987a-bc7d388f81b2,b29daf2c-8458-420d-915c-2d87e9944a5b,business,630000.0,311022.69,16011.69,13.32,52,30,2024-01-09,active
c52c3e0d-689c-4470-ab8b-cbfae6052345,97993b03-e951-4361-a843-e0015f7ef5f5,business,3100000.0,1275926.09,74390.32,12.54,55,36,2023-07-13,active
846c2c74-57a8-4dae-ae16-8136a22d48b5,ad48699d-cf93-4e9d-a26f-cb28f0f87a02,business,4712000.0,194008.55,98696.61,13.93,70,68,2020-11-25,active
2f44b077-ff52-4cef-9ee6-3d0cba0eae6b,423fd7b7-a8a4-4ecb-aece-9230a966cb72,home,968000.0,555147.92,10740.51,7.7,135,72,2020-07-28,active
eb70ad79-c9ed-4e18-94e4-a51f3ed9b37b,c89b0d06-1e5a-43c1-8f07-3a135183f5f9,vehicle,803000.0,247190.93,16537.99,9.75,62,46,2022-09-16,active
45f563c8-af70-4151-baa5-8f59849722e1,ddf209c2-3863-46e9-8686-228986a866e6,personal,248000.0,145105.55,17072.34,13.92,16,7,2025-11-29,active
1f00533c-d785-49b4-ac99-278dcff9f821,8c27e8de-1ced-4a5a-bc9f-3286737efc47,home,4734000.0,2742225.98,40347.03,7.56,214,125,2016-03-21,active
8c2c0304-6ea1-4e94-abe3-cc0866b8599a,5721183f-f41b-4601-a167-3a340a0e1895,home,1650000.0,834133.03,19192.68,8.4,132,80,2019-12-01,active
97dee7d5-423a-4bf2-9e8e-2e6d267d22dc,f6b73dc2-6352-4c12-a68a-faa2318d7a32,personal,469000.0,147940.45,14503.21,15.35,42,31,2023-12-10,active
3f0010a2-5bf5-4c44-a5fa-0f38dd6dcc59,4eacabd5-d150-40d2-afb6-cb7c144dc5e2,business,393000.0,84079.2,11014.97,12.66,45,37,2023-06-13,active
2ab0b577-a5f1-47e6-9349-22fda1ad1428,f1c6fdc1-84e0-4879-bcc4-b09fb888c74a,home,5780000.0,3850516.78,62755.45,9.41,164,80,2019-12-01,active
ec3c54ee-1a29-4e0a-8b99-feaacf60912d,6ac84649-63f6-4106-84ab-2e9058adcc00,personal,443000.0,349836.16,13771.03,13.3,40,10,2025-08-31,active
b43ff276-0631-4e6d-a36d-74721a0e158c,e8a95a24-3065-4e8a-8a64-c10e6f1c235b,personal,135000.0,54583.76,7115.25,11.3,21,13,2025-06-02,active
523380b1-9a0c-4109-a5be-783387e5a5f9,f9585ed0-ef96-47af-b415-808f3594f45f,business,3293000.0,993898.15,88367.1,12.13,47,35,2023-08-12,active
141f117f-f93a-4670-8634-822dc8625edf,e20856c5-ab90-4f10-8167-292cccaf0165,business,2477000.0,961828.77,61555.34,11.44,51,34,2023-09-11,active
185f4b28-302e-47fb-9076-2d140d742ecc,4ba25f82-6e85-4e0c-a225-c4d4c9cc9a29,personal,490000.0,326199.79,25405.24,14.1,22,8,2025-10-30,active
1695ef84-057c-4747-aa5c-64e104a8652a,ab79aa25-00d0-49f7-a849-6787d3f176b7,personal,376000.0,93307.43,9059.58,13.36,56,45,2022-10-16,active
98989e30-af07-4f16-a53f-10346bdc8c93,5bb40ff8-2bdf-46de-ae47-99fd6d99fd77,personal,124000.0,34072.18,5050.03,11.15,28,21,2024-10-05,active
e3e6e976-e47c-4fc8-9d13-ff5c1c9fab36,375e7372-8fc1-436c-8262-4355f2aafc4d,home,4273000.0,763256.79,39191.79,8.35,205,184,2011-05-17,active
36bfa4e3-19e8-4a11-a92e-ed727acf14a8,5896c9da-eba0-4253-bc53-de1edc3174ed,personal,288000.0,141243.5,9624.98,12.43,36,20,2024-11-04,active
e19c83b0-1fc5-47f0-96aa-edd9f5aeb1a3,e6fbaf4b-72b7-4a08-bb4f-724b672f6265,home,5580000.0,4014683.35,60826.86,8.67,151,61,2021-06-23,active
c4a65181-993d-4f8f-9060-ecdd8307e988,4bfb044d-851e-49b3-8f57-c8a07f5ba8f5,personal,391000.0,71887.29,9420.16,12.73,55,47,2022-08-17,active
67e01aef-00b0-40c5-8a38-6c65cd24c7b6,b1a8ff9a-183d-42d7-a0af-da1b864ab98c,home,1081000.0,358605.48,9919.6,8.61,213,171,2012-06-10,active
774b36d8-c002-4ed7-8e14-7a8120d8a940,b8ce79d7-bd30-4c53-8a37-075bf8d31512,personal,125000.0,57148.64,6708.81,13.37,21,12,2025-07-02,active
00fbd2c9-7215-44f9-bca4-131a79cf5ee3,cac38209-6cb1-4c79-a843-66337cecd998,education,1746000.0,1265254.09,22475.49,8.47,113,41,2023-02-13,active
77a1fd6b-41b1-4b55-9e86-cfb5dd09a6b2,e41e095e-0718-4e3c-a21a-a185e5f08055,vehicle,1890000.0,1595970.31,32621.86,8.9,76,15,2025-04-03,active
292ef300-8cb9-4008-8b0e-9a1bcb4e797c,2ece8eec-9ecb-4789-84a2-12629ef1c2a3,personal,137000.0,116735.54,5654.57,14.9,29,5,2026-01-28,active
f23d01c9-4d26-47be-b593-2477e0793a2d,a197fff8-0409-496f-a1a0-0b124062f81d,personal,445000.0,112078.83,28774.99,12.87,17,13,2025-06-02,active
34b58b05-ce2b-496f-be80-cc5b4c065dbd,d74d8373-318a-4a98-b750-357660492525,home,7117000.0,3276877.71,71131.63,7.85,163,108,2017-08-13,active
023d51f9-7a05-4342-8d76-adb8874aed05,45e299a2-4e45-4044-9f66-0863f051a494,personal,127000.0,96742.94,3629.76,13.78,45,13,2025-06-02,active
8954e82d-b528-4983-8e67-140598a6f93c,12a4b8b3-2822-4f2d-80b7-c6a809fc847f,vehicle,551000.0,415392.43,10628.51,8.58,65,19,2024-12-04,active
22145cee-dfe4-4d73-8aef-787e045865b7,f198e890-2256-4ccb-b80c-56d77b9b21f3,personal,213000.0,63575.88,4876.93,11.59,57,43,2022-12-15,active
224a435b-6a44-480a-9069-3e45a67b27c2,20136da2-2d78-425e-a91c-62524bac6c4d,vehicle,566000.0,507176.08,13291.28,10.84,54,7,2025-11-29,active
4b0920ee-c4cf-4a76-990e-6972a25da15d,d40ce788-04ab-48b3-8e1c-9b8ed829aca5,home,4004000.0,2755517.54,44726.29,9.28,153,69,2020-10-26,active
200a8824-0915-4d06-998f-cf7d439825f1,d9eed592-bf68-4eb5-81da-630557f6daa1,home,4757000.0,4100802.86,47500.98,8.78,181,44,2022-11-15,active
104e8b87-b830-46e4-908c-74e95482e081,2a72e129-26f1-4e47-aee4-b108400e48d4,vehicle,346000.0,175850.58,6446.38,9.83,71,40,2023-03-15,active
b40ddefd-d5e9-4ce9-8a37-b83d6ba2dd5b,a0bc8516-113b-4759-a709-a1d824712c56,home,5191000.0,1326355.5,53998.86,8.26,158,131,2015-09-23,active
123c5f11-12e8-4061-8064-51a47db88da6,76dc337c-6efd-4213-a40c-5c8f6b2451c7,home,3253000.0,2753722.3,37156.9,8.75,140,33,2023-10-11,active
1cddad95-3d90-45dc-a633-424b928e4824,4ac2eba3-ea64-46c1-9788-5aed679f8f04,education,875000.0,298109.76,11840.77,8.98,108,80,2019-12-01,active
ea8d7187-4406-4ac7-b661-c721884a77f8,a3078111-82db-43aa-9184-4aeed4df8d59,home,2388000.0,379576.72,23705.33,8.08,169,152,2014-01-01,active
c0d552e7-f041-47f8-964b-ba319c68870e,fb6fa1f3-9797-4cae-8819-4e2082a2fd06,personal,275000.0,79207.87,8358.07,11.87,40,30,2024-01-09,active
144ff4d8-d6e9-48cb-b915-c63d2e1f0b97,5459ee48-57d1-4710-90cb-bacd445d9400,vehicle,782000.0,108452.79,14109.82,10.77,77,69,2020-10-26,active
59ddbbe0-3536-408e-8e89-aa75501502f0,4587b15c-2320-43cb-9eb1-f80584b1b33d,vehicle,874000.0,725640.9,15389.18,9.92,77,17,2025-02-02,active
eea7a29b-652f-47d2-8cbb-50a100372cf1,959622ea-e49b-4317-8ab6-00f51badb38e,business,4300000.0,3448742.13,133404.6,11.86,39,9,2025-09-30,active
0760054f-e4d7-41ab-b9bc-23a1e49c2deb,3b1fc166-f349-49a6-b711-c5201ca6592f,home,7862000.0,3716222.25,69156.75,7.65,203,137,2015-03-27,active
d8553c31-2dd8-428a-b0bc-bd18647bed14,37a6eeda-7d67-47ca-9d29-a60a7347c254,home,2585000.0,1053210.68,22919.72,8.64,233,177,2011-12-13,active
9fbcbac4-51de-4647-8aed-38cf0c6cbc05,d24a2ab6-4552-468e-8520-e8188a5b2aba,vehicle,288000.0,144242.79,5832.74,10.53,65,37,2023-06-13,active
f2abbf8b-fb1a-479f-88cf-5e96162c8796,c67363f8-32e6-45f1-86c0-b476d2f86bd8,home,2932000.0,2842676.41,34071.4,9.5,145,8,2025-10-30,active
3636a425-1d51-44c3-86f5-dcc8b26c4068,a3166177-e574-4757-9b1c-61eb2449f9f0,vehicle,365000.0,235334.65,8591.99,9.51,52,21,2024-10-05,active
e77cbc0c-efc2-4b0e-9541-4c2b851660c0,d765966f-6a39-4a3c-8a20-ae8f057b5ed2,vehicle,630000.0,174323.41,12398.46,9.84,66,51,2022-04-19,active
3859ead1-2b8f-40e0-b61d-c522671941d6,db656296-c9a2-4ebe-aa68-2e2bf75cd142,vehicle,755000.0,678774.78,12107.66,8.62,83,11,2025-08-01,active
88926650-368b-4b95-8165-de7ceeae7f2f,d11e372a-3a86-41cf-9625-9cb951afc48e,vehicle,1337000.0,410456.74,42865.56,9.56,36,26,2024-05-08,active
c7d69c09-92bb-4427-86d4-343ab727dbff,708f3926-2bd5-45bf-b244-55b363814b0f,home,699000.0,318703.21,6565.52,9.23,223,162,2013-03-07,active
5aac7eb1-bf9c-4fa7-805d-54ec630020b3,153bdb58-b983-4582-a487-8575f5769c46,personal,387000.0,14783.51,14956.48,14.04,31,30,2024-01-09,active
cce5ffd4-4223-40e0-92ec-15f34ce9672f,c359a274-8ff0-41f6-9e92-a1a742b3a5eb,vehicle,1638000.0,326422.77,48167.52,9.8,40,33,2023-10-11,active
845302ea-ac4d-41c9-b308-61288c0705b6,a7c2c8bc-40c2-4d9e-8f5f-c3a6be883616,business,3560000.0,3403146.22,112286.92,11.54,38,2,2026-04-28,active
6715fe15-d143-42c9-b207-8172311b6ceb,9a7440fd-d4a2-4059-955b-8550217cc9ae,business,4278000.0,2610795.02,103850.66,11.75,53,24,2024-07-07,active
f3a3fb21-7eea-47d8-bb6c-15245559a165,93660321-0ed0-4a17-96ea-59d3675a1c36,personal,96000.0,71964.38,4909.34,12.59,22,6,2025-12-29,active
93e1744b-ac24-49a4-a8e5-3078f9e67365,2ccde225-932b-4c67-98fe-0853faf3ff72,business,1117000.0,45899.28,23242.08,10.18,62,60,2021-07-23,active
3a16d796-1623-42a8-9edf-a1c3a1c5ee27,ab173190-687e-4247-9309-1b6151233193,home,895000.0,826417.25,8372.84,9.47,236,44,2022-11-15,active
1b1c8032-fdcf-4b7e-8bd5-8cf12ce95702,a18e5471-060b-482e-9c54-48927103d1d1,business,4095000.0,238076.74,80906.09,11.66,70,67,2020-12-25,active
8ee67851-a234-4ef8-aec9-72a26332a126,a192b901-2d1c-4229-be27-077d699128a5,education,1314000.0,1176441.38,25575.04,9.85,67,9,2025-09-30,active
3a2e0e62-3d82-4740-9c24-2cc66ce943f3,d88ef24e-ddf2-454c-9190-72aceda50204,business,4465000.0,1163227.26,112739.48,12.99,52,41,2023-02-13,active
ce7ee698-fcbc-4b4e-87ab-e3280b8db7e7,fc8dd8dc-9a70-4a86-8577-2ebf2bc9016d,business,877000.0,292932.95,28447.51,13.4,38,27,2024-04-08,active
37893986-6738-481c-bed8-ff10cb1631c4,d03c0ac5-cdda-4482-8cf3-3d26486e6662,business,3166000.0,948026.25,61364.02,13.01,76,59,2021-08-22,active
4077def0-30c1-4954-a034-c8d895818206,fd41fcff-0480-40ba-a105-4b6f271aa18b,business,1454000.0,1264073.23,47397.21,13.73,38,6,2025-12-29,active
4d9c23c7-ccd1-4f5d-96d5-fdd335ade084,9ae34587-fa36-4733-854a-cf53ec9507ce,home,2587000.0,1170943.87,26593.56,7.77,154,102,2018-02-09,active
0fcfde9f-c1e2-4685-8606-2cf6be76f139,1ca36607-9325-4da5-a6bf-309d7cd05e1b,home,4068000.0,3469524.99,36033.15,8.48,227,65,2021-02-23,active
28cb7596-c73e-49aa-b745-f83b1b146660,71b0c66a-c9f2-41d0-838a-dd7e614c6ad5,vehicle,1160000.0,778770.77,22985.31,8.67,63,24,2024-07-07,active
b8f396cf-84d8-4066-a8fe-d7baa52ee999,7c9c2653-9ad1-4d60-b034-84c128b4e67f,business,1014000.0,590965.8,19258.43,13.71,81,43,2022-12-15,active
8312b3b1-6962-49b3-8319-9c0301e2878c,e582b2f6-f0d1-4c57-aa27-ffabbeb06a87,vehicle,1476000.0,720517.82,26195.7,9.18,74,43,2022-12-15,active
1ce068d5-4a78-4b12-8996-0eeb845671fd,658e6871-62af-4e3e-8426-61a6521fd5df,business,3548000.0,1379253.81,94728.56,13.58,49,33,2023-10-11,active
6a495d33-3104-4911-b9f0-2b2373aaeedc,2d8e2c42-93a9-42ed-bcec-06ef6399da00,vehicle,1296000.0,1225689.23,34021.48,9.98,46,3,2026-03-29,active
7a11762c-8129-45f8-9d8c-772c594e71db,5cad0ec8-1f1d-4305-aaa8-b0cb3c58756d,personal,275000.0,56536.49,7425.42,13.35,48,40,2023-03-15,active
56e269ab-b66b-40b9-8b90-5da5dac55846,d172c5ee-3533-4f6d-ab73-a09ffe9a03c7,business,4273000.0,1988928.24,109810.62,11.56,49,29,2024-02-08,active
45571220-9b38-4a5f-876a-4940a956dc91,9472c2a5-2267-4d8f-9a81-8b6bd5efaddd,home,2839000.0,1911011.37,25239.94,7.7,200,96,2018-08-08,active
5dfc2bbc-48d0-4dbc-aa20-b0ce03e616ee,066fa106-535e-43c3-8733-e0602bb14e41,personal,322000.0,289644.62,7731.32,14.36,58,8,2025-10-30,active
cc57b8a6-6cf3-4d0f-8fa4-364a7a32e63b,6e901f63-bdd7-4ab6-a194-064fc92b3bc2,home,6289000.0,3411623.33,58811.65,9.19,224,147,2014-05-31,active
c65ccfc6-15ca-416c-9aa0-2a673a433e8e,24bd4deb-62f2-41a4-b7a6-d9a3b0809ee5,home,2273000.0,2237981.78,20125.71,8.37,223,8,2025-10-30,active
f2254241-45be-424c-9a85-9e46c0313e3e,917b817f-d1d4-4f3c-9012-d3e43fca6f16,vehicle,1155000.0,397313.35,21664.21,10.08,71,51,2022-04-19,active
c6ac21b7-a34f-46f0-a774-be7c08c6ee18,23ab724b-ed29-452b-a6a7-ff6a0f921997,personal,57000.0,34062.17,1463.43,13.1,51,24,2024-07-07,active
9c04708c-70d6-442c-920f-717ec7c971f3,71464e1f-ea4b-4a8a-af79-5116e00c4f0e,home,4010000.0,101905.55,34438.93,8.29,237,234,2007-04-08,active
9a483542-38d1-4197-a2c5-0fa6e9c4a2fc,bc273f2b-e162-4ca7-a4a9-51042628971e,personal,430000.0,358343.16,21759.4,11.44,22,4,2026-02-27,active
34db4fe9-25b3-4ded-9475-9aa60102a22f,965471bf-db74-4a09-a761-27e3300e30e6,business,822000.0,406389.11,22643.2,12.65,46,26,2024-05-08,active
0bdb6988-0d69-4417-a807-a4e13a90e13e,dfb3f06b-beee-47ba-a284-39005cbd511e,personal,345000.0,237699.2,21300.97,13.63,18,6,2025-12-29,active
736d5452-63aa-4ff0-b1a8-17349fa86f8a,33655732-cdc4-43c5-8366-36694fc15e13,vehicle,821000.0,495020.85,18408.26,8.65,54,24,2024-07-07,active
ae1121f8-7cc8-4217-97d8-a4e88f92917e,37f41703-e93e-401b-8504-a512650cc835,education,1252000.0,499046.94,21883.9,8.64,74,49,2022-06-18,active
449cd58e-e3ad-46db-bf7c-bf4a66f0f387,f8c3bd89-283e-497a-a2a2-ce5f3e89ee61,personal,121000.0,55112.68,4953.6,14.2,29,17,2025-02-02,active
02c2e727-d28c-472c-94f4-2f4b473a4685,a3625e6d-fe30-4f81-a3af-18917db0f12f,business,3866000.0,959847.3,73509.83,11.32,73,59,2021-08-22,active
f3911cde-fcca-4fa2-9258-a34f047472aa,79e05fef-1cbf-443b-a1c4-c2062aa8b4a1,vehicle,951000.0,517007.1,16882.11,10.82,79,43,2022-12-15,active
9516b34c-5102-40a8-a656-28e555cf96fd,930a1502-fd60-48dd-ac90-681c36ef4536,personal,151000.0,18585.82,6338.31,13.8,28,25,2024-06-07,active
587892d5-454b-474c-9f2e-53aed2dd88b1,3e58fb95-9a57-42f7-b091-2d13b66f314a,business,1893000.0,1714251.5,32296.53,10.62,83,11,2025-08-01,active
7dac6491-aa2b-4094-b5d8-223ab359ed39,6a508f36-c11f-44bf-975a-078e95f120e3,home,7574000.0,4707900.78,68828.69,9.14,240,143,2014-09-28,active
87826e49-7880-4601-bd5c-a8a9c7c87f56,0bc5fff6-e8d0-4436-aedc-fcb9ba5d3883,vehicle,955000.0,877702.49,17810.92,10.61,73,8,2025-10-30,active
4653a7cf-c9ac-49a3-9bc2-d803ef6b16a0,a785ca16-817b-4af9-a84a-8c0fc5d93934,home,4188000.0,3527431.08,45011.46,9.05,161,42,2023-01-14,active
8be4a523-bc88-4458-992a-711445e04e29,b247ebae-c6e1-425c-8dec-836981d7f78d,vehicle,1260000.0,752127.98,22942.55,10.77,76,37,2023-06-13,active
87fa852c-7607-4122-b2ac-fd9f5f009cc6,f3f21075-3a84-4b0f-9975-d1b6788a99e9,personal,392000.0,287951.13,12308.88,12.64,39,12,2025-07-02,active
315b8662-3b95-462e-ad9a-937ed31edc71,2c3d4bcc-7b2c-4e8b-ae60-11ae9169b51d,home,5181000.0,1411156.49,49122.37,8.01,183,151,2014-01-31,active
866f2117-62dd-4759-99df-ef8ce0558a14,4176800c-5050-493e-b1ea-163446089d8e,education,1171000.0,199879.7,22982.09,8.28,63,54,2022-01-19,active
75422428-d0e7-4890-8751-ad3c379c68c6,99cb6810-6af0-4cb9-943e-ef5a141ddf43,home,4378000.0,4344110.21,44545.91,7.58,154,2,2026-04-28,active
45601c98-f5ca-47c7-a97c-01cefc422464,511ab11c-ed3b-49b5-a5fb-b033937d0eea,home,2467000.0,2176258.25,28535.55,8.18,131,23,2024-08-06,active
51bbadf5-b7c5-4752-940e-12389c09907c,a4e39018-eefd-45b7-a34f-b5b964a2e0e9,vehicle,709000.0,497583.85,14657.95,9.91,62,22,2024-09-05,active
952e95b0-b7de-4b31-83d6-cde9b3e35962,029f6906-db7f-4b54-9cee-a3ad2de0887f,personal,194000.0,178614.63,4709.97,13.72,56,6,2025-12-29,active
b9da5409-22e1-45e6-9d4d-a5b0157125ad,3c75fa63-a767-4dc1-b748-2f19aa712eb9,business,1168000.0,488327.52,23326.23,13.48,74,50,2022-05-19,active
c093a435-5660-4984-acb1-495cc67d1b4a,d528c376-d151-4f5c-ba33-e57fbd9bf9bb,vehicle,801000.0,710238.33,14086.94,9.21,75,11,2025-08-01,active
a888d7ec-d595-4d43-9d6a-ba9c6a91d64a,b846cb58-41c9-4dd2-abbd-cd91cbece71d,home,5923000.0,4783576.43,51361.21,7.84,215,71,2020-08-27,active
532c00ba-f747-42a5-8cc3-c4f1e6143a8b,cbf75406-0033-404d-bf2d-ef269e262ac0,home,3156000.0,2544645.68,38384.7,8.3,122,33,2023-10-11,active
5a815299-a042-4bcf-9798-1a5f69b335aa,9974ea6f-6a7c-4fa2-bece-b913e3e69b18,home,7139000.0,3531373.36,81309.71,7.64,129,78,2020-01-30,active
3c8d8a7a-1139-431f-9513-a79128d6afec,c175b575-b792-4653-a5b7-4bbaf06611e4,personal,273000.0,195621.67,8277.59,11.72,40,13,2025-06-02,active
e96190c4-0d76-4e77-9a4b-04600212ddd4,f7965a2e-6f65-432d-ba7b-1e72ccef5968,business,4529000.0,3344254.02,90666.96,13.57,74,26,2024-05-08,active
77e8a150-ac5c-4b10-8168-bfb6f8aa98b2,2495e1f7-4339-4b1e-89e6-e980a7fd39ac,business,3519000.0,3042192.82,110339.18,11.15,38,6,2025-12-29,active
e9c7dea6-ea32-4571-b3fe-a37cc1f18581,5e4cf1bd-db09-4cef-8bb2-4b99742ffe23,personal,412000.0,234582.49,13535.23,11.24,36,17,2025-02-02,active
88815108-f2f7-4dee-b0dc-1d62faaa53e5,c1c6e001-c940-4399-b2de-1452f2592321,personal,423000.0,189625.0,10070.08,12.16,55,34,2023-09-11,active
4cdbf40c-0e14-4470-a6f3-821f3e779f56,a71f7126-23e7-4519-807f-281e5eeeb9d8,vehicle,725000.0,383893.8,20886.54,9.82,41,21,2024-10-05,active
0348b9f4-d774-476d-9a6f-bc82e6c0d09c,a8c724de-f7b4-4bac-8494-78a47b506855,home,5395000.0,2242455.86,47131.58,8.36,230,172,2012-05-11,active
2892468c-adbc-4e21-8dcf-3cde070127f8,216880e6-8438-430a-97b1-6f8fb9b5ae4c,home,619000.0,583894.26,6153.92,9.34,197,24,2024-07-07,active
c917ecf0-2ff8-4f07-ba58-bc8e6d1d1bf0,02e9597f-da1d-4424-9bc5-1560b28d6899,home,7329000.0,6360472.7,66618.5,7.6,189,42,2023-01-14,active
1515e007-5497-4c93-8668-a7d36a70e916,410445f1-23b6-421d-89bd-4b50acb47a3f,business,521000.0,162149.23,9810.04,10.96,73,55,2021-12-20,active
d10c886e-5b92-4e50-987f-0fcf9ca6b0ae,23fdf089-848f-43ec-b92f-22339e9f5c10,personal,489000.0,106347.03,15883.22,13.49,38,31,2023-12-10,active
c87a59f7-e4f4-4c89-ae88-242ce814d97b,d7532576-03f7-4c4f-91fe-39634ba210f0,vehicle,1019000.0,570564.62,20791.44,9.36,62,31,2023-12-10,active
29ed30d0-6d50-414e-be02-86612126f24d,2e1c3817-1cb5-46ad-b9b3-bae3a35f72bf,personal,211000.0,7930.96,8014.56,12.65,31,30,2024-01-09,active
05019706-729d-4ca2-8516-d5fb5e4fb027,4831553c-a01d-4a35-952b-a8c60b8fea40,home,2376000.0,1600389.89,22066.59,7.72,184,86,2019-06-04,active
96e04064-f97c-45c2-9979-7cf2dfb82e64,0a27a754-86d1-425a-918c-087369d20306,vehicle,1452000.0,1219489.97,36409.49,9.4,48,9,2025-09-30,active
f7e98977-ac28-47c0-ba27-c4aea38e2f8f,1cc9ae22-0adf-43b6-b98e-ae8b7f3bd26a,home,879000.0,168635.25,9092.17,8.75,168,148,2014-05-01,active
a8dff208-160a-49f2-8e2d-e8a43ca212d2,b3939af0-973e-4782-a500-3206982ada2b,personal,142000.0,20358.0,10353.52,13.69,15,13,2025-06-02,active
